timestamp,leg_in_air,foot_RU_x,foot_RU_y,foot_LU_x,foot_LU_y,foot_RD_x,foot_RD_y,foot_LD_x,foot_LD_y,SM,SM_norm,TR,triangle_area,inradius
0.0,-1,0.1405543395796957,0.16479318236473411,-0.1622903215776844,0.10840437255847363,0.12862222964052666,-0.183532694980777,-0.16092102390442303,-0.10665816364107591,0.05,1.0,0.0,0.02,1e-09
0.0017894269985845312,-1,0.1405543395796957,0.16479318236473411,-0.1622903215776844,0.10840437255847363,0.12862222964052666,-0.183532694980777,-0.16092102390442303,-0.10665816364107591,0.05,1.0,0.0,0.02,1e-09
0.002610442999866791,-1,0.14055350719268453,0.1647940863073334,-0.16229026569494143,0.10840436434611028,0.12862117820657276,-0.183533497335026,-0.16092093898243265,-0.10665815491246756,0.05,1.0,0.0,0.02,1e-09
0.032419342001958285,-1,0.14055350719268453,0.1647940863073334,-0.16229026569494143,0.10840436434611028,0.12862117820657276,-0.183533497335026,-0.16092093898243265,-0.10665815491246756,0.05,1.0,0.0,0.02,1e-09
0.07866644900059327,-1,0.14055301567893608,0.1647946200784141,-0.16229023269470824,0.108404359496493,0.12862055733961386,-0.18353397110983055,-0.16092088884439149,-0.1066581497595106,0.05,1.0,0.0,0.02,1e-09
0.13541173699923092,-1,0.14055301567893608,0.1647946200784141,-0.16229023269470824,0.108404359496493,0.12862055733961386,-0.18353397110983055,-0.16092088884439149,-0.1066581497595106,0.05,1.0,0.0,0.02,1e-09
0.1750270249976893,-1,0.14055272545119646,0.16479493527057165,-0.16229021320769224,0.1084043566327384,0.12862019072188746,-0.18353425086655012,-0.16092085924685204,-0.10665814671801765,0.05,1.0,0.0,0.02,1e-09
0.22803668599954108,-1,0.14055272545119646,0.16479493527057165,-0.16229021320769224,0.1084043566327384,0.12862019072188746,-0.18353425086655012,-0.16092085924685204,-0.10665814671801765,0.05,1.0,0.0,0.02,1e-09
0.2777929449948715,-1,0.14055272545119646,0.16479493527057165,-0.16229021320769224,0.1084043566327384,0.12862019072188746,-0.18353425086655012,-0.16092085924685204,-0.10665814671801765,0.05,1.0,0.0,0.02,1e-09
0.344172790995799,-1,0.14055255407882639,0.16479512139226016,-0.1622902017005569,0.10840435494168343,0.12861997423709057,-0.1835344160592012,-0.16092084177498103,-0.10665814492281869,0.05,1.0,0.0,0.02,1e-09
0.37584881999646313,-1,0.14055245288782994,0.16479523129772575,-0.16229019490562244,0.10840435394311981,0.12861984640474014,-0.18353451360349804,-0.16092083146113892,-0.10665814386323436,0.05,1.0,0.0,0.02,1e-09
0.43028323099861154,-1,0.14055245288782994,0.16479523129772575,-0.16229019490562244,0.10840435394311981,0.12861984640474014,-0.18353451360349804,-0.16092083146113892,-0.10665814386323436,0.05,1.0,0.0,0.02,1e-09
0.47562240999832284,-1,0.14055245288782994,0.16479523129772575,-0.16229019490562244,0.10840435394311981,0.12861984640474014,-0.18353451360349804,-0.16092083146113892,-0.10665814386323436,0.05,1.0,0.0,0.02,1e-09
0.5315616529987892,-1,0.1405523931372045,0.1647952961973274,-0.1622901908932513,0.10840435335347352,0.128619770920931,-0.18353457120232097,-0.16092082537278518,-0.1066581432378361,0.05,1.0,0.0,0.02,1e-09
0.5836611709964927,-1,0.1405523931372045,0.1647952961973274,-0.1622901908932513,0.10840435335347352,0.128619770920931,-0.18353457120232097,-0.16092082537278518,-0.1066581432378361,0.05,1.0,0.0,0.02,1e-09
0.6265212229991448,-1,0.14055235785605363,0.16479533452081574,-0.16229018852397611,0.10840435300529172,0.12861972634846694,-0.18353460521381196,-0.16092082177878453,-0.1066581428687085,0.05,1.0,0.0,0.02,1e-09
0.6795124169948394,-1,0.14055235785605363,0.16479533452081574,-0.16229018852397611,0.10840435300529172,0.12861972634846694,-0.18353460521381196,-0.16092082177878453,-0.1066581428687085,0.05,1.0,0.0,0.02,1e-09
0.7230287739948835,-1,0.14055235785605363,0.16479533452081574,-0.16229018852397611,0.10840435300529172,0.12861972634846694,-0.18353460521381196,-0.16092082177878453,-0.1066581428687085,0.05,1.0,0.0,0.02,1e-09
0.7728079279986559,-1,0.14055233702348385,0.16479535715100557,-0.16229018712493887,0.10840435279969335,0.12861970002886242,-0.18353462529724418,-0.16092081965722294,-0.10665814265083945,0.05,1.0,0.0,0.02,1e-09
0.8254735809969134,-1,0.14055233702348385,0.16479535715100557,-0.16229018712493887,0.10840435279969335,0.12861970002886242,-0.18353462529724418,-0.16092081965722294,-0.10665814265083945,0.05,1.0,0.0,0.02,1e-09
0.8928212589962641,-1,0.14055232472241536,0.16479537051423612,-0.1622901862988204,0.10840435267828927,0.12861968448739552,-0.1835346371563054,-0.1609208184048529,-0.10665814252224748,0.05,1.0,0.0,0.02,1e-09
0.9284694239977398,-1,0.14055232472241536,0.16479537051423612,-0.1622901862988204,0.10840435267828927,0.12861968448739552,-0.1835346371563054,-0.1609208184048529,-0.10665814252224748,0.05,1.0,0.0,0.02,1e-09
0.9772021649987437,-1,0.14055231745896862,0.1647953784052859,-0.1622901858110052,0.1084043526066015,0.12861967531031337,-0.1835346441589608,-0.16092081766557226,-0.10665814244634925,0.05,1.0,0.0,0.02,1e-09
1.0352992929983884,-1,0.14055231745896862,0.1647953784052859,-0.1622901858110052,0.1084043526066015,0.12861967531031337,-0.1835346441589608,-0.16092081766557226,-0.10665814244634925,0.05,1.0,0.0,0.02,1e-09
1.076167967999936,-1,0.14055231317010142,0.16479538306498837,-0.16229018552295507,0.10840435256427042,0.12861966989133777,-0.18353464829395816,-0.16092081722917137,-0.10665814240155214,0.05,1.0,0.0,0.02,1e-09
1.120925723000255,-1,0.14055231317010142,0.16479538306498837,-0.16229018552295507,0.10840435256427042,0.12861966989133777,-0.18353464829395816,-0.16092081722917137,-0.10665814240155214,0.05,1.0,0.0,0.02,1e-09
1.1762636549974559,-1,0.14055231063764237,0.16479538581656483,-0.1622901853528641,0.10840435253927443,0.12861966669148653,-0.18353465073563252,-0.1609208169715619,-0.1066581423751119,0.05,1.0,0.0,0.02,1e-09
1.2356604619999416,-1,0.14055231063764237,0.16479538581656483,-0.1622901853528641,0.10840435253927443,0.12861966669148653,-0.18353465073563252,-0.1609208169715619,-0.1066581423751119,0.05,1.0,0.0,0.02,1e-09
1.2756331199998385,-1,0.14055230914278793,0.16479538744193373,-0.16229018525242705,0.10840435252451448,0.1286196648016894,-0.18353465217728288,-0.16092081681854922,-0.10665814235945657,0.05,1.0,0.0,0.02,1e-09
1.3306086989978212,-1,0.14055230914278793,0.16479538744193373,-0.16229018525242705,0.10840435252451448,0.1286196648016894,-0.18353465217728288,-0.16092081681854922,-0.10665814235945657,0.05,1.0,0.0,0.02,1e-09
1.3900525779972668,-1,0.14055230914278793,0.16479538744193373,-0.16229018525242705,0.10840435252451448,0.1286196648016894,-0.18353465217728288,-0.16092081681854922,-0.10665814235945657,0.05,1.0,0.0,0.02,1e-09
1.4341849389966228,-1,0.14055230826072854,0.16479538840249291,-0.16229018519312002,0.10840435251579886,0.1286196636859243,-0.18353465302912758,-0.16092081672717123,-0.10665814235013282,0.05,1.0,0.0,0.02,1e-09
1.4838430429954315,-1,0.14055230826072854,0.16479538840249291,-0.16229018519312002,0.10840435251579886,0.1286196636859243,-0.18353465302912758,-0.16092081672717123,-0.10665814235013282,0.05,1.0,0.0,0.02,1e-09
1.5303097299984074,-1,0.14055230774026528,0.16479538897018076,-0.16229018515810006,0.10840435251065246,0.12861966302720784,-0.18353465353253712,-0.16092081667260508,-0.10665814234457749,0.05,1.0,0.0,0.02,1e-09
1.5733341209997889,-1,0.14055230774026528,0.16479538897018076,-0.16229018515810006,0.10840435251065246,0.12861966302720784,-0.18353465353253712,-0.16092081667260508,-0.10665814234457749,0.05,1.0,0.0,0.02,1e-09
1.6281900370013318,-1,0.14055230743316402,0.1647953893056825,-0.162290185137421,0.10840435250761349,0.1286196626383201,-0.18353465383003392,-0.16092081664002533,-0.10665814234126778,0.05,1.0,0.0,0.02,1e-09
1.6773732969959383,-1,0.14055230743316402,0.1647953893056825,-0.162290185137421,0.10840435250761349,0.1286196626383201,-0.18353465383003392,-0.16092081664002533,-0.10665814234126778,0.05,1.0,0.0,0.02,1e-09
1.7248659109973232,-1,0.14055230725195791,0.16479538950396333,-0.16229018512521015,0.10840435250581908,0.12861966240873168,-0.18353465400584384,-0.1609208166205748,-0.10665814233929602,0.05,1.0,0.0,0.02,1e-09
1.7737726449995534,-1,0.14055230725195791,0.16479538950396333,-0.16229018512521015,0.10840435250581908,0.12861966240873168,-0.18353465400584384,-0.1609208166205748,-0.10665814233929602,0.05,1.0,0.0,0.02,1e-09
1.8218943309984752,-1,0.14055230725195791,0.16479538950396333,-0.16229018512521015,0.10840435250581908,0.12861966240873168,-0.18353465400584384,-0.1609208166205748,-0.10665814233929602,0.05,1.0,0.0,0.02,1e-09
1.9020164269968518,-1,0.14055230714503666,0.16479538962114662,-0.16229018511799995,0.10840435250475941,0.12861966227318905,-0.18353465410974096,-0.160920816608964,-0.10665814233812146,0.05,1.0,0.0,0.02,1e-09
1.9322270289994776,-1,0.14055230714503666,0.16479538962114662,-0.16229018511799995,0.10840435250475941,0.12861966227318905,-0.18353465410974096,-0.160920816608964,-0.10665814233812146,0.05,1.0,0.0,0.02,1e-09
1.983956609001325,-1,0.1405523070819478,0.16479538969040164,-0.16229018511374232,0.10840435250413372,0.12861966219316875,-0.1835346541711404,-0.16092081660203375,-0.10665814233742184,0.05,1.0,0.0,0.02,1e-09
2.0295591120011522,-1,0.1405523070819478,0.16479538969040164,-0.16229018511374232,0.10840435250413372,0.12861966219316875,-0.1835346541711404,-0.16092081660203375,-0.10665814233742184,0.05,1.0,0.0,0.02,1e-09
2.07640130299842,-1,0.1405523070447219,0.16479538973133118,-0.1622901851112281,0.10840435250376429,0.12861966214592688,-0.18353465420742532,-0.16092081659789773,-0.1066581423370051,0.05,1.0,0.0,0.02,1e-09
2.1241213399989647,-1,0.1405523070447219,0.16479538973133118,-0.1622901851112281,0.10840435250376429,0.12861966214592688,-0.18353465420742532,-0.16092081659789773,-0.1066581423370051,0.05,1.0,0.0,0.02,1e-09
2.175501533994975,-1,0.14055230702275687,0.1647953897555204,-0.16229018510974344,0.10840435250354613,0.1286196621180366,-0.1835346542288684,-0.16092081659542942,-0.10665814233675694,0.05,1.0,0.0,0.02,1e-09
2.233168200000364,-1,0.14055230702275687,0.1647953897555204,-0.16229018510974344,0.10840435250354613,0.1286196621180366,-0.1835346542288684,-0.16092081659542942,-0.10665814233675694,0.05,1.0,0.0,0.02,1e-09
2.2729597549987375,-1,0.14055230700979646,0.16479538976981611,-0.16229018510886695,0.10840435250341726,0.1286196621015711,-0.1835346542415404,-0.16092081659395677,-0.10665814233660917,0.05,1.0,0.0,0.02,1e-09
2.325784617001773,-1,0.14055230700979646,0.16479538976981611,-0.16229018510886695,0.10840435250341726,0.1286196621015711,-0.1835346542415404,-0.16092081659395677,-0.10665814233660917,0.05,1.0,0.0,0.02,1e-09
2.3759704159965622,-1,0.14055230700214916,0.16479538977826486,-0.16229018510834944,0.1084043525033412,0.12861966209185027,-0.18353465424902915,-0.16092081659307808,-0.10665814233652116,0.05,1.0,0.0,0.02,1e-09
2.444254337999155,-1,0.14055230700214916,0.16479538977826486,-0.16229018510834944,0.1084043525033412,0.12861966209185027,-0.18353465424902915,-0.16092081659307808,-0.10665814233652116,0.05,1.0,0.0,0.02,1e-09
2.4736886499958928,-1,0.14055230700214916,0.16479538977826486,-0.16229018510834944,0.1084043525033412,0.12861966209185027,-0.18353465424902915,-0.16092081659307808,-0.10665814233652116,0.05,1.0,0.0,0.02,1e-09
2.5490416519969585,-1,0.14055230699763674,0.16479538978325795,-0.16229018510804383,0.1084043525032963,0.12861966208611147,-0.18353465425345464,-0.16092081659255394,-0.10665814233646873,0.05,1.0,0.0,0.02,1e-09
2.5806598880008096,-1,0.14055230699763674,0.16479538978325795,-0.16229018510804383,0.1084043525032963,0.12861966208611147,-0.18353465425345464,-0.16092081659255394,-0.10665814233646873,0.05,1.0,0.0,0.02,1e-09
2.6261438239962445,-1,0.1405523069949742,0.16479538978620895,-0.1622901851078632,0.10840435250326971,0.1286196620827232,-0.1835346542560699,-0.16092081659224128,-0.10665814233643753,0.05,1.0,0.0,0.02,1e-09
2.6728845679972437,-1,0.1405523069949742,0.16479538978620895,-0.1622901851078632,0.10840435250326971,0.1286196620827232,-0.1835346542560699,-0.16092081659224128,-0.10665814233643753,0.05,1.0,0.0,0.02,1e-09
2.725805203001073,-1,0.14055230699340332,0.16479538978795305,-0.1622901851077566,0.10840435250325407,0.12861966208072287,-0.18353465425761556,-0.1609208165920549,-0.10665814233641896,0.05,1.0,0.0,0.02,1e-09
2.7742411110011744,-1,0.14055230699340332,0.16479538978795305,-0.1622901851077566,0.10840435250325407,0.12861966208072287,-0.18353465425761556,-0.1609208165920549,-0.10665814233641896,0.05,1.0,0.0,0.02,1e-09
2.8227638800017303,-1,0.14055230699247634,0.16479538978898378,-0.16229018510769372,0.1084043525032448,0.12861966207954212,-0.183534654258529,-0.16092081659194366,-0.10665814233640789,0.05,1.0,0.0,0.02,1e-09
2.873721982999996,-1,0.14055230699247634,0.16479538978898378,-0.16229018510769372,0.1084043525032448,0.12861966207954212,-0.183534654258529,-0.16092081659194366,-0.10665814233640789,0.05,1.0,0.0,0.02,1e-09
2.922541020998324,-1,0.14055230699192942,0.16479538978959268,-0.16229018510765636,0.10840435250323938,0.128619662078845,-0.18353465425906884,-0.16092081659187743,-0.10665814233640135,0.05,1.0,0.0,0.02,1e-09
2.976624875998823,-1,0.14055230699192942,0.16479538978959268,-0.16229018510765636,0.10840435250323938,0.128619662078845,-0.18353465425906884,-0.16092081659187743,-0.10665814233640135,0.05,1.0,0.0,0.02,1e-09
3.0402287959950627,-1,0.14055230699160665,0.16479538978995267,-0.16229018510763418,0.10840435250323618,0.12861966207843345,-0.18353465425938784,-0.16092081659183793,-0.10665814233639737,0.05,1.0,0.0,0.02,1e-09
3.0769485749988235,-1,0.14055230699160665,0.16479538978995267,-0.16229018510763418,0.10840435250323618,0.12861966207843345,-0.18353465425938784,-0.16092081659183793,-0.10665814233639737,0.05,1.0,0.0,0.02,1e-09
3.1256231930019567,-1,0.14055230699160665,0.16479538978995267,-0.16229018510763418,0.10840435250323618,0.12861966207843345,-0.18353465425938784,-0.16092081659183793,-0.10665814233639737,0.05,1.0,0.0,0.02,1e-09
3.189275748001819,-1,0.14055230699141638,0.16479538979016561,-0.16229018510762133,0.10840435250323426,0.1286196620781906,-0.18353465425957646,-0.16092081659181445,-0.1066581423363951,0.05,1.0,0.0,0.02,1e-09
3.2250252829981036,-1,0.14055230699141638,0.16479538979016561,-0.16229018510762133,0.10840435250323426,0.1286196620781906,-0.18353465425957646,-0.16092081659181445,-0.1066581423363951,0.05,1.0,0.0,0.02,1e-09
3.2727204089969746,-1,0.14055230699130403,0.1647953897902914,-0.16229018510761375,0.1084043525032331,0.12861966207804706,-0.1835346542596878,-0.16092081659180027,-0.10665814233639373,0.05,1.0,0.0,0.02,1e-09
3.324494528998912,-1,0.14055230699130403,0.1647953897902914,-0.16229018510761375,0.1084043525032331,0.12861966207804706,-0.1835346542596878,-0.16092081659180027,-0.10665814233639373,0.05,1.0,0.0,0.02,1e-09
3.376001753997116,-1,0.14055230699123777,0.1647953897903658,-0.1622901851076094,0.10840435250323244,0.12861966207796233,-0.18353465425975335,-0.16092081659179192,-0.1066581423363929,0.05,1.0,0.0,0.02,1e-09
3.426716830996156,-1,0.14055230699123777,0.1647953897903658,-0.1622901851076094,0.10840435250323244,0.12861966207796233,-0.18353465425975335,-0.16092081659179192,-0.1066581423363929,0.05,1.0,0.0,0.02,1e-09
3.47968366999703,-1,0.14055230699119864,0.16479538979040964,-0.16229018510760673,0.1084043525032321,0.12861966207791248,-0.18353465425979232,-0.1609208165917869,-0.10665814233639243,0.05,1.0,0.0,0.02,1e-09
3.5367268869958934,-1,0.14055230699119864,0.16479538979040964,-0.16229018510760673,0.1084043525032321,0.12861966207791248,-0.18353465425979232,-0.1609208165917869,-0.10665814233639243,0.05,1.0,0.0,0.02,1e-09
3.576127310996526,-1,0.14055230699117555,0.16479538979043576,-0.162290185107605,0.10840435250323185,0.12861966207788286,-0.1835346542598153,-0.16092081659178398,-0.10665814233639215,0.05,1.0,0.0,0.02,1e-09
3.623748138998053,-1,0.14055230699117555,0.16479538979043576,-0.162290185107605,0.10840435250323185,0.12861966207788286,-0.1835346542598153,-0.16092081659178398,-0.10665814233639215,0.05,1.0,0.0,0.02,1e-09
3.6864039639986004,-1,0.14055230699116175,0.16479538979045086,-0.16229018510760418,0.10840435250323173,0.1286196620778653,-0.1835346542598288,-0.1609208165917823,-0.1066581423363919,0.05,1.0,0.0,0.02,1e-09
3.7274400429960224,-1,0.14055230699116175,0.16479538979045086,-0.16229018510760418,0.10840435250323173,0.1286196620778653,-0.1835346542598288,-0.1609208165917823,-0.1066581423363919,0.05,1.0,0.0,0.02,1e-09
3.779648648996954,-1,0.14055230699116175,0.16479538979045086,-0.16229018510760418,0.10840435250323173,0.1286196620778653,-0.1835346542598288,-0.1609208165917823,-0.1066581423363919,0.05,1.0,0.0,0.02,1e-09
3.82995904499694,-1,0.1405523069911537,0.16479538979046,-0.16229018510760376,0.10840435250323169,0.12861966207785508,-0.183534654259837,-0.16092081659178128,-0.10665814233639186,0.05,1.0,0.0,0.02,1e-09
3.8738865010018344,-1,0.1405523069911537,0.16479538979046,-0.16229018510760376,0.10840435250323169,0.12861966207785508,-0.183534654259837,-0.16092081659178128,-0.10665814233639186,0.05,1.0,0.0,0.02,1e-09
3.926490637997631,-1,0.14055230699114893,0.16479538979046526,-0.16229018510760357,0.10840435250323155,0.12861966207784903,-0.18353465425984172,-0.16092081659178065,-0.10665814233639173,0.05,1.0,0.0,0.02,1e-09
3.9792968269975972,-1,0.14055230699114893,0.16479538979046526,-0.16229018510760357,0.10840435250323155,0.12861966207784903,-0.18353465425984172,-0.16092081659178065,-0.10665814233639173,0.05,1.0,0.0,0.02,1e-09
4.0277253210006165,-1,0.1405523069911462,0.16479538979046837,-0.1622901851076034,0.10840435250323166,0.12861966207784553,-0.1835346542598445,-0.16092081659178023,-0.10665814233639173,0.05,1.0,0.0,0.02,1e-09
4.073691441997653,-1,0.1405523069911462,0.16479538979046837,-0.1622901851076034,0.10840435250323166,0.12861966207784553,-0.1835346542598445,-0.16092081659178023,-0.10665814233639173,0.05,1.0,0.0,0.02,1e-09
4.13402665600006,-1,0.14055230699114463,0.16479538979047026,-0.16229018510760315,0.10840435250323155,0.12861966207784348,-0.18353465425984616,-0.16092081659177984,-0.10665814233639163,0.05,1.0,0.0,0.02,1e-09
4.1757832349976525,-1,0.14055230699114463,0.16479538979047026,-0.16229018510760315,0.10840435250323155,0.12861966207784348,-0.18353465425984616,-0.16092081659177984,-0.10665814233639163,0.05,1.0,0.0,0.02,1e-09
4.228656186001899,-1,0.14055230699114368,0.16479538979047142,-0.16229018510760296,0.1084043525032316,0.12861966207784226,-0.18353465425984722,-0.16092081659177968,-0.10665814233639173,0.05,1.0,0.0,0.02,1e-09
4.278676156995061,-1,0.14055230699114368,0.16479538979047142,-0.16229018510760296,0.1084043525032316,0.12861966207784226,-0.18353465425984722,-0.16092081659177968,-0.10665814233639173,0.05,1.0,0.0,0.02,1e-09
4.329264153995609,-1,0.14055230699114318,0.16479538979047198,-0.16229018510760296,0.10840435250323155,0.12861966207784145,-0.18353465425984777,-0.1609208165917796,-0.10665814233639173,0.05,1.0,0.0,0.02,1e-09
4.377836177998688,-1,0.14055230699114318,0.16479538979047198,-0.16229018510760296,0.10840435250323155,0.12861966207784145,-0.18353465425984777,-0.1609208165917796,-0.10665814233639173,0.05,1.0,0.0,0.02,1e-09
4.422799767999095,-1,0.14055230699114318,0.16479538979047198,-0.16229018510760296,0.10840435250323155,0.12861966207784145,-0.18353465425984777,-0.1609208165917796,-0.10665814233639173,0.05,1.0,0.0,0.02,1e-09
4.478040433998103,-1,0.14055230699114277,0.16479538979047245,-0.16229018510760299,0.10840435250323155,0.12861966207784106,-0.18353465425984816,-0.16092081659177948,-0.1066581423363917,0.05,1.0,0.0,0.02,1e-09
4.534199625995825,-1,0.14055230699114277,0.16479538979047245,-0.16229018510760299,0.10840435250323155,0.12861966207784106,-0.18353465425984816,-0.16092081659177948,-0.1066581423363917,0.05,1.0,0.0,0.02,1e-09
4.575382891998743,-1,0.1405523069911426,0.1647953897904726,-0.16229018510760299,0.10840435250323155,0.12861966207784084,-0.18353465425984833,-0.16092081659177948,-0.1066581423363917,0.05,1.0,0.0,0.02,1e-09
4.624531870998908,-1,0.1405523069911426,0.1647953897904726,-0.16229018510760299,0.10840435250323155,0.12861966207784084,-0.18353465425984833,-0.16092081659177948,-0.1066581423363917,0.05,1.0,0.0,0.02,1e-09
4.672739107001689,-1,0.1405523069911426,0.1647953897904726,-0.16229018510760299,0.10840435250323155,0.12861966207784084,-0.18353465425984833,-0.16092081659177948,-0.1066581423363917,0.05,1.0,0.0,0.02,1e-09
4.739026605995605,-1,0.1405523069911426,0.1647953897904726,-0.16229018510760299,0.10840435250323155,0.12861966207784084,-0.18353465425984833,-0.16092081659177948,-0.1066581423363917,0.05,1.0,0.0,0.02,1e-09
4.7772089739955845,-1,0.1405523069911426,0.1647953897904726,-0.16229018510760299,0.10840435250323155,0.12861966207784084,-0.18353465425984833,-0.16092081659177948,-0.1066581423363917,0.05,1.0,0.0,0.02,1e-09
4.836730297996837,-1,0.1405523069911426,0.1647953897904726,-0.16229018510760299,0.10840435250323155,0.12861966207784084,-0.18353465425984833,-0.16092081659177948,-0.1066581423363917,0.05,1.0,0.0,0.02,1e-09
4.875056860000768,-1,0.1405523069911426,0.1647953897904726,-0.16229018510760299,0.10840435250323155,0.12861966207784084,-0.18353465425984833,-0.16092081659177948,-0.1066581423363917,0.05,1.0,0.0,0.02,1e-09
4.938670497998828,-1,0.1405523069911426,0.1647953897904726,-0.16229018510760299,0.10840435250323155,0.12861966207784084,-0.18353465425984833,-0.16092081659177948,-0.1066581423363917,0.05,1.0,0.0,0.02,1e-09
4.979371934001392,-1,0.1405523069911426,0.1647953897904726,-0.16229018510760299,0.10840435250323155,0.12861966207784084,-0.18353465425984833,-0.16092081659177948,-0.1066581423363917,0.05,1.0,0.0,0.02,1e-09
5.025293539998529,-1,0.1405523069911426,0.1647953897904726,-0.16229018510760299,0.10840435250323155,0.12861966207784084,-0.18353465425984833,-0.16092081659177948,-0.1066581423363917,0.05,1.0,0.0,0.02,1e-09
5.07759275999706,-1,0.1405523069911426,0.1647953897904726,-0.16229018510760299,0.10840435250323155,0.12861966207784084,-0.18353465425984833,-0.16092081659177948,-0.1066581423363917,0.05,1.0,0.0,0.02,1e-09
5.12392819699744,-1,0.1405523069911426,0.1647953897904726,-0.16229018510760299,0.10840435250323155,0.12861966207784084,-0.18353465425984833,-0.16092081659177948,-0.1066581423363917,0.05,1.0,0.0,0.02,1e-09
5.187320628996531,-1,0.1405523069911426,0.1647953897904726,-0.16229018510760299,0.10840435250323155,0.12861966207784084,-0.18353465425984833,-0.16092081659177948,-0.1066581423363917,0.05,1.0,0.0,0.02,1e-09
5.242493318997731,-1,0.1405523069911426,0.1647953897904726,-0.16229018510760299,0.10840435250323155,0.12861966207784084,-0.18353465425984833,-0.16092081659177948,-0.1066581423363917,0.05,1.0,0.0,0.02,1e-09
5.278658616996836,-1,0.1405523069911426,0.1647953897904726,-0.16229018510760299,0.10840435250323155,0.12861966207784084,-0.18353465425984833,-0.16092081659177948,-0.1066581423363917,0.05,1.0,0.0,0.02,1e-09
5.328876419000153,-1,0.1405523069911426,0.1647953897904726,-0.16229018510760299,0.10840435250323155,0.12861966207784084,-0.18353465425984833,-0.16092081659177948,-0.1066581423363917,0.05,1.0,0.0,0.02,1e-09
5.385757924996142,-1,0.1405523069911426,0.1647953897904726,-0.16229018510760299,0.10840435250323155,0.12861966207784084,-0.18353465425984833,-0.16092081659177948,-0.1066581423363917,0.05,1.0,0.0,0.02,1e-09
5.431324311000935,-1,0.1405523069911426,0.1647953897904726,-0.16229018510760299,0.10840435250323155,0.12861966207784084,-0.18353465425984833,-0.16092081659177948,-0.1066581423363917,0.05,1.0,0.0,0.02,1e-09
5.475035432995355,-1,0.1405523069911426,0.1647953897904726,-0.16229018510760299,0.10840435250323155,0.12861966207784084,-0.18353465425984833,-0.16092081659177948,-0.1066581423363917,0.05,1.0,0.0,0.02,1e-09
5.525665903995105,-1,0.1405523069911426,0.1647953897904726,-0.16229018510760299,0.10840435250323155,0.12861966207784084,-0.18353465425984833,-0.16092081659177948,-0.1066581423363917,0.05,1.0,0.0,0.02,1e-09
5.579523176995281,-1,0.1405523069911426,0.1647953897904726,-0.16229018510760299,0.10840435250323155,0.12861966207784084,-0.18353465425984833,-0.16092081659177948,-0.1066581423363917,0.05,1.0,0.0,0.02,1e-09
5.627330440998776,-1,0.1405523069911426,0.1647953897904726,-0.16229018510760299,0.10840435250323155,0.12861966207784084,-0.18353465425984833,-0.16092081659177948,-0.1066581423363917,0.05,1.0,0.0,0.02,1e-09
5.675307500998315,-1,0.1405523069911426,0.1647953897904726,-0.16229018510760299,0.10840435250323155,0.12861966207784084,-0.18353465425984833,-0.16092081659177948,-0.1066581423363917,0.05,1.0,0.0,0.02,1e-09
5.723860056998092,-1,0.1405523069911426,0.1647953897904726,-0.16229018510760299,0.10840435250323155,0.12861966207784084,-0.18353465425984833,-0.16092081659177948,-0.1066581423363917,0.05,1.0,0.0,0.02,1e-09
5.773157768999226,-1,0.1405523069911426,0.1647953897904726,-0.16229018510760299,0.10840435250323155,0.12861966207784084,-0.18353465425984833,-0.16092081659177948,-0.1066581423363917,0.05,1.0,0.0,0.02,1e-09
5.82307652199961,-1,0.1405523069911426,0.1647953897904726,-0.16229018510760299,0.10840435250323155,0.12861966207784084,-0.18353465425984833,-0.16092081659177948,-0.1066581423363917,0.05,1.0,0.0,0.02,1e-09
5.872331471997313,-1,0.1405523069911426,0.1647953897904726,-0.16229018510760299,0.10840435250323155,0.12861966207784084,-0.18353465425984833,-0.16092081659177948,-0.1066581423363917,0.05,1.0,0.0,0.02,1e-09
5.924001011000655,-1,0.1405523069911426,0.1647953897904726,-0.16229018510760299,0.10840435250323155,0.12861966207784084,-0.18353465425984833,-0.16092081659177948,-0.1066581423363917,0.05,1.0,0.0,0.02,1e-09
5.978306855999108,-1,0.1405523069911426,0.1647953897904726,-0.16229018510760299,0.10840435250323155,0.12861966207784084,-0.18353465425984833,-0.16092081659177948,-0.1066581423363917,0.05,1.0,0.0,0.02,1e-09
6.023386996996123,-1,0.1405523069911426,0.1647953897904726,-0.16229018510760299,0.10840435250323155,0.12861966207784084,-0.18353465425984833,-0.16092081659177948,-0.1066581423363917,0.05,1.0,0.0,0.02,1e-09
6.074178235998261,-1,0.1405523069911426,0.1647953897904726,-0.16229018510760299,0.10840435250323155,0.12861966207784084,-0.18353465425984833,-0.16092081659177948,-0.1066581423363917,0.05,1.0,0.0,0.02,1e-09
6.135539422000875,-1,0.1405523069911426,0.1647953897904726,-0.16229018510760299,0.10840435250323155,0.12861966207784084,-0.18353465425984833,-0.16092081659177948,-0.1066581423363917,0.05,1.0,0.0,0.02,1e-09
6.1785836269991705,-1,0.1405523069911426,0.1647953897904726,-0.16229018510760299,0.10840435250323155,0.12861966207784084,-0.18353465425984833,-0.16092081659177948,-0.1066581423363917,0.05,1.0,0.0,0.02,1e-09
6.225698051996005,-1,0.1405523069911426,0.1647953897904726,-0.16229018510760299,0.10840435250323155,0.12861966207784084,-0.18353465425984833,-0.16092081659177948,-0.1066581423363917,0.05,1.0,0.0,0.02,1e-09
6.277510107996932,-1,0.1405523069911426,0.1647953897904726,-0.16229018510760299,0.10840435250323155,0.12861966207784084,-0.18353465425984833,-0.16092081659177948,-0.1066581423363917,0.05,1.0,0.0,0.02,1e-09
6.325947539000481,-1,0.1405523069911426,0.1647953897904726,-0.16229018510760299,0.10840435250323155,0.12861966207784084,-0.18353465425984833,-0.16092081659177948,-0.1066581423363917,0.05,1.0,0.0,0.02,1e-09
6.3850174589970266,-1,0.1405523069911426,0.1647953897904726,-0.16229018510760299,0.10840435250323155,0.12861966207784084,-0.18353465425984833,-0.16092081659177948,-0.1066581423363917,0.05,1.0,0.0,0.02,1e-09
6.428608208996593,-1,0.1405523069911426,0.1647953897904726,-0.16229018510760299,0.10840435250323155,0.12861966207784084,-0.18353465425984833,-0.16092081659177948,-0.1066581423363917,0.05,1.0,0.0,0.02,1e-09
6.475558819998696,-1,0.1405523069911426,0.1647953897904726,-0.16229018510760299,0.10840435250323155,0.12861966207784084,-0.18353465425984833,-0.16092081659177948,-0.1066581423363917,0.05,1.0,0.0,0.02,1e-09
6.5300575500004925,-1,0.1405523069911426,0.1647953897904726,-0.16229018510760299,0.10840435250323155,0.12861966207784084,-0.18353465425984833,-0.16092081659177948,-0.1066581423363917,0.05,1.0,0.0,0.02,1e-09
6.572519777997513,-1,0.1405523069911426,0.1647953897904726,-0.16229018510760299,0.10840435250323155,0.12861966207784084,-0.18353465425984833,-0.16092081659177948,-0.1066581423363917,0.05,1.0,0.0,0.02,1e-09
6.624548995998339,-1,0.1405523069911426,0.1647953897904726,-0.16229018510760299,0.10840435250323155,0.12861966207784084,-0.18353465425984833,-0.16092081659177948,-0.1066581423363917,0.05,1.0,0.0,0.02,1e-09
6.673384604000603,-1,0.1405523069911426,0.1647953897904726,-0.16229018510760299,0.10840435250323155,0.12861966207784084,-0.18353465425984833,-0.16092081659177948,-0.1066581423363917,0.05,1.0,0.0,0.02,1e-09
6.727212942001643,-1,0.1405523069911426,0.1647953897904726,-0.16229018510760299,0.10840435250323155,0.12861966207784084,-0.18353465425984833,-0.16092081659177948,-0.1066581423363917,0.05,1.0,0.0,0.02,1e-09
6.778046989995346,-1,0.1405523069911426,0.1647953897904726,-0.16229018510760299,0.10840435250323155,0.12861966207784084,-0.18353465425984833,-0.16092081659177948,-0.1066581423363917,0.05,1.0,0.0,0.02,1e-09
6.826563898997847,-1,0.1405523069911426,0.1647953897904726,-0.16229018510760299,0.10840435250323155,0.12861966207784084,-0.18353465425984833,-0.16092081659177948,-0.1066581423363917,0.05,1.0,0.0,0.02,1e-09
6.88803473799635,-1,0.1405523069911426,0.1647953897904726,-0.16229018510760299,0.10840435250323155,0.12861966207784084,-0.18353465425984833,-0.16092081659177948,-0.1066581423363917,0.05,1.0,0.0,0.02,1e-09
6.92776222199609,-1,0.1405523069911426,0.1647953897904726,-0.16229018510760299,0.10840435250323155,0.12861966207784084,-0.18353465425984833,-0.16092081659177948,-0.1066581423363917,0.05,1.0,0.0,0.02,1e-09
7.065335715000401,-1,0.1405523069911426,0.1647953897904726,-0.16229018510760299,0.10840435250323155,0.12861966207784084,-0.18353465425984833,-0.16092081659177948,-0.1066581423363917,0.05,1.0,0.0,0.02,1e-09
7.077146983996499,-1,0.1405523069911426,0.1647953897904726,-0.16229018510760299,0.10840435250323155,0.12861966207784084,-0.18353465425984833,-0.16092081659177948,-0.1066581423363917,0.05,1.0,0.0,0.02,1e-09
7.079223585998989,-1,0.1405523069911426,0.1647953897904726,-0.16229018510760299,0.10840435250323155,0.12861966207784084,-0.18353465425984833,-0.16092081659177948,-0.1066581423363917,0.05,1.0,0.0,0.02,1e-09
7.125661138998112,-1,0.1405523069911426,0.1647953897904726,-0.16229018510760299,0.10840435250323155,0.12861966207784084,-0.18353465425984833,-0.16092081659177948,-0.1066581423363917,0.05,1.0,0.0,0.02,1e-09
7.176103261997923,-1,0.1405523069911426,0.1647953897904726,-0.16229018510760299,0.10840435250323155,0.12861966207784084,-0.18353465425984833,-0.16092081659177948,-0.1066581423363917,0.05,1.0,0.0,0.02,1e-09
7.226194861999829,-1,0.1405523069911426,0.1647953897904726,-0.16229018510760299,0.10840435250323155,0.12861966207784084,-0.18353465425984833,-0.16092081659177948,-0.1066581423363917,0.05,1.0,0.0,0.02,1e-09
7.275924617999408,-1,0.1405523069911426,0.1647953897904726,-0.16229018510760299,0.10840435250323155,0.12861966207784084,-0.18353465425984833,-0.16092081659177948,-0.1066581423363917,0.05,1.0,0.0,0.02,1e-09
7.322311908996198,-1,0.1405523069911426,0.1647953897904726,-0.16229018510760299,0.10840435250323155,0.12861966207784084,-0.18353465425984833,-0.16092081659177948,-0.1066581423363917,0.05,1.0,0.0,0.02,1e-09
7.380330168998626,-1,0.1405523069911426,0.1647953897904726,-0.16229018510760299,0.10840435250323155,0.12861966207784084,-0.18353465425984833,-0.16092081659177948,-0.1066581423363917,0.05,1.0,0.0,0.02,1e-09
7.42722508499719,-1,0.1405523069911426,0.1647953897904726,-0.16229018510760299,0.10840435250323155,0.12861966207784084,-0.18353465425984833,-0.16092081659177948,-0.1066581423363917,0.05,1.0,0.0,0.02,1e-09
7.479984334000619,-1,0.1405523069911426,0.1647953897904726,-0.16229018510760299,0.10840435250323155,0.12861966207784084,-0.18353465425984833,-0.16092081659177948,-0.1066581423363917,0.05,1.0,0.0,0.02,1e-09
7.524841534999723,-1,0.1405523069911426,0.1647953897904726,-0.16229018510760299,0.10840435250323155,0.12861966207784084,-0.18353465425984833,-0.16092081659177948,-0.1066581423363917,0.05,1.0,0.0,0.02,1e-09
7.578723097998591,-1,0.1405523069911426,0.1647953897904726,-0.16229018510760299,0.10840435250323155,0.12861966207784084,-0.18353465425984833,-0.16092081659177948,-0.1066581423363917,0.05,1.0,0.0,0.02,1e-09
7.635542620999331,-1,0.1405523069911426,0.1647953897904726,-0.16229018510760299,0.10840435250323155,0.12861966207784084,-0.18353465425984833,-0.16092081659177948,-0.1066581423363917,0.05,1.0,0.0,0.02,1e-09
7.678901079998468,-1,0.1405523069911426,0.1647953897904726,-0.16229018510760299,0.10840435250323155,0.12861966207784084,-0.18353465425984833,-0.16092081659177948,-0.1066581423363917,0.05,1.0,0.0,0.02,1e-09
7.734751513999072,-1,0.1405523069911426,0.1647953897904726,-0.16229018510760299,0.10840435250323155,0.12861966207784084,-0.18353465425984833,-0.16092081659177948,-0.1066581423363917,0.05,1.0,0.0,0.02,1e-09
7.784030860995699,-1,0.1405523069911426,0.1647953897904726,-0.16229018510760299,0.10840435250323155,0.12861966207784084,-0.18353465425984833,-0.16092081659177948,-0.1066581423363917,0.05,1.0,0.0,0.02,1e-09
7.822691394001595,-1,0.1405523069911426,0.1647953897904726,-0.16229018510760299,0.10840435250323155,0.12861966207784084,-0.18353465425984833,-0.16092081659177948,-0.1066581423363917,0.05,1.0,0.0,0.02,1e-09
7.874526170999161,-1,0.1405523069911426,0.1647953897904726,-0.16229018510760299,0.10840435250323155,0.12861966207784084,-0.18353465425984833,-0.16092081659177948,-0.1066581423363917,0.05,1.0,0.0,0.02,1e-09
7.932729369997105,-1,0.1405523069911426,0.1647953897904726,-0.16229018510760299,0.10840435250323155,0.12861966207784084,-0.18353465425984833,-0.16092081659177948,-0.1066581423363917,0.05,1.0,0.0,0.02,1e-09
7.976830364998023,-1,0.1405523069911426,0.1647953897904726,-0.16229018510760299,0.10840435250323155,0.12861966207784084,-0.18353465425984833,-0.16092081659177948,-0.1066581423363917,0.05,1.0,0.0,0.02,1e-09
8.027813700995466,-1,0.1405523069911426,0.1647953897904726,-0.16229018510760299,0.10840435250323155,0.12861966207784084,-0.18353465425984833,-0.16092081659177948,-0.1066581423363917,0.05,1.0,0.0,0.02,1e-09
8.076954436997767,-1,0.1405523069911426,0.1647953897904726,-0.16229018510760299,0.10840435250323155,0.12861966207784084,-0.18353465425984833,-0.16092081659177948,-0.1066581423363917,0.05,1.0,0.0,0.02,1e-09
8.125417174000177,-1,0.1405523069911426,0.1647953897904726,-0.16229018510760299,0.10840435250323155,0.12861966207784084,-0.18353465425984833,-0.16092081659177948,-0.1066581423363917,0.05,1.0,0.0,0.02,1e-09
8.188054749000003,-1,0.1405523069911426,0.1647953897904726,-0.16229018510760299,0.10840435250323155,0.12861966207784084,-0.18353465425984833,-0.16092081659177948,-0.1066581423363917,0.05,1.0,0.0,0.02,1e-09
8.232899892995192,-1,0.1405523069911426,0.1647953897904726,-0.16229018510760299,0.10840435250323155,0.12861966207784084,-0.18353465425984833,-0.16092081659177948,-0.1066581423363917,0.05,1.0,0.0,0.02,1e-09
8.273754080997605,-1,0.1405523069911426,0.1647953897904726,-0.16229018510760299,0.10840435250323155,0.12861966207784084,-0.18353465425984833,-0.16092081659177948,-0.1066581423363917,0.05,1.0,0.0,0.02,1e-09
8.326092119998066,-1,0.1405523069911426,0.1647953897904726,-0.16229018510760299,0.10840435250323155,0.12861966207784084,-0.18353465425984833,-0.16092081659177948,-0.1066581423363917,0.05,1.0,0.0,0.02,1e-09
8.387157011995441,-1,0.1405523069911426,0.1647953897904726,-0.16229018510760299,0.10840435250323155,0.12861966207784084,-0.18353465425984833,-0.16092081659177948,-0.1066581423363917,0.05,1.0,0.0,0.02,1e-09
8.424993959000858,-1,0.1405523069911426,0.1647953897904726,-0.16229018510760299,0.10840435250323155,0.12861966207784084,-0.18353465425984833,-0.16092081659177948,-0.1066581423363917,0.05,1.0,0.0,0.02,1e-09
8.484874729001604,-1,0.1405523069911426,0.1647953897904726,-0.16229018510760299,0.10840435250323155,0.12861966207784084,-0.18353465425984833,-0.16092081659177948,-0.1066581423363917,0.05,1.0,0.0,0.02,1e-09
8.523251544997038,-1,0.1405523069911426,0.1647953897904726,-0.16229018510760299,0.10840435250323155,0.12861966207784084,-0.18353465425984833,-0.16092081659177948,-0.1066581423363917,0.05,1.0,0.0,0.02,1e-09
8.577611250999325,-1,0.1405523069911426,0.1647953897904726,-0.16229018510760299,0.10840435250323155,0.12861966207784084,-0.18353465425984833,-0.16092081659177948,-0.1066581423363917,0.05,1.0,0.0,0.02,1e-09
8.622615228996438,-1,0.1405523069911426,0.1647953897904726,-0.16229018510760299,0.10840435250323155,0.12861966207784084,-0.18353465425984833,-0.16092081659177948,-0.1066581423363917,0.05,1.0,0.0,0.02,1e-09
8.678218034001475,-1,0.1405523069911426,0.1647953897904726,-0.16229018510760299,0.10840435250323155,0.12861966207784084,-0.18353465425984833,-0.16092081659177948,-0.1066581423363917,0.05,1.0,0.0,0.02,1e-09
8.724731369999063,-1,0.1405523069911426,0.1647953897904726,-0.16229018510760299,0.10840435250323155,0.12861966207784084,-0.18353465425984833,-0.16092081659177948,-0.1066581423363917,0.05,1.0,0.0,0.02,1e-09
8.788016931001039,-1,0.1405523069911426,0.1647953897904726,-0.16229018510760299,0.10840435250323155,0.12861966207784084,-0.18353465425984833,-0.16092081659177948,-0.1066581423363917,0.05,1.0,0.0,0.02,1e-09
8.831194393998885,-1,0.1405523069911426,0.1647953897904726,-0.16229018510760299,0.10840435250323155,0.12861966207784084,-0.18353465425984833,-0.16092081659177948,-0.1066581423363917,0.05,1.0,0.0,0.02,1e-09
8.87236035499518,-1,0.1405523069911426,0.1647953897904726,-0.16229018510760299,0.10840435250323155,0.12861966207784084,-0.18353465425984833,-0.16092081659177948,-0.1066581423363917,0.05,1.0,0.0,0.02,1e-09
8.927788380999118,-1,0.1405523069911426,0.1647953897904726,-0.16229018510760299,0.10840435250323155,0.12861966207784084,-0.18353465425984833,-0.16092081659177948,-0.1066581423363917,0.05,1.0,0.0,0.02,1e-09
8.972100418999617,-1,0.1405523069911426,0.1647953897904726,-0.16229018510760299,0.10840435250323155,0.12861966207784084,-0.18353465425984833,-0.16092081659177948,-0.1066581423363917,0.05,1.0,0.0,0.02,1e-09
9.037124246999156,-1,0.1405523069911426,0.1647953897904726,-0.16229018510760299,0.10840435250323155,0.12861966207784084,-0.18353465425984833,-0.16092081659177948,-0.1066581423363917,0.05,1.0,0.0,0.02,1e-09
9.07276483700116,-1,0.1405523069911426,0.1647953897904726,-0.16229018510760299,0.10840435250323155,0.12861966207784084,-0.18353465425984833,-0.16092081659177948,-0.1066581423363917,0.05,1.0,0.0,0.02,1e-09
9.127487437996024,-1,0.1405523069911426,0.1647953897904726,-0.16229018510760299,0.10840435250323155,0.12861966207784084,-0.18353465425984833,-0.16092081659177948,-0.1066581423363917,0.05,1.0,0.0,0.02,1e-09
9.176108604995534,-1,0.1405523069911426,0.1647953897904726,-0.16229018510760299,0.10840435250323155,0.12861966207784084,-0.18353465425984833,-0.16092081659177948,-0.1066581423363917,0.05,1.0,0.0,0.02,1e-09
9.243126205001317,-1,0.1405523069911426,0.1647953897904726,-0.16229018510760299,0.10840435250323155,0.12861966207784084,-0.18353465425984833,-0.16092081659177948,-0.1066581423363917,0.05,1.0,0.0,0.02,1e-09
9.279368313000305,-1,0.1405523069911426,0.1647953897904726,-0.16229018510760299,0.10840435250323155,0.12861966207784084,-0.18353465425984833,-0.16092081659177948,-0.1066581423363917,0.05,1.0,0.0,0.02,1e-09
9.327871939000033,-1,0.1405523069911426,0.1647953897904726,-0.16229018510760299,0.10840435250323155,0.12861966207784084,-0.18353465425984833,-0.16092081659177948,-0.1066581423363917,0.05,1.0,0.0,0.02,1e-09
9.377500362999854,-1,0.1405523069911426,0.1647953897904726,-0.16229018510760299,0.10840435250323155,0.12861966207784084,-0.18353465425984833,-0.16092081659177948,-0.1066581423363917,0.05,1.0,0.0,0.02,1e-09
9.424891379996552,-1,0.1405523069911426,0.1647953897904726,-0.16229018510760299,0.10840435250323155,0.12861966207784084,-0.18353465425984833,-0.16092081659177948,-0.1066581423363917,0.05,1.0,0.0,0.02,1e-09
9.48286371499853,-1,0.1405523069911426,0.1647953897904726,-0.16229018510760299,0.10840435250323155,0.12861966207784084,-0.18353465425984833,-0.16092081659177948,-0.1066581423363917,0.05,1.0,0.0,0.02,1e-09
9.527698933998181,-1,0.1405523069911426,0.1647953897904726,-0.16229018510760299,0.10840435250323155,0.12861966207784084,-0.18353465425984833,-0.16092081659177948,-0.1066581423363917,0.05,1.0,0.0,0.02,1e-09
9.580089178998605,-1,0.1405523069911426,0.1647953897904726,-0.16229018510760299,0.10840435250323155,0.12861966207784084,-0.18353465425984833,-0.16092081659177948,-0.1066581423363917,0.05,1.0,0.0,0.02,1e-09
9.630267369000649,-1,0.1405523069911426,0.1647953897904726,-0.16229018510760299,0.10840435250323155,0.12861966207784084,-0.18353465425984833,-0.16092081659177948,-0.1066581423363917,0.05,1.0,0.0,0.02,1e-09
9.687337351999304,-1,0.1405523069911426,0.1647953897904726,-0.16229018510760299,0.10840435250323155,0.12861966207784084,-0.18353465425984833,-0.16092081659177948,-0.1066581423363917,0.05,1.0,0.0,0.02,1e-09
9.726055649000045,-1,0.1405523069911426,0.1647953897904726,-0.16229018510760299,0.10840435250323155,0.12861966207784084,-0.18353465425984833,-0.16092081659177948,-0.1066581423363917,0.05,1.0,0.0,0.02,1e-09
9.779921788998763,-1,0.1405523069911426,0.1647953897904726,-0.16229018510760299,0.10840435250323155,0.12861966207784084,-0.18353465425984833,-0.16092081659177948,-0.1066581423363917,0.05,1.0,0.0,0.02,1e-09
9.828180878001149,-1,0.1405523069911426,0.1647953897904726,-0.16229018510760299,0.10840435250323155,0.12861966207784084,-0.18353465425984833,-0.16092081659177948,-0.1066581423363917,0.05,1.0,0.0,0.02,1e-09
9.876414949998434,-1,0.1405523069911426,0.1647953897904726,-0.16229018510760299,0.10840435250323155,0.12861966207784084,-0.18353465425984833,-0.16092081659177948,-0.1066581423363917,0.05,1.0,0.0,0.02,1e-09
9.92590210599883,-1,0.1405523069911426,0.1647953897904726,-0.16229018510760299,0.10840435250323155,0.12861966207784084,-0.18353465425984833,-0.16092081659177948,-0.1066581423363917,0.05,1.0,0.0,0.02,1e-09
9.979066325999156,-1,0.1405523069911426,0.1647953897904726,-0.16229018510760299,0.10840435250323155,0.12861966207784084,-0.18353465425984833,-0.16092081659177948,-0.1066581423363917,0.05,1.0,0.0,0.02,1e-09
10.026301672995032,-1,0.1405523069911426,0.1647953897904726,-0.16229018510760299,0.10840435250323155,0.12861966207784084,-0.18353465425984833,-0.16092081659177948,-0.1066581423363917,0.05,1.0,0.0,0.02,1e-09
10.076016954997613,-1,0.1405523069911426,0.1647953897904726,-0.16229018510760299,0.10840435250323155,0.12861966207784084,-0.18353465425984833,-0.16092081659177948,-0.1066581423363917,0.05,1.0,0.0,0.02,1e-09
10.131364617001964,-1,0.1405523069911426,0.1647953897904726,-0.16229018510760299,0.10840435250323155,0.12861966207784084,-0.18353465425984833,-0.16092081659177948,-0.1066581423363917,0.05,1.0,0.0,0.02,1e-09
10.179827874999319,-1,0.1405523069911426,0.1647953897904726,-0.16229018510760299,0.10840435250323155,0.12861966207784084,-0.18353465425984833,-0.16092081659177948,-0.1066581423363917,0.05,1.0,0.0,0.02,1e-09
10.22667733799608,-1,0.1405523069911426,0.1647953897904726,-0.16229018510760299,0.10840435250323155,0.12861966207784084,-0.18353465425984833,-0.16092081659177948,-0.1066581423363917,0.05,1.0,0.0,0.02,1e-09
10.279597284999909,-1,0.1405523069911426,0.1647953897904726,-0.16229018510760299,0.10840435250323155,0.12861966207784084,-0.18353465425984833,-0.16092081659177948,-0.1066581423363917,0.05,1.0,0.0,0.02,1e-09
10.323094180996122,-1,0.1405523069911426,0.1647953897904726,-0.16229018510760299,0.10840435250323155,0.12861966207784084,-0.18353465425984833,-0.16092081659177948,-0.1066581423363917,0.05,1.0,0.0,0.02,1e-09
10.382578324999486,-1,0.1405523069911426,0.1647953897904726,-0.16229018510760299,0.10840435250323155,0.12861966207784084,-0.18353465425984833,-0.16092081659177948,-0.1066581423363917,0.05,1.0,0.0,0.02,1e-09
10.43376931399689,-1,0.1405523069911426,0.1647953897904726,-0.16229018510760299,0.10840435250323155,0.12861966207784084,-0.18353465425984833,-0.16092081659177948,-0.1066581423363917,0.05,1.0,0.0,0.02,1e-09
10.476828318998741,-1,0.1405523069911426,0.1647953897904726,-0.16229018510760299,0.10840435250323155,0.12861966207784084,-0.18353465425984833,-0.16092081659177948,-0.1066581423363917,0.05,1.0,0.0,0.02,1e-09
10.528084990000934,-1,0.1405523069911426,0.1647953897904726,-0.16229018510760299,0.10840435250323155,0.12861966207784084,-0.18353465425984833,-0.16092081659177948,-0.1066581423363917,0.05,1.0,0.0,0.02,1e-09
10.577344776000245,-1,0.1405523069911426,0.1647953897904726,-0.16229018510760299,0.10840435250323155,0.12861966207784084,-0.18353465425984833,-0.16092081659177948,-0.1066581423363917,0.05,1.0,0.0,0.02,1e-09
10.629180179996183,-1,0.1405523069911426,0.1647953897904726,-0.16229018510760299,0.10840435250323155,0.1286196620778408,-0.1835346542598483,-0.16092081659177948,-0.1066581423363917,0.05,1.0,0.0,0.02,1e-09
10.674277175996394,-1,0.1405523069911426,0.1647953897904726,-0.16229018510760299,0.10840435250323155,0.1286196620778408,-0.1835346542598483,-0.16092081659177948,-0.1066581423363917,0.05,1.0,0.0,0.02,1e-09
10.731417842995143,-1,0.1405523069911426,0.1647953897904726,-0.16229018510760299,0.10840435250323155,0.1286196620778408,-0.1835346542598483,-0.16092081659177948,-0.1066581423363917,0.05,1.0,0.0,0.02,1e-09
10.779345368995564,-1,0.1405523069911426,0.1647953897904726,-0.16229018510760299,0.10840435250323155,0.1286196620778408,-0.1835346542598483,-0.16092081659177948,-0.1066581423363917,0.05,1.0,0.0,0.02,1e-09
10.824112007001531,-1,0.1405523069911426,0.1647953897904726,-0.16229018510760299,0.10840435250323155,0.1286196620778408,-0.1835346542598483,-0.16092081659177948,-0.1066581423363917,0.05,1.0,0.0,0.02,1e-09
10.874761202998343,-1,0.1405523069911426,0.1647953897904726,-0.16229018510760299,0.10840435250323155,0.1286196620778408,-0.1835346542598483,-0.16092081659177948,-0.1066581423363917,0.05,1.0,0.0,0.02,1e-09
10.928549773001578,-1,0.1405523069911426,0.1647953897904726,-0.16229018510760299,0.10840435250323155,0.1286196620778408,-0.1835346542598483,-0.16092081659177948,-0.1066581423363917,0.05,1.0,0.0,0.02,1e-09
10.984133138001198,-1,0.1405523069911426,0.1647953897904726,-0.16229018510760299,0.10840435250323155,0.1286196620778408,-0.1835346542598483,-0.16092081659177948,-0.1066581423363917,0.05,1.0,0.0,0.02,1e-09
11.024442199995974,-1,0.1405523069911426,0.1647953897904726,-0.16229018510760299,0.10840435250323155,0.1286196620778408,-0.1835346542598483,-0.16092081659177948,-0.1066581423363917,0.05,1.0,0.0,0.02,1e-09
11.073690789999091,-1,0.1405523069911426,0.1647953897904726,-0.16229018510760299,0.10840435250323155,0.1286196620778408,-0.1835346542598483,-0.16092081659177948,-0.1066581423363917,0.05,1.0,0.0,0.02,1e-09
11.128057084999455,-1,0.1405523069911426,0.1647953897904726,-0.16229018510760299,0.10840435250323155,0.1286196620778408,-0.1835346542598483,-0.16092081659177948,-0.1066581423363917,0.05,1.0,0.0,0.02,1e-09
11.17465992999496,-1,0.1405523069911426,0.1647953897904726,-0.16229018510760299,0.10840435250323155,0.1286196620778408,-0.1835346542598483,-0.16092081659177948,-0.1066581423363917,0.05,1.0,0.0,0.02,1e-09
11.227502622998145,-1,0.1405523069911426,0.1647953897904726,-0.16229018510760299,0.10840435250323155,0.1286196620778408,-0.1835346542598483,-0.16092081659177948,-0.1066581423363917,0.05,1.0,0.0,0.02,1e-09
11.283891521001351,-1,0.1405523069911426,0.1647953897904726,-0.16229018510760299,0.10840435250323155,0.1286196620778408,-0.1835346542598483,-0.16092081659177948,-0.1066581423363917,0.05,1.0,0.0,0.02,1e-09
11.33040500399511,-1,0.1405523069911426,0.1647953897904726,-0.16229018510760299,0.10840435250323155,0.1286196620778408,-0.1835346542598483,-0.16092081659177948,-0.1066581423363917,0.05,1.0,0.0,0.02,1e-09
11.38358285099821,-1,0.1405523069911426,0.1647953897904726,-0.16229018510760299,0.10840435250323155,0.1286196620778408,-0.1835346542598483,-0.16092081659177948,-0.1066581423363917,0.05,1.0,0.0,0.02,1e-09
11.42751649300044,-1,0.1405523069911426,0.1647953897904726,-0.16229018510760299,0.10840435250323155,0.1286196620778408,-0.1835346542598483,-0.16092081659177948,-0.1066581423363917,0.05,1.0,0.0,0.02,1e-09
11.485668237997743,-1,0.1405523069911426,0.1647953897904726,-0.16229018510760299,0.10840435250323155,0.1286196620778408,-0.1835346542598483,-0.16092081659177948,-0.1066581423363917,0.05,1.0,0.0,0.02,1e-09
11.546302966999065,-1,0.1405523069911426,0.1647953897904726,-0.16229018510760299,0.10840435250323155,0.1286196620778408,-0.1835346542598483,-0.16092081659177948,-0.1066581423363917,0.05,1.0,0.0,0.02,1e-09
11.57654472199647,-1,0.1405523069911426,0.1647953897904726,-0.16229018510760299,0.10840435250323155,0.1286196620778408,-0.1835346542598483,-0.16092081659177948,-0.1066581423363917,0.05,1.0,0.0,0.02,1e-09
11.628846779000014,-1,0.1405523069911426,0.1647953897904726,-0.16229018510760299,0.10840435250323155,0.1286196620778408,-0.1835346542598483,-0.16092081659177948,-0.1066581423363917,0.05,1.0,0.0,0.02,1e-09
11.6811919929969,-1,0.1405523069911426,0.1647953897904726,-0.16229018510760299,0.10840435250323155,0.1286196620778408,-0.1835346542598483,-0.16092081659177948,-0.1066581423363917,0.05,1.0,0.0,0.02,1e-09
11.73526267700072,-1,0.1405523069911426,0.1647953897904726,-0.16229018510760299,0.10840435250323155,0.1286196620778408,-0.1835346542598483,-0.16092081659177948,-0.1066581423363917,0.05,1.0,0.0,0.02,1e-09
11.777150280999194,-1,0.1405523069911426,0.1647953897904726,-0.16229018510760299,0.10840435250323155,0.1286196620778408,-0.1835346542598483,-0.16092081659177948,-0.1066581423363917,0.05,1.0,0.0,0.02,1e-09
11.826510874998348,-1,0.1405523069911426,0.1647953897904726,-0.16229018510760299,0.10840435250323155,0.1286196620778408,-0.1835346542598483,-0.16092081659177948,-0.1066581423363917,0.05,1.0,0.0,0.02,1e-09
11.877485496996087,-1,0.1405523069911426,0.1647953897904726,-0.16229018510760299,0.10840435250323155,0.1286196620778408,-0.1835346542598483,-0.16092081659177948,-0.1066581423363917,0.05,1.0,0.0,0.02,1e-09
11.941714314998535,-1,0.1405523069911426,0.1647953897904726,-0.16229018510760299,0.10840435250323155,0.1286196620778408,-0.1835346542598483,-0.16092081659177948,-0.1066581423363917,0.05,1.0,0.0,0.02,1e-09
11.985905121997348,-1,0.1405523069911426,0.1647953897904726,-0.16229018510760299,0.10840435250323155,0.1286196620778408,-0.1835346542598483,-0.16092081659177948,-0.1066581423363917,0.05,1.0,0.0,0.02,1e-09
12.101763544000278,-1,0.1405523069911426,0.1647953897904726,-0.16229018510760299,0.10840435250323155,0.1286196620778408,-0.1835346542598483,-0.16092081659177948,-0.1066581423363917,0.05,1.0,0.0,0.02,1e-09
12.120016101995134,-1,0.1405523069911426,0.1647953897904726,-0.16229018510760299,0.10840435250323155,0.1286196620778408,-0.1835346542598483,-0.16092081659177948,-0.1066581423363917,0.05,1.0,0.0,0.02,1e-09
12.13212968299922,-1,0.1405523069911426,0.1647953897904726,-0.16229018510760299,0.10840435250323155,0.1286196620778408,-0.1835346542598483,-0.16092081659177948,-0.1066581423363917,0.05,1.0,0.0,0.02,1e-09
12.17519227199955,-1,0.1405523069911426,0.1647953897904726,-0.16229018510760299,0.10840435250323155,0.1286196620778408,-0.1835346542598483,-0.16092081659177948,-0.1066581423363917,0.05,1.0,0.0,0.02,1e-09
12.232518124001217,-1,0.1405523069911426,0.1647953897904726,-0.16229018510760299,0.10840435250323155,0.1286196620778408,-0.1835346542598483,-0.16092081659177948,-0.1066581423363917,0.05,1.0,0.0,0.02,1e-09
12.278707924000628,-1,0.1405523069911426,0.1647953897904726,-0.16229018510760299,0.10840435250323155,0.1286196620778408,-0.1835346542598483,-0.16092081659177948,-0.1066581423363917,0.05,1.0,0.0,0.02,1e-09
12.327304550999543,-1,0.1405523069911426,0.1647953897904726,-0.16229018510760299,0.10840435250323155,0.1286196620778408,-0.1835346542598483,-0.16092081659177948,-0.1066581423363917,0.05,1.0,0.0,0.02,1e-09
12.376144429996202,-1,0.1405523069911426,0.1647953897904726,-0.16229018510760299,0.10840435250323155,0.1286196620778408,-0.1835346542598483,-0.16092081659177948,-0.1066581423363917,0.05,1.0,0.0,0.02,1e-09
12.428188997997495,-1,0.1405523069911426,0.1647953897904726,-0.16229018510760299,0.10840435250323155,0.1286196620778408,-0.1835346542598483,-0.16092081659177948,-0.1066581423363917,0.05,1.0,0.0,0.02,1e-09
12.491300173001946,-1,0.1405523069911426,0.1647953897904726,-0.16229018510760299,0.10840435250323155,0.1286196620778408,-0.1835346542598483,-0.16092081659177948,-0.1066581423363917,0.05,1.0,0.0,0.02,1e-09
12.534144406999985,-1,0.1405523069911426,0.1647953897904726,-0.16229018510760299,0.10840435250323155,0.1286196620778408,-0.1835346542598483,-0.16092081659177948,-0.1066581423363917,0.05,1.0,0.0,0.02,1e-09
12.587531225995917,-1,0.1405523069911426,0.1647953897904726,-0.16229018510760299,0.10840435250323155,0.1286196620778408,-0.1835346542598483,-0.16092081659177948,-0.1066581423363917,0.05,1.0,0.0,0.02,1e-09
12.630473835997691,-1,0.1405523069911426,0.1647953897904726,-0.16229018510760299,0.10840435250323155,0.1286196620778408,-0.1835346542598483,-0.16092081659177948,-0.1066581423363917,0.05,1.0,0.0,0.02,1e-09
12.68219308499829,-1,0.1405523069911426,0.1647953897904726,-0.16229018510760299,0.10840435250323155,0.1286196620778408,-0.1835346542598483,-0.16092081659177948,-0.1066581423363917,0.05,1.0,0.0,0.02,1e-09
12.728825100995891,-1,0.1405523069911426,0.1647953897904726,-0.16229018510760299,0.10840435250323155,0.1286196620778408,-0.1835346542598483,-0.16092081659177948,-0.1066581423363917,0.05,1.0,0.0,0.02,1e-09
12.789008280997223,-1,0.1405523069911426,0.1647953897904726,-0.16229018510760299,0.10840435250323155,0.1286196620778408,-0.1835346542598483,-0.16092081659177948,-0.1066581423363917,0.05,1.0,0.0,0.02,1e-09
12.833018402001471,-1,0.1405523069911426,0.1647953897904726,-0.16229018510760299,0.10840435250323155,0.1286196620778408,-0.1835346542598483,-0.16092081659177948,-0.1066581423363917,0.05,1.0,0.0,0.02,1e-09
12.879034598001454,-1,0.1405523069911426,0.1647953897904726,-0.16229018510760299,0.10840435250323155,0.1286196620778408,-0.1835346542598483,-0.16092081659177948,-0.1066581423363917,0.05,1.0,0.0,0.02,1e-09
12.925453220996133,-1,0.1405523069911426,0.1647953897904726,-0.16229018510760299,0.10840435250323155,0.1286196620778408,-0.1835346542598483,-0.16092081659177948,-0.1066581423363917,0.05,1.0,0.0,0.02,1e-09
12.981919917998312,-1,0.1405523069911426,0.1647953897904726,-0.16229018510760299,0.10840435250323155,0.1286196620778408,-0.1835346542598483,-0.16092081659177948,-0.1066581423363917,0.05,1.0,0.0,0.02,1e-09
13.02710609800124,-1,0.1405523069911426,0.1647953897904726,-0.16229018510760299,0.10840435250323155,0.1286196620778408,-0.1835346542598483,-0.16092081659177948,-0.1066581423363917,0.05,1.0,0.0,0.02,1e-09
13.087976973001787,-1,0.1405523069911426,0.1647953897904726,-0.16229018510760299,0.10840435250323155,0.1286196620778408,-0.1835346542598483,-0.16092081659177948,-0.1066581423363917,0.05,1.0,0.0,0.02,1e-09
13.13236909799889,-1,0.1405523069911426,0.1647953897904726,-0.16229018510760299,0.10840435250323155,0.1286196620778408,-0.1835346542598483,-0.16092081659177948,-0.1066581423363917,0.05,1.0,0.0,0.02,1e-09
13.172682716001873,-1,0.1405523069911426,0.1647953897904726,-0.16229018510760299,0.10840435250323155,0.1286196620778408,-0.1835346542598483,-0.16092081659177948,-0.1066581423363917,0.05,1.0,0.0,0.02,1e-09
13.230029252001259,-1,0.1405523069911426,0.1647953897904726,-0.16229018510760299,0.10840435250323155,0.1286196620778408,-0.1835346542598483,-0.16092081659177948,-0.1066581423363917,0.05,1.0,0.0,0.02,1e-09
13.27373015399644,-1,0.1405523069911426,0.1647953897904726,-0.16229018510760299,0.10840435250323155,0.1286196620778408,-0.1835346542598483,-0.16092081659177948,-0.1066581423363917,0.05,1.0,0.0,0.02,1e-09
13.323986210001749,-1,0.1405523069911426,0.1647953897904726,-0.16229018510760299,0.10840435250323155,0.1286196620778408,-0.1835346542598483,-0.16092081659177948,-0.1066581423363917,0.05,1.0,0.0,0.02,1e-09
13.383190232998459,-1,0.1405523069911426,0.1647953897904726,-0.16229018510760299,0.10840435250323155,0.1286196620778408,-0.1835346542598483,-0.16092081659177948,-0.1066581423363917,0.05,1.0,0.0,0.02,1e-09
13.427371858000697,-1,0.1405523069911426,0.1647953897904726,-0.16229018510760299,0.10840435250323155,0.1286196620778408,-0.1835346542598483,-0.16092081659177948,-0.1066581423363917,0.05,1.0,0.0,0.02,1e-09
13.47763993999979,-1,0.1405523069911426,0.1647953897904726,-0.16229018510760299,0.10840435250323155,0.1286196620778408,-0.1835346542598483,-0.16092081659177948,-0.1066581423363917,0.05,1.0,0.0,0.02,1e-09
13.526255892997142,-1,0.1405523069911426,0.1647953897904726,-0.16229018510760299,0.10840435250323155,0.1286196620778408,-0.1835346542598483,-0.16092081659177948,-0.1066581423363917,0.05,1.0,0.0,0.02,1e-09
13.575468953997188,-1,0.1405523069911426,0.1647953897904726,-0.16229018510760299,0.10840435250323155,0.1286196620778408,-0.1835346542598483,-0.16092081659177948,-0.1066581423363917,0.05,1.0,0.0,0.02,1e-09
13.631865204995847,-1,0.1405523069911426,0.1647953897904726,-0.16229018510760299,0.10840435250323155,0.1286196620778408,-0.1835346542598483,-0.16092081659177948,-0.1066581423363917,0.05,1.0,0.0,0.02,1e-09
13.680258494001464,-1,0.1405523069911426,0.1647953897904726,-0.16229018510760299,0.10840435250323155,0.1286196620778408,-0.1835346542598483,-0.16092081659177948,-0.1066581423363917,0.05,1.0,0.0,0.02,1e-09
13.730210385998362,-1,0.1405523069911426,0.1647953897904726,-0.16229018510760299,0.10840435250323155,0.1286196620778408,-0.1835346542598483,-0.16092081659177948,-0.1066581423363917,0.05,1.0,0.0,0.02,1e-09
13.781381978995341,-1,0.1405523069911426,0.1647953897904726,-0.16229018510760299,0.10840435250323155,0.1286196620778408,-0.1835346542598483,-0.16092081659177948,-0.1066581423363917,0.05,1.0,0.0,0.02,1e-09
13.825651836996258,-1,0.1405523069911426,0.1647953897904726,-0.16229018510760299,0.10840435250323155,0.1286196620778408,-0.1835346542598483,-0.16092081659177948,-0.1066581423363917,0.05,1.0,0.0,0.02,1e-09
13.878750413001399,-1,0.1405523069911426,0.1647953897904726,-0.16229018510760299,0.10840435250323155,0.1286196620778408,-0.1835346542598483,-0.16092081659177948,-0.1066581423363917,0.05,1.0,0.0,0.02,1e-09
13.934278476001055,-1,0.1405523069911426,0.1647953897904726,-0.16229018510760299,0.10840435250323155,0.1286196620778408,-0.1835346542598483,-0.16092081659177948,-0.1066581423363917,0.05,1.0,0.0,0.02,1e-09
13.978718378995836,-1,0.1405523069911426,0.1647953897904726,-0.16229018510760299,0.10840435250323155,0.1286196620778408,-0.1835346542598483,-0.16092081659177948,-0.1066581423363917,0.05,1.0,0.0,0.02,1e-09
14.03714229400066,-1,0.1405523069911426,0.1647953897904726,-0.16229018510760299,0.10840435250323155,0.1286196620778408,-0.1835346542598483,-0.16092081659177948,-0.1066581423363917,0.05,1.0,0.0,0.02,1e-09
14.079425990996242,-1,0.1405523069911426,0.1647953897904726,-0.16229018510760299,0.10840435250323155,0.1286196620778408,-0.1835346542598483,-0.16092081659177948,-0.1066581423363917,0.05,1.0,0.0,0.02,1e-09
14.13230350199592,-1,0.1405523069911426,0.1647953897904726,-0.16229018510760299,0.10840435250323155,0.1286196620778408,-0.1835346542598483,-0.16092081659177948,-0.1066581423363917,0.05,1.0,0.0,0.02,1e-09
14.18542664499546,-1,0.1405523069911426,0.1647953897904726,-0.16229018510760299,0.10840435250323155,0.1286196620778408,-0.1835346542598483,-0.16092081659177948,-0.1066581423363917,0.05,1.0,0.0,0.02,1e-09
14.226694206998218,-1,0.1405523069911426,0.1647953897904726,-0.16229018510760299,0.10840435250323155,0.1286196620778408,-0.1835346542598483,-0.16092081659177948,-0.1066581423363917,0.05,1.0,0.0,0.02,1e-09
14.280808459996479,-1,0.1405523069911426,0.1647953897904726,-0.16229018510760299,0.10840435250323155,0.1286196620778408,-0.1835346542598483,-0.16092081659177948,-0.1066581423363917,0.05,1.0,0.0,0.02,1e-09
14.335409503997653,-1,0.1405523069911426,0.1647953897904726,-0.16229018510760299,0.10840435250323155,0.1286196620778408,-0.1835346542598483,-0.16092081659177948,-0.1066581423363917,0.05,1.0,0.0,0.02,1e-09
14.37418992399762,-1,0.1405523069911426,0.1647953897904726,-0.16229018510760299,0.10840435250323155,0.1286196620778408,-0.1835346542598483,-0.16092081659177948,-0.1066581423363917,0.05,1.0,0.0,0.02,1e-09
14.427358845998242,-1,0.1405523069911426,0.1647953897904726,-0.16229018510760299,0.10840435250323155,0.1286196620778408,-0.1835346542598483,-0.16092081659177948,-0.1066581423363917,0.05,1.0,0.0,0.02,1e-09
14.477204497998173,-1,0.1405523069911426,0.1647953897904726,-0.16229018510760299,0.10840435250323155,0.1286196620778408,-0.1835346542598483,-0.16092081659177948,-0.1066581423363917,0.05,1.0,0.0,0.02,1e-09
14.531419364997419,-1,0.1405523069911426,0.1647953897904726,-0.16229018510760299,0.10840435250323155,0.1286196620778408,-0.1835346542598483,-0.16092081659177948,-0.1066581423363917,0.05,1.0,0.0,0.02,1e-09
14.583288080000784,-1,0.1405523069911426,0.1647953897904726,-0.16229018510760299,0.10840435250323155,0.1286196620778408,-0.1835346542598483,-0.16092081659177948,-0.1066581423363917,0.05,1.0,0.0,0.02,1e-09
14.626760407001711,-1,0.1405523069911426,0.1647953897904726,-0.16229018510760299,0.10840435250323155,0.1286196620778408,-0.1835346542598483,-0.16092081659177948,-0.1066581423363917,0.05,1.0,0.0,0.02,1e-09
14.680148592000478,-1,0.1405523069911426,0.1647953897904726,-0.16229018510760299,0.10840435250323155,0.1286196620778408,-0.1835346542598483,-0.16092081659177948,-0.1066581423363917,0.05,1.0,0.0,0.02,1e-09
14.736487633999786,-1,0.1405523069911426,0.1647953897904726,-0.16229018510760299,0.10840435250323155,0.1286196620778408,-0.1835346542598483,-0.16092081659177948,-0.1066581423363917,0.05,1.0,0.0,0.02,1e-09
14.776391685001727,-1,0.1405523069911426,0.1647953897904726,-0.16229018510760299,0.10840435250323155,0.1286196620778408,-0.1835346542598483,-0.16092081659177948,-0.1066581423363917,0.05,1.0,0.0,0.02,1e-09
14.838003633994958,-1,0.1405523069911426,0.1647953897904726,-0.16229018510760299,0.10840435250323155,0.1286196620778408,-0.1835346542598483,-0.16092081659177948,-0.1066581423363917,0.05,1.0,0.0,0.02,1e-09
14.879257839995262,-1,0.1405523069911426,0.1647953897904726,-0.16229018510760299,0.10840435250323155,0.1286196620778408,-0.1835346542598483,-0.16092081659177948,-0.1066581423363917,0.05,1.0,0.0,0.02,1e-09
14.932561638001062,-1,0.1405523069911426,0.1647953897904726,-0.16229018510760299,0.10840435250323155,0.1286196620778408,-0.1835346542598483,-0.16092081659177948,-0.1066581423363917,0.05,1.0,0.0,0.02,1e-09
14.987364995999087,-1,0.1405523069911426,0.1647953897904726,-0.16229018510760299,0.10840435250323155,0.1286196620778408,-0.1835346542598483,-0.16092081659177948,-0.1066581423363917,0.05,1.0,0.0,0.02,1e-09
15.027447095999378,-1,0.1405523069911426,0.1647953897904726,-0.16229018510760299,0.10840435250323155,0.1286196620778408,-0.1835346542598483,-0.16092081659177948,-0.1066581423363917,0.05,1.0,0.0,0.02,1e-09
15.077428113996575,-1,0.1405523069911426,0.1647953897904726,-0.16229018510760299,0.10840435250323155,0.1286196620778408,-0.1835346542598483,-0.16092081659177948,-0.1066581423363917,0.05,1.0,0.0,0.02,1e-09
15.14103519100172,-1,0.1405523069911426,0.1647953897904726,-0.16229018510760299,0.10840435250323155,0.1286196620778408,-0.1835346542598483,-0.16092081659177948,-0.1066581423363917,0.05,1.0,0.0,0.02,1e-09
15.174510548000399,-1,0.1405523069911426,0.1647953897904726,-0.16229018510760299,0.10840435250323155,0.1286196620778408,-0.1835346542598483,-0.16092081659177948,-0.1066581423363917,0.05,1.0,0.0,0.02,1e-09
15.227033559996926,-1,0.1405523069911426,0.1647953897904726,-0.16229018510760299,0.10840435250323155,0.1286196620778408,-0.1835346542598483,-0.16092081659177948,-0.1066581423363917,0.05,1.0,0.0,0.02,1e-09
15.277960588995484,-1,0.1405523069911426,0.1647953897904726,-0.16229018510760299,0.10840435250323155,0.1286196620778408,-0.1835346542598483,-0.16092081659177948,-0.1066581423363917,0.05,1.0,0.0,0.02,1e-09
15.32466761199612,-1,0.1405523069911426,0.1647953897904726,-0.16229018510760299,0.10840435250323155,0.1286196620778408,-0.1835346542598483,-0.16092081659177948,-0.1066581423363917,0.05,1.0,0.0,0.02,1e-09
15.384531237999909,-1,0.1405523069911426,0.1647953897904726,-0.16229018510760299,0.10840435250323155,0.1286196620778408,-0.1835346542598483,-0.16092081659177948,-0.1066581423363917,0.05,1.0,0.0,0.02,1e-09
15.431935758999316,-1,0.1405523069911426,0.1647953897904726,-0.16229018510760299,0.10840435250323155,0.1286196620778408,-0.1835346542598483,-0.16092081659177948,-0.1066581423363917,0.05,1.0,0.0,0.02,1e-09
15.47518312199827,-1,0.1405523069911426,0.1647953897904726,-0.16229018510760299,0.10840435250323155,0.1286196620778408,-0.1835346542598483,-0.16092081659177948,-0.1066581423363917,0.05,1.0,0.0,0.02,1e-09
15.53632036199997,-1,0.1405523069911426,0.1647953897904726,-0.16229018510760299,0.10840435250323155,0.1286196620778408,-0.1835346542598483,-0.16092081659177948,-0.1066581423363917,0.05,1.0,0.0,0.02,1e-09
15.59501096799795,-1,0.1405523069911426,0.1647953897904726,-0.16229018510760299,0.10840435250323155,0.1286196620778408,-0.1835346542598483,-0.16092081659177948,-0.1066581423363917,0.05,1.0,0.0,0.02,1e-09
15.62793847899593,-1,0.1405523069911426,0.1647953897904726,-0.16229018510760299,0.10840435250323155,0.1286196620778408,-0.1835346542598483,-0.16092081659177948,-0.1066581423363917,0.05,1.0,0.0,0.02,1e-09
15.675324055999226,-1,0.1405523069911426,0.1647953897904726,-0.16229018510760299,0.10840435250323155,0.1286196620778408,-0.1835346542598483,-0.16092081659177948,-0.1066581423363917,0.05,1.0,0.0,0.02,1e-09
15.736119969995343,-1,0.1405523069911426,0.1647953897904726,-0.16229018510760299,0.10840435250323155,0.1286196620778408,-0.1835346542598483,-0.16092081659177948,-0.1066581423363917,0.05,1.0,0.0,0.02,1e-09
15.775256029999582,-1,0.1405523069911426,0.1647953897904726,-0.16229018510760299,0.10840435250323155,0.1286196620778408,-0.1835346542598483,-0.16092081659177948,-0.1066581423363917,0.05,1.0,0.0,0.02,1e-09
15.833528304996435,-1,0.1405523069911426,0.1647953897904726,-0.16229018510760299,0.10840435250323155,0.1286196620778408,-0.1835346542598483,-0.16092081659177948,-0.1066581423363917,0.05,1.0,0.0,0.02,1e-09
15.876829494001868,-1,0.1405523069911426,0.1647953897904726,-0.16229018510760299,0.10840435250323155,0.1286196620778408,-0.1835346542598483,-0.16092081659177948,-0.1066581423363917,0.05,1.0,0.0,0.02,1e-09
15.92194225199637,-1,0.1405523069911426,0.1647953897904726,-0.16229018510760299,0.10840435250323155,0.1286196620778408,-0.1835346542598483,-0.16092081659177948,-0.1066581423363917,0.05,1.0,0.0,0.02,1e-09
15.983563443995081,-1,0.1405523069911426,0.1647953897904726,-0.16229018510760299,0.10840435250323155,0.1286196620778408,-0.1835346542598483,-0.16092081659177948,-0.1066581423363917,0.05,1.0,0.0,0.02,1e-09
16.02911314099765,-1,0.1405523069911426,0.1647953897904726,-0.16229018510760299,0.10840435250323155,0.1286196620778408,-0.1835346542598483,-0.16092081659177948,-0.1066581423363917,0.05,1.0,0.0,0.02,1e-09
16.07751028399798,-1,0.1405523069911426,0.1647953897904726,-0.16229018510760299,0.10840435250323155,0.1286196620778408,-0.1835346542598483,-0.16092081659177948,-0.1066581423363917,0.05,1.0,0.0,0.02,1e-09
16.125041048995627,-1,0.1405523069911426,0.1647953897904726,-0.16229018510760299,0.10840435250323155,0.1286196620778408,-0.1835346542598483,-0.16092081659177948,-0.1066581423363917,0.05,1.0,0.0,0.02,1e-09
16.1795956499991,-1,0.1405523069911426,0.1647953897904726,-0.16229018510760299,0.10840435250323155,0.1286196620778408,-0.1835346542598483,-0.16092081659177948,-0.1066581423363917,0.05,1.0,0.0,0.02,1e-09
16.22917512899585,-1,0.1405523069911426,0.1647953897904726,-0.16229018510760299,0.10840435250323155,0.1286196620778408,-0.1835346542598483,-0.16092081659177948,-0.1066581423363917,0.05,1.0,0.0,0.02,1e-09
16.287272501998814,-1,0.1405523069911426,0.1647953897904726,-0.16229018510760299,0.10840435250323155,0.1286196620778408,-0.1835346542598483,-0.16092081659177948,-0.1066581423363917,0.05,1.0,0.0,0.02,1e-09
16.32767286500166,-1,0.1405523069911426,0.1647953897904726,-0.16229018510760299,0.10840435250323155,0.1286196620778408,-0.1835346542598483,-0.16092081659177948,-0.1066581423363917,0.05,1.0,0.0,0.02,1e-09
16.380292803994962,-1,0.1405523069911426,0.1647953897904726,-0.16229018510760299,0.10840435250323155,0.1286196620778408,-0.1835346542598483,-0.16092081659177948,-0.1066581423363917,0.05,1.0,0.0,0.02,1e-09
16.42726964099711,-1,0.1405523069911426,0.1647953897904726,-0.16229018510760299,0.10840435250323155,0.1286196620778408,-0.1835346542598483,-0.16092081659177948,-0.1066581423363917,0.05,1.0,0.0,0.02,1e-09
16.44271929399838,-1,0.1405523069911426,0.1647953897904726,-0.16229018510760299,0.10840435250323155,0.1286196620778408,-0.1835346542598483,-0.16092081659177948,-0.1066581423363917,0.05,1.0,0.0,0.02,1e-09
16.48132224100118,-1,0.1405523069911426,0.1647953897904726,-0.16229018510760299,0.10840435250323155,0.1286196620778408,-0.1835346542598483,-0.16092081659177948,-0.1066581423363917,0.05,1.0,0.0,0.02,1e-09
16.53634722699644,-1,0.1405523069911426,0.1647953897904726,-0.16229018510760299,0.10840435250323155,0.1286196620778408,-0.1835346542598483,-0.16092081659177948,-0.1066581423363917,0.05,1.0,0.0,0.02,1e-09
16.58764241499739,-1,0.1405523069911426,0.1647953897904726,-0.16229018510760299,0.10840435250323155,0.1286196620778408,-0.1835346542598483,-0.16092081659177948,-0.1066581423363917,0.05,1.0,0.0,0.02,1e-09
16.639728397,-1,0.1405523069911426,0.1647953897904726,-0.16229018510760299,0.10840435250323155,0.1286196620778408,-0.1835346542598483,-0.16092081659177948,-0.1066581423363917,0.05,1.0,0.0,0.02,1e-09
16.683214792996296,-1,0.1405523069911426,0.1647953897904726,-0.16229018510760299,0.10840435250323155,0.1286196620778408,-0.1835346542598483,-0.16092081659177948,-0.1066581423363917,0.05,1.0,0.0,0.02,1e-09
16.728197819000343,-1,0.1405523069911426,0.1647953897904726,-0.16229018510760299,0.10840435250323155,0.1286196620778408,-0.1835346542598483,-0.16092081659177948,-0.1066581423363917,0.05,1.0,0.0,0.02,1e-09
16.788748207000026,-1,0.1405523069911426,0.1647953897904726,-0.16229018510760299,0.10840435250323155,0.1286196620778408,-0.1835346542598483,-0.16092081659177948,-0.1066581423363917,0.05,1.0,0.0,0.02,1e-09
16.885156033000385,-1,0.1405523069911426,0.1647953897904726,-0.16229018510760299,0.10840435250323155,0.1286196620778408,-0.1835346542598483,-0.16092081659177948,-0.1066581423363917,0.05,1.0,0.0,0.02,1e-09
16.89990207599476,-1,0.1405523069911426,0.1647953897904726,-0.16229018510760299,0.10840435250323155,0.1286196620778408,-0.1835346542598483,-0.16092081659177948,-0.1066581423363917,0.05,1.0,0.0,0.02,1e-09
16.927725374996953,-1,0.1405523069911426,0.1647953897904726,-0.16229018510760299,0.10840435250323155,0.1286196620778408,-0.1835346542598483,-0.16092081659177948,-0.1066581423363917,0.05,1.0,0.0,0.02,1e-09
16.979412266999134,-1,0.1405523069911426,0.1647953897904726,-0.16229018510760299,0.10840435250323155,0.1286196620778408,-0.1835346542598483,-0.16092081659177948,-0.1066581423363917,0.05,1.0,0.0,0.02,1e-09
17.027701674000127,-1,0.1405523069911426,0.1647953897904726,-0.16229018510760299,0.10840435250323155,0.1286196620778408,-0.1835346542598483,-0.16092081659177948,-0.1066581423363917,0.05,1.0,0.0,0.02,1e-09
17.07903228700161,-1,0.1405523069911426,0.1647953897904726,-0.16229018510760299,0.10840435250323155,0.1286196620778408,-0.1835346542598483,-0.16092081659177948,-0.1066581423363917,0.05,1.0,0.0,0.02,1e-09
17.13572455800022,-1,0.1405523069911426,0.1647953897904726,-0.16229018510760299,0.10840435250323155,0.1286196620778408,-0.1835346542598483,-0.16092081659177948,-0.1066581423363917,0.05,1.0,0.0,0.02,1e-09
17.180093452996516,-1,0.1405523069911426,0.1647953897904726,-0.16229018510760299,0.10840435250323155,0.1286196620778408,-0.1835346542598483,-0.16092081659177948,-0.1066581423363917,0.05,1.0,0.0,0.02,1e-09
17.251816972995584,-1,0.1405523069911426,0.1647953897904726,-0.16229018510760299,0.10840435250323155,0.1286196620778408,-0.1835346542598483,-0.16092081659177948,-0.1066581423363917,0.05,1.0,0.0,0.02,1e-09
17.28863842300052,-1,0.1405523069911426,0.1647953897904726,-0.16229018510760299,0.10840435250323155,0.1286196620778408,-0.1835346542598483,-0.16092081659177948,-0.1066581423363917,0.05,1.0,0.0,0.02,1e-09
17.333505939001043,-1,0.1405523069911426,0.1647953897904726,-0.16229018510760299,0.10840435250323155,0.1286196620778408,-0.1835346542598483,-0.16092081659177948,-0.1066581423363917,0.05,1.0,0.0,0.02,1e-09
17.38389202200051,-1,0.1405523069911426,0.1647953897904726,-0.16229018510760299,0.10840435250323155,0.1286196620778408,-0.1835346542598483,-0.16092081659177948,-0.1066581423363917,0.05,1.0,0.0,0.02,1e-09
17.439386033998744,-1,0.1405523069911426,0.1647953897904726,-0.16229018510760299,0.10840435250323155,0.1286196620778408,-0.1835346542598483,-0.16092081659177948,-0.1066581423363917,0.05,1.0,0.0,0.02,1e-09
17.4833886109991,-1,0.1405523069911426,0.1647953897904726,-0.16229018510760299,0.10840435250323155,0.1286196620778408,-0.1835346542598483,-0.16092081659177948,-0.1066581423363917,0.05,1.0,0.0,0.02,1e-09
17.533011767998687,-1,0.1405523069911426,0.1647953897904726,-0.16229018510760299,0.10840435250323155,0.1286196620778408,-0.1835346542598483,-0.16092081659177948,-0.1066581423363917,0.05,1.0,0.0,0.02,1e-09
17.583976762995007,-1,0.1405523069911426,0.1647953897904726,-0.16229018510760299,0.10840435250323155,0.1286196620778408,-0.1835346542598483,-0.16092081659177948,-0.1066581423363917,0.05,1.0,0.0,0.02,1e-09
17.631697459997667,-1,0.1405523069911426,0.1647953897904726,-0.16229018510760299,0.10840435250323155,0.1286196620778408,-0.1835346542598483,-0.16092081659177948,-0.1066581423363917,0.05,1.0,0.0,0.02,1e-09
17.67963831999805,-1,0.1405523069911426,0.1647953897904726,-0.16229018510760299,0.10840435250323155,0.1286196620778408,-0.1835346542598483,-0.16092081659177948,-0.1066581423363917,0.05,1.0,0.0,0.02,1e-09
17.733769779995782,-1,0.1405523069911426,0.1647953897904726,-0.16229018510760299,0.10840435250323155,0.1286196620778408,-0.1835346542598483,-0.16092081659177948,-0.1066581423363917,0.05,1.0,0.0,0.02,1e-09
17.781184911997116,-1,0.1405523069911426,0.1647953897904726,-0.16229018510760299,0.10840435250323155,0.1286196620778408,-0.1835346542598483,-0.16092081659177948,-0.1066581423363917,0.05,1.0,0.0,0.02,1e-09
17.82763478299603,-1,0.1405523069911426,0.1647953897904726,-0.16229018510760299,0.10840435250323155,0.1286196620778408,-0.1835346542598483,-0.16092081659177948,-0.1066581423363917,0.05,1.0,0.0,0.02,1e-09
17.893481758001144,-1,0.1405523069911426,0.1647953897904726,-0.16229018510760299,0.10840435250323155,0.1286196620778408,-0.1835346542598483,-0.16092081659177948,-0.1066581423363917,0.05,1.0,0.0,0.02,1e-09
17.928974747999746,-1,0.1405523069911426,0.1647953897904726,-0.16229018510760299,0.10840435250323155,0.1286196620778408,-0.1835346542598483,-0.16092081659177948,-0.1066581423363917,0.05,1.0,0.0,0.02,1e-09
17.981704835998244,-1,0.1405523069911426,0.1647953897904726,-0.16229018510760299,0.10840435250323155,0.1286196620778408,-0.1835346542598483,-0.16092081659177948,-0.1066581423363917,0.05,1.0,0.0,0.02,1e-09
18.0285610380015,-1,0.1405523069911426,0.1647953897904726,-0.16229018510760299,0.10840435250323155,0.1286196620778408,-0.1835346542598483,-0.16092081659177948,-0.1066581423363917,0.05,1.0,0.0,0.02,1e-09
18.081574120995356,-1,0.1405523069911426,0.1647953897904726,-0.16229018510760299,0.10840435250323155,0.1286196620778408,-0.1835346542598483,-0.16092081659177948,-0.1066581423363917,0.05,1.0,0.0,0.02,1e-09
18.134145650998107,-1,0.1405523069911426,0.1647953897904726,-0.16229018510760299,0.10840435250323155,0.1286196620778408,-0.1835346542598483,-0.16092081659177948,-0.1066581423363917,0.05,1.0,0.0,0.02,1e-09
18.181493568001315,-1,0.1405523069911426,0.1647953897904726,-0.16229018510760299,0.10840435250323155,0.1286196620778408,-0.1835346542598483,-0.16092081659177948,-0.1066581423363917,0.05,1.0,0.0,0.02,1e-09
18.247256524999102,-1,0.1405523069911426,0.1647953897904726,-0.16229018510760299,0.10840435250323155,0.1286196620778408,-0.1835346542598483,-0.16092081659177948,-0.1066581423363917,0.05,1.0,0.0,0.02,1e-09
18.291527330999088,-1,0.1405523069911426,0.1647953897904726,-0.16229018510760299,0.10840435250323155,0.1286196620778408,-0.1835346542598483,-0.16092081659177948,-0.1066581423363917,0.05,1.0,0.0,0.02,1e-09
18.32797608999681,-1,0.1405523069911426,0.1647953897904726,-0.16229018510760299,0.10840435250323155,0.1286196620778408,-0.1835346542598483,-0.16092081659177948,-0.1066581423363917,0.05,1.0,0.0,0.02,1e-09
18.387269352999283,-1,0.1405523069911426,0.1647953897904726,-0.16229018510760299,0.10840435250323155,0.1286196620778408,-0.1835346542598483,-0.16092081659177948,-0.1066581423363917,0.05,1.0,0.0,0.02,1e-09
18.436061831998813,-1,0.1405523069911426,0.1647953897904726,-0.16229018510760299,0.10840435250323155,0.1286196620778408,-0.1835346542598483,-0.16092081659177948,-0.1066581423363917,0.05,1.0,0.0,0.02,1e-09
18.479154465996544,-1,0.1405523069911426,0.1647953897904726,-0.16229018510760299,0.10840435250323155,0.1286196620778408,-0.1835346542598483,-0.16092081659177948,-0.1066581423363917,0.05,1.0,0.0,0.02,1e-09
18.53721587399923,-1,0.1405523069911426,0.1647953897904726,-0.16229018510760299,0.10840435250323155,0.1286196620778408,-0.1835346542598483,-0.16092081659177948,-0.1066581423363917,0.05,1.0,0.0,0.02,1e-09
18.587533117999556,-1,0.1405523069911426,0.1647953897904726,-0.16229018510760299,0.10840435250323155,0.1286196620778408,-0.1835346542598483,-0.16092081659177948,-0.1066581423363917,0.05,1.0,0.0,0.02,1e-09
18.635902257999987,-1,0.1405523069911426,0.1647953897904726,-0.16229018510760299,0.10840435250323155,0.1286196620778408,-0.1835346542598483,-0.16092081659177948,-0.1066581423363917,0.05,1.0,0.0,0.02,1e-09
18.686462521996873,-1,0.1405523069911426,0.1647953897904726,-0.16229018510760299,0.10840435250323155,0.1286196620778408,-0.1835346542598483,-0.16092081659177948,-0.1066581423363917,0.05,1.0,0.0,0.02,1e-09
18.737021012995683,-1,0.1405523069911426,0.1647953897904726,-0.16229018510760299,0.10840435250323155,0.1286196620778408,-0.1835346542598483,-0.16092081659177948,-0.1066581423363917,0.05,1.0,0.0,0.02,1e-09
18.783927712996956,-1,0.1405523069911426,0.1647953897904726,-0.16229018510760299,0.10840435250323155,0.1286196620778408,-0.1835346542598483,-0.16092081659177948,-0.1066581423363917,0.05,1.0,0.0,0.02,1e-09
18.828862100999686,-1,0.1405523069911426,0.1647953897904726,-0.16229018510760299,0.10840435250323155,0.1286196620778408,-0.1835346542598483,-0.16092081659177948,-0.1066581423363917,0.05,1.0,0.0,0.02,1e-09
18.881386531997123,-1,0.1405523069911426,0.1647953897904726,-0.16229018510760299,0.10840435250323155,0.1286196620778408,-0.1835346542598483,-0.16092081659177948,-0.1066581423363917,0.05,1.0,0.0,0.02,1e-09
18.929407661998994,-1,0.1405523069911426,0.1647953897904726,-0.16229018510760299,0.10840435250323155,0.1286196620778408,-0.1835346542598483,-0.16092081659177948,-0.1066581423363917,0.05,1.0,0.0,0.02,1e-09
18.980834262001736,-1,0.1405523069911426,0.1647953897904726,-0.16229018510760299,0.10840435250323155,0.1286196620778408,-0.1835346542598483,-0.16092081659177948,-0.1066581423363917,0.05,1.0,0.0,0.02,1e-09
19.03553872500197,-1,0.1405523069911426,0.1647953897904726,-0.16229018510760299,0.10840435250323155,0.1286196620778408,-0.1835346542598483,-0.16092081659177948,-0.1066581423363917,0.05,1.0,0.0,0.02,1e-09
19.08084624500043,-1,0.1405523069911426,0.1647953897904726,-0.16229018510760299,0.10840435250323155,0.1286196620778408,-0.1835346542598483,-0.16092081659177948,-0.1066581423363917,0.05,1.0,0.0,0.02,1e-09
19.130220041995926,-1,0.1405523069911426,0.1647953897904726,-0.16229018510760299,0.10840435250323155,0.1286196620778408,-0.1835346542598483,-0.16092081659177948,-0.1066581423363917,0.05,1.0,0.0,0.02,1e-09
19.181408894000924,-1,0.1405523069911426,0.1647953897904726,-0.16229018510760299,0.10840435250323155,0.1286196620778408,-0.1835346542598483,-0.16092081659177948,-0.1066581423363917,0.05,1.0,0.0,0.02,1e-09
19.249262589000864,-1,0.1405523069911426,0.1647953897904726,-0.16229018510760299,0.10840435250323155,0.1286196620778408,-0.1835346542598483,-0.16092081659177948,-0.1066581423363917,0.05,1.0,0.0,0.02,1e-09
19.279382987995632,-1,0.1405523069911426,0.1647953897904726,-0.16229018510760299,0.10840435250323155,0.1286196620778408,-0.1835346542598483,-0.16092081659177948,-0.1066581423363917,0.05,1.0,0.0,0.02,1e-09
19.34419917199557,-1,0.1405523069911426,0.1647953897904726,-0.16229018510760299,0.10840435250323155,0.1286196620778408,-0.1835346542598483,-0.16092081659177948,-0.1066581423363917,0.05,1.0,0.0,0.02,1e-09
19.381998436001595,-1,0.1405523069911426,0.1647953897904726,-0.16229018510760299,0.10840435250323155,0.1286196620778408,-0.1835346542598483,-0.16092081659177948,-0.1066581423363917,0.05,1.0,0.0,0.02,1e-09
19.42981669100118,-1,0.1405523069911426,0.1647953897904726,-0.16229018510760299,0.10840435250323155,0.1286196620778408,-0.1835346542598483,-0.16092081659177948,-0.1066581423363917,0.05,1.0,0.0,0.02,1e-09
19.47946509099711,-1,0.1405523069911426,0.1647953897904726,-0.16229018510760299,0.10840435250323155,0.1286196620778408,-0.1835346542598483,-0.16092081659177948,-0.1066581423363917,0.05,1.0,0.0,0.02,1e-09
19.535597691996372,-1,0.1405523069911426,0.1647953897904726,-0.16229018510760299,0.10840435250323155,0.1286196620778408,-0.1835346542598483,-0.16092081659177948,-0.1066581423363917,0.05,1.0,0.0,0.02,1e-09
19.57794630299759,-1,0.1405523069911426,0.1647953897904726,-0.16229018510760299,0.10840435250323155,0.1286196620778408,-0.1835346542598483,-0.16092081659177948,-0.1066581423363917,0.05,1.0,0.0,0.02,1e-09
19.63704431700171,-1,0.1405523069911426,0.1647953897904726,-0.16229018510760299,0.10840435250323155,0.1286196620778408,-0.1835346542598483,-0.16092081659177948,-0.1066581423363917,0.05,1.0,0.0,0.02,1e-09
19.681572894995043,-1,0.1405523069911426,0.1647953897904726,-0.16229018510760299,0.10840435250323155,0.1286196620778408,-0.1835346542598483,-0.16092081659177948,-0.1066581423363917,0.05,1.0,0.0,0.02,1e-09
19.736033631997998,-1,0.1405523069911426,0.1647953897904726,-0.16229018510760299,0.10840435250323155,0.1286196620778408,-0.1835346542598483,-0.16092081659177948,-0.1066581423363917,0.05,1.0,0.0,0.02,1e-09
19.79386546299793,-1,0.1405523069911426,0.1647953897904726,-0.16229018510760299,0.10840435250323155,0.1286196620778408,-0.1835346542598483,-0.16092081659177948,-0.1066581423363917,0.05,1.0,0.0,0.02,1e-09
19.827281225996558,-1,0.1405523069911426,0.1647953897904726,-0.16229018510760299,0.10840435250323155,0.1286196620778408,-0.1835346542598483,-0.16092081659177948,-0.1066581423363917,0.05,1.0,0.0,0.02,1e-09
19.87954516899481,-1,0.1405523069911426,0.1647953897904726,-0.16229018510760299,0.10840435250323155,0.1286196620778408,-0.1835346542598483,-0.16092081659177948,-0.1066581423363917,0.05,1.0,0.0,0.02,1e-09
19.932187471997167,-1,0.1405523069911426,0.1647953897904726,-0.16229018510760299,0.10840435250323155,0.1286196620778408,-0.1835346542598483,-0.16092081659177948,-0.1066581423363917,0.05,1.0,0.0,0.02,1e-09
19.97897963500145,-1,0.1405523069911426,0.1647953897904726,-0.16229018510760299,0.10840435250323155,0.1286196620778408,-0.1835346542598483,-0.16092081659177948,-0.1066581423363917,0.05,1.0,0.0,0.02,1e-09
20.03570904499793,-1,0.1405523069911426,0.1647953897904726,-0.16229018510760299,0.10840435250323155,0.1286196620778408,-0.1835346542598483,-0.16092081659177948,-0.1066581423363917,0.05,1.0,0.0,0.02,1e-09
20.08327000999998,-1,0.1405523069911426,0.1647953897904726,-0.16229018510760299,0.10840435250323155,0.1286196620778408,-0.1835346542598483,-0.16092081659177948,-0.1066581423363917,0.05,1.0,0.0,0.02,1e-09
20.131421833000786,-1,0.1405523069911426,0.1647953897904726,-0.16229018510760299,0.10840435250323155,0.1286196620778408,-0.1835346542598483,-0.16092081659177948,-0.1066581423363917,0.05,1.0,0.0,0.02,1e-09
20.179635235996102,-1,0.1405523069911426,0.1647953897904726,-0.16229018510760299,0.10840435250323155,0.1286196620778408,-0.1835346542598483,-0.16092081659177948,-0.1066581423363917,0.05,1.0,0.0,0.02,1e-09
20.233197811001446,-1,0.1405523069911426,0.1647953897904726,-0.16229018510760299,0.10840435250323155,0.1286196620778408,-0.1835346542598483,-0.16092081659177948,-0.1066581423363917,0.05,1.0,0.0,0.02,1e-09
20.283501719000924,-1,0.1405523069911426,0.1647953897904726,-0.16229018510760299,0.10840435250323155,0.1286196620778408,-0.1835346542598483,-0.16092081659177948,-0.1066581423363917,0.05,1.0,0.0,0.02,1e-09
20.347824660995684,-1,0.1405523069911426,0.1647953897904726,-0.16229018510760299,0.10840435250323155,0.1286196620778408,-0.1835346542598483,-0.16092081659177948,-0.1066581423363917,0.05,1.0,0.0,0.02,1e-09
20.38474683700042,-1,0.1405523069911426,0.1647953897904726,-0.16229018510760299,0.10840435250323155,0.1286196620778408,-0.1835346542598483,-0.16092081659177948,-0.1066581423363917,0.05,1.0,0.0,0.02,1e-09
20.436580807996506,-1,0.1405523069911426,0.1647953897904726,-0.16229018510760299,0.10840435250323155,0.1286196620778408,-0.1835346542598483,-0.16092081659177948,-0.1066581423363917,0.05,1.0,0.0,0.02,1e-09
20.487140015000477,-1,0.1405523069911426,0.1647953897904726,-0.16229018510760299,0.10840435250323155,0.1286196620778408,-0.1835346542598483,-0.16092081659177948,-0.1066581423363917,0.05,1.0,0.0,0.02,1e-09
20.52983583099558,-1,0.1405523069911426,0.1647953897904726,-0.16229018510760299,0.10840435250323155,0.1286196620778408,-0.1835346542598483,-0.16092081659177948,-0.1066581423363917,0.05,1.0,0.0,0.02,1e-09
20.5828479970005,-1,0.1405523069911426,0.1647953897904726,-0.16229018510760299,0.10840435250323155,0.1286196620778408,-0.1835346542598483,-0.16092081659177948,-0.1066581423363917,0.05,1.0,0.0,0.02,1e-09
20.639385010996193,-1,0.1405523069911426,0.1647953897904726,-0.16229018510760299,0.10840435250323155,0.1286196620778408,-0.1835346542598483,-0.16092081659177948,-0.1066581423363917,0.05,1.0,0.0,0.02,1e-09
20.687236391000624,-1,0.1405523069911426,0.1647953897904726,-0.16229018510760299,0.10840435250323155,0.1286196620778408,-0.1835346542598483,-0.16092081659177948,-0.1066581423363917,0.05,1.0,0.0,0.02,1e-09
20.72743858299509,-1,0.1405523069911426,0.1647953897904726,-0.16229018510760299,0.10840435250323155,0.1286196620778408,-0.1835346542598483,-0.16092081659177948,-0.1066581423363917,0.05,1.0,0.0,0.02,1e-09
20.785046788994805,-1,0.1405523069911426,0.1647953897904726,-0.16229018510760299,0.10840435250323155,0.1286196620778408,-0.1835346542598483,-0.16092081659177948,-0.1066581423363917,0.05,1.0,0.0,0.02,1e-09
20.836216012998193,-1,0.1405523069911426,0.1647953897904726,-0.16229018510760299,0.10840435250323155,0.1286196620778408,-0.1835346542598483,-0.16092081659177948,-0.1066581423363917,0.05,1.0,0.0,0.02,1e-09
20.892346087995975,-1,0.1405523069911426,0.1647953897904726,-0.16229018510760299,0.10840435250323155,0.1286196620778408,-0.1835346542598483,-0.16092081659177948,-0.1066581423363917,0.05,1.0,0.0,0.02,1e-09
20.932076979996054,-1,0.1405523069911426,0.1647953897904726,-0.16229018510760299,0.10840435250323155,0.1286196620778408,-0.1835346542598483,-0.16092081659177948,-0.1066581423363917,0.05,1.0,0.0,0.02,1e-09
20.983912566996878,-1,0.1405523069911426,0.1647953897904726,-0.16229018510760299,0.10840435250323155,0.1286196620778408,-0.1835346542598483,-0.16092081659177948,-0.1066581423363917,0.05,1.0,0.0,0.02,1e-09
21.040046919995802,-1,0.1405523069911426,0.1647953897904726,-0.16229018510760299,0.10840435250323155,0.1286196620778408,-0.1835346542598483,-0.16092081659177948,-0.1066581423363917,0.05,1.0,0.0,0.02,1e-09
21.08418412199535,-1,0.1405523069911426,0.1647953897904726,-0.16229018510760299,0.10840435250323155,0.1286196620778408,-0.1835346542598483,-0.16092081659177948,-0.1066581423363917,0.05,1.0,0.0,0.02,1e-09
21.128343924996443,-1,0.1405523069911426,0.1647953897904726,-0.16229018510760299,0.10840435250323155,0.1286196620778408,-0.1835346542598483,-0.16092081659177948,-0.1066581423363917,0.05,1.0,0.0,0.02,1e-09
21.17951114999596,-1,0.1405523069911426,0.1647953897904726,-0.16229018510760299,0.10840435250323155,0.1286196620778408,-0.1835346542598483,-0.16092081659177948,-0.1066581423363917,0.05,1.0,0.0,0.02,1e-09
21.232536051997158,-1,0.1405523069911426,0.1647953897904726,-0.16229018510760299,0.10840435250323155,0.1286196620778408,-0.1835346542598483,-0.16092081659177948,-0.1066581423363917,0.05,1.0,0.0,0.02,1e-09
21.280266272995505,-1,0.1405523069911426,0.1647953897904726,-0.16229018510760299,0.10840435250323155,0.1286196620778408,-0.1835346542598483,-0.16092081659177948,-0.1066581423363917,0.05,1.0,0.0,0.02,1e-09
21.33284914500109,-1,0.1405523069911426,0.1647953897904726,-0.16229018510760299,0.10840435250323155,0.1286196620778408,-0.1835346542598483,-0.16092081659177948,-0.1066581423363917,0.05,1.0,0.0,0.02,1e-09
21.38476427999558,-1,0.1405523069911426,0.1647953897904726,-0.16229018510760299,0.10840435250323155,0.1286196620778408,-0.1835346542598483,-0.16092081659177948,-0.1066581423363917,0.05,1.0,0.0,0.02,1e-09
21.433575290997396,-1,0.1405523069911426,0.1647953897904726,-0.16229018510760299,0.10840435250323155,0.1286196620778408,-0.1835346542598483,-0.16092081659177948,-0.1066581423363917,0.05,1.0,0.0,0.02,1e-09
21.482119045998843,-1,0.1405523069911426,0.1647953897904726,-0.16229018510760299,0.10840435250323155,0.1286196620778408,-0.1835346542598483,-0.16092081659177948,-0.1066581423363917,0.05,1.0,0.0,0.02,1e-09
21.535370015000808,-1,0.1405523069911426,0.1647953897904726,-0.16229018510760299,0.10840435250323155,0.1286196620778408,-0.1835346542598483,-0.16092081659177948,-0.1066581423363917,0.05,1.0,0.0,0.02,1e-09
21.58800257599796,-1,0.1405523069911426,0.1647953897904726,-0.16229018510760299,0.10840435250323155,0.1286196620778408,-0.1835346542598483,-0.16092081659177948,-0.1066581423363917,0.05,1.0,0.0,0.02,1e-09
21.630317129995092,-1,0.1405523069911426,0.1647953897904726,-0.16229018510760299,0.10840435250323155,0.1286196620778408,-0.1835346542598483,-0.16092081659177948,-0.1066581423363917,0.05,1.0,0.0,0.02,1e-09
21.67765131699707,-1,0.1405523069911426,0.1647953897904726,-0.16229018510760299,0.10840435250323155,0.1286196620778408,-0.1835346542598483,-0.16092081659177948,-0.1066581423363917,0.05,1.0,0.0,0.02,1e-09
21.733689426997444,-1,0.1405523069911426,0.1647953897904726,-0.16229018510760299,0.10840435250323155,0.1286196620778408,-0.1835346542598483,-0.16092081659177948,-0.1066581423363917,0.05,1.0,0.0,0.02,1e-09
21.786334072996397,-1,0.1405523069911426,0.1647953897904726,-0.16229018510760299,0.10840435250323155,0.1286196620778408,-0.1835346542598483,-0.16092081659177948,-0.1066581423363917,0.05,1.0,0.0,0.02,1e-09
21.83127079899714,-1,0.1405523069911426,0.1647953897904726,-0.16229018510760299,0.10840435250323155,0.1286196620778408,-0.1835346542598483,-0.16092081659177948,-0.1066581423363917,0.05,1.0,0.0,0.02,1e-09
21.9732592520013,-1,0.1405523069911426,0.1647953897904726,-0.16229018510760299,0.10840435250323155,0.1286196620778408,-0.1835346542598483,-0.16092081659177948,-0.1066581423363917,0.05,1.0,0.0,0.02,1e-09
21.975405375000264,-1,0.1405523069911426,0.1647953897904726,-0.16229018510760299,0.10840435250323155,0.1286196620778408,-0.1835346542598483,-0.16092081659177948,-0.1066581423363917,0.05,1.0,0.0,0.02,1e-09
22.003523202001816,-1,0.1405523069911426,0.1647953897904726,-0.16229018510760299,0.10840435250323155,0.1286196620778408,-0.1835346542598483,-0.16092081659177948,-0.1066581423363917,0.05,1.0,0.0,0.02,1e-09
22.035394594000536,-1,0.1405523069911426,0.1647953897904726,-0.16229018510760299,0.10840435250323155,0.1286196620778408,-0.1835346542598483,-0.16092081659177948,-0.1066581423363917,0.05,1.0,0.0,0.02,1e-09
22.078245165001135,-1,0.1405523069911426,0.1647953897904726,-0.16229018510760299,0.10840435250323155,0.1286196620778408,-0.1835346542598483,-0.16092081659177948,-0.1066581423363917,0.05,1.0,0.0,0.02,1e-09
22.132880200995714,-1,0.1405523069911426,0.1647953897904726,-0.16229018510760299,0.10840435250323155,0.1286196620778408,-0.1835346542598483,-0.16092081659177948,-0.1066581423363917,0.05,1.0,0.0,0.02,1e-09
22.17916998599685,-1,0.1405523069911426,0.1647953897904726,-0.16229018510760299,0.10840435250323155,0.1286196620778408,-0.1835346542598483,-0.16092081659177948,-0.1066581423363917,0.05,1.0,0.0,0.02,1e-09
22.231721708994883,-1,0.1405523069911426,0.1647953897904726,-0.16229018510760299,0.10840435250323155,0.1286196620778408,-0.1835346542598483,-0.16092081659177948,-0.1066581423363917,0.05,1.0,0.0,0.02,1e-09
22.278876871998364,-1,0.1405523069911426,0.1647953897904726,-0.16229018510760299,0.10840435250323155,0.1286196620778408,-0.1835346542598483,-0.16092081659177948,-0.1066581423363917,0.05,1.0,0.0,0.02,1e-09
22.33030896999844,-1,0.1405523069911426,0.1647953897904726,-0.16229018510760299,0.10840435250323155,0.1286196620778408,-0.1835346542598483,-0.16092081659177948,-0.1066581423363917,0.05,1.0,0.0,0.02,1e-09
22.380085838995,-1,0.1405523069911426,0.1647953897904726,-0.16229018510760299,0.10840435250323155,0.1286196620778408,-0.1835346542598483,-0.16092081659177948,-0.1066581423363917,0.05,1.0,0.0,0.02,1e-09
22.44080559199938,-1,0.1405523069911426,0.1647953897904726,-0.16229018510760299,0.10840435250323155,0.1286196620778408,-0.1835346542598483,-0.16092081659177948,-0.1066581423363917,0.05,1.0,0.0,0.02,1e-09
22.489920832995267,-1,0.1405523069911426,0.1647953897904726,-0.16229018510760299,0.10840435250323155,0.1286196620778408,-0.1835346542598483,-0.16092081659177948,-0.1066581423363917,0.05,1.0,0.0,0.02,1e-09
22.542384161999507,-1,0.1405523069911426,0.1647953897904726,-0.16229018510760299,0.10840435250323155,0.1286196620778408,-0.1835346542598483,-0.16092081659177948,-0.1066581423363917,0.05,1.0,0.0,0.02,1e-09
22.584069381999143,-1,0.1405523069911426,0.1647953897904726,-0.16229018510760299,0.10840435250323155,0.1286196620778408,-0.1835346542598483,-0.16092081659177948,-0.1066581423363917,0.05,1.0,0.0,0.02,1e-09
22.635706713001127,-1,0.1405523069911426,0.1647953897904726,-0.16229018510760299,0.10840435250323155,0.1286196620778408,-0.1835346542598483,-0.16092081659177948,-0.1066581423363917,0.05,1.0,0.0,0.02,1e-09
22.68000051799754,-1,0.1405523069911426,0.1647953897904726,-0.16229018510760299,0.10840435250323155,0.1286196620778408,-0.1835346542598483,-0.16092081659177948,-0.1066581423363917,0.05,1.0,0.0,0.02,1e-09
22.732028311998874,-1,0.1405523069911426,0.1647953897904726,-0.16229018510760299,0.10840435250323155,0.1286196620778408,-0.1835346542598483,-0.16092081659177948,-0.1066581423363917,0.05,1.0,0.0,0.02,1e-09
22.77932814000087,-1,0.1405523069911426,0.1647953897904726,-0.16229018510760299,0.10840435250323155,0.1286196620778408,-0.1835346542598483,-0.16092081659177948,-0.1066581423363917,0.05,1.0,0.0,0.02,1e-09
22.83395154000027,-1,0.1405523069911426,0.1647953897904726,-0.16229018510760299,0.10840435250323155,0.1286196620778408,-0.1835346542598483,-0.16092081659177948,-0.1066581423363917,0.05,1.0,0.0,0.02,1e-09
22.879107157998078,-1,0.1405523069911426,0.1647953897904726,-0.16229018510760299,0.10840435250323155,0.1286196620778408,-0.1835346542598483,-0.16092081659177948,-0.1066581423363917,0.05,1.0,0.0,0.02,1e-09
22.93943342199782,-1,0.1405523069911426,0.1647953897904726,-0.16229018510760299,0.10840435250323155,0.1286196620778408,-0.1835346542598483,-0.16092081659177948,-0.1066581423363917,0.05,1.0,0.0,0.02,1e-09
22.985501974995714,-1,0.1405523069911426,0.1647953897904726,-0.16229018510760299,0.10840435250323155,0.1286196620778408,-0.1835346542598483,-0.16092081659177948,-0.1066581423363917,0.05,1.0,0.0,0.02,1e-09
23.03762570300023,-1,0.1405523069911426,0.1647953897904726,-0.16229018510760299,0.10840435250323155,0.1286196620778408,-0.1835346542598483,-0.16092081659177948,-0.1066581423363917,0.05,1.0,0.0,0.02,1e-09
23.082761639998353,-1,0.1405523069911426,0.1647953897904726,-0.16229018510760299,0.10840435250323155,0.1286196620778408,-0.1835346542598483,-0.16092081659177948,-0.1066581423363917,0.05,1.0,0.0,0.02,1e-09
23.135519625000597,-1,0.1405523069911426,0.1647953897904726,-0.16229018510760299,0.10840435250323155,0.1286196620778408,-0.1835346542598483,-0.16092081659177948,-0.1066581423363917,0.05,1.0,0.0,0.02,1e-09
23.191175228996144,-1,0.1405523069911426,0.1647953897904726,-0.16229018510760299,0.10840435250323155,0.1286196620778408,-0.1835346542598483,-0.16092081659177948,-0.1066581423363917,0.05,1.0,0.0,0.02,1e-09
23.233976930998324,-1,0.1405523069911426,0.1647953897904726,-0.16229018510760299,0.10840435250323155,0.1286196620778408,-0.1835346542598483,-0.16092081659177948,-0.1066581423363917,0.05,1.0,0.0,0.02,1e-09
23.285312734995387,-1,0.1405523069911426,0.1647953897904726,-0.16229018510760299,0.10840435250323155,0.1286196620778408,-0.1835346542598483,-0.16092081659177948,-0.1066581423363917,0.05,1.0,0.0,0.02,1e-09
23.329549490001227,-1,0.1405523069911426,0.1647953897904726,-0.16229018510760299,0.10840435250323155,0.1286196620778408,-0.1835346542598483,-0.16092081659177948,-0.1066581423363917,0.05,1.0,0.0,0.02,1e-09
23.38163276400155,-1,0.1405523069911426,0.1647953897904726,-0.16229018510760299,0.10840435250323155,0.1286196620778408,-0.1835346542598483,-0.16092081659177948,-0.1066581423363917,0.05,1.0,0.0,0.02,1e-09
23.430379732999427,-1,0.1405523069911426,0.1647953897904726,-0.16229018510760299,0.10840435250323155,0.1286196620778408,-0.1835346542598483,-0.16092081659177948,-0.1066581423363917,0.05,1.0,0.0,0.02,1e-09
23.49839874499594,-1,0.1405523069911426,0.1647953897904726,-0.16229018510760299,0.10840435250323155,0.1286196620778408,-0.1835346542598483,-0.16092081659177948,-0.1066581423363917,0.05,1.0,0.0,0.02,1e-09
23.53070566099632,-1,0.1405523069911426,0.1647953897904726,-0.16229018510760299,0.10840435250323155,0.1286196620778408,-0.1835346542598483,-0.16092081659177948,-0.1066581423363917,0.05,1.0,0.0,0.02,1e-09
23.58565885599819,-1,0.1405523069911426,0.1647953897904726,-0.16229018510760299,0.10840435250323155,0.1286196620778408,-0.1835346542598483,-0.16092081659177948,-0.1066581423363917,0.05,1.0,0.0,0.02,1e-09
23.6324305839953,-1,0.1405523069911426,0.1647953897904726,-0.16229018510760299,0.10840435250323155,0.1286196620778408,-0.1835346542598483,-0.16092081659177948,-0.1066581423363917,0.05,1.0,0.0,0.02,1e-09
23.678820449997147,-1,0.1405523069911426,0.1647953897904726,-0.16229018510760299,0.10840435250323155,0.1286196620778408,-0.1835346542598483,-0.16092081659177948,-0.1066581423363917,0.05,1.0,0.0,0.02,1e-09
23.728572444000747,-1,0.1405523069911426,0.1647953897904726,-0.16229018510760299,0.10840435250323155,0.1286196620778408,-0.1835346542598483,-0.16092081659177948,-0.1066581423363917,0.05,1.0,0.0,0.02,1e-09
23.78194233999966,-1,0.1405523069911426,0.1647953897904726,-0.16229018510760299,0.10840435250323155,0.1286196620778408,-0.1835346542598483,-0.16092081659177948,-0.1066581423363917,0.05,1.0,0.0,0.02,1e-09
23.83332844999677,-1,0.1405523069911426,0.1647953897904726,-0.16229018510760299,0.10840435250323155,0.1286196620778408,-0.1835346542598483,-0.16092081659177948,-0.1066581423363917,0.05,1.0,0.0,0.02,1e-09
23.884305526997196,-1,0.1405523069911426,0.1647953897904726,-0.16229018510760299,0.10840435250323155,0.1286196620778408,-0.1835346542598483,-0.16092081659177948,-0.1066581423363917,0.05,1.0,0.0,0.02,1e-09
23.931109439996362,-1,0.1405523069911426,0.1647953897904726,-0.16229018510760299,0.10840435250323155,0.1286196620778408,-0.1835346542598483,-0.16092081659177948,-0.1066581423363917,0.05,1.0,0.0,0.02,1e-09
23.987295854996773,-1,0.1405523069911426,0.1647953897904726,-0.16229018510760299,0.10840435250323155,0.1286196620778408,-0.1835346542598483,-0.16092081659177948,-0.1066581423363917,0.05,1.0,0.0,0.02,1e-09
24.03944175200013,-1,0.1405523069911426,0.1647953897904726,-0.16229018510760299,0.10840435250323155,0.1286196620778408,-0.1835346542598483,-0.16092081659177948,-0.1066581423363917,0.05,1.0,0.0,0.02,1e-09
24.076933680000366,-1,0.1405523069911426,0.1647953897904726,-0.16229018510760299,0.10840435250323155,0.1286196620778408,-0.1835346542598483,-0.16092081659177948,-0.1066581423363917,0.05,1.0,0.0,0.02,1e-09
24.128703875998326,-1,0.1405523069911426,0.1647953897904726,-0.16229018510760299,0.10840435250323155,0.1286196620778408,-0.1835346542598483,-0.16092081659177948,-0.1066581423363917,0.05,1.0,0.0,0.02,1e-09
24.184815982000146,-1,0.1405523069911426,0.1647953897904726,-0.16229018510760299,0.10840435250323155,0.1286196620778408,-0.1835346542598483,-0.16092081659177948,-0.1066581423363917,0.05,1.0,0.0,0.02,1e-09
24.237214945998858,-1,0.1405523069911426,0.1647953897904726,-0.16229018510760299,0.10840435250323155,0.1286196620778408,-0.1835346542598483,-0.16092081659177948,-0.1066581423363917,0.05,1.0,0.0,0.02,1e-09
24.295341315999394,-1,0.1405523069911426,0.1647953897904726,-0.16229018510760299,0.10840435250323155,0.1286196620778408,-0.1835346542598483,-0.16092081659177948,-0.1066581423363917,0.05,1.0,0.0,0.02,1e-09
24.33119818299747,-1,0.1405523069911426,0.1647953897904726,-0.16229018510760299,0.10840435250323155,0.1286196620778408,-0.1835346542598483,-0.16092081659177948,-0.1066581423363917,0.05,1.0,0.0,0.02,1e-09
24.388620277000882,-1,0.1405523069911426,0.1647953897904726,-0.16229018510760299,0.10840435250323155,0.1286196620778408,-0.1835346542598483,-0.16092081659177948,-0.1066581423363917,0.05,1.0,0.0,0.02,1e-09
24.42987467799685,-1,0.1405523069911426,0.1647953897904726,-0.16229018510760299,0.10840435250323155,0.1286196620778408,-0.1835346542598483,-0.16092081659177948,-0.1066581423363917,0.05,1.0,0.0,0.02,1e-09
24.49579366800026,-1,0.1405523069911426,0.1647953897904726,-0.16229018510760299,0.10840435250323155,0.1286196620778408,-0.1835346542598483,-0.16092081659177948,-0.1066581423363917,0.05,1.0,0.0,0.02,1e-09
24.541327890998218,-1,0.1405523069911426,0.1647953897904726,-0.16229018510760299,0.10840435250323155,0.1286196620778408,-0.1835346542598483,-0.16092081659177948,-0.1066581423363917,0.05,1.0,0.0,0.02,1e-09
24.582584144001885,-1,0.1405523069911426,0.1647953897904726,-0.16229018510760299,0.10840435250323155,0.1286196620778408,-0.1835346542598483,-0.16092081659177948,-0.1066581423363917,0.05,1.0,0.0,0.02,1e-09
24.651349340994784,-1,0.1405523069911426,0.1647953897904726,-0.16229018510760299,0.10840435250323155,0.1286196620778408,-0.1835346542598483,-0.16092081659177948,-0.1066581423363917,0.05,1.0,0.0,0.02,1e-09
24.681424461996357,-1,0.1405523069911426,0.1647953897904726,-0.16229018510760299,0.10840435250323155,0.1286196620778408,-0.1835346542598483,-0.16092081659177948,-0.1066581423363917,0.05,1.0,0.0,0.02,1e-09
24.728878488996997,-1,0.1405523069911426,0.1647953897904726,-0.16229018510760299,0.10840435250323155,0.1286196620778408,-0.1835346542598483,-0.16092081659177948,-0.1066581423363917,0.05,1.0,0.0,0.02,1e-09
24.783002295000188,-1,0.1405523069911426,0.1647953897904726,-0.16229018510760299,0.10840435250323155,0.1286196620778408,-0.1835346542598483,-0.16092081659177948,-0.1066581423363917,0.05,1.0,0.0,0.02,1e-09
24.829380502997083,-1,0.1405523069911426,0.1647953897904726,-0.16229018510760299,0.10840435250323155,0.1286196620778408,-0.1835346542598483,-0.16092081659177948,-0.1066581423363917,0.05,1.0,0.0,0.02,1e-09
24.899525344000722,-1,0.1405523069911426,0.1647953897904726,-0.16229018510760299,0.10840435250323155,0.1286196620778408,-0.1835346542598483,-0.16092081659177948,-0.1066581423363917,0.05,1.0,0.0,0.02,1e-09
24.932119750999846,-1,0.1405523069911426,0.1647953897904726,-0.16229018510760299,0.10840435250323155,0.1286196620778408,-0.1835346542598483,-0.16092081659177948,-0.1066581423363917,0.05,1.0,0.0,0.02,1e-09
24.990965644996322,-1,0.1405523069911426,0.1647953897904726,-0.16229018510760299,0.10840435250323155,0.1286196620778408,-0.1835346542598483,-0.16092081659177948,-0.1066581423363917,0.05,1.0,0.0,0.02,1e-09
25.043254497999442,-1,0.1405523069911426,0.1647953897904726,-0.16229018510760299,0.10840435250323155,0.1286196620778408,-0.1835346542598483,-0.16092081659177948,-0.1066581423363917,0.05,1.0,0.0,0.02,1e-09
25.08497319700109,-1,0.1405523069911426,0.1647953897904726,-0.16229018510760299,0.10840435250323155,0.1286196620778408,-0.1835346542598483,-0.16092081659177948,-0.1066581423363917,0.05,1.0,0.0,0.02,1e-09
25.135891564001213,-1,0.1405523069911426,0.1647953897904726,-0.16229018510760299,0.10840435250323155,0.1286196620778408,-0.1835346542598483,-0.16092081659177948,-0.1066581423363917,0.05,1.0,0.0,0.02,1e-09
25.18083175100037,-1,0.1405523069911426,0.1647953897904726,-0.16229018510760299,0.10840435250323155,0.1286196620778408,-0.1835346542598483,-0.16092081659177948,-0.1066581423363917,0.05,1.0,0.0,0.02,1e-09
25.23873590799485,-1,0.1405523069911426,0.1647953897904726,-0.16229018510760299,0.10840435250323155,0.1286196620778408,-0.1835346542598483,-0.16092081659177948,-0.1066581423363917,0.05,1.0,0.0,0.02,1e-09
25.284205568001198,-1,0.1405523069911426,0.1647953897904726,-0.16229018510760299,0.10840435250323155,0.1286196620778408,-0.1835346542598483,-0.16092081659177948,-0.1066581423363917,0.05,1.0,0.0,0.02,1e-09
25.35547369300184,-1,0.1405523069911426,0.1647953897904726,-0.16229018510760299,0.10840435250323155,0.1286196620778408,-0.1835346542598483,-0.16092081659177948,-0.1066581423363917,0.05,1.0,0.0,0.02,1e-09
25.384295648997067,-1,0.1405523069911426,0.1647953897904726,-0.16229018510760299,0.10840435250323155,0.1286196620778408,-0.1835346542598483,-0.16092081659177948,-0.1066581423363917,0.05,1.0,0.0,0.02,1e-09
25.43299286299589,-1,0.1405523069911426,0.1647953897904726,-0.16229018510760299,0.10840435250323155,0.1286196620778408,-0.1835346542598483,-0.16092081659177948,-0.1066581423363917,0.05,1.0,0.0,0.02,1e-09
25.482335373999376,-1,0.1405523069911426,0.1647953897904726,-0.16229018510760299,0.10840435250323155,0.1286196620778408,-0.1835346542598483,-0.16092081659177948,-0.1066581423363917,0.05,1.0,0.0,0.02,1e-09
25.54400628199801,-1,0.1405523069911426,0.1647953897904726,-0.16229018510760299,0.10840435250323155,0.1286196620778408,-0.1835346542598483,-0.16092081659177948,-0.1066581423363917,0.05,1.0,0.0,0.02,1e-09
25.580935010999383,-1,0.1405523069911426,0.1647953897904726,-0.16229018510760299,0.10840435250323155,0.1286196620778408,-0.1835346542598483,-0.16092081659177948,-0.1066581423363917,0.05,1.0,0.0,0.02,1e-09
25.636198232001334,-1,0.1405523069911426,0.1647953897904726,-0.16229018510760299,0.10840435250323155,0.1286196620778408,-0.1835346542598483,-0.16092081659177948,-0.1066581423363917,0.05,1.0,0.0,0.02,1e-09
25.69524558199919,-1,0.1405523069911426,0.1647953897904726,-0.16229018510760299,0.10840435250323155,0.1286196620778408,-0.1835346542598483,-0.16092081659177948,-0.1066581423363917,0.05,1.0,0.0,0.02,1e-09
25.73181430799741,-1,0.1405523069911426,0.1647953897904726,-0.16229018510760299,0.10840435250323155,0.1286196620778408,-0.1835346542598483,-0.16092081659177948,-0.1066581423363917,0.05,1.0,0.0,0.02,1e-09
25.79850981499476,-1,0.1405523069911426,0.1647953897904726,-0.16229018510760299,0.10840435250323155,0.1286196620778408,-0.1835346542598483,-0.16092081659177948,-0.1066581423363917,0.05,1.0,0.0,0.02,1e-09
25.830500055999437,-1,0.1405523069911426,0.1647953897904726,-0.16229018510760299,0.10840435250323155,0.1286196620778408,-0.1835346542598483,-0.16092081659177948,-0.1066581423363917,0.05,1.0,0.0,0.02,1e-09
25.88372932800121,-1,0.1405523069911426,0.1647953897904726,-0.16229018510760299,0.10840435250323155,0.1286196620778408,-0.1835346542598483,-0.16092081659177948,-0.1066581423363917,0.05,1.0,0.0,0.02,1e-09
25.936015704995953,-1,0.1405523069911426,0.1647953897904726,-0.16229018510760299,0.10840435250323155,0.1286196620778408,-0.1835346542598483,-0.16092081659177948,-0.1066581423363917,0.05,1.0,0.0,0.02,1e-09
25.997073058999376,-1,0.1405523069911426,0.1647953897904726,-0.16229018510760299,0.10840435250323155,0.1286196620778408,-0.1835346542598483,-0.16092081659177948,-0.1066581423363917,0.05,1.0,0.0,0.02,1e-09
26.03148447300191,-1,0.1405523069911426,0.1647953897904726,-0.16229018510760299,0.10840435250323155,0.1286196620778408,-0.1835346542598483,-0.16092081659177948,-0.1066581423363917,0.05,1.0,0.0,0.02,1e-09
26.092740622996644,-1,0.1405523069911426,0.1647953897904726,-0.16229018510760299,0.10840435250323155,0.1286196620778408,-0.1835346542598483,-0.16092081659177948,-0.1066581423363917,0.05,1.0,0.0,0.02,1e-09
26.13260605999676,-1,0.1405523069911426,0.1647953897904726,-0.16229018510760299,0.10840435250323155,0.1286196620778408,-0.1835346542598483,-0.16092081659177948,-0.1066581423363917,0.05,1.0,0.0,0.02,1e-09
26.18136364399834,-1,0.1405523069911426,0.1647953897904726,-0.16229018510760299,0.10840435250323155,0.1286196620778408,-0.1835346542598483,-0.16092081659177948,-0.1066581423363917,0.05,1.0,0.0,0.02,1e-09
26.22946938200039,-1,0.1405523069911426,0.1647953897904726,-0.16229018510760299,0.10840435250323155,0.1286196620778408,-0.1835346542598483,-0.16092081659177948,-0.1066581423363917,0.05,1.0,0.0,0.02,1e-09
26.283792538000853,-1,0.1405523069911426,0.1647953897904726,-0.16229018510760299,0.10840435250323155,0.1286196620778408,-0.1835346542598483,-0.16092081659177948,-0.1066581423363917,0.05,1.0,0.0,0.02,1e-09
26.333120404997317,-1,0.1405523069911426,0.1647953897904726,-0.16229018510760299,0.10840435250323155,0.1286196620778408,-0.1835346542598483,-0.16092081659177948,-0.1066581423363917,0.05,1.0,0.0,0.02,1e-09
26.385176887000853,-1,0.1405523069911426,0.1647953897904726,-0.16229018510760299,0.10840435250323155,0.1286196620778408,-0.1835346542598483,-0.16092081659177948,-0.1066581423363917,0.05,1.0,0.0,0.02,1e-09
26.43990705399483,-1,0.1405523069911426,0.1647953897904726,-0.16229018510760299,0.10840435250323155,0.1286196620778408,-0.1835346542598483,-0.16092081659177948,-0.1066581423363917,0.05,1.0,0.0,0.02,1e-09
26.479937368996616,-1,0.1405523069911426,0.1647953897904726,-0.16229018510760299,0.10840435250323155,0.1286196620778408,-0.1835346542598483,-0.16092081659177948,-0.1066581423363917,0.05,1.0,0.0,0.02,1e-09
26.544141188998765,-1,0.1405523069911426,0.1647953897904726,-0.16229018510760299,0.10840435250323155,0.1286196620778408,-0.1835346542598483,-0.16092081659177948,-0.1066581423363917,0.05,1.0,0.0,0.02,1e-09
26.586252437999065,-1,0.1405523069911426,0.1647953897904726,-0.16229018510760299,0.10840435250323155,0.1286196620778408,-0.1835346542598483,-0.16092081659177948,-0.1066581423363917,0.05,1.0,0.0,0.02,1e-09
26.646304304995283,-1,0.1405523069911426,0.1647953897904726,-0.16229018510760299,0.10840435250323155,0.1286196620778408,-0.1835346542598483,-0.16092081659177948,-0.1066581423363917,0.05,1.0,0.0,0.02,1e-09
26.680970055000216,-1,0.1405523069911426,0.1647953897904726,-0.16229018510760299,0.10840435250323155,0.1286196620778408,-0.1835346542598483,-0.16092081659177948,-0.1066581423363917,0.05,1.0,0.0,0.02,1e-09
26.73560527600057,-1,0.1405523069911426,0.1647953897904726,-0.16229018510760299,0.10840435250323155,0.1286196620778408,-0.1835346542598483,-0.16092081659177948,-0.1066581423363917,0.05,1.0,0.0,0.02,1e-09
26.785648425000545,-1,0.1405523069911426,0.1647953897904726,-0.16229018510760299,0.10840435250323155,0.1286196620778408,-0.1835346542598483,-0.16092081659177948,-0.1066581423363917,0.05,1.0,0.0,0.02,1e-09
26.82996781399561,-1,0.1405523069911426,0.1647953897904726,-0.16229018510760299,0.10840435250323155,0.1286196620778408,-0.1835346542598483,-0.16092081659177948,-0.1066581423363917,0.05,1.0,0.0,0.02,1e-09
26.888318345001608,-1,0.1405523069911426,0.1647953897904726,-0.16229018510760299,0.10840435250323155,0.1286196620778408,-0.1835346542598483,-0.16092081659177948,-0.1066581423363917,0.05,1.0,0.0,0.02,1e-09
26.932909561997803,-1,0.1405523069911426,0.1647953897904726,-0.16229018510760299,0.10840435250323155,0.1286196620778408,-0.1835346542598483,-0.16092081659177948,-0.1066581423363917,0.05,1.0,0.0,0.02,1e-09
26.986630259998492,-1,0.1405523069911426,0.1647953897904726,-0.16229018510760299,0.10840435250323155,0.1286196620778408,-0.1835346542598483,-0.16092081659177948,-0.1066581423363917,0.05,1.0,0.0,0.02,1e-09
27.0881343009969,-1,0.1405523069911426,0.1647953897904726,-0.16229018510760299,0.10840435250323155,0.1286196620778408,-0.1835346542598483,-0.16092081659177948,-0.1066581423363917,0.05,1.0,0.0,0.02,1e-09
27.10520632800035,-1,0.1405523069911426,0.1647953897904726,-0.16229018510760299,0.10840435250323155,0.1286196620778408,-0.1835346542598483,-0.16092081659177948,-0.1066581423363917,0.05,1.0,0.0,0.02,1e-09
27.140301510000427,-1,0.1405523069911426,0.1647953897904726,-0.16229018510760299,0.10840435250323155,0.1286196620778408,-0.1835346542598483,-0.16092081659177948,-0.1066581423363917,0.05,1.0,0.0,0.02,1e-09
27.18251777000114,-1,0.1405523069911426,0.1647953897904726,-0.16229018510760299,0.10840435250323155,0.1286196620778408,-0.1835346542598483,-0.16092081659177948,-0.1066581423363917,0.05,1.0,0.0,0.02,1e-09
27.23592752699915,-1,0.1405523069911426,0.1647953897904726,-0.16229018510760299,0.10840435250323155,0.1286196620778408,-0.1835346542598483,-0.16092081659177948,-0.1066581423363917,0.05,1.0,0.0,0.02,1e-09
27.291295429997263,-1,0.1405523069911426,0.1647953897904726,-0.16229018510760299,0.10840435250323155,0.1286196620778408,-0.1835346542598483,-0.16092081659177948,-0.1066581423363917,0.05,1.0,0.0,0.02,1e-09
27.32947389200126,-1,0.1405523069911426,0.1647953897904726,-0.16229018510760299,0.10840435250323155,0.1286196620778408,-0.1835346542598483,-0.16092081659177948,-0.1066581423363917,0.05,1.0,0.0,0.02,1e-09
27.38369541699649,-1,0.1405523069911426,0.1647953897904726,-0.16229018510760299,0.10840435250323155,0.1286196620778408,-0.1835346542598483,-0.16092081659177948,-0.1066581423363917,0.05,1.0,0.0,0.02,1e-09
27.440235303998634,-1,0.1405523069911426,0.1647953897904726,-0.16229018510760299,0.10840435250323155,0.1286196620778408,-0.1835346542598483,-0.16092081659177948,-0.1066581423363917,0.05,1.0,0.0,0.02,1e-09
27.48271917799866,-1,0.1405523069911426,0.1647953897904726,-0.16229018510760299,0.10840435250323155,0.1286196620778408,-0.1835346542598483,-0.16092081659177948,-0.1066581423363917,0.05,1.0,0.0,0.02,1e-09
27.530027436994715,-1,0.1405523069911426,0.1647953897904726,-0.16229018510760299,0.10840435250323155,0.1286196620778408,-0.1835346542598483,-0.16092081659177948,-0.1066581423363917,0.05,1.0,0.0,0.02,1e-09
27.58198027299659,-1,0.1405523069911426,0.1647953897904726,-0.16229018510760299,0.10840435250323155,0.1286196620778408,-0.1835346542598483,-0.16092081659177948,-0.1066581423363917,0.05,1.0,0.0,0.02,1e-09
27.636407999998482,-1,0.1405523069911426,0.1647953897904726,-0.16229018510760299,0.10840435250323155,0.1286196620778408,-0.1835346542598483,-0.16092081659177948,-0.1066581423363917,0.05,1.0,0.0,0.02,1e-09
27.699363563995576,-1,0.1405523069911426,0.1647953897904726,-0.16229018510760299,0.10840435250323155,0.1286196620778408,-0.1835346542598483,-0.16092081659177948,-0.1066581423363917,0.05,1.0,0.0,0.02,1e-09
27.732636079999793,-1,0.1405523069911426,0.1647953897904726,-0.16229018510760299,0.10840435250323155,0.1286196620778408,-0.1835346542598483,-0.16092081659177948,-0.1066581423363917,0.05,1.0,0.0,0.02,1e-09
27.78161064899905,-1,0.1405523069911426,0.1647953897904726,-0.16229018510760299,0.10840435250323155,0.1286196620778408,-0.1835346542598483,-0.16092081659177948,-0.1066581423363917,0.05,1.0,0.0,0.02,1e-09
27.837658705997455,-1,0.1405523069911426,0.1647953897904726,-0.16229018510760299,0.10840435250323155,0.1286196620778408,-0.1835346542598483,-0.16092081659177948,-0.1066581423363917,0.05,1.0,0.0,0.02,1e-09
27.892177574001835,-1,0.1405523069911426,0.1647953897904726,-0.16229018510760299,0.10840435250323155,0.1286196620778408,-0.1835346542598483,-0.16092081659177948,-0.1066581423363917,0.05,1.0,0.0,0.02,1e-09
27.935718173997884,-1,0.1405523069911426,0.1647953897904726,-0.16229018510760299,0.10840435250323155,0.1286196620778408,-0.1835346542598483,-0.16092081659177948,-0.1066581423363917,0.05,1.0,0.0,0.02,1e-09
27.983145316997252,-1,0.1405523069911426,0.1647953897904726,-0.16229018510760299,0.10840435250323155,0.1286196620778408,-0.1835346542598483,-0.16092081659177948,-0.1066581423363917,0.05,1.0,0.0,0.02,1e-09
28.040079145001073,-1,0.1405523069911426,0.1647953897904726,-0.16229018510760299,0.10840435250323155,0.1286196620778408,-0.1835346542598483,-0.16092081659177948,-0.1066581423363917,0.05,1.0,0.0,0.02,1e-09
28.08010907699645,-1,0.1405523069911426,0.1647953897904726,-0.16229018510760299,0.10840435250323155,0.1286196620778408,-0.1835346542598483,-0.16092081659177948,-0.1066581423363917,0.05,1.0,0.0,0.02,1e-09
28.138889150999603,-1,0.1405523069911426,0.1647953897904726,-0.16229018510760299,0.10840435250323155,0.1286196620778408,-0.1835346542598483,-0.16092081659177948,-0.1066581423363917,0.05,1.0,0.0,0.02,1e-09
28.188647112998297,-1,0.1405523069911426,0.1647953897904726,-0.16229018510760299,0.10840435250323155,0.1286196620778408,-0.1835346542598483,-0.16092081659177948,-0.1066581423363917,0.05,1.0,0.0,0.02,1e-09
28.24333071699948,-1,0.1405523069911426,0.1647953897904726,-0.16229018510760299,0.10840435250323155,0.1286196620778408,-0.1835346542598483,-0.16092081659177948,-0.1066581423363917,0.05,1.0,0.0,0.02,1e-09
28.288253653998254,-1,0.1405523069911426,0.1647953897904726,-0.16229018510760299,0.10840435250323155,0.1286196620778408,-0.1835346542598483,-0.16092081659177948,-0.1066581423363917,0.05,1.0,0.0,0.02,1e-09
28.335290440998506,-1,0.1405523069911426,0.1647953897904726,-0.16229018510760299,0.10840435250323155,0.1286196620778408,-0.1835346542598483,-0.16092081659177948,-0.1066581423363917,0.05,1.0,0.0,0.02,1e-09
28.379398368000693,-1,0.1405523069911426,0.1647953897904726,-0.16229018510760299,0.10840435250323155,0.1286196620778408,-0.1835346542598483,-0.16092081659177948,-0.1066581423363917,0.05,1.0,0.0,0.02,1e-09
28.440192508001928,-1,0.1405523069911426,0.1647953897904726,-0.16229018510760299,0.10840435250323155,0.1286196620778408,-0.1835346542598483,-0.16092081659177948,-0.1066581423363917,0.05,1.0,0.0,0.02,1e-09
28.482182686995657,-1,0.1405523069911426,0.1647953897904726,-0.16229018510760299,0.10840435250323155,0.1286196620778408,-0.1835346542598483,-0.16092081659177948,-0.1066581423363917,0.05,1.0,0.0,0.02,1e-09
28.53218188399478,-1,0.1405523069911426,0.1647953897904726,-0.16229018510760299,0.10840435250323155,0.1286196620778408,-0.1835346542598483,-0.16092081659177948,-0.1066581423363917,0.05,1.0,0.0,0.02,1e-09
28.592038315000536,-1,0.1405523069911426,0.1647953897904726,-0.16229018510760299,0.10840435250323155,0.1286196620778408,-0.1835346542598483,-0.16092081659177948,-0.1066581423363917,0.05,1.0,0.0,0.02,1e-09
28.634859473000688,-1,0.1405523069911426,0.1647953897904726,-0.16229018510760299,0.10840435250323155,0.1286196620778408,-0.1835346542598483,-0.16092081659177948,-0.1066581423363917,0.05,1.0,0.0,0.02,1e-09
28.68155066899635,-1,0.1405523069911426,0.1647953897904726,-0.16229018510760299,0.10840435250323155,0.1286196620778408,-0.1835346542598483,-0.16092081659177948,-0.1066581423363917,0.05,1.0,0.0,0.02,1e-09
28.74327828300011,-1,0.14398319227879122,0.16036506830582853,-0.1620928961903047,0.10837537826773175,0.1335077869582317,-0.17997521944571315,-0.16052877656386996,-0.10661783335174717,0.05,1.0,0.0,0.02,1e-09
28.784896858996945,-1,0.14398319227879122,0.16036506830582853,-0.1620928961903047,0.10837537826773175,0.1335077869582317,-0.17997521944571315,-0.16052877656386996,-0.10661783335174717,0.05,1.0,0.0,0.02,1e-09
28.82880084399949,-1,0.14398319227879122,0.16036506830582853,-0.1620928961903047,0.10837537826773175,0.1335077869582317,-0.17997521944571315,-0.16052877656386996,-0.10661783335174717,0.05,1.0,0.0,0.02,1e-09
28.884007237000333,-1,0.15362599976395996,0.152422972504967,-0.16544255125171792,0.10886804491057979,0.14337566412985553,-0.171656612838818,-0.16359390508612326,-0.10693258489306431,0.05,1.0,0.0,0.02,1e-09
28.93555646399909,-1,0.15362599976395996,0.152422972504967,-0.16544255125171792,0.10886804491057979,0.14337566412985553,-0.171656612838818,-0.16359390508612326,-0.10693258489306431,0.05,1.0,0.0,0.02,1e-09
28.989117890996567,-1,0.174961785563833,0.14231654423187662,-0.17988802613277757,0.11099244425275251,0.16365879045909418,-0.1627239702563149,-0.17793293757577375,-0.1084053120542594,0.05,1.0,0.0,0.02,1e-09
29.035427135997452,-1,0.174961785563833,0.14231654423187662,-0.17988802613277757,0.11099244425275251,0.16365879045909418,-0.1627239702563149,-0.17793293757577375,-0.1084053120542594,0.05,1.0,0.0,0.02,1e-09
29.087923202001548,-1,0.20178293403623349,0.12661460280503942,-0.2008702548913848,0.11407809322109047,0.19117688361046062,-0.15098764612793467,-0.19894957885106995,-0.11056394854379584,0.05,1.0,0.0,0.02,1e-09
29.132788404000166,-1,0.20178293403623349,0.12661460280503942,-0.2008702548913848,0.11407809322109047,0.19117688361046062,-0.15098764612793467,-0.19894957885106995,-0.11056394854379584,0.05,1.0,0.0,0.02,1e-09
29.1839207669982,-1,0.22571866183126635,0.11272765955563531,-0.22233449923562068,0.11723457548099722,0.21621731689344642,-0.1413030419954972,-0.22052589630703648,-0.11278012016032875,0.05,1.0,0.0,0.02,1e-09
29.235426701001415,-1,0.22571866183126635,0.11272765955563531,-0.22233449923562068,0.11723457548099722,0.21621731689344642,-0.1413030419954972,-0.22052589630703648,-0.11278012016032875,0.05,1.0,0.0,0.02,1e-09
29.289645571996516,-1,0.24859245298138102,0.10255005125416863,-0.24451299975419286,0.12049603744629114,0.24020280926528237,-0.135296643321582,-0.24288349334919865,-0.11507659423378226,0.05,1.0,0.0,0.02,1e-09
29.334005815995624,-1,0.24859245298138102,0.10255005125416863,-0.24451299975419286,0.12049603744629114,0.24020280926528237,-0.135296643321582,-0.24288349334919865,-0.11507659423378226,0.05,1.0,0.0,0.02,1e-09
29.382651255000383,-1,0.24859245298138102,0.10255005125416863,-0.24451299975419286,0.12049603744629114,0.24020280926528237,-0.135296643321582,-0.24288349334919865,-0.11507659423378226,0.05,1.0,0.0,0.02,1e-09
29.435711366997566,-1,0.2716880059804061,0.09517731780815034,-0.26764919680333366,0.12389825619683681,0.2645090339574618,-0.13213554008229267,-0.2662730304991724,-0.11747913806873715,0.05,1.0,0.0,0.02,1e-09
29.478278468995995,-1,0.2716880059804061,0.09517731780815034,-0.26764919680333366,0.12389825619683681,0.2645090339574618,-0.13213554008229267,-0.2662730304991724,-0.11747913806873715,0.05,1.0,0.0,0.02,1e-09
29.537091899997904,-1,0.2915144703187126,0.08984963494450098,-0.2878612871174664,0.1268703757266344,0.28571919159350123,-0.13043698146469668,-0.28678098948755926,-0.1195857878174677,0.05,1.0,0.0,0.02,1e-09
29.585219421998772,-1,0.2915144703187126,0.08984963494450098,-0.2878612871174664,0.1268703757266344,0.28571919159350123,-0.13043698146469668,-0.28678098948755926,-0.1195857878174677,0.05,1.0,0.0,0.02,1e-09
29.632537217999925,-1,0.2915144703187126,0.08984963494450098,-0.2878612871174664,0.1268703757266344,0.28571919159350123,-0.13043698146469668,-0.28678098948755926,-0.1195857878174677,0.05,1.0,0.0,0.02,1e-09
29.68405777299631,-1,0.30246005794739456,0.08628500985212605,-0.2992485072364071,0.12854473650363837,0.29790382209743543,-0.12892382774491665,-0.2983950821895302,-0.12077891385608662,0.05,1.0,0.0,0.02,1e-09
29.733899951999774,-1,0.30246005794739456,0.08628500985212605,-0.2992485072364071,0.12854473650363837,0.29790382209743543,-0.12892382774491665,-0.2983950821895302,-0.12077891385608662,0.05,1.0,0.0,0.02,1e-09
29.781167602995993,-1,0.30246005794739456,0.08628500985212605,-0.2992485072364071,0.12854473650363837,0.29790382209743543,-0.12892382774491665,-0.2983950821895302,-0.12077891385608662,0.05,1.0,0.0,0.02,1e-09
29.833416403998854,-1,0.3069714352579931,0.08411225096326023,-0.30407980301957455,0.12925507208405546,0.30324992273600376,-0.12763185158516,-0.3033554531069689,-0.12128854491419615,0.05,1.0,0.0,0.02,1e-09
29.879838747998292,-1,0.3069714352579931,0.08411225096326023,-0.30407980301957455,0.12925507208405546,0.30324992273600376,-0.12763185158516,-0.3033554531069689,-0.12128854491419615,0.05,1.0,0.0,0.02,1e-09
29.93208183800016,-1,0.3089262092809424,0.08282511909855109,-0.30624275349871105,0.12957306129517343,0.3057283265782296,-0.12674354855235417,-0.305592146377977,-0.12151836703057466,0.05,1.0,0.0,0.02,1e-09
29.99569309299841,-1,0.3089262092809424,0.08282511909855109,-0.30624275349871105,0.12957306129517343,0.3057283265782296,-0.12674354855235417,-0.305592146377977,-0.12151836703057466,0.05,1.0,0.0,0.02,1e-09
30.030450086997007,-1,0.3089262092809424,0.08282511909855109,-0.30624275349871105,0.12957306129517343,0.3057283265782296,-0.12674354855235417,-0.305592146377977,-0.12151836703057466,0.05,1.0,0.0,0.02,1e-09
30.081459741995786,-1,0.3089262092809424,0.08282511909855109,-0.30624275349871105,0.12957306129517343,0.3057283265782296,-0.12674354855235417,-0.305592146377977,-0.12151836703057466,0.05,1.0,0.0,0.02,1e-09
30.132192607001343,-1,0.30982897238550033,0.08206775945053262,-0.3072747948207535,0.12972477679612182,0.3069498197634081,-0.1261784576010999,-0.3066667159053409,-0.1216287905144845,0.05,1.0,0.0,0.02,1e-09
30.182543846000044,-1,0.30982897238550033,0.08206775945053262,-0.3072747948207535,0.12972477679612182,0.3069498197634081,-0.1261784576010999,-0.3066667159053409,-0.1216287905144845,0.05,1.0,0.0,0.02,1e-09
30.230450686998665,-1,0.3102736775638273,0.08162233487208911,-0.3077979665035326,0.12980168081669405,0.30758579938035674,-0.1258313294322925,-0.3072146149615497,-0.12168509751600781,0.05,1.0,0.0,0.02,1e-09
30.279936161998194,-1,0.3102736775638273,0.08162233487208911,-0.3077979665035326,0.12980168081669405,0.30758579938035674,-0.1258313294322925,-0.3072146149615497,-0.12168509751600781,0.05,1.0,0.0,0.02,1e-09
30.333358846997726,-1,0.3102736775638273,0.08162233487208911,-0.3077979665035326,0.12980168081669405,0.30758579938035674,-0.1258313294322925,-0.3072146149615497,-0.12168509751600781,0.05,1.0,0.0,0.02,1e-09
30.379426642000908,-1,0.3102736775638273,0.08162233487208911,-0.3077979665035326,0.12980168081669405,0.30758579938035674,-0.1258313294322925,-0.3072146149615497,-0.12168509751600781,0.05,1.0,0.0,0.02,1e-09
30.43458685099904,-1,0.31050534658752643,0.08136011602820746,-0.30807669263580734,0.12984265035910858,0.30793142952895153,-0.12562181227991642,-0.3075078018478133,-0.12171522984815653,0.05,1.0,0.0,0.02,1e-09
30.47900521200063,-1,0.31050534658752643,0.08136011602820746,-0.30807669263580734,0.12984265035910858,0.30793142952895153,-0.12562181227991642,-0.3075078018478133,-0.12171522984815653,0.05,1.0,0.0,0.02,1e-09
30.535566591999668,-1,0.3106313417301258,0.08120559361814514,-0.3082307227280344,0.1298652902349736,0.3081250603562565,-0.12549654188701923,-0.30767032060659866,-0.12173193344496813,0.05,1.0,0.0,0.02,1e-09
30.587689488995238,-1,0.3106313417301258,0.08120559361814514,-0.3082307227280344,0.1298652902349736,0.3081250603562565,-0.12549654188701923,-0.30767032060659866,-0.12173193344496813,0.05,1.0,0.0,0.02,1e-09
30.634954278000805,-1,0.3106313417301258,0.08120559361814514,-0.3082307227280344,0.1298652902349736,0.3081250603562565,-0.12549654188701923,-0.30767032060659866,-0.12173193344496813,0.05,1.0,0.0,0.02,1e-09
30.679229319001024,-1,0.3107019699984326,0.0811144670494042,-0.30831799104445856,0.12987811694338208,0.308235743995645,-0.1254220360344843,-0.307762583609388,-0.12174141645155818,0.05,1.0,0.0,0.02,1e-09
30.73202338199917,-1,0.3107019699984326,0.0811144670494042,-0.30831799104445856,0.12987811694338208,0.308235743995645,-0.1254220360344843,-0.307762583609388,-0.12174141645155818,0.05,1.0,0.0,0.02,1e-09
30.783354040999257,-1,0.3107019699984326,0.0811144670494042,-0.30831799104445856,0.12987811694338208,0.308235743995645,-0.1254220360344843,-0.307762583609388,-0.12174141645155818,0.05,1.0,0.0,0.02,1e-09
30.829443570997682,-1,0.31074235982039267,0.08106070018293841,-0.30836823634954885,0.1298855018993193,0.30829982648525267,-0.12537785588216216,-0.30781577197206955,-0.1217468833704132,0.05,1.0,0.0,0.02,1e-09
30.879336236997915,-1,0.31074235982039267,0.08106070018293841,-0.30836823634954885,0.1298855018993193,0.30829982648525267,-0.12537785588216216,-0.30781577197206955,-0.1217468833704132,0.05,1.0,0.0,0.02,1e-09
30.934038724000857,-1,0.31074235982039267,0.08106070018293841,-0.30836823634954885,0.1298855018993193,0.30829982648525267,-0.12537785588216216,-0.30781577197206955,-0.1217468833704132,0.05,1.0,0.0,0.02,1e-09
30.986644626995258,-1,0.31074235982039267,0.08106070018293841,-0.30836823634954885,0.1298855018993193,0.30829982648525267,-0.12537785588216216,-0.30781577197206955,-0.1217468833704132,0.05,1.0,0.0,0.02,1e-09
31.04419852999854,-1,0.3107657507862111,0.08102896650760667,-0.3083974571989521,0.12988979668431155,0.308337221711008,-0.12535170364647286,-0.30784672847563027,-0.12175006524101609,0.05,1.0,0.0,0.02,1e-09
31.08208104300138,-1,0.3107657507862111,0.08102896650760667,-0.3083974571989521,0.12988979668431155,0.308337221711008,-0.12535170364647286,-0.30784672847563027,-0.12175006524101609,0.05,1.0,0.0,0.02,1e-09
31.13335215099505,-1,0.3107794029076246,0.08101023342738979,-0.3084145553988162,0.1298923097085064,0.3083591480604912,-0.12533623865032742,-0.30786485079546727,-0.12175192795937881,0.05,1.0,0.0,0.02,1e-09
31.182522677001543,-1,0.3107794029076246,0.08101023342738979,-0.3084145553988162,0.1298923097085064,0.3083591480604912,-0.12533623865032742,-0.30786485079546727,-0.12175192795937881,0.05,1.0,0.0,0.02,1e-09
31.235867135997978,-1,0.3107794029076246,0.08101023342738979,-0.3084145553988162,0.1298923097085064,0.3083591480604912,-0.12533623865032742,-0.30786485079546727,-0.12175192795937881,0.05,1.0,0.0,0.02,1e-09
31.279795317001117,-1,0.3107874085509944,0.08099917360542525,-0.3084245971672903,0.1298937856022846,0.3083720412403399,-0.1253270989391156,-0.3078754970289091,-0.12175302224594986,0.05,1.0,0.0,0.02,1e-09
31.333977959999174,-1,0.3107874085509944,0.08099917360542525,-0.3084245971672903,0.1298937856022846,0.3083720412403399,-0.1253270989391156,-0.3078754970289091,-0.12175302224594986,0.05,1.0,0.0,0.02,1e-09
31.389351797995914,-1,0.3107874085509944,0.08099917360542525,-0.3084245971672903,0.1298937856022846,0.3083720412403399,-0.1253270989391156,-0.3078754970289091,-0.12175302224594986,0.05,1.0,0.0,0.02,1e-09
31.434909559000516,-1,0.310792116346432,0.08099264354752651,-0.30843050770997354,0.1298946543054987,0.30837963566494203,-0.12532169931876636,-0.30788176440861237,-0.12175366644796397,0.05,1.0,0.0,0.02,1e-09
31.572034450997307,-1,0.310792116346432,0.08099264354752651,-0.30843050770997354,0.1298946543054987,0.30837963566494203,-0.12532169931876636,-0.30788176440861237,-0.12175366644796397,0.05,1.0,0.0,0.02,1e-09
31.579382890995475,-1,0.310792116346432,0.08099264354752651,-0.30843050770997354,0.1298946543054987,0.30837963566494203,-0.12532169931876636,-0.30788176440861237,-0.12175366644796397,0.05,1.0,0.0,0.02,1e-09
31.58356983599515,-1,0.31079488946800654,0.08098878784306557,-0.3084339911936511,0.12989516629064385,0.3083841135170134,-0.12531850995172927,-0.30788545856839933,-0.12175404615822015,0.05,1.0,0.0,0.02,1e-09
31.630977756001812,-1,0.31079488946800654,0.08098878784306557,-0.3084339911936511,0.12989516629064385,0.3083841135170134,-0.12531850995172927,-0.30788545856839933,-0.12175404615822015,0.05,1.0,0.0,0.02,1e-09
31.684309669995855,-1,0.31079488946800654,0.08098878784306557,-0.3084339911936511,0.12989516629064385,0.3083841135170134,-0.12531850995172927,-0.30788545856839933,-0.12175404615822015,0.05,1.0,0.0,0.02,1e-09
31.732580479998433,-1,0.31079652460274715,0.08098651116830799,-0.3084360458434917,0.12989546827264192,0.3083867553499751,-0.1253166263329596,-0.30788763760863097,-0.12175427013460152,0.05,1.0,0.0,0.02,1e-09
31.77938773099595,-1,0.31079652460274715,0.08098651116830799,-0.3084360458434917,0.12989546827264192,0.3083867553499751,-0.1253166263329596,-0.30788763760863097,-0.12175427013460152,0.05,1.0,0.0,0.02,1e-09
31.83219671099505,-1,0.31079652460274715,0.08098651116830799,-0.3084360458434917,0.12989546827264192,0.3083867553499751,-0.1253166263329596,-0.30788763760863097,-0.12175427013460152,0.05,1.0,0.0,0.02,1e-09
31.881997409996984,-1,0.3107974893097584,0.08098516684254237,-0.3084372582872778,0.1298956464714892,0.3083883145252987,-0.1253155139599749,-0.30788892350045144,-0.12175440230735833,0.05,1.0,0.0,0.02,1e-09
31.93502486199577,-1,0.3107974893097584,0.08098516684254237,-0.3084372582872778,0.1298956464714892,0.3083883145252987,-0.1253155139599749,-0.30788892350045144,-0.12175440230735833,0.05,1.0,0.0,0.02,1e-09
31.98332373699668,-1,0.3107980586714097,0.080984373041387,-0.30843797394197264,0.1298957516547518,0.3083892349240467,-0.1253148570748374,-0.30788968252378734,-0.1217544803249613,0.05,1.0,0.0,0.02,1e-09
32.03249455399782,-1,0.3107980586714097,0.080984373041387,-0.30843797394197264,0.1298957516547518,0.3083892349240467,-0.1253148570748374,-0.30788968252378734,-0.1217544803249613,0.05,1.0,0.0,0.02,1e-09
32.0800442549953,-1,0.3107980586714097,0.080984373041387,-0.30843797394197264,0.1298957516547518,0.3083892349240467,-0.1253148570748374,-0.30788968252378734,-0.1217544803249613,0.05,1.0,0.0,0.02,1e-09
32.13103374699858,-1,0.3107980586714097,0.080984373041387,-0.30843797394197264,0.1298957516547518,0.3083892349240467,-0.1253148570748374,-0.30788968252378734,-0.1217544803249613,0.05,1.0,0.0,0.02,1e-09
32.19199983299768,-1,0.3107983947730893,0.08098390431313139,-0.30843839643073545,0.12989581375029458,0.3083897783130529,-0.1253144691767722,-0.30789013062073695,-0.12175452638372466,0.05,1.0,0.0,0.02,1e-09
32.231739775997994,-1,0.3107983947730893,0.08098390431313139,-0.30843839643073545,0.12989581375029458,0.3083897783130529,-0.1253144691767722,-0.30789013062073695,-0.12175452638372466,0.05,1.0,0.0,0.02,1e-09
32.28372407599818,-1,0.3107983947730893,0.08098390431313139,-0.30843839643073545,0.12989581375029458,0.3083897783130529,-0.1253144691767722,-0.30789013062073695,-0.12175452638372466,0.05,1.0,0.0,0.02,1e-09
32.34455916599836,-1,0.31079859320332753,0.08098362753500228,-0.30843864587231423,0.12989585041260215,0.30839009914489757,-0.12531424012197379,-0.30789039518352285,-0.12175455357798731,0.05,1.0,0.0,0.02,1e-09
32.38362320899614,-1,0.31079859320332753,0.08098362753500228,-0.30843864587231423,0.12989585041260215,0.30839009914489757,-0.12531424012197379,-0.30789039518352285,-0.12175455357798731,0.05,1.0,0.0,0.02,1e-09
32.43613432699931,-1,0.31079859320332753,0.08098362753500228,-0.30843864587231423,0.12989585041260215,0.30839009914489757,-0.12531424012197379,-0.30789039518352285,-0.12175455357798731,0.05,1.0,0.0,0.02,1e-09
32.480526902996644,-1,0.31079871036205053,0.08098346410069987,-0.30843879315313516,0.12989587205990027,0.3083902885810791,-0.12531410486570976,-0.3078905513931733,-0.12175456963501068,0.05,1.0,0.0,0.02,1e-09
32.53524646900041,-1,0.31079871036205053,0.08098346410069987,-0.30843879315313516,0.12989587205990027,0.3083902885810791,-0.12531410486570976,-0.3078905513931733,-0.12175456963501068,0.05,1.0,0.0,0.02,1e-09
32.58040852099657,-1,0.3107987795386388,0.08098336759451467,-0.3084388801167922,0.12989588484207787,0.30839040043712784,-0.12531402499764668,-0.3078906436291117,-0.12175457911634639,0.05,1.0,0.0,0.02,1e-09
32.63531363099901,-1,0.3107987795386388,0.08098336759451467,-0.3084388801167922,0.12989588484207787,0.30839040043712784,-0.12531402499764668,-0.3078906436291117,-0.12175457911634639,0.05,1.0,0.0,0.02,1e-09
32.68473161199654,-1,0.3107987795386388,0.08098336759451467,-0.3084388801167922,0.12989588484207787,0.30839040043712784,-0.12531402499764668,-0.3078906436291117,-0.12175457911634639,0.05,1.0,0.0,0.02,1e-09
32.729462848001276,-1,0.3107988203852618,0.08098331060863423,-0.3084389314665276,0.1298958923896969,0.30839046648557283,-0.1253139778361483,-0.3078906980920961,-0.1217545847149204,0.05,1.0,0.0,0.02,1e-09
32.78462394700182,-1,0.3107988203852618,0.08098331060863423,-0.3084389314665276,0.1298958923896969,0.30839046648557283,-0.1253139778361483,-0.3078906980920961,-0.1217545847149204,0.05,1.0,0.0,0.02,1e-09
32.849580830996274,-1,0.3107988203852618,0.08098331060863423,-0.3084389314665276,0.1298958923896969,0.30839046648557283,-0.1253139778361483,-0.3078906980920961,-0.1217545847149204,0.05,1.0,0.0,0.02,1e-09
32.87879192899709,-1,0.31079884450490125,0.08098327695912537,-0.3084389617875907,0.12989589684643177,0.3083905054859774,-0.12531394998767803,-0.307890730252082,-0.1217545880208986,0.05,1.0,0.0,0.02,1e-09
32.93904302900046,-1,0.31079884450490125,0.08098327695912537,-0.3084389617875907,0.12989589684643177,0.3083905054859774,-0.12531394998767803,-0.307890730252082,-0.1217545880208986,0.05,1.0,0.0,0.02,1e-09
32.980374054001004,-1,0.31079884450490125,0.08098327695912537,-0.3084389617875907,0.12989589684643177,0.3083905054859774,-0.12531394998767803,-0.307890730252082,-0.1217545880208986,0.05,1.0,0.0,0.02,1e-09
33.03144069299742,-1,0.31079885875021174,0.08098325708986082,-0.3084389796917525,0.1298958994777839,0.3083905285151837,-0.12531393354341394,-0.3078907492456055,-0.12175458997343377,0.05,1.0,0.0,0.02,1e-09
33.08120915899781,-1,0.31079885875021174,0.08098325708986082,-0.3084389796917525,0.1298958994777839,0.3083905285151837,-0.12531393354341394,-0.3078907492456055,-0.12175458997343377,0.05,1.0,0.0,0.02,1e-09
33.13411269700009,-1,0.31079885875021174,0.08098325708986082,-0.3084389796917525,0.1298958994777839,0.3083905285151837,-0.12531393354341394,-0.3078907492456055,-0.12175458997343377,0.05,1.0,0.0,0.02,1e-09
33.17976054999599,-1,0.310798867163829,0.08098324535756214,-0.3084389902637138,0.12989590103142293,0.3083905421136093,-0.12531392383322798,-0.3078907604635186,-0.1217545911267475,0.05,1.0,0.0,0.02,1e-09
33.23073698100052,-1,0.310798867163829,0.08098324535756214,-0.3084389902637138,0.12989590103142293,0.3083905421136093,-0.12531392383322798,-0.3078907604635186,-0.1217545911267475,0.05,1.0,0.0,0.02,1e-09
33.2810221289983,-1,0.310798867163829,0.08098324535756214,-0.3084389902637138,0.12989590103142293,0.3083905421136093,-0.12531392383322798,-0.3078907604635186,-0.1217545911267475,0.05,1.0,0.0,0.02,1e-09
33.32901299299556,-1,0.3107988721334098,0.08098323842995771,-0.30843899650637874,0.129895901948696,0.3083905501433499,-0.1253139180994608,-0.30789076708921087,-0.12175459180794929,0.05,1.0,0.0,0.02,1e-09
33.38541488399642,-1,0.3107988721334098,0.08098323842995771,-0.30843899650637874,0.129895901948696,0.3083905501433499,-0.1253139180994608,-0.30789076708921087,-0.12175459180794929,0.05,1.0,0.0,0.02,1e-09
33.44057623799745,-1,0.3107988721334098,0.08098323842995771,-0.30843899650637874,0.129895901948696,0.3083905501433499,-0.1253139180994608,-0.30789076708921087,-0.12175459180794929,0.05,1.0,0.0,0.02,1e-09
33.485066292996635,-1,0.310798875068716,0.08098323433938885,-0.30843900019263587,0.12989590249026645,0.3083905548848283,-0.12531391471372771,-0.3078907710025462,-0.12175459221030127,0.05,1.0,0.0,0.02,1e-09
33.52984525299689,-1,0.310798875068716,0.08098323433938885,-0.30843900019263587,0.12989590249026645,0.3083905548848283,-0.12531391471372771,-0.3078907710025462,-0.12175459221030127,0.05,1.0,0.0,0.02,1e-09
33.58064948699757,-1,0.310798875068716,0.08098323433938885,-0.30843900019263587,0.12989590249026645,0.3083905548848283,-0.12531391471372771,-0.3078907710025462,-0.12175459221030127,0.05,1.0,0.0,0.02,1e-09
33.647796609999205,-1,0.310798876802332,0.08098323192402068,-0.30843900236919364,0.12989590281001412,0.30839055768462553,-0.1253139127144865,-0.3078907733138757,-0.12175459244796541,0.05,1.0,0.0,0.02,1e-09
33.679480080994836,-1,0.310798876802332,0.08098323192402068,-0.30843900236919364,0.12989590281001412,0.30839055768462553,-0.1253139127144865,-0.3078907733138757,-0.12175459244796541,0.05,1.0,0.0,0.02,1e-09
33.73187277199759,-1,0.31079887782637333,0.08098323049780085,-0.3084390036545233,0.12989590299879383,0.30839055933786763,-0.12531391153395344,-0.30789077467900217,-0.12175459258832304,0.05,1.0,0.0,0.02,1e-09
33.77982378500019,-1,0.31079887782637333,0.08098323049780085,-0.3084390036545233,0.12989590299879383,0.30839055933786763,-0.12531391153395344,-0.30789077467900217,-0.12175459258832304,0.05,1.0,0.0,0.02,1e-09
33.8323258599994,-1,0.31079887782637333,0.08098323049780085,-0.3084390036545233,0.12989590299879383,0.30839055933786763,-0.12531391153395344,-0.30789077467900217,-0.12175459258832304,0.05,1.0,0.0,0.02,1e-09
33.88401588599663,-1,0.31079887843139564,0.08098322965564854,-0.30843900441368977,0.12989590311027704,0.30839056031409723,-0.12531391083686108,-0.307890775485292,-0.121754592671228,0.05,1.0,0.0,0.02,1e-09
33.93019002499932,-1,0.31079887843139564,0.08098322965564854,-0.30843900441368977,0.12989590311027704,0.30839056031409723,-0.12531391083686108,-0.307890775485292,-0.121754592671228,0.05,1.0,0.0,0.02,1e-09
33.98917620899738,-1,0.31079887843139564,0.08098322965564854,-0.30843900441368977,0.12989590311027704,0.30839056031409723,-0.12531391083686108,-0.307890775485292,-0.121754592671228,0.05,1.0,0.0,0.02,1e-09
34.03218612299679,-1,0.310798878789075,0.08098322915836108,-0.3084390048623451,0.12989590317614566,0.3083905608905521,-0.1253139104252352,-0.3078907759614981,-0.12175459272019237,0.05,1.0,0.0,0.02,1e-09
34.088022894997266,-1,0.310798878789075,0.08098322915836108,-0.3084390048623451,0.12989590317614566,0.3083905608905521,-0.1253139104252352,-0.3078907759614981,-0.12175459272019237,0.05,1.0,0.0,0.02,1e-09
34.131948707996344,-1,0.31079887900004055,0.08098322886474436,-0.3084390051276543,0.12989590321509853,0.3083905612313165,-0.1253139101822202,-0.3078907762423897,-0.1217545927490854,0.05,1.0,0.0,0.02,1e-09
34.195791095997265,-1,0.31079887900004055,0.08098322886474436,-0.3084390051276543,0.12989590321509853,0.3083905612313165,-0.1253139101822202,-0.3078907762423897,-0.1217545927490854,0.05,1.0,0.0,0.02,1e-09
34.235776424000505,-1,0.31079887900004055,0.08098322886474436,-0.3084390051276543,0.12989590321509853,0.3083905612313165,-0.1253139101822202,-0.3078907762423897,-0.1217545927490854,0.05,1.0,0.0,0.02,1e-09
34.29176639999787,-1,0.31079887912560283,0.08098322869132206,-0.30843900528415463,0.12989590323806374,0.3083905614319066,-0.12531391003864517,-0.30789077640894397,-0.12175459276621374,0.05,1.0,0.0,0.02,1e-09
34.329628859995864,-1,0.31079887912560283,0.08098322869132206,-0.30843900528415463,0.12989590323806374,0.3083905614319066,-0.12531391003864517,-0.30789077640894397,-0.12175459276621374,0.05,1.0,0.0,0.02,1e-09
34.39056304699625,-1,0.31079887912560283,0.08098322869132206,-0.30843900528415463,0.12989590323806374,0.3083905614319066,-0.12531391003864517,-0.30789077640894397,-0.12175459276621374,0.05,1.0,0.0,0.02,1e-09
34.43322929299757,-1,0.31079887912560283,0.08098322869132206,-0.30843900528415463,0.12989590323806374,0.3083905614319066,-0.12531391003864517,-0.30789077640894397,-0.12175459276621374,0.05,1.0,0.0,0.02,1e-09
34.48730788099783,-1,0.31079887919959703,0.08098322858893135,-0.30843900537685714,0.12989590325166323,0.30839056155060957,-0.1253139099538968,-0.30789077650706215,-0.12175459277630572,0.05,1.0,0.0,0.02,1e-09
34.53425562699704,-1,0.31079887919959703,0.08098322858893135,-0.30843900537685714,0.12989590325166323,0.30839056155060957,-0.1253139099538968,-0.30789077650706215,-0.12175459277630572,0.05,1.0,0.0,0.02,1e-09
34.57937345800019,-1,0.31079887919959703,0.08098322858893135,-0.30843900537685714,0.12989590325166323,0.30839056155060957,-0.1253139099538968,-0.30789077650706215,-0.12175459277630572,0.05,1.0,0.0,0.02,1e-09
34.63548202200036,-1,0.31079887924340543,0.08098322852846784,-0.30843900543164826,0.1298959032596949,0.30839056162066303,-0.12531390990384922,-0.3078907765650573,-0.12175459278226747,0.05,1.0,0.0,0.02,1e-09
34.68069584600016,-1,0.31079887924340543,0.08098322852846784,-0.30843900543164826,0.1298959032596949,0.30839056162066303,-0.12531390990384922,-0.3078907765650573,-0.12175459278226747,0.05,1.0,0.0,0.02,1e-09
34.73353026899713,-1,0.31079887924340543,0.08098322852846784,-0.30843900543164826,0.1298959032596949,0.30839056162066303,-0.12531390990384922,-0.3078907765650573,-0.12175459278226747,0.05,1.0,0.0,0.02,1e-09
34.786788619996514,-1,0.31079887926929484,0.08098322849276882,-0.30843900546405983,0.12989590326445088,0.3083905616620657,-0.12531390987430097,-0.30789077659929864,-0.12175459278579569,0.05,1.0,0.0,0.02,1e-09
34.83429692299978,-1,0.31079887926929484,0.08098322849276882,-0.30843900546405983,0.12989590326445088,0.3083905616620657,-0.12531390987430097,-0.30789077659929864,-0.12175459278579569,0.05,1.0,0.0,0.02,1e-09
34.886679912000545,-1,0.31079887928454714,0.08098322847168542,-0.3084390054831777,0.12989590326725192,0.3083905616865068,-0.12531390985685212,-0.30789077661949094,-0.12175459278786893,0.05,1.0,0.0,0.02,1e-09
34.93163941399689,-1,0.31079887928454714,0.08098322847168542,-0.3084390054831777,0.12989590326725192,0.3083905616865068,-0.12531390985685212,-0.30789077661949094,-0.12175459278786893,0.05,1.0,0.0,0.02,1e-09
34.98059709699737,-1,0.31079887928454714,0.08098322847168542,-0.3084390054831777,0.12989590326725192,0.3083905616865068,-0.12531390985685212,-0.30789077661949094,-0.12175459278786893,0.05,1.0,0.0,0.02,1e-09
35.0338899069975,-1,0.3107988792935858,0.08098322845923742,-0.30843900549442244,0.12989590326890316,0.3083905617009077,-0.12531390984654497,-0.3078907766314669,-0.12175459278910335,0.05,1.0,0.0,0.02,1e-09
35.0820821199959,-1,0.3107988792935858,0.08098322845923742,-0.30843900549442244,0.12989590326890316,0.3083905617009077,-0.12531390984654497,-0.3078907766314669,-0.12175459278910335,0.05,1.0,0.0,0.02,1e-09
35.148800720999134,-1,0.3107988792935858,0.08098322845923742,-0.30843900549442244,0.12989590326890316,0.3083905617009077,-0.12531390984654497,-0.3078907766314669,-0.12175459278910335,0.05,1.0,0.0,0.02,1e-09
35.17875930699665,-1,0.3107988792988991,0.08098322845188606,-0.3084390055011136,0.12989590326988099,0.3083905617094467,-0.12531390984046314,-0.30789077663848957,-0.121754592789822,0.05,1.0,0.0,0.02,1e-09
35.23299917799886,-1,0.3107988792988991,0.08098322845188606,-0.3084390055011136,0.12989590326988099,0.3083905617094467,-0.12531390984046314,-0.30789077663848957,-0.121754592789822,0.05,1.0,0.0,0.02,1e-09
35.28883720700105,-1,0.3107988792988991,0.08098322845188606,-0.3084390055011136,0.12989590326988099,0.3083905617094467,-0.12531390984046314,-0.30789077663848957,-0.121754592789822,0.05,1.0,0.0,0.02,1e-09
35.33847758699994,-1,0.3107988793019539,0.08098322844754771,-0.3084390055049733,0.12989590327045256,0.3083905617144837,-0.12531390983687127,-0.3078907766426302,-0.12175459279025048,0.05,1.0,0.0,0.02,1e-09
35.379915213998174,-1,0.3107988793019539,0.08098322844754771,-0.3084390055049733,0.12989590327045256,0.3083905617144837,-0.12531390983687127,-0.3078907766426302,-0.12175459279025048,0.05,1.0,0.0,0.02,1e-09
35.43526129100064,-1,0.3107988793019539,0.08098322844754771,-0.3084390055049733,0.12989590327045256,0.3083905617144837,-0.12531390983687127,-0.3078907766426302,-0.12175459279025048,0.05,1.0,0.0,0.02,1e-09
35.48035841299861,-1,0.31079887930385425,0.08098322844498682,-0.3084390055073464,0.1298959032708002,0.3083905617174653,-0.1253139098347511,-0.30789077664510306,-0.12175459279050772,0.05,1.0,0.0,0.02,1e-09
35.53638973800116,-1,0.31079887930385425,0.08098322844498682,-0.3084390055073464,0.1298959032708002,0.3083905617174653,-0.1253139098347511,-0.30789077664510306,-0.12175459279050772,0.05,1.0,0.0,0.02,1e-09
35.58492034099618,-1,0.31079887930385425,0.08098322844498682,-0.3084390055073464,0.1298959032708002,0.3083905617174653,-0.1253139098347511,-0.30789077664510306,-0.12175459279050772,0.05,1.0,0.0,0.02,1e-09
35.63844885599974,-1,0.31079887930493705,0.0809832284434728,-0.30843900550871944,0.1298959032710016,0.30839056171922424,-0.1253139098334989,-0.3078907766465421,-0.12175459279065506,0.05,1.0,0.0,0.02,1e-09
35.68483420499979,-1,0.31079887930493705,0.0809832284434728,-0.30843900550871944,0.1298959032710016,0.30839056171922424,-0.1253139098334989,-0.3078907766465421,-0.12175459279065506,0.05,1.0,0.0,0.02,1e-09
35.74605079399771,-1,0.31079887930493705,0.0809832284434728,-0.30843900550871944,0.1298959032710016,0.30839056171922424,-0.1253139098334989,-0.3078907766465421,-0.12175459279065506,0.05,1.0,0.0,0.02,1e-09
35.781661585999245,-1,0.31079887930564276,0.08098322844257665,-0.3084390055096005,0.1298959032711246,0.30839056172026336,-0.12531390983275964,-0.3078907766473978,-0.12175459279073857,0.05,1.0,0.0,0.02,1e-09
35.83595498900104,-1,0.31079887930564276,0.08098322844257665,-0.3084390055096005,0.1298959032711246,0.30839056172026336,-0.12531390983275964,-0.3078907766473978,-0.12175459279073857,0.05,1.0,0.0,0.02,1e-09
35.88614387100097,-1,0.31079887930564276,0.08098322844257665,-0.3084390055096005,0.1298959032711246,0.30839056172026336,-0.12531390983275964,-0.3078907766473978,-0.12175459279073857,0.05,1.0,0.0,0.02,1e-09
35.93611019200034,-1,0.31079887930612465,0.08098322844204862,-0.30843900551016096,0.12989590327120576,0.30839056172087354,-0.12531390983232266,-0.307890776647935,-0.12175459279079696,0.05,1.0,0.0,0.02,1e-09
35.990618578995054,-1,0.31079887930612465,0.08098322844204862,-0.30843900551016096,0.12989590327120576,0.30839056172087354,-0.12531390983232266,-0.307890776647935,-0.12175459279079696,0.05,1.0,0.0,0.02,1e-09
36.03813730800175,-1,0.31079887930612465,0.08098322844204862,-0.30843900551016096,0.12989590327120576,0.30839056172087354,-0.12531390983232266,-0.307890776647935,-0.12175459279079696,0.05,1.0,0.0,0.02,1e-09
36.147468030998425,-1,0.3107988793062544,0.08098322844173794,-0.3084390055103869,0.1298959032712413,0.3083905617212501,-0.12531390983206664,-0.3078907766481945,-0.12175459279082272,0.05,1.0,0.0,0.02,1e-09
36.16581047499494,-1,0.3107988793062544,0.08098322844173794,-0.3084390055103869,0.1298959032712413,0.3083905617212501,-0.12531390983206664,-0.3078907766481945,-0.12175459279082272,0.05,1.0,0.0,0.02,1e-09
36.183109662997595,-1,0.3107988793062544,0.08098322844173794,-0.3084390055103869,0.1298959032712413,0.3083905617212501,-0.12531390983206664,-0.3078907766481945,-0.12175459279082272,0.05,1.0,0.0,0.02,1e-09
36.245287863996055,-1,0.3107988793063467,0.08098322844155328,-0.3084390055104944,0.12989590327125866,0.30839056172144774,-0.12531390983191248,-0.3078907766483694,-0.12175459279083972,0.05,1.0,0.0,0.02,1e-09
36.28260296300141,-1,0.3107988793063467,0.08098322844155328,-0.3084390055104944,0.12989590327125866,0.30839056172144774,-0.12531390983191248,-0.3078907766483694,-0.12175459279083972,0.05,1.0,0.0,0.02,1e-09
36.33214105499792,-1,0.3107988793064783,0.08098322844144468,-0.3084390055106496,0.12989590327127837,0.3083905617215824,-0.1253139098318234,-0.3078907766484815,-0.12175459279085098,0.05,1.0,0.0,0.02,1e-09
36.38953437499731,-1,0.3107988793064783,0.08098322844144468,-0.3084390055106496,0.12989590327127837,0.3083905617215824,-0.1253139098318234,-0.3078907766484815,-0.12175459279085098,0.05,1.0,0.0,0.02,1e-09
36.42773606099945,-1,0.3107988793064783,0.08098322844144468,-0.3084390055106496,0.12989590327127837,0.3083905617215824,-0.1253139098318234,-0.3078907766484815,-0.12175459279085098,0.05,1.0,0.0,0.02,1e-09
36.481334124997375,-1,0.31079887930656647,0.0809832284413777,-0.30843900551074827,0.12989590327129558,0.3083905617216537,-0.12531390983176993,-0.30789077664854253,-0.12175459279086001,0.05,1.0,0.0,0.02,1e-09
36.53180981500191,-1,0.31079887930656647,0.0809832284413777,-0.30843900551074827,0.12989590327129558,0.3083905617216537,-0.12531390983176993,-0.30789077664854253,-0.12175459279086001,0.05,1.0,0.0,0.02,1e-09
36.581481729997904,-1,0.31079887930656647,0.0809832284413777,-0.30843900551074827,0.12989590327129558,0.3083905617216537,-0.12531390983176993,-0.30789077664854253,-0.12175459279086001,0.05,1.0,0.0,0.02,1e-09
36.63313490799919,-1,0.31079887930662964,0.0809832284413417,-0.308439005510807,0.12989590327130346,0.3083905617216985,-0.12531390983173873,-0.3078907766486007,-0.12175459279086784,0.05,1.0,0.0,0.02,1e-09
36.68594772399956,-1,0.31079887930662964,0.0809832284413417,-0.308439005510807,0.12989590327130346,0.3083905617216985,-0.12531390983173873,-0.3078907766486007,-0.12175459279086784,0.05,1.0,0.0,0.02,1e-09
36.7345898709973,-1,0.31079887930662964,0.0809832284413417,-0.308439005510807,0.12989590327130346,0.3083905617216985,-0.12531390983173873,-0.3078907766486007,-0.12175459279086784,0.05,1.0,0.0,0.02,1e-09
36.78371115199843,-1,0.3107988793066364,0.08098322844132098,-0.30843900551080683,0.12989590327130301,0.3083905617217229,-0.12531390983172003,-0.3078907766486307,-0.12175459279087081,0.05,1.0,0.0,0.02,1e-09
36.83180473099492,-1,0.3107988793066364,0.08098322844132098,-0.30843900551080683,0.12989590327130301,0.3083905617217229,-0.12531390983172003,-0.3078907766486307,-0.12175459279087081,0.05,1.0,0.0,0.02,1e-09
36.885782024000946,-1,0.3107988793066364,0.08098322844132098,-0.30843900551080683,0.12989590327130301,0.3083905617217229,-0.12531390983172003,-0.3078907766486307,-0.12175459279087081,0.05,1.0,0.0,0.02,1e-09
36.93770422400121,-1,0.31079887930659944,0.0809832284413072,-0.3084390055107762,0.1298959032712999,0.3083905617217361,-0.12531390983170887,-0.3078907766486279,-0.12175459279086952,0.05,1.0,0.0,0.02,1e-09
36.99721107300138,-1,0.31079887930659944,0.0809832284413072,-0.3084390055107762,0.1298959032712999,0.3083905617217361,-0.12531390983170887,-0.3078907766486279,-0.12175459279086952,0.05,1.0,0.0,0.02,1e-09
37.029745801999525,-1,0.31079887930659944,0.0809832284413072,-0.3084390055107762,0.1298959032712999,0.3083905617217361,-0.12531390983170887,-0.3078907766486279,-0.12175459279086952,0.05,1.0,0.0,0.02,1e-09
37.0870220709985,-1,0.31079887930664013,0.08098322844129938,-0.30843900551080483,0.12989590327130177,0.3083905617217379,-0.1253139098317017,-0.30789077664865205,-0.12175459279087089,0.05,1.0,0.0,0.02,1e-09
37.13244250199932,-1,0.31079887930664013,0.08098322844129938,-0.30843900551080483,0.12989590327130177,0.3083905617217379,-0.1253139098317017,-0.30789077664865205,-0.12175459279087089,0.05,1.0,0.0,0.02,1e-09
37.183664211996074,-1,0.31079887930664013,0.08098322844129938,-0.30843900551080483,0.12989590327130177,0.3083905617217379,-0.1253139098317017,-0.30789077664865205,-0.12175459279087089,0.05,1.0,0.0,0.02,1e-09
37.233355443997425,-1,0.310798879306701,0.08098322844129212,-0.3084390055108133,0.1298959032713019,0.30839056172171725,-0.12531390983169438,-0.30789077664868647,-0.12175459279087443,0.05,1.0,0.0,0.02,1e-09
37.286070119000215,-1,0.310798879306701,0.08098322844129212,-0.3084390055108133,0.1298959032713019,0.30839056172171725,-0.12531390983169438,-0.30789077664868647,-0.12175459279087443,0.05,1.0,0.0,0.02,1e-09
37.338593071996,-1,0.310798879306701,0.08098322844129212,-0.3084390055108133,0.1298959032713019,0.30839056172171725,-0.12531390983169438,-0.30789077664868647,-0.12175459279087443,0.05,1.0,0.0,0.02,1e-09
37.38056181700085,-1,0.31079887930660594,0.08098322844129109,-0.30843900551070735,0.12989590327129197,0.30839056172171037,-0.12531390983169094,-0.30789077664867975,-0.1217545927908756,0.05,1.0,0.0,0.02,1e-09
37.437884970000596,-1,0.31079887930660594,0.08098322844129109,-0.30843900551070735,0.12989590327129197,0.30839056172171037,-0.12531390983169094,-0.30789077664867975,-0.1217545927908756,0.05,1.0,0.0,0.02,1e-09
37.48123494700121,-1,0.3107988793066204,0.08098322844128615,-0.3084390055107747,0.1298959032712987,0.3083905617217345,-0.12531390983169233,-0.3078907766486433,-0.12175459279086844,0.05,1.0,0.0,0.02,1e-09
37.53139776000171,-1,0.3107988793066204,0.08098322844128615,-0.3084390055107747,0.1298959032712987,0.3083905617217345,-0.12531390983169233,-0.3078907766486433,-0.12175459279086844,0.05,1.0,0.0,0.02,1e-09
37.5832365249953,-1,0.3107988793066204,0.08098322844128615,-0.3084390055107747,0.1298959032712987,0.3083905617217345,-0.12531390983169233,-0.3078907766486433,-0.12175459279086844,0.05,1.0,0.0,0.02,1e-09
37.633365920999495,-1,0.3107988793062164,0.08098322844131357,-0.3084390055110384,0.12989590327133937,0.30839056172212226,-0.12531390983173912,-0.30789077664828834,-0.12175459279083753,0.05,1.0,0.0,0.02,1e-09
37.689547910995316,-1,0.3107988793062164,0.08098322844131357,-0.3084390055110384,0.12989590327133937,0.30839056172212226,-0.12531390983173912,-0.30789077664828834,-0.12175459279083753,0.05,1.0,0.0,0.02,1e-09
37.731365314997674,-1,0.31079887930664774,0.0809832284412861,-0.30843900551077735,0.1298959032712989,0.30839056172172896,-0.1253139098316901,-0.3078907766486689,-0.1217545927908722,0.05,1.0,0.0,0.02,1e-09
37.79122974799975,-1,0.31079887930664774,0.0809832284412861,-0.30843900551077735,0.1298959032712989,0.30839056172172896,-0.1253139098316901,-0.3078907766486689,-0.1217545927908722,0.05,1.0,0.0,0.02,1e-09
37.847923205998086,-1,0.31079887930664774,0.0809832284412861,-0.30843900551077735,0.1298959032712989,0.30839056172172896,-0.1253139098316901,-0.3078907766486689,-0.1217545927908722,0.05,1.0,0.0,0.02,1e-09
37.887106369998946,-1,0.31079887930661126,0.08098322844128894,-0.3084390055107637,0.12989590327129863,0.30839056172174323,-0.12531390983169166,-0.3078907766486616,-0.12175459279087356,0.05,1.0,0.0,0.02,1e-09
37.93682117299613,-1,0.31079887930661126,0.08098322844128894,-0.3084390055107637,0.12989590327129863,0.30839056172174323,-0.12531390983169166,-0.3078907766486616,-0.12175459279087356,0.05,1.0,0.0,0.02,1e-09
37.984688438999,-1,0.31079887930661126,0.08098322844128894,-0.3084390055107637,0.12989590327129863,0.30839056172174323,-0.12531390983169166,-0.3078907766486616,-0.12175459279087356,0.05,1.0,0.0,0.02,1e-09
38.040755146001175,-1,0.3107988793066637,0.08098322844128486,-0.3084390055107833,0.12989590327129708,0.3083905617217199,-0.12531390983168866,-0.3078907766486798,-0.12175459279087085,0.05,1.0,0.0,0.02,1e-09
38.08355800999561,-1,0.3107988793066637,0.08098322844128486,-0.3084390055107833,0.12989590327129708,0.3083905617217199,-0.12531390983168866,-0.3078907766486798,-0.12175459279087085,0.05,1.0,0.0,0.02,1e-09
38.136878452998644,-1,0.3107988793066316,0.08098322844128804,-0.3084390055107654,0.12989590327129727,0.30839056172173374,-0.12531390983169025,-0.3078907766486738,-0.12175459279087354,0.05,1.0,0.0,0.02,1e-09
38.18409956999676,-1,0.3107988793066316,0.08098322844128804,-0.3084390055107654,0.12989590327129727,0.30839056172173374,-0.12531390983169025,-0.3078907766486738,-0.12175459279087354,0.05,1.0,0.0,0.02,1e-09
38.23101877499721,-1,0.3107988793066316,0.08098322844128804,-0.3084390055107654,0.12989590327129727,0.30839056172173374,-0.12531390983169025,-0.3078907766486738,-0.12175459279087354,0.05,1.0,0.0,0.02,1e-09
38.28208290299517,-1,0.3107988793066348,0.0809832284412907,-0.30843900551077935,0.12989590327130054,0.3083905617217472,-0.12531390983169188,-0.30789077664867875,-0.12175459279087682,0.05,1.0,0.0,0.02,1e-09
38.337749161997635,-1,0.3107988793066348,0.0809832284412907,-0.30843900551077935,0.12989590327130054,0.3083905617217472,-0.12531390983169188,-0.30789077664867875,-0.12175459279087682,0.05,1.0,0.0,0.02,1e-09
38.39098165399628,-1,0.3107988793066348,0.0809832284412907,-0.30843900551077935,0.12989590327130054,0.3083905617217472,-0.12531390983169188,-0.30789077664867875,-0.12175459279087682,0.05,1.0,0.0,0.02,1e-09
38.434896596001636,-1,0.3107988793065803,0.0809832284412901,-0.3084390055107476,0.1298959032712972,0.30839056172175133,-0.12531390983169233,-0.30789077664865416,-0.12175459279087313,0.05,1.0,0.0,0.02,1e-09
38.4852215649953,-1,0.3107988793065803,0.0809832284412901,-0.3084390055107476,0.1298959032712972,0.30839056172175133,-0.12531390983169233,-0.30789077664865416,-0.12175459279087313,0.05,1.0,0.0,0.02,1e-09
38.53153636500065,-1,0.3107988793066659,0.08098322844128945,-0.30843900551082465,0.12989590327130485,0.3083905617217547,-0.12531390983169274,-0.30789077664867254,-0.12175459279087472,0.05,1.0,0.0,0.02,1e-09
38.58580910599994,-1,0.3107988793066659,0.08098322844128945,-0.30843900551082465,0.12989590327130485,0.3083905617217547,-0.12531390983169274,-0.30789077664867254,-0.12175459279087472,0.05,1.0,0.0,0.02,1e-09
38.63758490500186,-1,0.3107988793066659,0.08098322844128945,-0.30843900551082465,0.12989590327130485,0.3083905617217547,-0.12531390983169274,-0.30789077664867254,-0.12175459279087472,0.05,1.0,0.0,0.02,1e-09
38.679147504000866,-1,0.310798879306703,0.0809832284412884,-0.30843900551087416,0.1298959032713095,0.30839056172176,-0.12531390983169335,-0.30789077664867226,-0.12175459279087336,0.05,1.0,0.0,0.02,1e-09
38.73527359199943,-1,0.310798879306703,0.0809832284412884,-0.30843900551087416,0.1298959032713095,0.30839056172176,-0.12531390983169335,-0.30789077664867226,-0.12175459279087336,0.05,1.0,0.0,0.02,1e-09
38.78018669800076,-1,0.31079887930668937,0.08098322844129001,-0.30843900551085435,0.12989590327130868,0.30839056172175855,-0.12531390983169322,-0.30789077664867914,-0.12175459279087629,0.05,1.0,0.0,0.02,1e-09
38.842733340999985,-1,0.31079887930668937,0.08098322844129001,-0.30843900551085435,0.12989590327130868,0.30839056172175855,-0.12531390983169322,-0.30789077664867914,-0.12175459279087629,0.05,1.0,0.0,0.02,1e-09
38.891750214999774,-1,0.31079887930668937,0.08098322844129001,-0.30843900551085435,0.12989590327130868,0.30839056172175855,-0.12531390983169322,-0.30789077664867914,-0.12175459279087629,0.05,1.0,0.0,0.02,1e-09
38.933353255997645,-1,0.31079887930662864,0.08098322844128925,-0.30843900551081094,0.12989590327130457,0.3083905617217638,-0.12531390983169372,-0.3078907766486513,-0.12175459279087304,0.05,1.0,0.0,0.02,1e-09
38.9852398610019,-1,0.31079887930662864,0.08098322844128925,-0.30843900551081094,0.12989590327130457,0.3083905617217638,-0.12531390983169372,-0.3078907766486513,-0.12175459279087304,0.05,1.0,0.0,0.02,1e-09
39.040646410998306,-1,0.31079887930662864,0.08098322844128925,-0.30843900551081094,0.12989590327130457,0.3083905617217638,-0.12531390983169372,-0.3078907766486513,-0.12175459279087304,0.05,1.0,0.0,0.02,1e-09
39.084704232998774,-1,0.3107988793066613,0.0809832284412894,-0.3084390055108327,0.12989590327130607,0.3083905617217591,-0.1253139098316931,-0.30789077664866643,-0.12175459279087424,0.05,1.0,0.0,0.02,1e-09
39.13013961699471,-1,0.3107988793066613,0.0809832284412894,-0.3084390055108327,0.12989590327130607,0.3083905617217591,-0.1253139098316931,-0.30789077664866643,-0.12175459279087424,0.05,1.0,0.0,0.02,1e-09
39.18714713300142,-1,0.31079887930661687,0.08098322844128862,-0.30843900551079595,0.12989590327130157,0.3083905617217591,-0.12531390983169316,-0.307890776648649,-0.12175459279087096,0.05,1.0,0.0,0.02,1e-09
39.23275896899577,-1,0.31079887930661687,0.08098322844128862,-0.30843900551079595,0.12989590327130157,0.3083905617217591,-0.12531390983169316,-0.307890776648649,-0.12175459279087096,0.05,1.0,0.0,0.02,1e-09
39.29053914699762,-1,0.31079887930661687,0.08098322844128862,-0.30843900551079595,0.12989590327130157,0.3083905617217591,-0.12531390983169316,-0.307890776648649,-0.12175459279087096,0.05,1.0,0.0,0.02,1e-09
39.34156810199784,-1,0.3107988793065815,0.08098322844129023,-0.30843900551075665,0.1298959032712989,0.3083905617217604,-0.12531390983169344,-0.3078907766486472,-0.121754592790873,0.05,1.0,0.0,0.02,1e-09
39.383335092999914,-1,0.3107988793065815,0.08098322844129023,-0.30843900551075665,0.1298959032712989,0.3083905617217604,-0.12531390983169344,-0.3078907766486472,-0.121754592790873,0.05,1.0,0.0,0.02,1e-09
39.429830804998346,-1,0.3107988793065815,0.08098322844129023,-0.30843900551075665,0.1298959032712989,0.3083905617217604,-0.12531390983169344,-0.3078907766486472,-0.121754592790873,0.05,1.0,0.0,0.02,1e-09
39.483825638999406,-1,0.3107988793066367,0.08098322844128762,-0.30843900551076,0.12989590327129902,0.3083905617217326,-0.12531390983169,-0.30789077664867787,-0.12175459279087651,0.05,1.0,0.0,0.02,1e-09
39.53670322200196,-1,0.3107988793066367,0.08098322844128762,-0.30843900551076,0.12989590327129902,0.3083905617217326,-0.12531390983169,-0.30789077664867787,-0.12175459279087651,0.05,1.0,0.0,0.02,1e-09
39.58736942499672,-1,0.3107988793066367,0.08098322844128762,-0.30843900551076,0.12989590327129902,0.3083905617217326,-0.12531390983169,-0.30789077664867787,-0.12175459279087651,0.05,1.0,0.0,0.02,1e-09
39.63155852899945,-1,0.3107988793067032,0.0809832284412872,-0.3084390055107598,0.1298959032712969,0.3083905617216997,-0.125313909831687,-0.30789077664872794,-0.12175459279087951,0.05,1.0,0.0,0.02,1e-09
39.69245193000097,-1,0.3107988793067032,0.0809832284412872,-0.3084390055107598,0.1298959032712969,0.3083905617216997,-0.125313909831687,-0.30789077664872794,-0.12175459279087951,0.05,1.0,0.0,0.02,1e-09
39.73467847899883,-1,0.3107988793067032,0.0809832284412872,-0.3084390055107598,0.1298959032712969,0.3083905617216997,-0.125313909831687,-0.30789077664872794,-0.12175459279087951,0.05,1.0,0.0,0.02,1e-09
39.79508138800156,-1,0.3107988793066749,0.08098322844128776,-0.30843900551084946,0.12989590327130696,0.30839056172175716,-0.12531390983169294,-0.3078907766486633,-0.12175459279087225,0.05,1.0,0.0,0.02,1e-09
39.83340279800177,-1,0.3107988793066749,0.08098322844128776,-0.30843900551084946,0.12989590327130696,0.30839056172175716,-0.12531390983169294,-0.3078907766486633,-0.12175459279087225,0.05,1.0,0.0,0.02,1e-09
39.88895238599798,-1,0.31079887930641076,0.08098322844128755,-0.3084390055106295,0.12989590327128178,0.30839056172175633,-0.12531390983169285,-0.30789077664858167,-0.12175459279085941,0.05,1.0,0.0,0.02,1e-09
39.93211103799695,-1,0.31079887930641076,0.08098322844128755,-0.3084390055106295,0.12989590327128178,0.30839056172175633,-0.12531390983169285,-0.30789077664858167,-0.12175459279085941,0.05,1.0,0.0,0.02,1e-09
39.98392185699777,-1,0.31079887930641076,0.08098322844128755,-0.3084390055106295,0.12989590327128178,0.30839056172175633,-0.12531390983169285,-0.30789077664858167,-0.12175459279085941,0.05,1.0,0.0,0.02,1e-09
40.03115411899489,-1,0.3121962918897692,0.09434847202437127,-0.3094250509033813,0.13004087567348707,0.30723426342016874,-0.13863847250213224,-0.3090680403647525,-0.12187555190714436,0.05,1.0,0.0,0.02,1e-09
40.08078090699564,-1,0.3121962918897692,0.09434847202437127,-0.3094250509033813,0.13004087567348707,0.30723426342016874,-0.13863847250213224,-0.3090680403647525,-0.12187555190714436,0.05,1.0,0.0,0.02,1e-09
40.14321561099496,-1,0.31050064846177583,0.1290298325675881,-0.30984025119724823,0.1301019340257149,0.29969406106129814,-0.1724665006656224,-0.3097859605024823,-0.12194930595766532,0.05,1.0,0.0,0.02,1e-09
40.183480275001784,-1,0.31050064846177583,0.1290298325675881,-0.30984025119724823,0.1301019340257149,0.29969406106129814,-0.1724665006656224,-0.3097859605024823,-0.12194930595766532,0.05,1.0,0.0,0.02,1e-09
40.24310336599592,-1,0.31050064846177583,0.1290298325675881,-0.30984025119724823,0.1301019340257149,0.29969406106129814,-0.1724665006656224,-0.3097859605024823,-0.12194930595766532,0.05,1.0,0.0,0.02,1e-09
40.279730796995864,-1,0.2965071126806178,0.1739959523477616,-0.30590120556231354,0.12952282223206313,0.2781516286287386,-0.21442400763492575,-0.3058933015846536,-0.12154934194310232,0.05,1.0,0.0,0.02,1e-09
40.335390722997545,-1,0.2965071126806178,0.1739959523477616,-0.30590120556231354,0.12952282223206313,0.2781516286287386,-0.21442400763492575,-0.3058933015846536,-0.12154934194310232,0.05,1.0,0.0,0.02,1e-09
40.38373794999643,-1,0.27225323762518866,0.20747985584258272,-0.29625717002209,0.12810480965385285,0.24877474719428713,-0.2437287462716709,-0.29613691091912525,-0.12054703336914308,0.05,1.0,0.0,0.02,1e-09
40.43552912599989,-1,0.27225323762518866,0.20747985584258272,-0.29625717002209,0.12810480965385285,0.24877474719428713,-0.2437287462716709,-0.29613691091912525,-0.12054703336914308,0.05,1.0,0.0,0.02,1e-09
40.482621489994926,-1,0.27225323762518866,0.20747985584258272,-0.29625717002209,0.12810480965385285,0.24877474719428713,-0.2437287462716709,-0.29613691091912525,-0.12054703336914308,0.05,1.0,0.0,0.02,1e-09
40.53562541899737,-1,0.24725042688302337,0.21881803851927273,-0.28014420048562755,0.1257354882863327,0.22280948104543608,-0.25155814527724585,-0.27981811157684283,-0.11887067745609822,0.05,1.0,0.0,0.02,1e-09
40.58841172499524,-1,0.24725042688302337,0.21881803851927273,-0.28014420048562755,0.1257354882863327,0.22280948104543608,-0.25155814527724585,-0.27981811157684283,-0.11887067745609822,0.05,1.0,0.0,0.02,1e-09
40.63335077699594,-1,0.24725042688302337,0.21881803851927273,-0.28014420048562755,0.1257354882863327,0.22280948104543608,-0.25155814527724585,-0.27981811157684283,-0.11887067745609822,0.05,1.0,0.0,0.02,1e-09
40.69094857500022,-1,0.2201993532409135,0.21444467452457705,-0.2552336904185976,0.1220723911624457,0.1976375915187319,-0.2438014112666788,-0.25462542729685866,-0.11628288075266957,0.05,1.0,0.0,0.02,1e-09
40.81436610400124,-1,0.2201993532409135,0.21444467452457705,-0.2552336904185976,0.1220723911624457,0.1976375915187319,-0.2438014112666788,-0.25462542729685866,-0.11628288075266957,0.05,1.0,0.0,0.02,1e-09
40.8199781489966,-1,0.19307001766562706,0.2010443936454948,-0.22550455921025345,0.11770058829237372,0.1737586437779076,-0.22697325205993824,-0.22461978369234,-0.11320081166181936,0.05,1.0,0.0,0.02,1e-09
40.832335767001496,-1,0.19307001766562706,0.2010443936454948,-0.22550455921025345,0.11770058829237372,0.1737586437779076,-0.22697325205993824,-0.22461978369234,-0.11320081166181936,0.05,1.0,0.0,0.02,1e-09
40.89176574299927,-1,0.1732647686647079,0.18866465554903805,-0.20239592218571606,0.11430229313116666,0.15660492054954778,-0.21196278732677792,-0.2013352457576315,-0.11080917050293514,0.05,1.0,0.0,0.02,1e-09
40.931925241995486,-1,0.1732647686647079,0.18866465554903805,-0.20239592218571606,0.11430229313116666,0.15660492054954778,-0.21196278732677792,-0.2013352457576315,-0.11080917050293514,0.05,1.0,0.0,0.02,1e-09
40.98415749099513,-1,0.1732647686647079,0.18866465554903805,-0.20239592218571606,0.11430229313116666,0.15660492054954778,-0.21196278732677792,-0.2013352457576315,-0.11080917050293514,0.05,1.0,0.0,0.02,1e-09
41.033617887995206,-1,0.16145993686455917,0.18067641428561887,-0.18829904464817115,0.11222921964092383,0.1464135407480217,-0.20234775390867354,-0.18714646529895984,-0.10935181041648848,0.05,1.0,0.0,0.02,1e-09
41.07921764299681,-1,0.16145993686455917,0.18067641428561887,-0.18829904464817115,0.11222921964092383,0.1464135407480217,-0.20234775390867354,-0.18714646529895984,-0.10935181041648848,0.05,1.0,0.0,0.02,1e-09
41.1329263919979,-1,0.15451518770886075,0.17577055176623302,-0.179893785709145,0.11099314210287048,0.14042777594371608,-0.1964620737709688,-0.1786916719801935,-0.10848340796055397,0.05,1.0,0.0,0.02,1e-09
41.179270087995974,-1,0.15451518770886075,0.17577055176623302,-0.179893785709145,0.11099314210287048,0.14042777594371608,-0.1964620737709688,-0.1786916719801935,-0.10848340796055397,0.05,1.0,0.0,0.02,1e-09
41.23882268899615,-1,0.15043638806915693,0.17281832693258875,-0.17491816719233935,0.11026142474723283,0.13691524504993857,-0.19292587238057962,-0.17368856001289457,-0.10796953463656306,0.05,1.0,0.0,0.02,1e-09
41.29185815499659,-1,0.15043638806915693,0.17281832693258875,-0.17491816719233935,0.11026142474723283,0.13691524504993857,-0.19292587238057962,-0.17368856001289457,-0.10796953463656306,0.05,1.0,0.0,0.02,1e-09
41.34334295000008,-1,0.14803819940693896,0.17105800168664248,-0.1719790805728419,0.1098291999822644,0.134850979040076,-0.19081909420350546,-0.17073387154905234,-0.10766605730793066,0.05,1.0,0.0,0.02,1e-09
41.38092178599618,-1,0.14803819940693896,0.17105800168664248,-0.1719790805728419,0.1098291999822644,0.134850979040076,-0.19081909420350546,-0.17073387154905234,-0.10766605730793066,0.05,1.0,0.0,0.02,1e-09
41.43982735899772,-1,0.14803819940693896,0.17105800168664248,-0.1719790805728419,0.1098291999822644,0.134850979040076,-0.19081909420350546,-0.17073387154905234,-0.10766605730793066,0.05,1.0,0.0,0.02,1e-09
41.483677292999346,-1,0.14662622007364343,0.17001306587880963,-0.17024389657866904,0.10957402189769341,0.13363592618308953,-0.1895690701863692,-0.16898969950303142,-0.10748691295919417,0.05,1.0,0.0,0.02,1e-09
41.532287987996824,-1,0.14579400877975052,0.1693942280850334,-0.16921953791876018,0.10942337845726911,0.13291989105640284,-0.18882896263590654,-0.1679601126422027,-0.1073811639443911,0.05,1.0,0.0,0.02,1e-09
41.58341175899841,-1,0.14579400877975052,0.1693942280850334,-0.16921953791876018,0.10942337845726911,0.13291989105640284,-0.18882896263590654,-0.1679601126422027,-0.1073811639443911,0.05,1.0,0.0,0.02,1e-09
41.635821076000866,-1,0.14579400877975052,0.1693942280850334,-0.16921953791876018,0.10942337845726911,0.13291989105640284,-0.18882896263590654,-0.1679601126422027,-0.1073811639443911,0.05,1.0,0.0,0.02,1e-09
41.68330344899732,-1,0.14530315863197743,0.16902819838203548,-0.1686147803087716,0.1093344420203017,0.13249760051877008,-0.1883912683124283,-0.16735229559614098,-0.10731873500644279,0.05,1.0,0.0,0.02,1e-09
41.735633616000996,-1,0.14530315863197743,0.16902819838203548,-0.1686147803087716,0.1093344420203017,0.13249760051877008,-0.1883912683124283,-0.16735229559614098,-0.10731873500644279,0.05,1.0,0.0,0.02,1e-09
41.78269953600102,-1,0.14501351719123204,0.16881185222472683,-0.16825772332324523,0.1092819327433755,0.13224842764120462,-0.18813258583801284,-0.1669934417587173,-0.10728187711318614,0.05,1.0,0.0,0.02,1e-09
41.85142096799973,-1,0.14501351719123204,0.16881185222472683,-0.16825772332324523,0.1092819327433755,0.13224842764120462,-0.18813258583801284,-0.1669934417587173,-0.10728187711318614,0.05,1.0,0.0,0.02,1e-09
41.880313453999406,-1,0.1448425577295609,0.16868402987261016,-0.16804690211704487,0.10925092909033385,0.13210135899306213,-0.18797975775851827,-0.16678156292361826,-0.10726011503348849,0.05,1.0,0.0,0.02,1e-09
41.93052755200188,-1,0.1448425577295609,0.16868402987261016,-0.16804690211704487,0.10925092909033385,0.13210135899306213,-0.18797975775851827,-0.16678156292361826,-0.10726011503348849,0.05,1.0,0.0,0.02,1e-09
41.995292973995674,-1,0.1447416327973052,0.16860852708630153,-0.16792242061119073,0.10923262266918632,0.1320145394059878,-0.1878894870741783,-0.16665645808339724,-0.10724726551429696,0.05,1.0,0.0,0.02,1e-09
42.03935170299519,-1,0.1447416327973052,0.16860852708630153,-0.16792242061119073,0.10923262266918632,0.1320145394059878,-0.1878894870741783,-0.16665645808339724,-0.10724726551429696,0.05,1.0,0.0,0.02,1e-09
42.100705974997254,-1,0.1447416327973052,0.16860852708630153,-0.16792242061119073,0.10923262266918632,0.1320145394059878,-0.1878894870741783,-0.16665645808339724,-0.10724726551429696,0.05,1.0,0.0,0.02,1e-09
42.131937186997675,-1,0.14468204636325346,0.16856393477761716,-0.16784891777791341,0.10922181324100322,0.13196328135319801,-0.18783617368330652,-0.16658258759087555,-0.10723967827595748,0.05,1.0,0.0,0.02,1e-09
42.184842545997526,-1,0.14464686422173542,0.16853760045031474,-0.16780551588542741,0.10921543049853501,0.13193301679756372,-0.1878046893709288,-0.1665389687435201,-0.10723519818431328,0.05,1.0,0.0,0.02,1e-09
42.233408913998574,-1,0.14464686422173542,0.16853760045031474,-0.16780551588542741,0.10921543049853501,0.13193301679756372,-0.1878046893709288,-0.1665389687435201,-0.10723519818431328,0.05,1.0,0.0,0.02,1e-09
42.2856181169991,-1,0.14464686422173542,0.16853760045031474,-0.16780551588542741,0.10921543049853501,0.13193301679756372,-0.1878046893709288,-0.1665389687435201,-0.10723519818431328,0.05,1.0,0.0,0.02,1e-09
42.34005825199711,-1,0.1446260905848295,0.1685220492436926,-0.16777988778150718,0.10921166159397513,0.13191514686197264,-0.18778609705451313,-0.1665132125802303,-0.10723255276895018,0.05,1.0,0.0,0.02,1e-09
42.38484203400003,-1,0.1446260905848295,0.1685220492436926,-0.16777988778150718,0.10921166159397513,0.13191514686197264,-0.18778609705451313,-0.1665132125802303,-0.10723255276895018,0.05,1.0,0.0,0.02,1e-09
42.4296710829949,-1,0.1446138243319586,0.16851286604600985,-0.167764754740355,0.10920943610789774,0.1319045951863493,-0.18777511807878255,-0.1664980039388502,-0.10723099068951775,0.05,1.0,0.0,0.02,1e-09
42.483800689995405,-1,0.1446138243319586,0.16851286604600985,-0.167764754740355,0.10920943610789774,0.1319045951863493,-0.18777511807878255,-0.1664980039388502,-0.10723099068951775,0.05,1.0,0.0,0.02,1e-09
42.54060919299809,-1,0.14460658136207713,0.1685074433321705,-0.16775581886512486,0.10920812198565023,0.13189836464694307,-0.1877686349644206,-0.1664890234285634,-0.10723006830138776,0.05,1.0,0.0,0.02,1e-09
42.58825161399727,-1,0.14460658136207713,0.1685074433321705,-0.16775581886512486,0.10920812198565023,0.13189836464694307,-0.1877686349644206,-0.1664890234285634,-0.10723006830138776,0.05,1.0,0.0,0.02,1e-09
42.627234982996015,-1,0.14460230450605707,0.16850424122945434,-0.16775054233211836,0.1092073460113597,0.13189468561742007,-0.1877648067017767,-0.16648372054113791,-0.10722952364187142,0.05,1.0,0.0,0.02,1e-09
42.68823687099939,-1,0.14460230450605707,0.16850424122945434,-0.16775054233211836,0.1092073460113597,0.13189468561742007,-0.1877648067017767,-0.16648372054113791,-0.10722952364187142,0.05,1.0,0.0,0.02,1e-09
42.74141781999788,-1,0.1445997790811323,0.1685023504043357,-0.16774742659631656,0.10920688780691366,0.1318925132018167,-0.18776254613407978,-0.1664805892440612,-0.10722920202637998,0.05,1.0,0.0,0.02,1e-09
42.79212643700157,-1,0.1445997790811323,0.1685023504043357,-0.16774742659631656,0.10920688780691366,0.1318925132018167,-0.18776254613407978,-0.1664805892440612,-0.10722920202637998,0.05,1.0,0.0,0.02,1e-09
42.83849359699525,-1,0.14459828784847376,0.16850123388561267,-0.1677455867869391,0.1092066172419841,0.13189123041719733,-0.18776121128557277,-0.16647874024616713,-0.10722901211582511,0.05,1.0,0.0,0.02,1e-09
42.88314726400131,-1,0.14459828784847376,0.16850123388561267,-0.1677455867869391,0.1092066172419841,0.13189123041719733,-0.18776121128557277,-0.16647874024616713,-0.10722901211582511,0.05,1.0,0.0,0.02,1e-09
42.939206529998046,-1,0.14459828784847376,0.16850123388561267,-0.1677455867869391,0.1092066172419841,0.13189123041719733,-0.18776121128557277,-0.16647874024616713,-0.10722901211582511,0.05,1.0,0.0,0.02,1e-09
42.985858100997575,-1,0.1445974072924211,0.1685005745905897,-0.16774450039840785,0.10920645747617333,0.13189047294747555,-0.18776042306882523,-0.16647764843199953,-0.10722889997560323,0.05,1.0,0.0,0.02,1e-09
43.03829599899473,-1,0.1445968873335467,0.1685001852828154,-0.16774385889702112,0.10920636313608585,0.1318900256697962,-0.18775995763400238,-0.16647700372686078,-0.10722883375794513,0.05,1.0,0.0,0.02,1e-09
43.08728392299963,-1,0.1445968873335467,0.1685001852828154,-0.16774385889702112,0.10920636313608585,0.1318900256697962,-0.18775995763400238,-0.16647700372686078,-0.10722883375794513,0.05,1.0,0.0,0.02,1e-09
43.14076755299902,-1,0.1445968873335467,0.1685001852828154,-0.16774385889702112,0.10920636313608585,0.1318900256697962,-0.18775995763400238,-0.16647700372686078,-0.10722883375794513,0.05,1.0,0.0,0.02,1e-09
43.18508491099783,-1,0.1445965803032647,0.1684999554002391,-0.16774348009692927,0.10920630742921661,0.13188976155701446,-0.18775968279914443,-0.16647662303499627,-0.10722879465708769,0.05,1.0,0.0,0.02,1e-09
43.23182869899756,-1,0.14459639900503488,0.1684998196567971,-0.1677432564192844,0.10920627453487063,0.13188960560113308,-0.1877595205118221,-0.16647639824028285,-0.107228771568425,0.05,1.0,0.0,0.02,1e-09
43.301198875997216,-1,0.14459639900503488,0.1684998196567971,-0.1677432564192844,0.10920627453487063,0.13188960560113308,-0.1877595205118221,-0.16647639824028285,-0.107228771568425,0.05,1.0,0.0,0.02,1e-09
43.33474290799495,-1,0.14459639900503488,0.1684998196567971,-0.1677432564192844,0.10920627453487063,0.13188960560113308,-0.1877595205118221,-0.16647639824028285,-0.107228771568425,0.05,1.0,0.0,0.02,1e-09
43.38563853500091,-1,0.14459629195027152,0.1684997395016241,-0.16774312433987934,0.1092062551110892,0.1318895135107704,-0.1877594246827508,-0.16647626550126152,-0.10722875793480158,0.05,1.0,0.0,0.02,1e-09
43.434112782997545,-1,0.14459629195027152,0.1684997395016241,-0.16774312433987934,0.1092062551110892,0.1318895135107704,-0.1877594246827508,-0.16647626550126152,-0.10722875793480158,0.05,1.0,0.0,0.02,1e-09
43.48824253500061,-1,0.14459622873551417,0.16849969217078628,-0.1677430463483141,0.10920624364154091,0.13188945913234154,-0.18775936809663202,-0.16647618712020001,-0.10722874988428359,0.05,1.0,0.0,0.02,1e-09
43.5430310429947,-1,0.14459622873551417,0.16849969217078628,-0.1677430463483141,0.10920624364154091,0.13188945913234154,-0.18775936809663202,-0.16647618712020001,-0.10722874988428359,0.05,1.0,0.0,0.02,1e-09
43.58456016099808,-1,0.14459619140783544,0.16849966422239623,-0.16774300029507552,0.10920623686888753,0.13188942702242637,-0.18775933468309114,-0.16647614083696802,-0.10722874513053327,0.05,1.0,0.0,0.02,1e-09
43.63111564100109,-1,0.14459619140783544,0.16849966422239623,-0.16774300029507552,0.10920623686888753,0.13188942702242637,-0.18775933468309114,-0.16647614083696802,-0.10722874513053327,0.05,1.0,0.0,0.02,1e-09
43.68563539599563,-1,0.14459616936621583,0.16849964771915027,-0.16774297310109904,0.10920623286970352,0.13188940806184363,-0.18775931495272774,-0.16647611350718272,-0.10722874232349133,0.05,1.0,0.0,0.02,1e-09
43.752116636998835,-1,0.14459616936621583,0.16849964771915027,-0.16774297310109904,0.10920623286970352,0.13188940806184363,-0.18775931495272774,-0.16647611350718272,-0.10722874232349133,0.05,1.0,0.0,0.02,1e-09
43.7919047280011,-1,0.14459615634466166,0.1684996379683915,-0.16774295704332817,0.10920623050822535,0.1318893968658094,-0.18775930330214533,-0.16647609736234595,-0.10722874066492671,0.05,1.0,0.0,0.02,1e-09
43.83646053099801,-1,0.14459615634466166,0.1684996379683915,-0.16774295704332817,0.10920623050822535,0.1318893968658094,-0.18775930330214533,-0.16647609736234595,-0.10722874066492671,0.05,1.0,0.0,0.02,1e-09
43.891323181996995,-1,0.14459614864533368,0.16849963220116415,-0.1677429475613747,0.1092062291137961,0.13188939025466329,-0.1877592964225927,-0.16647608781763898,-0.10722873968385391,0.05,1.0,0.0,0.02,1e-09
43.934075801997096,-1,0.14459614864533368,0.16849963220116415,-0.1677429475613747,0.1092062291137961,0.13188939025466329,-0.1877592964225927,-0.16647608781763898,-0.10722873968385391,0.05,1.0,0.0,0.02,1e-09
43.98245362199668,-1,0.14459614409290822,0.16849962879005564,-0.16774294196237619,0.10920622829039953,0.13188938635084768,-0.1877592923602855,-0.1664760821748788,-0.1072287391035307,0.05,1.0,0.0,0.02,1e-09
44.036081849000766,-1,0.14459614409290822,0.16849962879005564,-0.16774294196237619,0.10920622829039953,0.13188938635084768,-0.1877592923602855,-0.1664760821748788,-0.1072287391035307,0.05,1.0,0.0,0.02,1e-09
44.089773768995656,-1,0.14459614140140264,0.16849962677275399,-0.16774293865622356,0.10920622780419215,0.13188938404546488,-0.18775928996138158,-0.1664760788384676,-0.10722873876024186,0.05,1.0,0.0,0.02,1e-09
44.141747237001255,-1,0.14459614140140264,0.16849962677275399,-0.16774293865622356,0.10920622780419215,0.13188938404546488,-0.18775928996138158,-0.1664760788384676,-0.10722873876024186,0.05,1.0,0.0,0.02,1e-09
44.18457189799665,-1,0.14459614140140264,0.16849962677275399,-0.16774293865622356,0.10920622780419215,0.13188938404546488,-0.18775928996138158,-0.1664760788384676,-0.10722873876024186,0.05,1.0,0.0,0.02,1e-09
44.23977477599692,-1,0.14459613981034738,0.168499625579881,-0.16774293670397336,0.10920622751709143,0.13188938268314912,-0.18775928854371665,-0.16647607686507987,-0.1072287385571769,0.05,1.0,0.0,0.02,1e-09
44.28761195799598,-1,0.14459613981034738,0.168499625579881,-0.16774293670397336,0.10920622751709143,0.13188938268314912,-0.18775928854371665,-0.16647607686507987,-0.1072287385571769,0.05,1.0,0.0,0.02,1e-09
44.331932816996414,-1,0.14459613886976744,0.1684996248744112,-0.16774293555118924,0.10920622734756144,0.13188938187780858,-0.18775928770548533,-0.16647607569785336,-0.10722873843707387,0.05,1.0,0.0,0.02,1e-09
44.3812155409978,-1,0.14459613886976744,0.1684996248744112,-0.16774293555118924,0.10920622734756144,0.13188938187780858,-0.18775928770548533,-0.16647607569785336,-0.10722873843707387,0.05,1.0,0.0,0.02,1e-09
44.43111923200195,-1,0.14459613831372706,0.16849962445719374,-0.16774293487048186,0.10920622724745574,0.13188938140172696,-0.1877592872098592,-0.16647607500745815,-0.10722873836603862,0.05,1.0,0.0,0.02,1e-09
44.48522072000196,-1,0.14459613831372706,0.16849962445719374,-0.16774293487048186,0.10920622724745574,0.13188938140172696,-0.1877592872098592,-0.16647607500745815,-0.10722873836603862,0.05,1.0,0.0,0.02,1e-09
44.53378011199675,-1,0.1445961379850139,0.16849962421044978,-0.1677429344685309,0.10920622718834419,0.13188938112028875,-0.18775928691680738,-0.16647607459910094,-0.10722873832402474,0.05,1.0,0.0,0.02,1e-09
44.584257438997156,-1,0.1445961379850139,0.16849962421044978,-0.1677429344685309,0.10920622718834419,0.13188938112028875,-0.18775928691680738,-0.16647607459910094,-0.10722873832402474,0.05,1.0,0.0,0.02,1e-09
44.6349749919973,-1,0.14459613779068928,0.16849962406452446,-0.16774293423118297,0.1092062271534395,0.13188938095391473,-0.18775928674353276,-0.16647607435756473,-0.10722873829917559,0.05,1.0,0.0,0.02,1e-09
44.683706493997306,-1,0.14459613779068928,0.16849962406452446,-0.16774293423118297,0.1092062271534395,0.13188938095391473,-0.18775928674353276,-0.16647607435756473,-0.10722873829917559,0.05,1.0,0.0,0.02,1e-09
44.73053688499931,-1,0.14459613767581053,0.16849962397822374,-0.16774293409103166,0.1092062271328286,0.1318893808555617,-0.1877592866410798,-0.16647607421470023,-0.10722873828447856,0.05,1.0,0.0,0.02,1e-09
44.78979775300104,-1,0.14459613767581053,0.16849962397822374,-0.16774293409103166,0.1092062271328286,0.1318893808555617,-0.1877592866410798,-0.16647607421470023,-0.10722873828447856,0.05,1.0,0.0,0.02,1e-09
44.8335311349947,-1,0.1445961376078977,0.1684996239271851,-0.1677429340082736,0.10920622712065815,0.13188938079741966,-0.18775928658050167,-0.1664760741301983,-0.107228738275786,0.05,1.0,0.0,0.02,1e-09
44.88738652799657,-1,0.1445961376078977,0.1684996239271851,-0.1677429340082736,0.10920622712065815,0.13188938079741966,-0.18775928658050167,-0.1664760741301983,-0.107228738275786,0.05,1.0,0.0,0.02,1e-09
44.93443171800027,-1,0.14459613756774972,0.16849962389700068,-0.1677429339594058,0.1092062271134715,0.13188938076304862,-0.18775928654468305,-0.16647607408021697,-0.10722873827064468,0.05,1.0,0.0,0.02,1e-09
44.98589938900113,-1,0.14459613756774972,0.16849962389700068,-0.1677429339594058,0.1092062271134715,0.13188938076304862,-0.18775928654468305,-0.16647607408021697,-0.10722873827064468,0.05,1.0,0.0,0.02,1e-09
45.031025315998704,-1,0.14459613754401568,0.16849962387914952,-0.16774293393054945,0.10920622710922798,0.13188938074272993,-0.1877592865235045,-0.16647607405065387,-0.10722873826760398,0.05,1.0,0.0,0.02,1e-09
45.083345722996455,-1,0.14459613754401568,0.16849962387914952,-0.16774293393054945,0.10920622710922798,0.13188938074272993,-0.1877592865235045,-0.16647607405065387,-0.10722873826760398,0.05,1.0,0.0,0.02,1e-09
45.14324208800099,-1,0.1445961375299847,0.1684996238685923,-0.1677429339135102,0.10920622710672209,0.13188938073071846,-0.1877592865109822,-0.16647607403316794,-0.1072287382658054,0.05,1.0,0.0,0.02,1e-09
45.18759557500016,-1,0.1445961375299847,0.1684996238685923,-0.1677429339135102,0.10920622710672209,0.13188938073071846,-0.1877592865109822,-0.16647607403316794,-0.1072287382658054,0.05,1.0,0.0,0.02,1e-09
45.23958252900047,-1,0.14459613752169004,0.16849962386234868,-0.1677429339034486,0.10920622710524239,0.13188938072361775,-0.18775928650357793,-0.1664760740228252,-0.10722873826474175,0.05,1.0,0.0,0.02,1e-09
45.284059671997966,-1,0.14459613752169004,0.16849962386234868,-0.1677429339034486,0.10920622710524239,0.13188938072361775,-0.18775928650357793,-0.1664760740228252,-0.10722873826474175,0.05,1.0,0.0,0.02,1e-09
45.334998414997244,-1,0.14459613751678652,0.16849962385865602,-0.1677429338975074,0.1092062271043687,0.13188938071942005,-0.1877592864992001,-0.16647607401670778,-0.10722873826411257,0.05,1.0,0.0,0.02,1e-09
45.44930249900062,-1,0.14459613751678652,0.16849962385865602,-0.1677429338975074,0.1092062271043687,0.13188938071942005,-0.1877592864992001,-0.16647607401670778,-0.10722873826411257,0.05,1.0,0.0,0.02,1e-09
45.484308686995064,-1,0.14459613751678652,0.16849962385865602,-0.1677429338975074,0.1092062271043687,0.13188938071942005,-0.1877592864992001,-0.16647607401670778,-0.10722873826411257,0.05,1.0,0.0,0.02,1e-09
45.492568354995456,-1,0.1445961375138877,0.16849962385647224,-0.16774293389399916,0.10920622710385279,0.13188938071693856,-0.1877592864966114,-0.16647607401308914,-0.10722873826374049,0.05,1.0,0.0,0.02,1e-09
45.53638542599947,-1,0.14459613751217415,0.16849962385518097,-0.16774293389192796,0.10920622710354821,0.13188938071547146,-0.1877592864950809,-0.16647607401094894,-0.10722873826352039,0.05,1.0,0.0,0.02,1e-09
45.58835931700014,-1,0.14459613751217415,0.16849962385518097,-0.16774293389192796,0.10920622710354821,0.13188938071547146,-0.1877592864950809,-0.16647607401094894,-0.10722873826352039,0.05,1.0,0.0,0.02,1e-09
45.63665288199991,-1,0.14459613751116096,0.16849962385441714,-0.16774293389070455,0.10920622710336836,0.13188938071460454,-0.1877592864941761,-0.1664760740096832,-0.10722873826339022,0.05,1.0,0.0,0.02,1e-09
45.69208875899494,-1,0.14459613751116096,0.16849962385441714,-0.16774293389070455,0.10920622710336836,0.13188938071460454,-0.1877592864941761,-0.1664760740096832,-0.10722873826339022,0.05,1.0,0.0,0.02,1e-09
45.74504852099926,-1,0.1445961375105621,0.16849962385396558,-0.1677429338899823,0.10920622710326208,0.13188938071409187,-0.1877592864936407,-0.16647607400893433,-0.10722873826331321,0.05,1.0,0.0,0.02,1e-09
45.78349737099779,-1,0.1445961375105621,0.16849962385396558,-0.1677429338899823,0.10920622710326208,0.13188938071409187,-0.1877592864936407,-0.16647607400893433,-0.10722873826331321,0.05,1.0,0.0,0.02,1e-09
45.841126849998545,-1,0.14459613751020806,0.16849962385369843,-0.16774293388955575,0.10920622710319934,0.13188938071378878,-0.18775928649332435,-0.16647607400849163,-0.10722873826326768,0.05,1.0,0.0,0.02,1e-09
45.89322057100071,-1,0.14459613751020806,0.16849962385369843,-0.16774293388955575,0.10920622710319934,0.13188938071378878,-0.18775928649332435,-0.16647607400849163,-0.10722873826326768,0.05,1.0,0.0,0.02,1e-09
45.931810805996065,-1,0.1445961375099986,0.16849962385354045,-0.16774293388930409,0.10920622710316222,0.13188938071360956,-0.18775928649313728,-0.16647607400822964,-0.10722873826324075,0.05,1.0,0.0,0.02,1e-09
45.98319604300195,-1,0.1445961375099986,0.16849962385354045,-0.16774293388930409,0.10920622710316222,0.13188938071360956,-0.18775928649313728,-0.16647607400822964,-0.10722873826324075,0.05,1.0,0.0,0.02,1e-09
46.0410309200015,-1,0.1445961375099986,0.16849962385354045,-0.16774293388930409,0.10920622710316222,0.13188938071360956,-0.18775928649313728,-0.16647607400822964,-0.10722873826324075,0.05,1.0,0.0,0.02,1e-09
46.08214417399722,-1,0.1445961375098747,0.16849962385344697,-0.1677429338891553,0.10920622710314047,0.13188938071350365,-0.18775928649302656,-0.1664760740080747,-0.1072287382632249,0.05,1.0,0.0,0.02,1e-09
46.139452048999374,-1,0.14459613750980196,0.1684996238533918,-0.16774293388906736,0.10920622710312752,0.13188938071344086,-0.18775928649296106,-0.16647607400798284,-0.10722873826321547,0.05,1.0,0.0,0.02,1e-09
46.18341379299818,-1,0.14459613750980196,0.1684996238533918,-0.16774293388906736,0.10920622710312752,0.13188938071344086,-0.18775928649296106,-0.16647607400798284,-0.10722873826321547,0.05,1.0,0.0,0.02,1e-09
46.236487573994964,-1,0.14459613750980196,0.1684996238533918,-0.16774293388906736,0.10920622710312752,0.13188938071344086,-0.18775928649296106,-0.16647607400798284,-0.10722873826321547,0.05,1.0,0.0,0.02,1e-09
46.29101189499488,-1,0.14459613750975855,0.16849962385335893,-0.1677429338890156,0.10920622710311995,0.13188938071340367,-0.18775928649292237,-0.16647607400792847,-0.10722873826320989,0.05,1.0,0.0,0.02,1e-09
46.33107884199853,-1,0.14459613750975855,0.16849962385335893,-0.1677429338890156,0.10920622710311995,0.13188938071340367,-0.18775928649292237,-0.16647607400792847,-0.10722873826320989,0.05,1.0,0.0,0.02,1e-09
46.39964757800044,-1,0.14459613750973282,0.16849962385333944,-0.167742933888985,0.10920622710311531,0.13188938071338197,-0.1877592864928997,-0.16647607400789627,-0.10722873826320657,0.05,1.0,0.0,0.02,1e-09
46.447862953995354,-1,0.14459613750973282,0.16849962385333944,-0.167742933888985,0.10920622710311531,0.13188938071338197,-0.1877592864928997,-0.16647607400789627,-0.10722873826320657,0.05,1.0,0.0,0.02,1e-09
46.449014125995745,-1,0.14459613750973282,0.16849962385333944,-0.167742933888985,0.10920622710311531,0.13188938071338197,-0.1877592864928997,-0.16647607400789627,-0.10722873826320657,0.05,1.0,0.0,0.02,1e-09
46.45948941799725,-1,0.14459613750973282,0.16849962385333944,-0.167742933888985,0.10920622710311531,0.13188938071338197,-0.1877592864928997,-0.16647607400789627,-0.10722873826320657,0.05,1.0,0.0,0.02,1e-09
46.5244429710001,-1,0.14459613750971761,0.1684996238533279,-0.167742933888967,0.10920622710311272,0.131889380713369,-0.18775928649288592,-0.16647607400787726,-0.10722873826320461,0.05,1.0,0.0,0.02,1e-09
46.55852945499646,-1,0.14459613750971761,0.1684996238533279,-0.167742933888967,0.10920622710311272,0.131889380713369,-0.18775928649288592,-0.16647607400787726,-0.10722873826320461,0.05,1.0,0.0,0.02,1e-09
46.60740372900182,-1,0.14459613750970854,0.16849962385332107,-0.167742933888956,0.1092062271031111,0.13188938071336134,-0.18775928649287787,-0.16647607400786593,-0.10722873826320345,0.05,1.0,0.0,0.02,1e-09
46.66339331999916,-1,0.14459613750970854,0.16849962385332107,-0.167742933888956,0.1092062271031111,0.13188938071336134,-0.18775928649287787,-0.16647607400786593,-0.10722873826320345,0.05,1.0,0.0,0.02,1e-09
46.711612013001286,-1,0.1445961375097033,0.16849962385331713,-0.1677429338889495,0.10920622710311015,0.13188938071335674,-0.18775928649287318,-0.1664760740078595,-0.10722873826320281,0.05,1.0,0.0,0.02,1e-09
46.76739830999577,-1,0.1445961375097033,0.16849962385331713,-0.1677429338889495,0.10920622710311015,0.13188938071335674,-0.18775928649287318,-0.1664760740078595,-0.10722873826320281,0.05,1.0,0.0,0.02,1e-09
46.81257675099914,-1,0.14459613750970024,0.16849962385331474,-0.16774293388894573,0.1092062271031096,0.13188938071335413,-0.18775928649287027,-0.1664760740078556,-0.1072287382632024,0.05,1.0,0.0,0.02,1e-09
46.86772797199956,-1,0.14459613750970024,0.16849962385331474,-0.16774293388894573,0.1092062271031096,0.13188938071335413,-0.18775928649287027,-0.1664760740078556,-0.1072287382632024,0.05,1.0,0.0,0.02,1e-09
46.916489361996355,-1,0.14459613750969855,0.16849962385331319,-0.16774293388894343,0.10920622710310923,0.1318893807133527,-0.1877592864928685,-0.16647607400785328,-0.10722873826320216,0.05,1.0,0.0,0.02,1e-09
46.959434142001555,-1,0.14459613750969855,0.16849962385331319,-0.16774293388894343,0.10920622710310923,0.1318893807133527,-0.1877592864928685,-0.16647607400785328,-0.10722873826320216,0.05,1.0,0.0,0.02,1e-09
47.01957378899533,-1,0.14459613750969746,0.16849962385331219,-0.16774293388894207,0.10920622710310904,0.13188938071335182,-0.18775928649286733,-0.16647607400785192,-0.10722873826320202,0.05,1.0,0.0,0.02,1e-09
47.064193606995104,-1,0.14459613750969746,0.16849962385331219,-0.16774293388894207,0.10920622710310904,0.13188938071335182,-0.18775928649286733,-0.16647607400785192,-0.10722873826320202,0.05,1.0,0.0,0.02,1e-09
47.10556742300105,-1,0.14459613750969688,0.1684996238533117,-0.1677429338889413,0.1092062271031089,0.13188938071335132,-0.18775928649286672,-0.16647607400785114,-0.10722873826320195,0.05,1.0,0.0,0.02,1e-09
47.15755035499751,-1,0.14459613750969688,0.1684996238533117,-0.1677429338889413,0.1092062271031089,0.13188938071335132,-0.18775928649286672,-0.16647607400785114,-0.10722873826320195,0.05,1.0,0.0,0.02,1e-09
47.20665057099541,-1,0.14459613750969655,0.16849962385331135,-0.1677429338889408,0.10920622710310887,0.1318893807133511,-0.18775928649286638,-0.16647607400785067,-0.10722873826320188,0.05,1.0,0.0,0.02,1e-09
47.259269696995034,-1,0.14459613750969655,0.16849962385331135,-0.1677429338889408,0.10920622710310887,0.1318893807133511,-0.18775928649286638,-0.16647607400785067,-0.10722873826320188,0.05,1.0,0.0,0.02,1e-09
47.311372516996926,-1,0.14459613750969655,0.16849962385331135,-0.1677429338889408,0.10920622710310887,0.1318893807133511,-0.18775928649286638,-0.16647607400785067,-0.10722873826320188,0.05,1.0,0.0,0.02,1e-09
47.367511338998156,-1,0.14459613750969655,0.16849962385331135,-0.1677429338889408,0.10920622710310887,0.1318893807133511,-0.18775928649286638,-0.16647607400785067,-0.10722873826320188,0.05,1.0,0.0,0.02,1e-09
47.430089153000154,-1,0.14459613750969655,0.16849962385331135,-0.1677429338889408,0.10920622710310887,0.1318893807133511,-0.18775928649286638,-0.16647607400785067,-0.10722873826320188,0.05,1.0,0.0,0.02,1e-09
47.46368734799762,-1,0.14459613750969655,0.16849962385331135,-0.1677429338889408,0.10920622710310887,0.1318893807133511,-0.18775928649286638,-0.16647607400785067,-0.10722873826320188,0.05,1.0,0.0,0.02,1e-09
47.5174662319987,-1,0.14459613750969655,0.16849962385331135,-0.1677429338889408,0.10920622710310887,0.1318893807133511,-0.18775928649286638,-0.16647607400785067,-0.10722873826320188,0.05,1.0,0.0,0.02,1e-09
47.5605891899977,-1,0.14459613750969655,0.16849962385331135,-0.1677429338889408,0.10920622710310887,0.1318893807133511,-0.18775928649286638,-0.16647607400785067,-0.10722873826320188,0.05,1.0,0.0,0.02,1e-09
47.6113172080004,-1,0.14459613750969655,0.16849962385331135,-0.1677429338889408,0.10920622710310887,0.1318893807133511,-0.18775928649286638,-0.16647607400785067,-0.10722873826320188,0.05,1.0,0.0,0.02,1e-09
47.65947563499503,-1,0.14459613750969655,0.16849962385331135,-0.1677429338889408,0.10920622710310887,0.1318893807133511,-0.18775928649286638,-0.16647607400785067,-0.10722873826320188,0.05,1.0,0.0,0.02,1e-09
47.71246476200031,-1,0.14459613750969655,0.16849962385331135,-0.1677429338889408,0.10920622710310887,0.1318893807133511,-0.18775928649286638,-0.16647607400785067,-0.10722873826320188,0.05,1.0,0.0,0.02,1e-09
47.759220669999195,-1,0.14459613750969655,0.16849962385331135,-0.1677429338889408,0.10920622710310887,0.1318893807133511,-0.18775928649286638,-0.16647607400785067,-0.10722873826320188,0.05,1.0,0.0,0.02,1e-09
47.817059153996524,-1,0.14459613750969655,0.16849962385331135,-0.1677429338889408,0.10920622710310887,0.1318893807133511,-0.18775928649286638,-0.16647607400785067,-0.10722873826320188,0.05,1.0,0.0,0.02,1e-09
47.8687324249986,-1,0.14459613750969655,0.16849962385331135,-0.1677429338889408,0.10920622710310887,0.1318893807133511,-0.18775928649286638,-0.16647607400785067,-0.10722873826320188,0.05,1.0,0.0,0.02,1e-09
47.91625662899605,-1,0.14621526759342943,0.16652184132932069,-0.16695365914716145,0.11410294792968567,0.13424424488074901,-0.18631459036409775,-0.16545720046469617,-0.11204476262420532,0.05,1.0,0.0,0.02,1e-09
47.96264540699485,-1,0.14621526759342943,0.16652184132932069,-0.16695365914716145,0.11410294792968567,0.13424424488074901,-0.18631459036409775,-0.16545720046469617,-0.11204476262420532,0.05,1.0,0.0,0.02,1e-09
48.016487973996846,-1,0.14902567677435305,0.1651846230323074,-0.16563841350206182,0.1257453368757735,0.13791673685240152,-0.18593416539517763,-0.16183720089030829,-0.12289494814875526,0.05,1.0,0.0,0.02,1e-09
48.05630609799846,-1,0.14902567677435305,0.1651846230323074,-0.16563841350206182,0.1257453368757735,0.13791673685240152,-0.18593416539517763,-0.16183720089030829,-0.12289494814875526,0.05,1.0,0.0,0.02,1e-09
48.11006883200025,-1,0.14902567677435305,0.1651846230323074,-0.16563841350206182,0.1257453368757735,0.13791673685240152,-0.18593416539517763,-0.16183720089030829,-0.12289494814875526,0.05,1.0,0.0,0.02,1e-09
48.160382551999646,-1,0.15892057831298498,0.1708820163337435,-0.17038343380555615,0.14565000521666657,0.1471092603898672,-0.1934715272592782,-0.16121602749425276,-0.13943038735415042,0.05,1.0,0.0,0.02,1e-09
48.20937910200155,-1,0.15892057831298498,0.1708820163337435,-0.17038343380555615,0.14565000521666657,0.1471092603898672,-0.1934715272592782,-0.16121602749425276,-0.13943038735415042,0.05,1.0,0.0,0.02,1e-09
48.25911259699933,-1,0.17516107150746302,0.18213663937364305,-0.17713590327177656,0.17417037003178687,0.16132212090568768,-0.207303848710621,-0.16601340261047434,-0.16385569956595153,0.05,1.0,0.0,0.02,1e-09
48.31055972800095,-1,0.17516107150746302,0.18213663937364305,-0.17713590327177656,0.17417037003178687,0.16132212090568768,-0.207303848710621,-0.16601340261047434,-0.16385569956595153,0.05,1.0,0.0,0.02,1e-09
48.364976595999906,-1,0.19508518982957146,0.1965313074735907,-0.1879184071825466,0.20108692676006745,0.17831688305968352,-0.224556676215574,-0.17689465146883399,-0.18787525494229967,0.05,1.0,0.0,0.02,1e-09
48.41125415299757,-1,0.19508518982957146,0.1965313074735907,-0.1879184071825466,0.20108692676006745,0.17831688305968352,-0.224556676215574,-0.17689465146883399,-0.18787525494229967,0.05,1.0,0.0,0.02,1e-09
48.460737294000864,-1,0.21427201105450602,0.21055658012389084,-0.19911027001226217,0.22478394827917825,0.19437686831701526,-0.24106195058799723,-0.18924546819734783,-0.2100731683773578,0.05,1.0,0.0,0.02,1e-09
48.507380468996416,-1,0.21427201105450602,0.21055658012389084,-0.19911027001226217,0.22478394827917825,0.19437686831701526,-0.24106195058799723,-0.18924546819734783,-0.2100731683773578,0.05,1.0,0.0,0.02,1e-09
48.565284136995615,-1,0.21427201105450602,0.21055658012389084,-0.19911027001226217,0.22478394827917825,0.19437686831701526,-0.24106195058799723,-0.18924546819734783,-0.2100731683773578,0.05,1.0,0.0,0.02,1e-09
48.61415876999672,-1,0.2269021376923349,0.21974252638072356,-0.20579914646899425,0.24072292002990364,0.20479347063473874,-0.2517120385533179,-0.19712489582916493,-0.22549027291469298,0.05,1.0,0.0,0.02,1e-09
48.657363622995035,-1,0.2269021376923349,0.21974252638072356,-0.20579914646899425,0.24072292002990364,0.20479347063473874,-0.2517120385533179,-0.19712489582916493,-0.22549027291469298,0.05,1.0,0.0,0.02,1e-09
48.71035898899572,-1,0.2269021376923349,0.21974252638072356,-0.20579914646899425,0.24072292002990364,0.20479347063473874,-0.2517120385533179,-0.19712489582916493,-0.22549027291469298,0.05,1.0,0.0,0.02,1e-09
48.759174196995446,-1,0.23365075644708436,0.22459360813777013,-0.20870423366720892,0.24976065566802824,0.2103018838243653,-0.2572749065255139,-0.2008253789507773,-0.23438543061135458,0.05,1.0,0.0,0.02,1e-09
48.81454373399902,-1,0.23365075644708436,0.22459360813777013,-0.20870423366720892,0.24976065566802824,0.2103018838243653,-0.2572749065255139,-0.2008253789507773,-0.23438543061135458,0.05,1.0,0.0,0.02,1e-09
48.862329351999506,-1,0.23365075644708436,0.22459360813777013,-0.20870423366720892,0.24976065566802824,0.2103018838243653,-0.2572749065255139,-0.2008253789507773,-0.23438543061135458,0.05,1.0,0.0,0.02,1e-09
48.90930859299988,-1,0.2373622502139689,0.22723983223745964,-0.21004490624607686,0.2549243672710049,0.2133090928988693,-0.26028543912260377,-0.20266365757140065,-0.23952575336447451,0.05,1.0,0.0,0.02,1e-09
48.95884869599831,-1,0.2373622502139689,0.22723983223745964,-0.21004490624607686,0.2549243672710049,0.2133090928988693,-0.26028543912260377,-0.20266365757140065,-0.23952575336447451,0.05,1.0,0.0,0.02,1e-09
49.01700228499976,-1,0.2394534874760668,0.22872281455845694,-0.21070454370673497,0.2579045472835626,0.21499516920406123,-0.2619635369326659,-0.2036258956770268,-0.2425138270884522,0.05,1.0,0.0,0.02,1e-09
49.0582891419981,-1,0.2394534874760668,0.22872281455845694,-0.21070454370673497,0.2579045472835626,0.21499516920406123,-0.2619635369326659,-0.2036258956770268,-0.2425138270884522,0.05,1.0,0.0,0.02,1e-09
49.10724651200144,-1,0.2394534874760668,0.22872281455845694,-0.21070454370673497,0.2579045472835626,0.21499516920406123,-0.2619635369326659,-0.2036258956770268,-0.2425138270884522,0.05,1.0,0.0,0.02,1e-09
49.15988747499796,-1,0.24065236875849336,0.22957007739425744,-0.21104784386305375,0.2596385245173586,0.21595872880666833,-0.2629189491819974,-0.2041507265030459,-0.244260120802764,0.05,1.0,0.0,0.02,1e-09
49.212405835001846,-1,0.24065236875849336,0.22957007739425744,-0.21104784386305375,0.2596385245173586,0.21595872880666833,-0.2629189491819974,-0.2041507265030459,-0.244260120802764,0.05,1.0,0.0,0.02,1e-09
49.25935289100016,-1,0.24065236875849336,0.22957007739425744,-0.21104784386305375,0.2596385245173586,0.21595872880666833,-0.2629189491819974,-0.2041507265030459,-0.244260120802764,0.05,1.0,0.0,0.02,1e-09
49.30832119599654,-1,0.2413475577559359,0.23006033359521516,-0.21123442250044744,0.26065307154112405,0.21651636788933495,-0.26347058625977793,-0.20444544592812688,-0.245284625757328,0.05,1.0,0.0,0.02,1e-09
49.37343443099962,-1,0.2413475577559359,0.23006033359521516,-0.21123442250044744,0.26065307154112405,0.21651636788933495,-0.26347058625977793,-0.20444544592812688,-0.245284625757328,0.05,1.0,0.0,0.02,1e-09
49.40680084799533,-1,0.2413475577559359,0.23006033359521516,-0.21123442250044744,0.26065307154112405,0.21651636788933495,-0.26347058625977793,-0.20444544592812688,-0.245284625757328,0.05,1.0,0.0,0.02,1e-09
49.46529840499716,-1,0.24175357888571258,0.23034629602438889,-0.21133896523057638,0.26124881851637577,0.21684166480623598,-0.2637919252991993,-0.20461416627681028,-0.24588719208866272,0.05,1.0,0.0,0.02,1e-09
49.51352393999696,-1,0.24175357888571258,0.23034629602438889,-0.21133896523057638,0.26124881851637577,0.21684166480623598,-0.2637919252991993,-0.20461416627681028,-0.24588719208866272,0.05,1.0,0.0,0.02,1e-09
49.562618081996334,-1,0.24175357888571258,0.23034629602438889,-0.21133896523057638,0.26124881851637577,0.21684166480623598,-0.2637919252991993,-0.20461416627681028,-0.24588719208866272,0.05,1.0,0.0,0.02,1e-09
49.6114023639966,-1,0.24199175984744747,0.23051391806522387,-0.21139873301695133,0.2615994240598088,0.2170323540160256,-0.2639801334862572,-0.2047119405027509,-0.2462421524934451,0.05,1.0,0.0,0.02,1e-09
49.667642708998756,-1,0.24199175984744747,0.23051391806522387,-0.21139873301695133,0.2615994240598088,0.2170323540160256,-0.2639801334862572,-0.2047119405027509,-0.2462421524934451,0.05,1.0,0.0,0.02,1e-09
49.71165424499486,-1,0.24199175984744747,0.23051391806522387,-0.21139873301695133,0.2615994240598088,0.2170323540160256,-0.2639801334862572,-0.2047119405027509,-0.2462421524934451,0.05,1.0,0.0,0.02,1e-09
49.760052261000965,-1,0.24213185410100843,0.23061246515625,-0.21143334052063506,0.2618060396246911,0.2171444662342024,-0.2640907305673641,-0.20476902845414,-0.2464514540789654,0.05,1.0,0.0,0.02,1e-09
49.80587946599553,-1,0.24213185410100843,0.23061246515625,-0.21143334052063506,0.2618060396246911,0.2171444662342024,-0.2640907305673641,-0.20476902845414,-0.2464514540789654,0.05,1.0,0.0,0.02,1e-09
49.85876321899559,-1,0.24213185410100843,0.23061246515625,-0.21143334052063506,0.2618060396246911,0.2171444662342024,-0.2640907305673641,-0.20476902845414,-0.2464514540789654,0.05,1.0,0.0,0.02,1e-09
49.9114405299988,-1,0.2422143866151152,0.23067050543284118,-0.21145353712260898,0.2619278992385843,0.2172104970043394,-0.2641558492037542,-0.2048025128361898,-0.24657493984344292,0.05,1.0,0.0,0.02,1e-09
49.96146384000167,-1,0.2422143866151152,0.23067050543284118,-0.21145353712260898,0.2619278992385843,0.2172104970043394,-0.2641558492037542,-0.2048025128361898,-0.24657493984344292,0.05,1.0,0.0,0.02,1e-09
50.00576306400035,-1,0.2422143866151152,0.23067050543284118,-0.21145353712260898,0.2619278992385843,0.2172104970043394,-0.2641558492037542,-0.2048025128361898,-0.24657493984344292,0.05,1.0,0.0,0.02,1e-09
50.06483512699924,-1,0.2422630542894866,0.2307047249909117,-0.211465379750639,0.26199980549866747,0.21724942805285763,-0.2641942355613378,-0.20482220636257487,-0.24664782028480603,0.05,1.0,0.0,0.02,1e-09
50.1114274520005,-1,0.2422630542894866,0.2307047249909117,-0.211465379750639,0.26199980549866747,0.21724942805285763,-0.2641942355613378,-0.20482220636257487,-0.24664782028480603,0.05,1.0,0.0,0.02,1e-09
50.159343772000284,-1,0.24229176870125324,0.2307249129275502,-0.21147234367202936,0.2620422477482861,0.21727239570371637,-0.26421687945651745,-0.20483380775021748,-0.24669084263558738,0.05,1.0,0.0,0.02,1e-09
50.29577155700099,-1,0.24229176870125324,0.2307249129275502,-0.21147234367202936,0.2620422477482861,0.21727239570371637,-0.26421687945651745,-0.20483380775021748,-0.24669084263558738,0.05,1.0,0.0,0.02,1e-09
50.31078816099762,-1,0.24229176870125324,0.2307249129275502,-0.21147234367202936,0.2620422477482861,0.21727239570371637,-0.26421687945651745,-0.20483380775021748,-0.24669084263558738,0.05,1.0,0.0,0.02,1e-09
50.33344361100171,-1,0.24230871612862434,0.2307368272974184,-0.21147644567829857,0.2620673033070488,0.2172859506360654,-0.2642302424749478,-0.20484064869020635,-0.24671624243478102,0.05,1.0,0.0,0.02,1e-09
50.360084369000106,-1,0.24230871612862434,0.2307368272974184,-0.21147644567829857,0.2620673033070488,0.2172859506360654,-0.2642302424749478,-0.20484064869020635,-0.24671624243478102,0.05,1.0,0.0,0.02,1e-09
50.413548297998204,-1,0.24230871612862434,0.2307368272974184,-0.21147644567829857,0.2620673033070488,0.2172859506360654,-0.2642302424749478,-0.20484064869020635,-0.24671624243478102,0.05,1.0,0.0,0.02,1e-09
50.4564912739952,-1,0.24231872057245016,0.23074386037867084,-0.21147886434440075,0.26208209621444106,0.21729395216495612,-0.26423813042275013,-0.2048446848610293,-0.2467312392020249,0.05,1.0,0.0,0.02,1e-09
50.5083798439955,-1,0.24231872057245016,0.23074386037867084,-0.21147886434440075,0.26208209621444106,0.21729395216495612,-0.26423813042275013,-0.2048446848610293,-0.2467312392020249,0.05,1.0,0.0,0.02,1e-09
50.56445082600112,-1,0.24231872057245016,0.23074386037867084,-0.21147886434440075,0.26208209621444106,0.21729395216495612,-0.26423813042275013,-0.2048446848610293,-0.2467312392020249,0.05,1.0,0.0,0.02,1e-09
50.60871632999624,-1,0.24232462710614433,0.23074801256417,-0.2114802913112979,0.26209083052678384,0.21729867610778045,-0.26424278720712624,-0.20484706701614508,-0.24674009409830916,0.05,1.0,0.0,0.02,1e-09
50.66215797999757,-1,0.24232462710614433,0.23074801256417,-0.2114802913112979,0.26209083052678384,0.21729867610778045,-0.26424278720712624,-0.20484706701614508,-0.24674009409830916,0.05,1.0,0.0,0.02,1e-09
50.70860791599989,-1,0.24232462710614433,0.23074801256417,-0.2114802913112979,0.26209083052678384,0.21729867610778045,-0.26424278720712624,-0.20484706701614508,-0.24674009409830916,0.05,1.0,0.0,0.02,1e-09
50.75987597299536,-1,0.24232811450915284,0.23075046411680378,-0.21148113348750008,0.26209598778395277,0.21730146524199762,-0.26424553665371536,-0.2048484732480286,-0.2467453226340675,0.05,1.0,0.0,0.02,1e-09
50.818785208997724,-1,0.24232811450915284,0.23075046411680378,-0.21148113348750008,0.26209598778395277,0.21730146524199762,-0.26424553665371536,-0.2048484732480286,-0.2467453226340675,0.05,1.0,0.0,0.02,1e-09
50.85876171400014,-1,0.24232811450915284,0.23075046411680378,-0.21148113348750008,0.26209598778395277,0.21730146524199762,-0.26424553665371536,-0.2048484732480286,-0.2467453226340675,0.05,1.0,0.0,0.02,1e-09
50.91134298399993,-1,0.24232811450915284,0.23075046411680378,-0.21148113348750008,0.26209598778395277,0.21730146524199762,-0.26424553665371536,-0.2048484732480286,-0.2467453226340675,0.05,1.0,0.0,0.02,1e-09
50.95895822899911,-1,0.24233017366564685,0.23075191163967795,-0.21148163063416575,0.26209903300086457,0.2173031120908666,-0.2642471600564683,-0.20484930347225683,-0.24674840996556363,0.05,1.0,0.0,0.02,1e-09
51.009345166996354,-1,0.24233017366564685,0.23075191163967795,-0.21148163063416575,0.26209903300086457,0.2173031120908666,-0.2642471600564683,-0.20484930347225683,-0.24674840996556363,0.05,1.0,0.0,0.02,1e-09
51.05832651899982,-1,0.2423313895339401,0.2307527663538675,-0.21148192414146508,0.2621008311386649,0.21730408450134933,-0.2642481186184337,-0.2048497936618653,-0.2467502329807003,0.05,1.0,0.0,0.02,1e-09
51.11711751999974,-1,0.2423313895339401,0.2307527663538675,-0.21148192414146508,0.2621008311386649,0.21730408450134933,-0.2642481186184337,-0.2048497936618653,-0.2467502329807003,0.05,1.0,0.0,0.02,1e-09
51.15917521400115,-1,0.2423313895339401,0.2307527663538675,-0.21148192414146508,0.2621008311386649,0.21730408450134933,-0.2642481186184337,-0.2048497936618653,-0.2467502329807003,0.05,1.0,0.0,0.02,1e-09
51.219885357997555,-1,0.2423321074802615,0.23075327104430898,-0.2114820974367989,0.26210189291034025,0.21730465868669846,-0.2642486846250334,-0.2048500830992888,-0.2467513094479174,0.05,1.0,0.0,0.02,1e-09
51.26335077299882,-1,0.2423321074802615,0.23075327104430898,-0.2114820974367989,0.26210189291034025,0.21730465868669846,-0.2642486846250334,-0.2048500830992888,-0.2467513094479174,0.05,1.0,0.0,0.02,1e-09
51.30749676399864,-1,0.2423321074802615,0.23075327104430898,-0.2114820974367989,0.26210189291034025,0.21730465868669846,-0.2642486846250334,-0.2048500830992888,-0.2467513094479174,0.05,1.0,0.0,0.02,1e-09
51.36025388199778,-1,0.2423325314146248,0.2307535690542044,-0.21148219975964402,0.26210251987176003,0.21730499773324977,-0.2642490188417265,-0.20485025400076792,-0.24675194508573534,0.05,1.0,0.0,0.02,1e-09
51.421918829997594,-1,0.2423325314146248,0.2307535690542044,-0.21148219975964402,0.26210251987176003,0.21730499773324977,-0.2642490188417265,-0.20485025400076792,-0.24675194508573534,0.05,1.0,0.0,0.02,1e-09
51.4601169239977,-1,0.2423325314146248,0.2307535690542044,-0.21148219975964402,0.26210251987176003,0.21730499773324977,-0.2642490188417265,-0.20485025400076792,-0.24675194508573534,0.05,1.0,0.0,0.02,1e-09
51.50777734699659,-1,0.24233278174356432,0.23075374502618173,-0.21148226017800748,0.2621028900850795,0.21730519793486996,-0.2642492161911103,-0.20485035491781042,-0.24675232042623624,0.05,1.0,0.0,0.02,1e-09
51.55939276400022,-1,0.24233278174356432,0.23075374502618173,-0.21148226017800748,0.2621028900850795,0.21730519793486996,-0.2642492161911103,-0.20485035491781042,-0.24675232042623624,0.05,1.0,0.0,0.02,1e-09
51.61164221899526,-1,0.24233278174356432,0.23075374502618173,-0.21148226017800748,0.2621028900850795,0.21730519793486996,-0.2642492161911103,-0.20485035491781042,-0.24675232042623624,0.05,1.0,0.0,0.02,1e-09
51.665609226001834,-1,0.2423329295567913,0.23075384893271456,-0.21148229585916442,0.26210310869821646,0.2173053161518716,-0.2642493327238349,-0.20485041450428182,-0.24675254205761993,0.05,1.0,0.0,0.02,1e-09
51.715539498,-1,0.2423329295567913,0.23075384893271456,-0.21148229585916442,0.26210310869821646,0.2173053161518716,-0.2642493327238349,-0.20485041450428182,-0.24675254205761993,0.05,1.0,0.0,0.02,1e-09
51.764571820996935,-1,0.2423329295567913,0.23075384893271456,-0.21148229585916442,0.26210310869821646,0.2173053161518716,-0.2642493327238349,-0.20485041450428182,-0.24675254205761993,0.05,1.0,0.0,0.02,1e-09
51.81812725799682,-1,0.2423329295567913,0.23075384893271456,-0.21148229585916442,0.26210310869821646,0.2173053161518716,-0.2642493327238349,-0.20485041450428182,-0.24675254205761993,0.05,1.0,0.0,0.02,1e-09
51.85669776699797,-1,0.24233301683818478,0.23075391028865794,-0.21148231692375422,0.2621032377821099,0.21730538595733617,-0.26424940153480336,-0.2048504496897932,-0.24675267292875186,0.05,1.0,0.0,0.02,1e-09
51.91095684199536,-1,0.24233301683818478,0.23075391028865794,-0.21148231692375422,0.2621032377821099,0.21730538595733617,-0.26424940153480336,-0.2048504496897932,-0.24675267292875186,0.05,1.0,0.0,0.02,1e-09
51.95950166599505,-1,0.24233301683818478,0.23075391028865794,-0.21148231692375422,0.2621032377821099,0.21730538595733617,-0.26424940153480336,-0.2048504496897932,-0.24675267292875186,0.05,1.0,0.0,0.02,1e-09
52.01707260400144,-1,0.24233306837843743,0.2307539465198546,-0.21148232936127612,0.2621033140034032,0.21730542717676543,-0.26424944216697727,-0.20485047046654617,-0.24675275020662407,0.05,1.0,0.0,0.02,1e-09
52.06389614100044,-1,0.24233306837843743,0.2307539465198546,-0.21148232936127612,0.2621033140034032,0.21730542717676543,-0.26424944216697727,-0.20485047046654617,-0.24675275020662407,0.05,1.0,0.0,0.02,1e-09
52.11876124599803,-1,0.24233306837843743,0.2307539465198546,-0.21148232936127612,0.2621033140034032,0.21730542717676543,-0.26424944216697727,-0.20485047046654617,-0.24675275020662407,0.05,1.0,0.0,0.02,1e-09
52.16506818799826,-1,0.24233309881234305,0.23075396791393848,-0.21148233670524857,0.2621033590109447,0.2173054515164138,-0.2642494661598211,-0.2048504827346147,-0.24675279583797965,0.05,1.0,0.0,0.02,1e-09
52.21296289299789,-1,0.24233309881234305,0.23075396791393848,-0.21148233670524857,0.2621033590109447,0.2173054515164138,-0.2642494661598211,-0.2048504827346147,-0.24675279583797965,0.05,1.0,0.0,0.02,1e-09
52.27155284699984,-1,0.24233309881234305,0.23075396791393848,-0.21148233670524857,0.2621033590109447,0.2173054515164138,-0.2642494661598211,-0.2048504827346147,-0.24675279583797965,0.05,1.0,0.0,0.02,1e-09
52.30748421399767,-1,0.24233311674339095,0.23075398051504853,-0.21148234104080252,0.2621033855869646,0.217305465888726,-0.26424948032734996,-0.20485048993052862,-0.2467528227329417,0.05,1.0,0.0,0.02,1e-09
52.36338950700156,-1,0.24233311674339095,0.23075398051504853,-0.21148234104080252,0.2621033855869646,0.217305465888726,-0.26424948032734996,-0.20485048993052862,-0.2467528227329417,0.05,1.0,0.0,0.02,1e-09
52.40975038399483,-1,0.24233311674339095,0.23075398051504853,-0.21148234104080252,0.2621033855869646,0.217305465888726,-0.26424948032734996,-0.20485048993052862,-0.2467528227329417,0.05,1.0,0.0,0.02,1e-09
52.475823428001604,-1,0.24233312733582343,0.23075398795887458,-0.21148234360143842,0.26210340127997106,0.21730547437533618,-0.2642494886930485,-0.20485049418320703,-0.24675283861776232,0.05,1.0,0.0,0.02,1e-09
52.50806492799893,-1,0.24233312733582343,0.23075398795887458,-0.21148234360143842,0.26210340127997106,0.21730547437533618,-0.2642494886930485,-0.20485049418320703,-0.24675283861776232,0.05,1.0,0.0,0.02,1e-09
52.559849063,-1,0.24233312733582343,0.23075398795887458,-0.21148234360143842,0.26210340127997106,0.21730547437533618,-0.2642494886930485,-0.20485049418320703,-0.24675283861776232,0.05,1.0,0.0,0.02,1e-09
52.61634680199495,-1,0.24233313362695394,0.2307539923838856,-0.21148234511418687,0.26210341054749675,0.21730547938660702,-0.2642494936329796,-0.2048504967413382,-0.24675284804648812,0.05,1.0,0.0,0.02,1e-09
52.66127815399523,-1,0.24233313362695394,0.2307539923838856,-0.21148234511418687,0.26210341054749675,0.21730547938660702,-0.2642494936329796,-0.2048504967413382,-0.24675284804648812,0.05,1.0,0.0,0.02,1e-09
52.71532413599925,-1,0.24233313362695394,0.2307539923838856,-0.21148234511418687,0.26210341054749675,0.21730547938660702,-0.2642494936329796,-0.2048504967413382,-0.24675284804648812,0.05,1.0,0.0,0.02,1e-09
52.755578323994996,-1,0.24233313734380119,0.23075399499885746,-0.21148234600799984,0.26210341602090736,0.21730548234515054,-0.26424949654992824,-0.20485049825458534,-0.24675285361737037,0.05,1.0,0.0,0.02,1e-09
52.814150132995564,-1,0.24233313734380119,0.23075399499885746,-0.21148234600799984,0.26210341602090736,0.21730548234515054,-0.26424949654992824,-0.20485049825458534,-0.24675285361737037,0.05,1.0,0.0,0.02,1e-09
52.862495208995824,-1,0.2423331395364212,0.23075399654189938,-0.2114823465372939,0.2621034192558992,0.21730548409218522,-0.2642494982726023,-0.20485049914988848,-0.24675285690951826,0.05,1.0,0.0,0.02,1e-09
52.91196291399683,-1,0.2423331395364212,0.23075399654189938,-0.2114823465372939,0.2621034192558992,0.21730548409218522,-0.2642494982726023,-0.20485049914988848,-0.24675285690951826,0.05,1.0,0.0,0.02,1e-09
52.9833711579995,-1,0.2423331395364212,0.23075399654189938,-0.2114823465372939,0.2621034192558992,0.21730548409218522,-0.2642494982726023,-0.20485049914988848,-0.24675285690951826,0.05,1.0,0.0,0.02,1e-09
53.011760386994865,-1,0.2423331408407498,0.23075399746022918,-0.2114823468475286,0.2621034211626368,0.21730548512243802,-0.2642494992884107,-0.20485049968671246,-0.24675285886153336,0.05,1.0,0.0,0.02,1e-09
53.05877508699632,-1,0.2423331408407498,0.23075399746022918,-0.2114823468475286,0.2621034211626368,0.21730548512243802,-0.2642494992884107,-0.20485049968671246,-0.24675285886153336,0.05,1.0,0.0,0.02,1e-09
53.12345944000117,-1,0.2423331408407498,0.23075399746022918,-0.2114823468475286,0.2621034211626368,0.21730548512243802,-0.2642494992884107,-0.20485049968671246,-0.24675285886153336,0.05,1.0,0.0,0.02,1e-09
53.159769550999044,-1,0.24233314160119448,0.23075399799411977,-0.21148234703346086,0.2621034222909923,0.21730548573333755,-0.2642494998903697,-0.20485049999057436,-0.24675286000009317,0.05,1.0,0.0,0.02,1e-09
53.20743905699783,-1,0.24233314160119448,0.23075399799411977,-0.21148234703346086,0.2621034222909923,0.21730548573333755,-0.2642494998903697,-0.20485049999057436,-0.24675286000009317,0.05,1.0,0.0,0.02,1e-09
53.25972448999528,-1,0.24233314160119448,0.23075399799411977,-0.21148234703346086,0.2621034222909923,0.21730548573333755,-0.2642494998903697,-0.20485049999057436,-0.24675286000009317,0.05,1.0,0.0,0.02,1e-09
53.315883142997336,-1,0.24233314205100592,0.23075399830955384,-0.21148234714144207,0.26210342295466765,0.21730548609391828,-0.264249500244944,-0.20485050017142084,-0.24675286067315128,0.05,1.0,0.0,0.02,1e-09
53.364128594999784,-1,0.24233314205100592,0.23075399830955384,-0.21148234714144207,0.26210342295466765,0.21730548609391828,-0.264249500244944,-0.20485050017142084,-0.24675286067315128,0.05,1.0,0.0,0.02,1e-09
53.41207508400112,-1,0.24233314205100592,0.23075399830955384,-0.21148234714144207,0.26210342295466765,0.21730548609391828,-0.264249500244944,-0.20485050017142084,-0.24675286067315128,0.05,1.0,0.0,0.02,1e-09
53.4606245870018,-1,0.24233314231307962,0.23075399849336203,-0.21148234720351727,0.2621034233447508,0.21730548630644733,-0.2642495004541731,-0.20485050027269522,-0.24675286106473293,0.05,1.0,0.0,0.02,1e-09
53.508417095996265,-1,0.24233314231307962,0.23075399849336203,-0.21148234720351727,0.2621034233447508,0.21730548630644733,-0.2642495004541731,-0.20485050027269522,-0.24675286106473293,0.05,1.0,0.0,0.02,1e-09
53.56357941500028,-1,0.24233314247617355,0.23075399860826185,-0.2114823472455498,0.2621034235818078,0.21730548643170816,-0.26424950057743307,-0.20485050034562374,-0.24675286131052543,0.05,1.0,0.0,0.02,1e-09
53.611977945001854,-1,0.24233314247617355,0.23075399860826185,-0.2114823472455498,0.2621034235818078,0.21730548643170816,-0.26424950057743307,-0.20485050034562374,-0.24675286131052543,0.05,1.0,0.0,0.02,1e-09
53.65895715900115,-1,0.24233314247617355,0.23075399860826185,-0.2114823472455498,0.2621034235818078,0.21730548643170816,-0.26424950057743307,-0.20485050034562374,-0.24675286131052543,0.05,1.0,0.0,0.02,1e-09
53.70750192600099,-1,0.2423331425756376,0.230753998678559,-0.21148234726758885,0.26210342371821876,0.21730548650525885,-0.26424950064973124,-0.2048505003910696,-0.24675286145776582,0.05,1.0,0.0,0.02,1e-09
53.76257769199583,-1,0.2423331425756376,0.230753998678559,-0.21148234726758885,0.26210342371821876,0.21730548650525885,-0.26424950064973124,-0.2048505003910696,-0.24675286145776582,0.05,1.0,0.0,0.02,1e-09
53.821988338000665,-1,0.2423331425756376,0.230753998678559,-0.21148234726758885,0.26210342371821876,0.21730548650525885,-0.26424950064973124,-0.2048505003910696,-0.24675286145776582,0.05,1.0,0.0,0.02,1e-09
53.86159683999722,-1,0.24233314262985603,0.2307539987165087,-0.21148234728441132,0.2621034238037965,0.21730548654986376,-0.2642495006938475,-0.2048505004147762,-0.2467528615421546,0.05,1.0,0.0,0.02,1e-09
53.9196588900013,-1,0.24233314262985603,0.2307539987165087,-0.21148234728441132,0.2621034238037965,0.21730548654986376,-0.2642495006938475,-0.2048505004147762,-0.2467528615421546,0.05,1.0,0.0,0.02,1e-09
53.955641818000004,-1,0.24233314262985603,0.2307539987165087,-0.21148234728441132,0.2621034238037965,0.21730548654986376,-0.2642495006938475,-0.2048505004147762,-0.2467528615421546,0.05,1.0,0.0,0.02,1e-09
54.013078821997624,-1,0.2423331426636947,0.23075399874042718,-0.21148234728962936,0.26210342384794233,0.2173054865759599,-0.2642495007194853,-0.2048505004276687,-0.24675286158980775,0.05,1.0,0.0,0.02,1e-09
54.06192920600006,-1,0.2423331426636947,0.23075399874042718,-0.21148234728962936,0.26210342384794233,0.2173054865759599,-0.2642495007194853,-0.2048505004276687,-0.24675286158980775,0.05,1.0,0.0,0.02,1e-09
54.113816400997166,-1,0.2423331426636947,0.23075399874042718,-0.21148234728962936,0.26210342384794233,0.2173054865759599,-0.2642495007194853,-0.2048505004276687,-0.24675286158980775,0.05,1.0,0.0,0.02,1e-09
54.16061373699631,-1,0.23969674703416866,0.23532992022861393,-0.21800999739727017,0.25691625360639797,0.2135774931201815,-0.2681291719562419,-0.21122717902085372,-0.2420546453320715,0.05,1.0,0.0,0.02,1e-09
54.21195318899845,-1,0.23969674703416866,0.23532992022861393,-0.21800999739727017,0.25691625360639797,0.2135774931201815,-0.2681291719562419,-0.21122717902085372,-0.2420546453320715,0.05,1.0,0.0,0.02,1e-09
54.26840071199695,-1,0.23969674703416866,0.23532992022861393,-0.21800999739727017,0.25691625360639797,0.2135774931201815,-0.2681291719562419,-0.21122717902085372,-0.2420546453320715,0.05,1.0,0.0,0.02,1e-09
54.309133907001524,-1,0.23391346467940635,0.23801228770898197,-0.23847405197907656,0.22922872312631448,0.20698002011928998,-0.2695055478229505,-0.23310327439814268,-0.21786113861094242,0.05,1.0,0.0,0.02,1e-09
54.36815805299557,-1,0.23391346467940635,0.23801228770898197,-0.23847405197907656,0.22922872312631448,0.20698002011928998,-0.2695055478229505,-0.23310327439814268,-0.21786113861094242,0.05,1.0,0.0,0.02,1e-09
54.40937195299921,-1,0.23391346467940635,0.23801228770898197,-0.23847405197907656,0.22922872312631448,0.20698002011928998,-0.2695055478229505,-0.23310327439814268,-0.21786113861094242,0.05,1.0,0.0,0.02,1e-09
54.47424315800163,-1,0.2198410658569912,0.23030615737437632,-0.24706505969612855,0.18388351766723138,0.19470008042247963,-0.2600137714476662,-0.2425612753409874,-0.17554411846960682,0.05,1.0,0.0,0.02,1e-09
54.50896433599701,-1,0.2198410658569912,0.23030615737437632,-0.24706505969612855,0.18388351766723138,0.19470008042247963,-0.2600137714476662,-0.2425612753409874,-0.17554411846960682,0.05,1.0,0.0,0.02,1e-09
54.56056225999782,-1,0.20147153334947251,0.21661600699247874,-0.23461114258398644,0.15237275289040642,0.17933696339950528,-0.24403552255857636,-0.23091381798401156,-0.1460977997058691,0.05,1.0,0.0,0.02,1e-09
54.61489262300165,-1,0.20147153334947251,0.21661600699247874,-0.23461114258398644,0.15237275289040642,0.17933696339950528,-0.24403552255857636,-0.23091381798401156,-0.1460977997058691,0.05,1.0,0.0,0.02,1e-09
54.664726024995616,-1,0.1820113298432863,0.20062434172010585,-0.2136770745790962,0.13295700891788517,0.16318599406136172,-0.2254547873377124,-0.2106983371332201,-0.12829453543018027,0.05,1.0,0.0,0.02,1e-09
54.712523892994795,-1,0.1820113298432863,0.20062434172010585,-0.2136770745790962,0.13295700891788517,0.16318599406136172,-0.2254547873377124,-0.2106983371332201,-0.12829453543018027,0.05,1.0,0.0,0.02,1e-09
54.75979304499924,-1,0.16690096296404888,0.1877791355687806,-0.19562239382643484,0.12207643750219657,0.1506037321189537,-0.21045659606046088,-0.19323508645178417,-0.11853597916597441,0.05,1.0,0.0,0.02,1e-09
54.817666188995645,-1,0.16690096296404888,0.1877791355687806,-0.19562239382643484,0.12207643750219657,0.1506037321189537,-0.21045659606046088,-0.19323508645178417,-0.11853597916597441,0.05,1.0,0.0,0.02,1e-09
54.85914147400035,-1,0.16690096296404888,0.1877791355687806,-0.19562239382643484,0.12207643750219657,0.1506037321189537,-0.21045659606046088,-0.19323508645178417,-0.11853597916597441,0.05,1.0,0.0,0.02,1e-09
54.975031800997385,-1,0.15779690435133759,0.1799537067836124,-0.18439811423246097,0.116380593563486,0.1429852118741122,-0.20127009220937628,-0.18243776940912373,-0.1134933329936895,0.05,1.0,0.0,0.02,1e-09
54.991727246000664,-1,0.15779690435133759,0.1799537067836124,-0.18439811423246097,0.116380593563486,0.1429852118741122,-0.20127009220937628,-0.18243776940912373,-0.1134933329936895,0.05,1.0,0.0,0.02,1e-09
55.010512697001104,-1,0.15239247025887825,0.17527941619430198,-0.17762986080362775,0.11329066461834167,0.1384495775116979,-0.19576567653001614,-0.17594379530610244,-0.11078153806031618,0.05,1.0,0.0,0.02,1e-09
55.06072204800148,-1,0.15239247025887825,0.17527941619430198,-0.17762986080362775,0.11329066461834167,0.1384495775116979,-0.19576567653001614,-0.17594379530610244,-0.11078153806031618,0.05,1.0,0.0,0.02,1e-09
55.11149134999869,-1,0.14919842484224807,0.17250703013937407,-0.17359615793182465,0.11156444734456707,0.1357644239396515,-0.19249493794935152,-0.17207867481561387,-0.10927516525596663,0.05,1.0,0.0,0.02,1e-09
55.167815748995054,-1,0.14919842484224807,0.17250703013937407,-0.17359615793182465,0.11156444734456707,0.1357644239396515,-0.19249493794935152,-0.17207867481561387,-0.10927516525596663,0.05,1.0,0.0,0.02,1e-09
55.20808536600089,-1,0.14731288194946296,0.17086701007528454,-0.1712038229607672,0.1105799331715599,0.1341776930063351,-0.19055801473452177,-0.16978795905751648,-0.1084191148871267,0.05,1.0,0.0,0.02,1e-09
55.26011679899966,-1,0.14731288194946296,0.17086701007528454,-0.1712038229607672,0.1105799331715599,0.1341776930063351,-0.19055801473452177,-0.16978795905751648,-0.1084191148871267,0.05,1.0,0.0,0.02,1e-09
55.31181165899761,-1,0.14619996928162746,0.16989783791290106,-0.1697880319384675,0.11001081110395279,0.13324058858766233,-0.18941265227662912,-0.16843284633821934,-0.10792534799960032,0.05,1.0,0.0,0.02,1e-09
55.39996934899682,-1,0.14619996928162746,0.16989783791290106,-0.1697880319384675,0.11001081110395279,0.13324058858766233,-0.18941265227662912,-0.16843284633821934,-0.10792534799960032,0.05,1.0,0.0,0.02,1e-09
55.40712860599888,-1,0.14554303592847367,0.16932534394004306,-0.16895103168771555,0.10967902907821597,0.13268723576035407,-0.1887358250622868,-0.16763190041240675,-0.1076378816449539,0.05,1.0,0.0,0.02,1e-09
55.46944164099841,-1,0.14554303592847367,0.16932534394004306,-0.16895103168771555,0.10967902907821597,0.13268723576035407,-0.1887358250622868,-0.16763190041240675,-0.1076378816449539,0.05,1.0,0.0,0.02,1e-09
55.5123767269979,-1,0.14554303592847367,0.16932534394004306,-0.16895103168771555,0.10967902907821597,0.13268723576035407,-0.1887358250622868,-0.16763190041240675,-0.1076378816449539,0.05,1.0,0.0,0.02,1e-09
55.57546061199537,-1,0.14515521657115585,0.16898723123323306,-0.16845646802109493,0.10948461028602216,0.132360496488658,-0.1883360038283477,-0.16715870256619492,-0.10746956656132503,0.05,1.0,0.0,0.02,1e-09
55.60925055400003,-1,0.14492624826972128,0.16878756027371938,-0.1681643248416916,0.10937032990780471,0.13216756592964568,-0.1880998598579099,-0.16687920178210786,-0.1073706775126583,0.05,1.0,0.0,0.02,1e-09
55.67189122700074,-1,0.14492624826972128,0.16878756027371938,-0.1681643248416916,0.10937032990780471,0.13216756592964568,-0.1880998598579099,-0.16687920178210786,-0.1073706775126583,0.05,1.0,0.0,0.02,1e-09
55.70898534799926,-1,0.14492624826972128,0.16878756027371938,-0.1681643248416916,0.10937032990780471,0.13216756592964568,-0.1880998598579099,-0.16687920178210786,-0.1073706775126583,0.05,1.0,0.0,0.02,1e-09
55.757978283996636,-1,0.1447910575787315,0.16866965051065597,-0.16799178038321827,0.10930303061680441,0.13205364481141652,-0.18796040111494655,-0.16671413153846804,-0.107312458700276,0.05,1.0,0.0,0.02,1e-09
55.8091676979966,-1,0.1447910575787315,0.16866965051065597,-0.16799178038321827,0.10930303061680441,0.13205364481141652,-0.18796040111494655,-0.16671413153846804,-0.107312458700276,0.05,1.0,0.0,0.02,1e-09
55.86523748799664,-1,0.14471123340333739,0.16860002396373125,-0.16788988195320825,0.10926335458913843,0.13198637647747907,-0.1878780459326725,-0.16661664967931372,-0.10727814182297982,0.05,1.0,0.0,0.02,1e-09
55.9193293290009,-1,0.14471123340333739,0.16860002396373125,-0.16788988195320825,0.10926335458913843,0.13198637647747907,-0.1878780459326725,-0.16661664967931372,-0.10727814182297982,0.05,1.0,0.0,0.02,1e-09
55.96643807999499,-1,0.14466409964456103,0.16855890950375302,-0.16782970757665922,0.10923994844865348,0.13194665554853624,-0.1878294138874605,-0.16655908432829955,-0.10725789923524769,0.05,1.0,0.0,0.02,1e-09
56.01614280600188,-1,0.14466409964456103,0.16855890950375302,-0.16782970757665922,0.10923994844865348,0.13194665554853624,-0.1878294138874605,-0.16655908432829955,-0.10725789923524769,0.05,1.0,0.0,0.02,1e-09
56.06504331799806,-1,0.14463626820045083,0.168534631593381,-0.16779417369247124,0.10922613508354755,0.13192320086306575,-0.18780069641215458,-0.1665250914249818,-0.10724595357707337,0.05,1.0,0.0,0.02,1e-09
56.107975152997824,-1,0.14463626820045083,0.168534631593381,-0.16779417369247124,0.10922613508354755,0.13192320086306575,-0.18780069641215458,-0.1665250914249818,-0.10724595357707337,0.05,1.0,0.0,0.02,1e-09
56.15980083899922,-1,0.14461983421043414,0.16852029564976456,-0.16777319076205693,0.10921798112397445,0.13190935115054545,-0.187783738773546,-0.166505018559782,-0.10723890236135854,0.05,1.0,0.0,0.02,1e-09
56.211983189998136,-1,0.14461983421043414,0.16852029564976456,-0.16777319076205693,0.10921798112397445,0.13190935115054545,-0.187783738773546,-0.166505018559782,-0.10723890236135854,0.05,1.0,0.0,0.02,1e-09
56.27731673100061,-1,0.14461013017340407,0.16851183039059575,-0.16776080036801483,0.10921316723190708,0.13190117304955373,-0.18777372536825904,-0.16649316559593805,-0.10723473958720725,0.05,1.0,0.0,0.02,1e-09
56.30653029899986,-1,0.14461013017340407,0.16851183039059575,-0.16776080036801483,0.10921316723190708,0.13190117304955373,-0.18777372536825904,-0.16649316559593805,-0.10723473958720725,0.05,1.0,0.0,0.02,1e-09
56.36516927200137,-1,0.14461013017340407,0.16851183039059575,-0.16776080036801483,0.10921316723190708,0.13190117304955373,-0.18777372536825904,-0.16649316559593805,-0.10723473958720725,0.05,1.0,0.0,0.02,1e-09
56.41346030800196,-1,0.14460440006093586,0.1685068317300465,-0.16775348390033654,0.10921032500438035,0.1318963439682253,-0.18776781252148805,-0.1664861664913767,-0.10723228182389304,0.05,1.0,0.0,0.02,1e-09
56.46630529599497,-1,0.14460440006093586,0.1685068317300465,-0.16775348390033654,0.10921032500438035,0.1318963439682253,-0.18776781252148805,-0.1664861664913767,-0.10723228182389304,0.05,1.0,0.0,0.02,1e-09
56.519858091996866,-1,0.14460101649532703,0.16850388006761818,-0.16774916357706865,0.1092086468116768,0.1318934924459234,-0.18776432103376636,-0.16648203357342034,-0.10723083064843873,0.05,1.0,0.0,0.02,1e-09
56.56851356599509,-1,0.14460101649532703,0.16850388006761818,-0.16774916357706865,0.1092086468116768,0.1318934924459234,-0.18776432103376636,-0.16648203357342034,-0.10723083064843873,0.05,1.0,0.0,0.02,1e-09
56.61667594000028,-1,0.14459901853663784,0.16850213713930126,-0.167746612461618,0.10920765589549644,0.13189180865119207,-0.18776225934140356,-0.16647959312087415,-0.10722997378192241,0.05,1.0,0.0,0.02,1e-09
56.661428804000025,-1,0.14459901853663784,0.16850213713930126,-0.167746612461618,0.10920765589549644,0.13189180865119207,-0.18776225934140356,-0.16647959312087415,-0.10722997378192241,0.05,1.0,0.0,0.02,1e-09
56.7259675230016,-1,0.144597838763047,0.16850110795715242,-0.1677451060507462,0.1092070707832884,0.1318908143874734,-0.18776104193136042,-0.16647815205602,-0.1072294678240901,0.05,1.0,0.0,0.02,1e-09
56.76069614199514,-1,0.144597838763047,0.16850110795715242,-0.1677451060507462,0.1092070707832884,0.1318908143874734,-0.18776104193136042,-0.16647815205602,-0.1072294678240901,0.05,1.0,0.0,0.02,1e-09
56.809021143999416,-1,0.144597838763047,0.16850110795715242,-0.1677451060507462,0.1092070707832884,0.1318908143874734,-0.18776104193136042,-0.16647815205602,-0.1072294678240901,0.05,1.0,0.0,0.02,1e-09
56.859453058001236,-1,0.14459714211890068,0.16850050023524366,-0.1677442165292428,0.10920672528522246,0.13189022728476876,-0.18776032306244067,-0.1664773011209266,-0.10722916906567898,0.05,1.0,0.0,0.02,1e-09
56.92211410399614,-1,0.14459714211890068,0.16850050023524366,-0.1677442165292428,0.10920672528522246,0.13189022728476876,-0.18776032306244067,-0.1664773011209266,-0.10722916906567898,0.05,1.0,0.0,0.02,1e-09
56.97096501100168,-1,0.14459673075762453,0.16850014138148428,-0.16774369127535646,0.10920652127375713,0.1318898806065178,-0.18775989857736758,-0.16647679865201695,-0.10722899265343909,0.05,1.0,0.0,0.02,1e-09
57.0195817749991,-1,0.14459673075762453,0.16850014138148428,-0.16774369127535646,0.10920652127375713,0.1318898806065178,-0.18775989857736758,-0.16647679865201695,-0.10722899265343909,0.05,1.0,0.0,0.02,1e-09
57.063122396000836,-1,0.1445964878529482,0.1684999294819103,-0.16774338111806975,0.10920640080761508,0.1318896758964836,-0.18775964792311678,-0.16647650194906508,-0.10722888848433842,0.05,1.0,0.0,0.02,1e-09
57.115058550996764,-1,0.1445964878529482,0.1684999294819103,-0.16774338111806975,0.10920640080761508,0.1318896758964836,-0.18775964792311678,-0.16647650194906508,-0.10722888848433842,0.05,1.0,0.0,0.02,1e-09
57.17092986199714,-1,0.14459634442018035,0.16849980435732403,-0.1677431979732485,0.10920632967376732,0.13188955501725563,-0.18775949991426455,-0.1664763267489103,-0.10722882697372266,0.05,1.0,0.0,0.02,1e-09
57.2095135060008,-1,0.14459634442018035,0.16849980435732403,-0.1677431979732485,0.10920632967376732,0.13188955501725563,-0.18775949991426455,-0.1664763267489103,-0.10722882697372266,0.05,1.0,0.0,0.02,1e-09
57.26403353099886,-1,0.14459625972456905,0.16849973047250372,-0.16774308982804453,0.10920628767001245,0.13188948363927858,-0.18775941251650713,-0.166476223294962,-0.10722879065238777,0.05,1.0,0.0,0.02,1e-09
57.320294680997904,-1,0.14459625972456905,0.16849973047250372,-0.16774308982804453,0.10920628767001245,0.13188948363927858,-0.18775941251650713,-0.166476223294962,-0.10722879065238777,0.05,1.0,0.0,0.02,1e-09
57.35703666399786,-1,0.14459620971265758,0.1684996868442537,-0.16774302596937343,0.10920626286723949,0.13188944149129483,-0.18775936090899964,-0.1664761622064382,-0.10722876920502672,0.05,1.0,0.0,0.02,1e-09
57.41929376799817,-1,0.14459620971265758,0.1684996868442537,-0.16774302596937343,0.10920626286723949,0.13188944149129483,-0.18775936090899964,-0.1664761622064382,-0.10722876920502672,0.05,1.0,0.0,0.02,1e-09
57.46785803399689,-1,0.14459620971265758,0.1684996868442537,-0.16774302596937343,0.10920626286723949,0.13188944149129483,-0.18775936090899964,-0.1664761622064382,-0.10722876920502672,0.05,1.0,0.0,0.02,1e-09
57.52132610899571,-1,0.14459618018077772,0.16849966108195563,-0.16774298826146106,0.10920624822145807,0.13188941660352563,-0.18775933043563514,-0.16647612613353746,-0.10722875654047727,0.05,1.0,0.0,0.02,1e-09
57.56425544499507,-1,0.14459618018077772,0.16849966108195563,-0.16774298826146106,0.10920624822145807,0.13188941660352563,-0.18775933043563514,-0.16647612613353746,-0.10722875654047727,0.05,1.0,0.0,0.02,1e-09
57.60870556900045,-1,0.1445961627392257,0.16849964586719873,-0.16774296599531172,0.10920623957327295,0.13188940190940152,-0.18775931244479235,-0.16647610482584335,-0.10722874906118635,0.05,1.0,0.0,0.02,1e-09
57.6752593659985,-1,0.1445961627392257,0.16849964586719873,-0.16774296599531172,0.10920623957327295,0.13188940190940152,-0.18775931244479235,-0.16647610482584335,-0.10722874906118635,0.05,1.0,0.0,0.02,1e-09
57.71114079399558,-1,0.14459615243123058,0.16849963687477088,-0.16774295284736987,0.10920623446660668,0.13188939323275284,-0.18775930182153405,-0.16647609223381113,-0.10722874464323084,0.05,1.0,0.0,0.02,1e-09
57.76340315199923,-1,0.14459615243123058,0.16849963687477088,-0.16774295284736987,0.10920623446660668,0.13188939323275284,-0.18775930182153405,-0.16647609223381113,-0.10722874464323084,0.05,1.0,0.0,0.02,1e-09
57.80651663399476,-1,0.14459614633453316,0.16849963155561115,-0.16774294508363918,0.10920623145117136,0.13188938810927833,-0.18775929554860585,-0.16647608478734122,-0.10722874203281753,0.05,1.0,0.0,0.02,1e-09
57.91151914800139,-1,0.14459614633453316,0.16849963155561115,-0.16774294508363918,0.10920623145117136,0.13188938810927833,-0.18775929554860585,-0.16647608478734122,-0.10722874203281753,0.05,1.0,0.0,0.02,1e-09
57.925362418995064,-1,0.14459614272862004,0.16849962840924493,-0.16774294049923225,0.10920622967058666,0.13188938508391795,-0.18775929184450446,-0.1664760803837665,-0.10722874049041528,0.05,1.0,0.0,0.02,1e-09
57.96790678699472,-1,0.14459614272862004,0.16849962840924493,-0.16774294049923225,0.10920622967058666,0.13188938508391795,-0.18775929184450446,-0.1664760803837665,-0.10722874049041528,0.05,1.0,0.0,0.02,1e-09
58.00859123099508,-1,0.14459614059594753,0.16849962654808234,-0.1677429377921849,0.10920622861916904,0.1318893832968295,-0.1877592896564142,-0.1664760777794629,-0.10722873957909065,0.05,1.0,0.0,0.02,1e-09
58.06572853199759,-1,0.14459614059594753,0.16849962654808234,-0.1677429377921849,0.10920622861916904,0.1318893832968295,-0.1877592896564142,-0.1664760777794629,-0.10722873957909065,0.05,1.0,0.0,0.02,1e-09
58.10866359799547,-1,0.14459613933474957,0.1684996254472075,-0.16774293619370031,0.10920622799831733,0.131889382240458,-0.18775928836294165,-0.16647607623889119,-0.10722873904065686,0.05,1.0,0.0,0.02,1e-09
58.159526885996456,-1,0.14459613933474957,0.1684996254472075,-0.16774293619370031,0.10920622799831733,0.131889382240458,-0.18775928836294165,-0.16647607623889119,-0.10722873904065686,0.05,1.0,0.0,0.02,1e-09
58.21979206799733,-1,0.1445961385889197,0.16849962479604524,-0.16774293524981196,0.10920622763171062,0.13188938161601466,-0.18775928759830662,-0.16647607532756048,-0.10722873872253605,0.05,1.0,0.0,0.02,1e-09
58.268052440995234,-1,0.1445961385889197,0.16849962479604524,-0.16774293524981196,0.10920622763171062,0.13188938161601466,-0.18775928759830662,-0.16647607532756048,-0.10722873872253605,0.05,1.0,0.0,0.02,1e-09
58.31190565400175,-1,0.1445961381478611,0.16849962441088617,-0.16774293469245705,0.10920622741523317,0.13188938124689362,-0.18775928714629425,-0.16647607478846027,-0.10722873853458194,0.05,1.0,0.0,0.02,1e-09
58.363476243997866,-1,0.1445961381478611,0.16849962441088617,-0.16774293469245705,0.10920622741523317,0.13188938124689362,-0.18775928714629425,-0.16647607478846027,-0.10722873853458194,0.05,1.0,0.0,0.02,1e-09
58.41910554099741,-1,0.14459613788703488,0.1684996241830675,-0.16774293436334659,0.10920622728740564,0.13188938102869935,-0.18775928687908905,-0.1664760744695554,-0.10722873842353395,0.05,1.0,0.0,0.02,1e-09
58.46239856199827,-1,0.14459613788703488,0.1684996241830675,-0.16774293436334659,0.10920622728740564,0.13188938102869935,-0.18775928687908905,-0.1664760744695554,-0.10722873842353395,0.05,1.0,0.0,0.02,1e-09
58.508927939001296,-1,0.14459613773279276,0.16849962404831545,-0.16774293416901312,0.10920622721192516,0.13188938089972174,-0.187759286721133,-0.16647607428090896,-0.1072287383579239,0.05,1.0,0.0,0.02,1e-09
58.565070835997176,-1,0.14459613773279276,0.16849962404831545,-0.16774293416901312,0.10920622721192516,0.13188938089972174,-0.187759286721133,-0.16647607428090896,-0.1072287383579239,0.05,1.0,0.0,0.02,1e-09
58.61294168799941,-1,0.14459613764158127,0.1684996239686124,-0.16774293405426463,0.10920622716735506,0.13188938082348256,-0.18775928662776004,-0.16647607416931795,-0.10722873831916005,0.05,1.0,0.0,0.02,1e-09
58.66752968500077,-1,0.14459613764158127,0.1684996239686124,-0.16774293405426463,0.10920622716735506,0.13188938082348256,-0.18775928662776004,-0.16647607416931795,-0.10722873831916005,0.05,1.0,0.0,0.02,1e-09
58.707091281998146,-1,0.14459613764158127,0.1684996239686124,-0.16774293405426463,0.10920622716735506,0.13188938082348256,-0.18775928662776004,-0.16647607416931795,-0.10722873831916005,0.05,1.0,0.0,0.02,1e-09
58.761980570998276,-1,0.1445961375876447,0.1684996239214711,-0.16774293398651072,0.10920622714103731,0.13188938077841825,-0.1877592865725659,-0.16647607410330995,-0.10722873829625762,0.05,1.0,0.0,0.02,1e-09
58.814079347997904,-1,0.1445961375557516,0.1684996238935904,-0.16774293394650724,0.10920622712549767,0.13188938075178255,-0.1877592865399415,-0.1664760740642672,-0.10722873828272678,0.05,1.0,0.0,0.02,1e-09
58.86507713399624,-1,0.1445961375557516,0.1684996238935904,-0.16774293394650724,0.10920622712549767,0.13188938075178255,-0.1877592865399415,-0.1664760740642672,-0.10722873828272678,0.05,1.0,0.0,0.02,1e-09
58.92126127099618,-1,0.1445961375557516,0.1684996238935904,-0.16774293394650724,0.10920622712549767,0.13188938075178255,-0.1877592865399415,-0.1664760740642672,-0.10722873828272678,0.05,1.0,0.0,0.02,1e-09
58.961807934996614,-1,0.14459613753689482,0.16849962387710213,-0.16774293392289022,0.10920622711632227,0.13188938073604062,-0.18775928652065946,-0.16647607404117623,-0.10722873827473281,0.05,1.0,0.0,0.02,1e-09
59.01827807600057,-1,0.14459613753689482,0.16849962387710213,-0.16774293392289022,0.10920622711632227,0.13188938073604062,-0.18775928652065946,-0.16647607404117623,-0.10722873827473281,0.05,1.0,0.0,0.02,1e-09
59.057963961000496,-1,0.14459613752574724,0.168499623867353,-0.1677429339089496,0.10920622711090501,0.13188938072673828,-0.18775928650926482,-0.16647607402752188,-0.10722873827001013,0.05,1.0,0.0,0.02,1e-09
59.11318726000172,-1,0.14459613752574724,0.168499623867353,-0.1677429339089496,0.10920622711090501,0.13188938072673828,-0.18775928650926482,-0.16647607402752188,-0.10722873827001013,0.05,1.0,0.0,0.02,1e-09
59.15907836399856,-1,0.14459613751915895,0.1684996238615902,-0.16774293390072273,0.10920622710770694,0.1318893807212425,-0.18775928650253293,-0.1664760740194499,-0.10722873826722049,0.05,1.0,0.0,0.02,1e-09
59.219306219994905,-1,0.14459613751915895,0.1684996238615902,-0.16774293390072273,0.10920622710770694,0.1318893807212425,-0.18775928650253293,-0.1664760740194499,-0.10722873826722049,0.05,1.0,0.0,0.02,1e-09
59.261198932996194,-1,0.14459613751526706,0.16849962385818523,-0.16774293389586972,0.10920622710581922,0.13188938071799697,-0.18775928649855744,-0.1664760740146803,-0.10722873826557279,0.05,1.0,0.0,0.02,1e-09
59.31257815299614,-1,0.14459613751526706,0.16849962385818523,-0.16774293389586972,0.10920622710581922,0.13188938071799697,-0.18775928649855744,-0.1664760740146803,-0.10722873826557279,0.05,1.0,0.0,0.02,1e-09
59.37439736599481,-1,0.14459613751526706,0.16849962385818523,-0.16774293389586972,0.10920622710581922,0.13188938071799697,-0.18775928649855744,-0.1664760740146803,-0.10722873826557279,0.05,1.0,0.0,0.02,1e-09
59.415751085995,-1,0.14459613751296937,0.1684996238561749,-0.16774293389300882,0.10920622710470526,0.13188938071608164,-0.18775928649621126,-0.1664760740118641,-0.10722873826459994,0.05,1.0,0.0,0.02,1e-09
59.46799376799754,-1,0.14459613751161463,0.1684996238549895,-0.16774293389132405,0.10920622710404818,0.13188938071495224,-0.187759286494828,-0.16647607401020326,-0.10722873826402547,0.05,1.0,0.0,0.02,1e-09
59.515156231995206,-1,0.14459613751161463,0.1684996238549895,-0.16774293389132405,0.10920622710404818,0.13188938071495224,-0.187759286494828,-0.16647607401020326,-0.10722873826402547,0.05,1.0,0.0,0.02,1e-09
59.559304351998435,-1,0.14459613751161463,0.1684996238549895,-0.16774293389132405,0.10920622710404818,0.13188938071495224,-0.187759286494828,-0.16647607401020326,-0.10722873826402547,0.05,1.0,0.0,0.02,1e-09
59.624825877996045,-1,0.14459613751081726,0.16849962385429185,-0.16774293389033332,0.10920622710366089,0.13188938071428724,-0.18775928649401372,-0.16647607400922568,-0.10722873826368665,0.05,1.0,0.0,0.02,1e-09
59.66150269499485,-1,0.14459613751081726,0.16849962385429185,-0.16774293389033332,0.10920622710366089,0.13188938071428724,-0.18775928649401372,-0.16647607400922568,-0.10722873826368665,0.05,1.0,0.0,0.02,1e-09
59.715322919000755,-1,0.1445961375103491,0.16849962385388223,-0.16774293388975206,0.10920622710343267,0.13188938071389655,-0.1877592864935353,-0.16647607400865191,-0.10722873826348692,0.05,1.0,0.0,0.02,1e-09
59.76014460499573,-1,0.1445961375103491,0.16849962385388223,-0.16774293388975206,0.10920622710343267,0.13188938071389655,-0.1877592864935353,-0.16647607400865191,-0.10722873826348692,0.05,1.0,0.0,0.02,1e-09
59.82336892999592,-1,0.14459613751007533,0.1684996238536428,-0.16774293388941208,0.10920622710329864,0.13188938071366765,-0.18775928649325513,-0.16647607400831624,-0.10722873826336926,0.05,1.0,0.0,0.02,1e-09
59.862932979995094,-1,0.14459613751007533,0.1684996238536428,-0.16774293388941208,0.10920622710329864,0.13188938071366765,-0.18775928649325513,-0.16647607400831624,-0.10722873826336926,0.05,1.0,0.0,0.02,1e-09
59.90903290699498,-1,0.14459613750991612,0.16849962385350348,-0.16774293388921374,0.10920622710321984,0.13188938071353415,-0.1877592864930917,-0.1664760740081212,-0.10722873826330016,0.05,1.0,0.0,0.02,1e-09
60.032733980995545,-1,0.14459613750991612,0.16849962385350348,-0.16774293388921374,0.10920622710321984,0.13188938071353415,-0.1877592864930917,-0.1664760740081212,-0.10722873826330016,0.05,1.0,0.0,0.02,1e-09
60.04232634499931,-1,0.14459613750982395,0.1684996238534233,-0.16774293388909894,0.10920622710317379,0.1318893807134565,-0.18775928649299675,-0.16647607400800837,-0.1072287382632596,0.05,1.0,0.0,0.02,1e-09
60.0600151969993,-1,0.14459613750982395,0.1684996238534233,-0.16774293388909894,0.10920622710317379,0.1318893807134565,-0.18775928649299675,-0.16647607400800837,-0.1072287382632596,0.05,1.0,0.0,0.02,1e-09
60.1262855429959,-1,0.14459613750977096,0.16849962385337713,-0.1677429338890325,0.10920622710314687,0.13188938071341164,-0.1877592864929417,-0.1664760740079431,-0.10722873826323578,0.05,1.0,0.0,0.02,1e-09
60.17111183700035,-1,0.14459613750977096,0.16849962385337713,-0.1677429338890325,0.10920622710314687,0.13188938071341164,-0.1877592864929417,-0.1664760740079431,-0.10722873826323578,0.05,1.0,0.0,0.02,1e-09
60.2089049799979,-1,0.14459613750977096,0.16849962385337713,-0.1677429338890325,0.10920622710314687,0.13188938071341164,-0.1877592864929417,-0.1664760740079431,-0.10722873826323578,0.05,1.0,0.0,0.02,1e-09
60.26303925499815,-1,0.14459613750974054,0.16849962385335066,-0.16774293388899397,0.10920622710313116,0.13188938071338555,-0.18775928649290965,-0.1664760740079055,-0.10722873826322182,0.05,1.0,0.0,0.02,1e-09
60.309301517001586,-1,0.14459613750974054,0.16849962385335066,-0.16774293388899397,0.10920622710313116,0.13188938071338555,-0.18775928649290965,-0.1664760740079055,-0.10722873826322182,0.05,1.0,0.0,0.02,1e-09
60.363315287999285,-1,0.14459613750972253,0.16849962385333528,-0.16774293388897127,0.10920622710312203,0.13188938071337017,-0.18775928649289075,-0.1664760740078831,-0.10722873826321358,0.05,1.0,0.0,0.02,1e-09
60.41295807099959,-1,0.14459613750972253,0.16849962385333528,-0.16774293388897127,0.10920622710312203,0.13188938071337017,-0.18775928649289075,-0.1664760740078831,-0.10722873826321358,0.05,1.0,0.0,0.02,1e-09
60.459358806001546,-1,0.1445961375097116,0.1684996238533255,-0.16774293388895686,0.1092062271031166,0.13188938071336084,-0.18775928649287887,-0.16647607400786926,-0.10722873826320861,0.05,1.0,0.0,0.02,1e-09
60.51181045999692,-1,0.1445961375097116,0.1684996238533255,-0.16774293388895686,0.1092062271031166,0.13188938071336084,-0.18775928649287887,-0.16647607400786926,-0.10722873826320861,0.05,1.0,0.0,0.02,1e-09
60.56409423999867,-1,0.14459613750970401,0.16849962385331874,-0.1677429338889472,0.10920622710311326,0.13188938071335446,-0.1877592864928707,-0.16647607400785921,-0.10722873826320557,0.05,1.0,0.0,0.02,1e-09
60.61045849799848,-1,0.14459613750970401,0.16849962385331874,-0.1677429338889472,0.10920622710311326,0.13188938071335446,-0.1877592864928707,-0.16647607400785921,-0.10722873826320557,0.05,1.0,0.0,0.02,1e-09
60.65524115399603,-1,0.14459613750969788,0.16849962385331316,-0.16774293388893946,0.10920622710311109,0.13188938071334935,-0.18775928649286433,-0.16647607400785072,-0.1072287382632035,0.05,1.0,0.0,0.02,1e-09
60.715442792999966,-1,0.14459613750969788,0.16849962385331316,-0.16774293388893946,0.10920622710311109,0.13188938071334935,-0.18775928649286433,-0.16647607400785072,-0.1072287382632035,0.05,1.0,0.0,0.02,1e-09
60.7633338989981,-1,0.14459613750969194,0.16849962385330775,-0.1677429338889325,0.10920622710310951,0.13188938071334474,-0.18775928649285845,-0.16647607400784256,-0.10722873826320194,0.05,1.0,0.0,0.02,1e-09
60.809464213001775,-1,0.14459613750969194,0.16849962385330775,-0.1677429338889325,0.10920622710310951,0.13188938071334474,-0.18775928649285845,-0.16647607400784256,-0.10722873826320194,0.05,1.0,0.0,0.02,1e-09
60.85970825899858,-1,0.14459613750969194,0.16849962385330775,-0.1677429338889325,0.10920622710310951,0.13188938071334474,-0.18775928649285845,-0.16647607400784256,-0.10722873826320194,0.05,1.0,0.0,0.02,1e-09
60.915697322001506,-1,0.14459613750968564,0.1684996238533021,-0.16774293388892503,0.10920622710310825,0.13188938071333997,-0.18775928649285237,-0.1664760740078335,-0.10722873826320074,0.05,1.0,0.0,0.02,1e-09
60.96588326100027,-1,0.14459613750968564,0.1684996238533021,-0.16774293388892503,0.10920622710310825,0.13188938071333997,-0.18775928649285237,-0.1664760740078335,-0.10722873826320074,0.05,1.0,0.0,0.02,1e-09
61.01651958599541,-1,0.1445961375096787,0.16849962385329595,-0.1677429338889171,0.10920622710310693,0.13188938071333478,-0.18775928649284576,-0.1664760740078238,-0.10722873826319947,0.05,1.0,0.0,0.02,1e-09
61.06789315799688,-1,0.1445961375096787,0.16849962385329595,-0.1677429338889171,0.10920622710310693,0.13188938071333478,-0.18775928649284576,-0.1664760740078238,-0.10722873826319947,0.05,1.0,0.0,0.02,1e-09
61.11266998499923,-1,0.14459613750967104,0.16849962385328898,-0.16774293388890818,0.10920622710310565,0.13188938071332898,-0.18775928649283846,-0.1664760740078131,-0.10722873826319833,0.05,1.0,0.0,0.02,1e-09
61.16424678499607,-1,0.14459613750967104,0.16849962385328898,-0.16774293388890818,0.10920622710310565,0.13188938071332898,-0.18775928649283846,-0.1664760740078131,-0.10722873826319833,0.05,1.0,0.0,0.02,1e-09
61.21742605899635,-1,0.14459613750966263,0.16849962385328135,-0.1677429338888985,0.10920622710310433,0.13188938071332287,-0.1877592864928305,-0.16647607400780146,-0.10722873826319708,0.05,1.0,0.0,0.02,1e-09
61.25607427700015,-1,0.14459613750966263,0.16849962385328135,-0.1677429338888985,0.10920622710310433,0.13188938071332287,-0.1877592864928305,-0.16647607400780146,-0.10722873826319708,0.05,1.0,0.0,0.02,1e-09
61.31280999400042,-1,0.14459613750965364,0.1684996238532733,-0.16774293388888803,0.10920622710310277,0.13188938071331635,-0.18775928649282203,-0.1664760740077893,-0.10722873826319584,0.05,1.0,0.0,0.02,1e-09
61.35868848899554,-1,0.14459613750965364,0.1684996238532733,-0.16774293388888803,0.10920622710310277,0.13188938071331635,-0.18775928649282203,-0.1664760740077893,-0.10722873826319584,0.05,1.0,0.0,0.02,1e-09
61.41187503800029,-1,0.1445961375096444,0.16849962385326492,-0.16774293388887693,0.10920622710310121,0.13188938071330933,-0.18775928649281307,-0.16647607400777656,-0.10722873826319457,0.05,1.0,0.0,0.02,1e-09
61.46584098300082,-1,0.1445961375096444,0.16849962385326492,-0.16774293388887693,0.10920622710310121,0.13188938071330933,-0.18775928649281307,-0.16647607400777656,-0.10722873826319457,0.05,1.0,0.0,0.02,1e-09
61.52005770499818,-1,0.14459613750963482,0.16849962385325634,-0.16774293388886535,0.10920622710309952,0.13188938071330197,-0.1877592864928036,-0.16647607400776387,-0.10722873826319329,0.05,1.0,0.0,0.02,1e-09
61.56076082900108,-1,0.14459613750963482,0.16849962385325634,-0.16774293388886535,0.10920622710309952,0.13188938071330197,-0.1877592864928036,-0.16647607400776387,-0.10722873826319329,0.05,1.0,0.0,0.02,1e-09
61.61033527900145,-1,0.14459613750962524,0.16849962385324765,-0.1677429338888537,0.10920622710309769,0.13188938071329465,-0.18775928649279408,-0.16647607400775116,-0.107228738263192,0.05,1.0,0.0,0.02,1e-09
61.66493155499484,-1,0.14459613750962524,0.16849962385324765,-0.1677429338888537,0.10920622710309769,0.13188938071329465,-0.18775928649279408,-0.16647607400775116,-0.107228738263192,0.05,1.0,0.0,0.02,1e-09
61.71450091600127,-1,0.14459613750961572,0.16849962385323905,-0.167742933888842,0.10920622710309594,0.13188938071328726,-0.18775928649278467,-0.16647607400773864,-0.10722873826319075,0.05,1.0,0.0,0.02,1e-09
61.76525303199742,-1,0.14459613750961572,0.16849962385323905,-0.167742933888842,0.10920622710309594,0.13188938071328726,-0.18775928649278467,-0.16647607400773864,-0.10722873826319075,0.05,1.0,0.0,0.02,1e-09
61.808900420997816,-1,0.1445961375096068,0.16849962385323106,-0.16774293388883077,0.10920622710309424,0.13188938071328016,-0.1877592864927756,-0.16647607400772704,-0.10722873826318957,0.05,1.0,0.0,0.02,1e-09
61.865857340999355,-1,0.1445961375096068,0.16849962385323106,-0.16774293388883077,0.10920622710309424,0.13188938071328016,-0.1877592864927756,-0.16647607400772704,-0.10722873826318957,0.05,1.0,0.0,0.02,1e-09
61.910601953997684,-1,0.14459613750959832,0.1684996238532233,-0.16774293388882006,0.10920622710309255,0.1318893807132734,-0.18775928649276707,-0.1664760740077162,-0.1072287382631884,0.05,1.0,0.0,0.02,1e-09
61.974346789000265,-1,0.14459613750959832,0.1684996238532233,-0.16774293388882006,0.10920622710309255,0.1318893807132734,-0.18775928649276707,-0.1664760740077162,-0.1072287382631884,0.05,1.0,0.0,0.02,1e-09
62.011626087994955,-1,0.14459613750959832,0.1684996238532233,-0.16774293388882006,0.10920622710309255,0.1318893807132734,-0.18775928649276707,-0.1664760740077162,-0.1072287382631884,0.05,1.0,0.0,0.02,1e-09
62.0734504380016,-1,0.1445961375095907,0.1684996238532162,-0.1677429338888101,0.10920622710309086,0.13188938071326714,-0.18775928649275908,-0.16647607400770648,-0.10722873826318743,0.05,1.0,0.0,0.02,1e-09
62.12178957500146,-1,0.1445961375095907,0.1684996238532162,-0.1677429338888101,0.10920622710309086,0.13188938071326714,-0.18775928649275908,-0.16647607400770648,-0.10722873826318743,0.05,1.0,0.0,0.02,1e-09
62.16880890899483,-1,0.14459613750958386,0.16849962385320993,-0.1677429338888014,0.10920622710308943,0.1318893807132616,-0.18775928649275203,-0.16647607400769812,-0.10722873826318649,0.05,1.0,0.0,0.02,1e-09
62.21231181499752,-1,0.14459613750958386,0.16849962385320993,-0.1677429338888014,0.10920622710308943,0.1318893807132616,-0.18775928649275203,-0.16647607400769812,-0.10722873826318649,0.05,1.0,0.0,0.02,1e-09
62.26333195899497,-1,0.14595157355565958,0.16689834702006476,-0.16772162185951783,0.10920310692848467,0.13376031635307323,-0.18649880419167753,-0.16638555898198312,-0.1072194263135416,0.05,1.0,0.0,0.02,1e-09
62.30836602999625,-1,0.14595157355565958,0.16689834702006476,-0.16772162185951783,0.10920310692848467,0.13376031635307323,-0.18649880419167753,-0.16638555898198312,-0.1072194263135416,0.05,1.0,0.0,0.02,1e-09
62.361241247999715,-1,0.1538368727623998,0.15853119949162614,-0.16892209038471068,0.10937971592630136,0.14329539877643127,-0.17881185620036452,-0.16726260113342103,-0.10730943467749035,0.05,1.0,0.0,0.02,1e-09
62.41039006599749,-1,0.1538368727623998,0.15853119949162614,-0.16892209038471068,0.10937971592630136,0.14329539877643127,-0.17881185620036452,-0.16726260113342103,-0.10730943467749035,0.05,1.0,0.0,0.02,1e-09
62.460872644995106,-1,0.16940249684178063,0.14881817965694355,-0.17747680757084697,0.1106378308069538,0.1575630360724064,-0.16866555953639334,-0.175605132087867,-0.10816624251972738,0.05,1.0,0.0,0.02,1e-09
62.51327250299801,-1,0.16940249684178063,0.14881817965694355,-0.17747680757084697,0.1106378308069538,0.1575630360724064,-0.16866555953639334,-0.175605132087867,-0.10816624251972738,0.05,1.0,0.0,0.02,1e-09
62.5615419809983,-1,0.19373654763930462,0.13446120653879043,-0.19500611183849614,0.11321571084668942,0.18218992109852075,-0.15739368566888184,-0.19309930914845982,-0.10996306447412246,0.05,1.0,0.0,0.02,1e-09
62.61731676099589,-1,0.19373654763930462,0.13446120653879043,-0.19500611183849614,0.11321571084668942,0.18218992109852075,-0.15739368566888184,-0.19309930914845982,-0.10996306447412246,0.05,1.0,0.0,0.02,1e-09
62.66317429600167,-1,0.21963012937413934,0.11855882239832506,-0.21699388459011237,0.11644919830718303,0.2093719781344044,-0.1459448705050745,-0.21517179211573334,-0.11223018279135068,0.05,1.0,0.0,0.02,1e-09
62.70841301499604,-1,0.21963012937413934,0.11855882239832506,-0.21699388459011237,0.11644919830718303,0.2093719781344044,-0.1459448705050745,-0.21517179211573334,-0.11223018279135068,0.05,1.0,0.0,0.02,1e-09
62.77291066299949,-1,0.21963012937413934,0.11855882239832506,-0.21699388459011237,0.11644919830718303,0.2093719781344044,-0.1459448705050745,-0.21517179211573334,-0.11223018279135068,0.05,1.0,0.0,0.02,1e-09
62.810569273999135,-1,0.24254139979589595,0.10662239064943478,-0.23863809665548796,0.11963210721759295,0.23354669559895444,-0.13819990440839208,-0.2369667250258585,-0.11446884616580373,0.05,1.0,0.0,0.02,1e-09
62.85940742499952,-1,0.26537598191515943,0.09802345805088658,-0.2612870646155222,0.12296270218143907,0.25765082919198584,-0.1337947103268785,-0.2598401907347558,-0.11681835684226674,0.05,1.0,0.0,0.02,1e-09
62.90827917299612,-1,0.26537598191515943,0.09802345805088658,-0.2612870646155222,0.12296270218143907,0.25765082919198584,-0.1337947103268785,-0.2598401907347558,-0.11681835684226674,0.05,1.0,0.0,0.02,1e-09
62.963711081996735,-1,0.26537598191515943,0.09802345805088658,-0.2612870646155222,0.12296270218143907,0.25765082919198584,-0.1337947103268785,-0.2598401907347558,-0.11681835684226674,0.05,1.0,0.0,0.02,1e-09
63.009654713998316,-1,0.2850508824067577,0.09183030850872845,-0.2812280395997822,0.12589499442599822,0.27867457006204305,-0.1312185223538,-0.28004269859135256,-0.11889359261768881,0.05,1.0,0.0,0.02,1e-09
63.06062689900136,-1,0.2850508824067577,0.09183030850872845,-0.2812280395997822,0.12589499442599822,0.27867457006204305,-0.1312185223538,-0.28004269859135256,-0.11889359261768881,0.05,1.0,0.0,0.02,1e-09
63.110351311996055,-1,0.2850508824067577,0.09183030850872845,-0.2812280395997822,0.12589499442599822,0.27867457006204305,-0.1312185223538,-0.28004269859135256,-0.11889359261768881,0.05,1.0,0.0,0.02,1e-09
63.160135590995196,-1,0.2995851666786843,0.08755085414584547,-0.29622036435008026,0.12809949412659724,0.2945903828610643,-0.1296370116706006,-0.2953007337138856,-0.12046101806428577,0.05,1.0,0.0,0.02,1e-09
63.20955221099575,-1,0.2995851666786843,0.08755085414584547,-0.29622036435008026,0.12809949412659724,0.2945903828610643,-0.1296370116706006,-0.2953007337138856,-0.12046101806428577,0.05,1.0,0.0,0.02,1e-09
63.2615455319974,-1,0.30577152903901633,0.08487253030901665,-0.3027740111057191,0.12906308978603226,0.3017674182882178,-0.12815084408681476,-0.30201204849107516,-0.12115051765143148,0.05,1.0,0.0,0.02,1e-09
63.31238475599821,-1,0.30577152903901633,0.08487253030901665,-0.3027740111057191,0.12906308978603226,0.3017674182882178,-0.12815084408681476,-0.30201204849107516,-0.12115051765143148,0.05,1.0,0.0,0.02,1e-09
63.364755372997024,-1,0.30577152903901633,0.08487253030901665,-0.3027740111057191,0.12906308978603226,0.3017674182882178,-0.12815084408681476,-0.30201204849107516,-0.12115051765143148,0.05,1.0,0.0,0.02,1e-09
63.41960201600159,-1,0.30839613607447647,0.08327430281561385,-0.3056451001305879,0.12948519907233402,0.30502429406865833,-0.12708098346323454,-0.30497295137930414,-0.1214547418163633,0.05,1.0,0.0,0.02,1e-09
63.46344066700112,-1,0.30839613607447647,0.08327430281561385,-0.3056451001305879,0.12948519907233402,0.30502429406865833,-0.12708098346323454,-0.30497295137930414,-0.1214547418163633,0.05,1.0,0.0,0.02,1e-09
63.51893361000111,-1,0.30839613607447647,0.08327430281561385,-0.3056451001305879,0.12948519907233402,0.30502429406865833,-0.12708098346323454,-0.30497295137930414,-0.1214547418163633,0.05,1.0,0.0,0.02,1e-09
63.561108948000765,-1,0.30957894465213576,0.08233220209237427,-0.3069831777525578,0.1296819087179461,0.3065948537662062,-0.12638780306503078,-0.30636264209396175,-0.1215975426265148,0.05,1.0,0.0,0.02,1e-09
63.60888692300068,-1,0.30957894465213576,0.08233220209237427,-0.3069831777525578,0.1296819087179461,0.3065948537662062,-0.12638780306503078,-0.30636264209396175,-0.1215975426265148,0.05,1.0,0.0,0.02,1e-09
63.66155683599936,-1,0.30957894465213576,0.08233220209237427,-0.3069831777525578,0.1296819087179461,0.3065948537662062,-0.12638780306503078,-0.30636264209396175,-0.1215975426265148,0.05,1.0,0.0,0.02,1e-09
63.709668165996845,-1,0.31014811868081366,0.08177802584233564,-0.30764728038024103,0.12977953108920803,0.30739755664399276,-0.1259583132745729,-0.30705667122904806,-0.12166886536265074,0.05,1.0,0.0,0.02,1e-09
63.766451190000225,-1,0.31014811868081366,0.08177802584233564,-0.30764728038024103,0.12977953108920803,0.30739755664399276,-0.1259583132745729,-0.30705667122904806,-0.12166886536265074,0.05,1.0,0.0,0.02,1e-09
63.81636894799885,-1,0.31014811868081366,0.08177802584233564,-0.30764728038024103,0.12977953108920803,0.30739755664399276,-0.1259583132745729,-0.30705667122904806,-0.12166886536265074,0.05,1.0,0.0,0.02,1e-09
63.86354650299472,-1,0.31043892526539013,0.08145185212481204,-0.30799523937887535,0.12983067787080618,0.3078277547132057,-0.12569793710623012,-0.307422098471291,-0.12170642148960377,0.05,1.0,0.0,0.02,1e-09
63.920428261997586,-1,0.31043892526539013,0.08145185212481204,-0.30799523937887535,0.12983067787080618,0.3078277547132057,-0.12569793710623012,-0.307422098471291,-0.12170642148960377,0.05,1.0,0.0,0.02,1e-09
63.95969070199499,-1,0.31043892526539013,0.08145185212481204,-0.30799523937887535,0.12983067787080618,0.3078277547132057,-0.12569793710623012,-0.307422098471291,-0.12170642148960377,0.05,1.0,0.0,0.02,1e-09
64.0124057360008,-1,0.31059481625501206,0.08125968614494804,-0.3081852540266519,0.1298586071742611,0.30806645597446175,-0.125541884397585,-0.3076223548783821,-0.12172700348142958,0.05,1.0,0.0,0.02,1e-09
64.06585167099547,-1,0.31059481625501206,0.08125968614494804,-0.3081852540266519,0.1298586071742611,0.30806645597446175,-0.125541884397585,-0.3076223548783821,-0.12172700348142958,0.05,1.0,0.0,0.02,1e-09
64.11596534899581,-1,0.31059481625501206,0.08125968614494804,-0.3081852540266519,0.1298586071742611,0.30806645597446175,-0.125541884397585,-0.3076223548783821,-0.12172700348142958,0.05,1.0,0.0,0.02,1e-09
64.16152435800177,-1,0.31059481625501206,0.08125968614494804,-0.3081852540266519,0.1298586071742611,0.30806645597446175,-0.125541884397585,-0.3076223548783821,-0.12172700348142958,0.05,1.0,0.0,0.02,1e-09
64.2189720949973,-1,0.3106813427360714,0.0811463798050861,-0.30829205968952267,0.1298743055879239,0.30820205156038327,-0.12544894547805369,-0.30773518225529567,-0.12173860005162207,0.05,1.0,0.0,0.02,1e-09
64.26150254000095,-1,0.3106813427360714,0.0811463798050861,-0.30829205968952267,0.1298743055879239,0.30820205156038327,-0.12544894547805369,-0.30773518225529567,-0.12173860005162207,0.05,1.0,0.0,0.02,1e-09
64.32437503099936,-1,0.3106813427360714,0.0811463798050861,-0.30829205968952267,0.1298743055879239,0.30820205156038327,-0.12544894547805369,-0.30773518225529567,-0.12173860005162207,0.05,1.0,0.0,0.02,1e-09
64.36758074099635,-1,0.3107305077765776,0.08107953413855483,-0.30835324422309335,0.12988329840495616,0.30828024998139847,-0.12539379247518398,-0.30779991341092977,-0.12174525335595714,0.05,1.0,0.0,0.02,1e-09
64.40883489399857,-1,0.3107305077765776,0.08107953413855483,-0.30835324422309335,0.12988329840495616,0.30828024998139847,-0.12539379247518398,-0.30779991341092977,-0.12174525335595714,0.05,1.0,0.0,0.02,1e-09
64.47951017099695,-1,0.3107305077765776,0.08107953413855483,-0.30835324422309335,0.12988329840495616,0.30828024998139847,-0.12539379247518398,-0.30779991341092977,-0.12174525335595714,0.05,1.0,0.0,0.02,1e-09
64.51203116399847,-1,0.3107305077765776,0.08107953413855483,-0.30835324422309335,0.12988329840495616,0.30828024998139847,-0.12539379247518398,-0.30779991341092977,-0.12174525335595714,0.05,1.0,0.0,0.02,1e-09
64.5728486270018,-1,0.310758866736011,0.08104008414536769,-0.30838871613992885,0.12988851196266943,0.30832577309948156,-0.12536113031676238,-0.30783747636840286,-0.12174911426312918,0.05,1.0,0.0,0.02,1e-09
64.60986275599862,-1,0.310758866736011,0.08104008414536769,-0.30838871613992885,0.12988851196266943,0.30832577309948156,-0.12536113031676238,-0.30783747636840286,-0.12174911426312918,0.05,1.0,0.0,0.02,1e-09
64.65974801899574,-1,0.3107753778759898,0.08101679700543041,-0.3084094328266259,0.12989155682075354,0.30835242652492867,-0.12534181066624236,-0.30785942666982224,-0.12175137044162743,0.05,1.0,0.0,0.02,1e-09
64.70868230499764,-1,0.3107753778759898,0.08101679700543041,-0.3084094328266259,0.12989155682075354,0.30835242652492867,-0.12534181066624236,-0.30785942666982224,-0.12175137044162743,0.05,1.0,0.0,0.02,1e-09
64.86360724899714,-1,0.3107753778759898,0.08101679700543041,-0.3084094328266259,0.12989155682075354,0.30835242652492867,-0.12534181066624236,-0.30785942666982224,-0.12175137044162743,0.05,1.0,0.0,0.02,1e-09
64.87042679699516,-1,0.3107753778759898,0.08101679700543041,-0.3084094328266259,0.12989155682075354,0.30835242652492867,-0.12534181066624236,-0.30785942666982224,-0.12175137044162743,0.05,1.0,0.0,0.02,1e-09
64.88962795800035,-1,0.31078504575069515,0.08100304888675877,-0.3084215859160814,0.12989334302743277,0.30836808575520097,-0.12533039113021183,-0.307872307809754,-0.12175269444545803,0.05,1.0,0.0,0.02,1e-09
64.9201285329982,-1,0.31078504575069515,0.08100304888675877,-0.3084215859160814,0.12989334302743277,0.30836808575520097,-0.12533039113021183,-0.307872307809754,-0.12175269444545803,0.05,1.0,0.0,0.02,1e-09
64.96335264999652,-1,0.3107907260121021,0.08099493170826377,-0.3084287343330874,0.12989439366748257,0.30837730470396285,-0.12532364401165277,-0.3078798859900153,-0.1217534733801338,0.05,1.0,0.0,0.02,1e-09
65.01070483199874,-1,0.3107907260121021,0.08099493170826377,-0.3084287343330874,0.12989439366748257,0.30837730470396285,-0.12532364401165277,-0.3078798859900153,-0.1217534733801338,0.05,1.0,0.0,0.02,1e-09
65.06007178499567,-1,0.3107907260121021,0.08099493170826377,-0.3084287343330874,0.12989439366748257,0.30837730470396285,-0.12532364401165277,-0.3078798859900153,-0.1217534733801338,0.05,1.0,0.0,0.02,1e-09
65.1135311179969,-1,0.3107907260121021,0.08099493170826377,-0.3084287343330874,0.12989439366748257,0.30837730470396285,-0.12532364401165277,-0.3078798859900153,-0.1217534733801338,0.05,1.0,0.0,0.02,1e-09
65.16473069499625,-1,0.3107940702046952,0.08099013892709483,-0.30843294568677737,0.12989501263100833,0.30838273875155814,-0.12531965851286048,-0.30788435106438256,-0.12175393232999965,0.05,1.0,0.0,0.02,1e-09
65.21502184999554,-1,0.3107940702046952,0.08099013892709483,-0.30843294568677737,0.12989501263100833,0.30838273875155814,-0.12531965851286048,-0.30788435106438256,-0.12175393232999965,0.05,1.0,0.0,0.02,1e-09
65.26364212399494,-1,0.3107960414520023,0.08098730895359943,-0.308435429057741,0.12989537762385092,0.30838594413600146,-0.1253173046300753,-0.30788698424639654,-0.12175420298626424,0.05,1.0,0.0,0.02,1e-09
65.30892792699888,-1,0.3107960414520023,0.08098730895359943,-0.308435429057741,0.12989537762385092,0.30838594413600146,-0.1253173046300753,-0.30788698424639654,-0.12175420298626424,0.05,1.0,0.0,0.02,1e-09
65.3714756479967,-1,0.3107960414520023,0.08098730895359943,-0.308435429057741,0.12989537762385092,0.30838594413600146,-0.1253173046300753,-0.30788698424639654,-0.12175420298626424,0.05,1.0,0.0,0.02,1e-09
65.41164249799476,-1,0.3107960414520023,0.08098730895359943,-0.308435429057741,0.12989537762385092,0.30838594413600146,-0.1253173046300753,-0.30788698424639654,-0.12175420298626424,0.05,1.0,0.0,0.02,1e-09
65.46340077499917,-1,0.3107960414520023,0.08098730895359943,-0.308435429057741,0.12989537762385092,0.30838594413600146,-0.1253173046300753,-0.30788698424639654,-0.12175420298626424,0.05,1.0,0.0,0.02,1e-09
65.51676673499605,-1,0.3107972042424963,0.08098563792300026,-0.30843689428342214,0.12989559297502268,0.30838783571214456,-0.12531591451684293,-0.30788853792527093,-0.12175436268393558,0.05,1.0,0.0,0.02,1e-09
65.55973165199975,-1,0.3107972042424963,0.08098563792300026,-0.30843689428342214,0.12989559297502268,0.30838783571214456,-0.12531591451684293,-0.30788853792527093,-0.12175436268393558,0.05,1.0,0.0,0.02,1e-09
65.61792439399869,-1,0.3107972042424963,0.08098563792300026,-0.30843689428342214,0.12989559297502268,0.30838783571214456,-0.12531591451684293,-0.30788853792527093,-0.12175436268393558,0.05,1.0,0.0,0.02,1e-09
65.65903779200016,-1,0.3107978904371267,0.08098465121021652,-0.3084377590733166,0.12989572007707484,0.30838895225971813,-0.12531509360984933,-0.3078894549421213,-0.12175445694099757,0.05,1.0,0.0,0.02,1e-09
65.71236744699854,-1,0.3107978904371267,0.08098465121021652,-0.3084377590733166,0.12989572007707484,0.30838895225971813,-0.12531509360984933,-0.3078894549421213,-0.12175445694099757,0.05,1.0,0.0,0.02,1e-09
65.7600952540015,-1,0.3107978904371267,0.08098465121021652,-0.3084377590733166,0.12989572007707484,0.30838895225971813,-0.12531509360984933,-0.3078894549421213,-0.12175445694099757,0.05,1.0,0.0,0.02,1e-09
65.82020495799952,-1,0.31079829548229937,0.08098406857120391,-0.3084382695780602,0.12989579510816696,0.30838961142651045,-0.1253146088518371,-0.30788999628914443,-0.12175451258424416,0.05,1.0,0.0,0.02,1e-09
65.86232560299686,-1,0.31079829548229937,0.08098406857120391,-0.3084382695780602,0.12989579510816696,0.30838961142651045,-0.1253146088518371,-0.30788999628914443,-0.12175451258424416,0.05,1.0,0.0,0.02,1e-09
65.90980647799734,-1,0.31079829548229937,0.08098406857120391,-0.3084382695780602,0.12989579510816696,0.30838961142651045,-0.1253146088518371,-0.30788999628914443,-0.12175451258424416,0.05,1.0,0.0,0.02,1e-09
65.96171395599958,-1,0.31079853460508494,0.08098372453030406,-0.30843857097708993,0.1298958394059275,0.30839000060885785,-0.1253143225999524,-0.3078903158968998,-0.12175454543544541,0.05,1.0,0.0,0.02,1e-09
66.01924485899508,-1,0.31079853460508494,0.08098372453030406,-0.30843857097708993,0.1298958394059275,0.30839000060885785,-0.1253143225999524,-0.3078903158968998,-0.12175454543544541,0.05,1.0,0.0,0.02,1e-09
66.06073579999793,-1,0.31079853460508494,0.08098372453030406,-0.30843857097708993,0.1298958394059275,0.30839000060885785,-0.1253143225999524,-0.3078903158968998,-0.12175454543544541,0.05,1.0,0.0,0.02,1e-09
66.12460683399695,-1,0.30934168164041187,0.10228606441811651,-0.30264440911228424,0.1503991737090048,0.30438304574161784,-0.14622482121076208,-0.2999953651738835,-0.14184513973824192,0.05,1.0,0.0,0.02,1e-09
66.17636138299713,-1,0.30934168164041187,0.10228606441811651,-0.30264440911228424,0.1503991737090048,0.30438304574161784,-0.14622482121076208,-0.2999953651738835,-0.14184513973824192,0.05,1.0,0.0,0.02,1e-09
66.21201566999662,-1,0.2991051229604703,0.14207467441305327,-0.28451736259203214,0.1871299017771651,0.2881012758746598,-0.18411598747397595,-0.27974584044054385,-0.1773937443249829,0.05,1.0,0.0,0.02,1e-09
66.26379600400105,-1,0.2991051229604703,0.14207467441305327,-0.28451736259203214,0.1871299017771651,0.2881012758746598,-0.18411598747397595,-0.27974584044054385,-0.1773937443249829,0.05,1.0,0.0,0.02,1e-09
66.30912951700157,-1,0.2991051229604703,0.14207467441305327,-0.28451736259203214,0.1871299017771651,0.2881012758746598,-0.18411598747397595,-0.27974584044054385,-0.1773937443249829,0.05,1.0,0.0,0.02,1e-09
66.36521216799883,-1,0.2818654029100862,0.18119232173028865,-0.25987052625421786,0.22178911989331318,0.2646475167584017,-0.22039887843346473,-0.25404794574478745,-0.2103033205597678,0.05,1.0,0.0,0.02,1e-09
66.40796267800033,-1,0.2818654029100862,0.18119232173028865,-0.25987052625421786,0.22178911989331318,0.2646475167584017,-0.22039887843346473,-0.25404794574478745,-0.2103033205597678,0.05,1.0,0.0,0.02,1e-09
66.46404341999732,-1,0.2818654029100862,0.18119232173028865,-0.25987052625421786,0.22178911989331318,0.2646475167584017,-0.22039887843346473,-0.25404794574478745,-0.2103033205597678,0.05,1.0,0.0,0.02,1e-09
66.51160889300081,-1,0.26744519489699436,0.20325138245420532,-0.24141555450803887,0.24037789106804403,0.2467529792951122,-0.24028090834153215,-0.23513317858254942,-0.2274858489545346,0.05,1.0,0.0,0.02,1e-09
66.57146744299826,-1,0.26744519489699436,0.20325138245420532,-0.24141555450803887,0.24037789106804403,0.2467529792951122,-0.24028090834153215,-0.23513317858254942,-0.2274858489545346,0.05,1.0,0.0,0.02,1e-09
66.62158409599942,-1,0.26744519489699436,0.20325138245420532,-0.24141555450803887,0.24037789106804403,0.2467529792951122,-0.24028090834153215,-0.23513317858254942,-0.2274858489545346,0.05,1.0,0.0,0.02,1e-09
66.65856347399676,-1,0.25772606844317464,0.21517171597668477,-0.229572157038296,0.2500308670338427,0.2351619511473618,-0.25080133981099934,-0.2230931963008908,-0.2361910720778495,0.05,1.0,0.0,0.02,1e-09
66.70806370699574,-1,0.25772606844317464,0.21517171597668477,-0.229572157038296,0.2500308670338427,0.2351619511473618,-0.25080133981099934,-0.2230931963008908,-0.2361910720778495,0.05,1.0,0.0,0.02,1e-09
66.76498912399984,-1,0.25772606844317464,0.21517171597668477,-0.229572157038296,0.2500308670338427,0.2351619511473618,-0.25080133981099934,-0.2230931963008908,-0.2361910720778495,0.05,1.0,0.0,0.02,1e-09
66.8088707930001,-1,0.25160799942196893,0.2217901497365211,-0.22229602260466091,0.25524377705446605,0.2280015102034154,-0.2565605203598187,-0.21573404171254262,-0.24080518377309534,0.05,1.0,0.0,0.02,1e-09
66.86185529999784,-1,0.25160799942196893,0.2217901497365211,-0.22229602260466091,0.25524377705446605,0.2280015102034154,-0.2565605203598187,-0.21573404171254262,-0.24080518377309534,0.05,1.0,0.0,0.02,1e-09
66.90705705199798,-1,0.25160799942196893,0.2217901497365211,-0.22229602260466091,0.25524377705446605,0.2280015102034154,-0.2565605203598187,-0.21573404171254262,-0.24080518377309534,0.05,1.0,0.0,0.02,1e-09
66.96317079100118,-1,0.2478721272095843,0.22554522551910522,-0.21791101831001744,0.2581476889439221,0.22367200815433286,-0.25979828379919856,-0.2113129510038527,-0.2433423956943443,0.05,1.0,0.0,0.02,1e-09
67.00966583699483,-1,0.2478721272095843,0.22554522551910522,-0.21791101831001744,0.2581476889439221,0.22367200815433286,-0.25979828379919856,-0.2113129510038527,-0.2433423956943443,0.05,1.0,0.0,0.02,1e-09
67.06170415499946,-1,0.2478721272095843,0.22554522551910522,-0.21791101831001744,0.2581476889439221,0.22367200815433286,-0.25979828379919856,-0.2113129510038527,-0.2433423956943443,0.05,1.0,0.0,0.02,1e-09
67.10860045699519,-1,0.24562506957695848,0.2277079632660602,-0.2152929602995701,0.2598008533246511,0.22108201546508333,-0.26165238041849254,-0.20867838035112052,-0.24477458631161247,0.05,1.0,0.0,0.02,1e-09
67.16936055899714,-1,0.24562506957695848,0.2277079632660602,-0.2152929602995701,0.2598008533246511,0.22108201546508333,-0.26165238041849254,-0.20867838035112052,-0.24477458631161247,0.05,1.0,0.0,0.02,1e-09
67.21725123700162,-1,0.24562506957695848,0.2277079632660602,-0.2152929602995701,0.2598008533246511,0.22108201546508333,-0.26165238041849254,-0.20867838035112052,-0.24477458631161247,0.05,1.0,0.0,0.02,1e-09
67.2644167690014,-1,0.24562506957695848,0.2277079632660602,-0.2152929602995701,0.2598008533246511,0.22108201546508333,-0.26165238041849254,-0.20867838035112052,-0.24477458631161247,0.05,1.0,0.0,0.02,1e-09
67.31545897499745,-1,0.24428428456638998,0.228965759285654,-0.2137374342598003,0.2607554104309072,0.21954137133254356,-0.2627268790845521,-0.20711483411254525,-0.24559714183482556,0.05,1.0,0.0,0.02,1e-09
67.35936271999526,-1,0.24428428456638998,0.228965759285654,-0.2137374342598003,0.2607554104309072,0.21954137133254356,-0.2627268790845521,-0.20711483411254525,-0.24559714183482556,0.05,1.0,0.0,0.02,1e-09
67.42547586400178,-1,0.24428428456638998,0.228965759285654,-0.2137374342598003,0.2607554104309072,0.21954137133254356,-0.2627268790845521,-0.20711483411254525,-0.24559714183482556,0.05,1.0,0.0,0.02,1e-09
67.46102784499817,-1,0.24348779346847788,0.22970170468038853,-0.2128156588187682,0.26131149853788316,0.21862778417426545,-0.2633542358037543,-0.20618893801991647,-0.24607476118482807,0.05,1.0,0.0,0.02,1e-09
67.52328885300085,-1,0.24348779346847788,0.22970170468038853,-0.2128156588187682,0.26131149853788316,0.21862778417426545,-0.2633542358037543,-0.20618893801991647,-0.24607476118482807,0.05,1.0,0.0,0.02,1e-09
67.56736635699781,-1,0.24348779346847788,0.22970170468038853,-0.2128156588187682,0.26131149853788316,0.21862778417426545,-0.2633542358037543,-0.20618893801991647,-0.24607476118482807,0.05,1.0,0.0,0.02,1e-09
67.61147467599949,-1,0.24301582701013685,0.23013390253257288,-0.2122702441360552,0.2616372181294551,0.21808699358210007,-0.26372219234291855,-0.20564130706518352,-0.24635396470858822,0.05,1.0,0.0,0.02,1e-09
67.66229464199569,-1,0.24301582701013685,0.23013390253257288,-0.2122702441360552,0.2616372181294551,0.21808699358210007,-0.26372219234291855,-0.20564130706518352,-0.24635396470858822,0.05,1.0,0.0,0.02,1e-09
67.7203495979993,-1,0.24301582701013685,0.23013390253257288,-0.2122702441360552,0.2616372181294551,0.21808699358210007,-0.26372219234291855,-0.20564130706518352,-0.24635396470858822,0.05,1.0,0.0,0.02,1e-09
67.76108167599887,-1,0.24273656499498822,0.23038828249290155,-0.21194779712428574,0.26182862887518066,0.21776720305907799,-0.26393859683426385,-0.20531762750881957,-0.2465178453410491,0.05,1.0,0.0,0.02,1e-09
67.82322835100058,-1,0.24273656499498822,0.23038828249290155,-0.21194779712428574,0.26182862887518066,0.21776720305907799,-0.26393859683426385,-0.20531762750881957,-0.2465178453410491,0.05,1.0,0.0,0.02,1e-09
67.85913876099949,-1,0.24273656499498822,0.23038828249290155,-0.21194779712428574,0.26182862887518066,0.21776720305907799,-0.26393859683426385,-0.20531762750881957,-0.2465178453410491,0.05,1.0,0.0,0.02,1e-09
67.91918604899547,-1,0.24273656499498822,0.23038828249290155,-0.21194779712428574,0.26182862887518066,0.21776720305907799,-0.26393859683426385,-0.20531762750881957,-0.2465178453410491,0.05,1.0,0.0,0.02,1e-09
67.967982973998,-1,0.24257146536110583,0.23053820201095093,-0.21175726190876093,0.26194133278673,0.2175782105885392,-0.26406607780933034,-0.2051263911409691,-0.24661427114546391,0.05,1.0,0.0,0.02,1e-09
68.02109812499839,-1,0.24257146536110583,0.23053820201095093,-0.21175726190876093,0.26194133278673,0.2175782105885392,-0.26406607780933034,-0.2051263911409691,-0.24661427114546391,0.05,1.0,0.0,0.02,1e-09
68.05828002999624,-1,0.24257146536110583,0.23053820201095093,-0.21175726190876093,0.26194133278673,0.2175782105885392,-0.26406607780933034,-0.2051263911409691,-0.24661427114546391,0.05,1.0,0.0,0.02,1e-09
68.1172598369958,-1,0.2424739067167251,0.23062662702818826,-0.2116447063909412,0.26200777091703686,0.2174665570042085,-0.2641412480902386,-0.20501343091113053,-0.24667108960678608,0.05,1.0,0.0,0.02,1e-09
68.16304187900096,-1,0.2424739067167251,0.23062662702818826,-0.2116447063909412,0.26200777091703686,0.2174665570042085,-0.2641412480902386,-0.20501343091113053,-0.24667108960678608,0.05,1.0,0.0,0.02,1e-09
68.2097246639969,-1,0.2424739067167251,0.23062662702818826,-0.2116447063909412,0.26200777091703686,0.2174665570042085,-0.2641412480902386,-0.20501343091113053,-0.24667108960678608,0.05,1.0,0.0,0.02,1e-09
68.25757344399608,-1,0.2424739067167251,0.23062662702818826,-0.2116447063909412,0.26200777091703686,0.2174665570042085,-0.2641412480902386,-0.20501343091113053,-0.24667108960678608,0.05,1.0,0.0,0.02,1e-09
68.31561708599475,-1,0.24241627529911908,0.2306788058976466,-0.21157822734650553,0.2620469627668438,0.21740060738509384,-0.2641855984302155,-0.2049467161396037,-0.24670459848790033,0.05,1.0,0.0,0.02,1e-09
68.36093785499543,-1,0.24241627529911908,0.2306788058976466,-0.21157822734650553,0.2620469627668438,0.21740060738509384,-0.2641855984302155,-0.2049467161396037,-0.24670459848790033,0.05,1.0,0.0,0.02,1e-09
68.42046436799865,-1,0.24241627529911908,0.2306788058976466,-0.21157822734650553,0.2620469627668438,0.21740060738509384,-0.2641855984302155,-0.2049467161396037,-0.24670459848790033,0.05,1.0,0.0,0.02,1e-09
68.46104493500025,-1,0.242382236121167,0.23070960468608925,-0.2115389665154417,0.26207009149091093,0.2173616580732846,-0.2642117739729733,-0.20490731720489452,-0.2467243705066009,0.05,1.0,0.0,0.02,1e-09
68.52362020799774,-1,0.242382236121167,0.23070960468608925,-0.2115389665154417,0.26207009149091093,0.2173616580732846,-0.2642117739729733,-0.20490731720489452,-0.2467243705066009,0.05,1.0,0.0,0.02,1e-09
68.56178827300027,-1,0.242382236121167,0.23070960468608925,-0.2115389665154417,0.26207009149091093,0.2173616580732846,-0.2642117739729733,-0.20490731720489452,-0.2467243705066009,0.05,1.0,0.0,0.02,1e-09
68.61764709599811,-1,0.24236213344910856,0.230727786809662,-0.21151578142833624,0.2620837440032889,0.21733865655188636,-0.2642272258744048,-0.20488405101623514,-0.2467360406494648,0.05,1.0,0.0,0.02,1e-09
68.66126480499952,-1,0.24236213344910856,0.230727786809662,-0.21151578142833624,0.2620837440032889,0.21733865655188636,-0.2642272258744048,-0.20488405101623514,-0.2467360406494648,0.05,1.0,0.0,0.02,1e-09
68.71209586999612,-1,0.24236213344910856,0.230727786809662,-0.21151578142833624,0.2620837440032889,0.21733865655188636,-0.2642272258744048,-0.20488405101623514,-0.2467360406494648,0.05,1.0,0.0,0.02,1e-09
68.76114700100152,-1,0.2423502620047208,0.23073852167716413,-0.21150209018511995,0.2620918040148231,0.21732507356714784,-0.26423634850039496,-0.20487031202020237,-0.24674292997793013,0.05,1.0,0.0,0.02,1e-09
68.81822177199501,-1,0.2423502620047208,0.23073852167716413,-0.21150209018511995,0.2620918040148231,0.21732507356714784,-0.26423634850039496,-0.20487031202020237,-0.24674292997793013,0.05,1.0,0.0,0.02,1e-09
68.86089064800035,-1,0.2423502620047208,0.23073852167716413,-0.21150209018511995,0.2620918040148231,0.21732507356714784,-0.26423634850039496,-0.20487031202020237,-0.24674292997793013,0.05,1.0,0.0,0.02,1e-09
68.92073928500031,-1,0.2423432516814874,0.23074485998837768,-0.21149400540653,0.2620965627933125,0.21731705266588744,-0.2642417347733198,-0.20486219909171513,-0.24674699744009077,0.05,1.0,0.0,0.02,1e-09
68.97150135899574,-1,0.2423432516814874,0.23074485998837768,-0.21149400540653,0.2620965627933125,0.21731705266588744,-0.2642417347733198,-0.20486219909171513,-0.24674699744009077,0.05,1.0,0.0,0.02,1e-09
69.01139601299656,-1,0.2423432516814874,0.23074485998837768,-0.21149400540653,0.2620965627933125,0.21731705266588744,-0.2642417347733198,-0.20486219909171513,-0.24674699744009077,0.05,1.0,0.0,0.02,1e-09
69.06435681199946,-1,0.24233911203140543,0.23074860251569368,-0.21148923134255246,0.26209937260251326,0.21731231630464562,-0.26424491512301135,-0.20485740842288788,-0.2467493990207325,0.05,1.0,0.0,0.02,1e-09
69.11619824700028,-1,0.24233911203140543,0.23074860251569368,-0.21148923134255246,0.26209937260251326,0.21731231630464562,-0.26424491512301135,-0.20485740842288788,-0.2467493990207325,0.05,1.0,0.0,0.02,1e-09
69.24240929199732,-1,0.24233911203140543,0.23074860251569368,-0.21148923134255246,0.26209937260251326,0.21731231630464562,-0.26424491512301135,-0.20485740842288788,-0.2467493990207325,0.05,1.0,0.0,0.02,1e-09
69.25101024299511,-1,0.24233666756495614,0.2307508123765613,-0.21148641227489345,0.2621010316945348,0.21730951949605726,-0.2642467930212088,-0.20485457955706096,-0.24675081705393437,0.05,1.0,0.0,0.02,1e-09
69.26671779900062,-1,0.24233666756495614,0.2307508123765613,-0.21148641227489345,0.2621010316945348,0.21730951949605726,-0.2642467930212088,-0.20485457955706096,-0.24675081705393437,0.05,1.0,0.0,0.02,1e-09
69.317059641995,-1,0.24233522411928465,0.23075211725660838,-0.21148474763566844,0.2621020113492238,0.21730786799654683,-0.26424790187820707,-0.20485290913302653,-0.24675165436332624,0.05,1.0,0.0,0.02,1e-09
69.36061900799541,-1,0.24233522411928465,0.23075211725660838,-0.21148474763566844,0.2621020113492238,0.21730786799654683,-0.26424790187820707,-0.20485290913302653,-0.24675165436332624,0.05,1.0,0.0,0.02,1e-09
69.41901327599771,-1,0.24233522411928465,0.23075211725660838,-0.21148474763566844,0.2621020113492238,0.21730786799654683,-0.26424790187820707,-0.20485290913302653,-0.24675165436332624,0.05,1.0,0.0,0.02,1e-09
69.46660146499926,-1,0.2423343717725695,0.2307528877665443,-0.21148376467835134,0.2621025898155021,0.2173068927983775,-0.2642485566390799,-0.20485192275870823,-0.2467521487737484,0.05,1.0,0.0,0.02,1e-09
69.51229550499556,-1,0.2423343717725695,0.2307528877665443,-0.21148376467835134,0.2621025898155021,0.2173068927983775,-0.2642485566390799,-0.20485192275870823,-0.2467521487737484,0.05,1.0,0.0,0.02,1e-09
69.5645686209973,-1,0.2423343717725695,0.2307528877665443,-0.21148376467835134,0.2621025898155021,0.2173068927983775,-0.2642485566390799,-0.20485192275870823,-0.2467521487737484,0.05,1.0,0.0,0.02,1e-09
69.61407426899677,-1,0.24233386846738544,0.23075334274144033,-0.21148318424970397,0.26210293138978563,0.21730631695194466,-0.2642489432657941,-0.204851340311485,-0.24675244071248215,0.05,1.0,0.0,0.02,1e-09
69.67186058699735,-1,0.24233386846738544,0.23075334274144033,-0.21148318424970397,0.26210293138978563,0.21730631695194466,-0.2642489432657941,-0.204851340311485,-0.24675244071248215,0.05,1.0,0.0,0.02,1e-09
69.71796728800109,-1,0.24233386846738544,0.23075334274144033,-0.21148318424970397,0.26210293138978563,0.21730631695194466,-0.2642489432657941,-0.204851340311485,-0.24675244071248215,0.05,1.0,0.0,0.02,1e-09
69.7656680939981,-1,0.24233357127042465,0.2307536113991135,-0.21148284151286595,0.2621031330864678,0.2173059769200581,-0.2642491715642162,-0.20485099638453289,-0.2467526131013023,0.05,1.0,0.0,0.02,1e-09
69.82328231599968,-1,0.24233357127042465,0.2307536113991135,-0.21148284151286595,0.2621031330864678,0.2173059769200581,-0.2642491715642162,-0.20485099638453289,-0.2467526131013023,0.05,1.0,0.0,0.02,1e-09
69.85791937999602,-1,0.24233357127042465,0.2307536113991135,-0.21148284151286595,0.2621031330864678,0.2173059769200581,-0.2642491715642162,-0.20485099638453289,-0.2467526131013023,0.05,1.0,0.0,0.02,1e-09
69.91191489899938,-1,0.24233339577953877,0.23075377003916192,-0.21148263913179427,0.2621032521878949,0.2173057761345426,-0.26424930637192084,-0.20485079329997793,-0.24675271489600886,0.05,1.0,0.0,0.02,1e-09
69.96140863999608,-1,0.24233339577953877,0.23075377003916192,-0.21148263913179427,0.2621032521878949,0.2173057761345426,-0.26424930637192084,-0.20485079329997793,-0.24675271489600886,0.05,1.0,0.0,0.02,1e-09
70.01040743799967,-1,0.24233339577953877,0.23075377003916192,-0.21148263913179427,0.2621032521878949,0.2173057761345426,-0.26424930637192084,-0.20485079329997793,-0.24675271489600886,0.05,1.0,0.0,0.02,1e-09
70.05979059999663,-1,0.24233329215421182,0.23075386371468898,-0.21148251962772938,0.2621033225159476,0.21730565757255943,-0.26424938597431047,-0.20485067338094093,-0.2467527750050622,0.05,1.0,0.0,0.02,1e-09
70.11755783699482,-1,0.24233329215421182,0.23075386371468898,-0.21148251962772938,0.2621033225159476,0.21730565757255943,-0.26424938597431047,-0.20485067338094093,-0.2467527750050622,0.05,1.0,0.0,0.02,1e-09
70.16349194199574,-1,0.24233323095967216,0.230753919025453,-0.21148244906253894,0.26210336404539225,0.21730558756321713,-0.2642494329790579,-0.20485060256624923,-0.2467528104953985,0.05,1.0,0.0,0.02,1e-09
70.21030332599912,-1,0.24233323095967216,0.230753919025453,-0.21148244906253894,0.26210336404539225,0.21730558756321713,-0.2642494329790579,-0.20485060256624923,-0.2467528104953985,0.05,1.0,0.0,0.02,1e-09
70.27141950799705,-1,0.24233323095967216,0.230753919025453,-0.21148244906253894,0.26210336404539225,0.21730558756321713,-0.2642494329790579,-0.20485060256624923,-0.2467528104953985,0.05,1.0,0.0,0.02,1e-09
70.31712948499626,-1,0.24233319482835977,0.23075395168894963,-0.2114824073913494,0.2621033885642238,0.21730554622287007,-0.2642494607343113,-0.204850560754231,-0.24675283145492732,0.05,1.0,0.0,0.02,1e-09
70.36041845299769,-1,0.24233319482835977,0.23075395168894963,-0.2114824073913494,0.2621033885642238,0.21730554622287007,-0.2642494607343113,-0.204850560754231,-0.24675283145492732,0.05,1.0,0.0,0.02,1e-09
70.41789009299828,-1,0.24233319482835977,0.23075395168894963,-0.2114824073913494,0.2621033885642238,0.21730554622287007,-0.2642494607343113,-0.204850560754231,-0.24675283145492732,0.05,1.0,0.0,0.02,1e-09
70.46117143699666,-1,0.2526722742867683,0.22320315348581854,-0.22310272037635054,0.2568723810213764,0.22687337098814264,-0.25629159643006477,-0.21937483962838455,-0.2449239390440196,0.05,1.0,0.0,0.02,1e-09
70.52186493599584,-1,0.2526722742867683,0.22320315348581854,-0.22310272037635054,0.2568723810213764,0.22687337098814264,-0.25629159643006477,-0.21937483962838455,-0.2449239390440196,0.05,1.0,0.0,0.02,1e-09
70.57213460699859,-1,0.2764805583635208,0.19962236687458942,-0.25114588976543467,0.23877960142557542,0.2532403525832888,-0.2358642162027857,-0.24960045856636798,-0.2292523044183128,0.05,1.0,0.0,0.02,1e-09
70.62175444999593,-1,0.2764805583635208,0.19962236687458942,-0.25114588976543467,0.23877960142557542,0.2532403525832888,-0.2358642162027857,-0.24960045856636798,-0.2292523044183128,0.05,1.0,0.0,0.02,1e-09
70.66145532800147,-1,0.2764805583635208,0.19962236687458942,-0.25114588976543467,0.23877960142557542,0.2532403525832888,-0.2358642162027857,-0.24960045856636798,-0.2292523044183128,0.05,1.0,0.0,0.02,1e-09
70.71723719999864,-1,0.2974267201065943,0.1611145299450332,-0.27934041835362805,0.20546396694281532,0.2804483150035771,-0.20147064570625794,-0.2786090061036312,-0.1968673661444023,0.05,1.0,0.0,0.02,1e-09
70.75942602600117,-1,0.2974267201065943,0.1611145299450332,-0.27934041835362805,0.20546396694281532,0.2804483150035771,-0.20147064570625794,-0.2786090061036312,-0.1968673661444023,0.05,1.0,0.0,0.02,1e-09
70.81824426700041,-1,0.3066061056616855,0.12914863399156748,-0.29469807124733616,0.17610514046675174,0.2952579156421476,-0.1717387157681157,-0.2941607407772302,-0.16779472855485114,0.05,1.0,0.0,0.02,1e-09
70.8634908699969,-1,0.3066061056616855,0.12914863399156748,-0.29469807124733616,0.17610514046675174,0.2952579156421476,-0.1717387157681157,-0.2941607407772302,-0.16779472855485114,0.05,1.0,0.0,0.02,1e-09
70.91379911900003,-1,0.3066061056616855,0.12914863399156748,-0.29469807124733616,0.17610514046675174,0.2952579156421476,-0.1717387157681157,-0.2941607407772302,-0.16779472855485114,0.05,1.0,0.0,0.02,1e-09
70.96082033900166,-1,0.309643306384444,0.10960113355463454,-0.3015781542185059,0.15762499725801182,0.3018559818087578,-0.15313147785178804,-0.30108367799032076,-0.14940852212827369,0.05,1.0,0.0,0.02,1e-09
71.0105195110009,-1,0.309643306384444,0.10960113355463454,-0.3015781542185059,0.15762499725801182,0.3018559818087578,-0.15313147785178804,-0.30108367799032076,-0.14940852212827369,0.05,1.0,0.0,0.02,1e-09
71.06121750400052,-1,0.309643306384444,0.10960113355463454,-0.3015781542185059,0.15762499725801182,0.3018559818087578,-0.15313147785178804,-0.30108367799032076,-0.14940852212827369,0.05,1.0,0.0,0.02,1e-09
71.11774178299675,-1,0.309643306384444,0.10960113355463454,-0.3015781542185059,0.15762499725801182,0.3018559818087578,-0.15313147785178804,-0.30108367799032076,-0.14940852212827369,0.05,1.0,0.0,0.02,1e-09
71.15900513799716,-1,0.3105806063171872,0.09791836202840763,-0.30483352539484465,0.1464004169789031,0.30496506675947166,-0.14185879133009133,-0.3043344155933318,-0.1382211039471063,0.05,1.0,0.0,0.02,1e-09
71.21322561599663,-1,0.3105806063171872,0.09791836202840763,-0.30483352539484465,0.1464004169789031,0.30496506675947166,-0.14185879133009133,-0.3043344155933318,-0.1382211039471063,0.05,1.0,0.0,0.02,1e-09
71.26377607000177,-1,0.3108323048534331,0.0909907950034923,-0.3064670103328823,0.13968226817644086,0.3065202100720129,-0.13512033025216102,-0.30595398647459093,-0.13152027052419518,0.05,1.0,0.0,0.02,1e-09
71.31393078599649,-1,0.3108323048534331,0.0909907950034923,-0.3064670103328823,0.13968226817644086,0.3065202100720129,-0.13512033025216102,-0.30595398647459093,-0.13152027052419518,0.05,1.0,0.0,0.02,1e-09
71.3600872379975,-1,0.3108323048534331,0.0909907950034923,-0.3064670103328823,0.13968226817644086,0.3065202100720129,-0.13512033025216102,-0.30595398647459093,-0.13152027052419518,0.05,1.0,0.0,0.02,1e-09
71.4141198599973,-1,0.31087528111771306,0.08689415046009145,-0.30732959740098176,0.13568777976636012,0.307339515877554,-0.13111638636028017,-0.3068043428728153,-0.12753476641160985,0.05,1.0,0.0,0.02,1e-09
71.4610992109956,-1,0.31087528111771306,0.08689415046009145,-0.30732959740098176,0.13568777976636012,0.307339515877554,-0.13111638636028017,-0.3068043428728153,-0.12753476641160985,0.05,1.0,0.0,0.02,1e-09
71.51472028499848,-1,0.31087528111771306,0.08689415046009145,-0.30732959740098176,0.13568777976636012,0.307339515877554,-0.13111638636028017,-0.3068043428728153,-0.12753476641160985,0.05,1.0,0.0,0.02,1e-09
71.57144054299715,-1,0.3108637616030221,0.08447388904218812,-0.30780315676268416,0.13332031076725798,0.3077885895416979,-0.1287441591306647,-0.30726926062415316,-0.12517224820147274,0.05,1.0,0.0,0.02,1e-09
71.61563267999736,-1,0.3108637616030221,0.08447388904218812,-0.30780315676268416,0.13332031076725798,0.3077885895416979,-0.1287441591306647,-0.30726926062415316,-0.12517224820147274,0.05,1.0,0.0,0.02,1e-09
71.66379168799904,-1,0.3108637616030221,0.08447388904218812,-0.30780315676268416,0.13332031076725798,0.3077885895416979,-0.1287441591306647,-0.30726926062415316,-0.12517224820147274,0.05,1.0,0.0,0.02,1e-09
71.70925790399633,-1,0.31084408585478773,0.08304449463283962,-0.3080702647795432,0.1319194584406989,0.3080416189453213,-0.12734077227020302,-0.3075307673745342,-0.12377421191482474,0.05,1.0,0.0,0.02,1e-09
71.76470318200154,-1,0.31084408585478773,0.08304449463283962,-0.3080702647795432,0.1319194584406989,0.3080416189453213,-0.12734077227020302,-0.3075307673745342,-0.12377421191482474,0.05,1.0,0.0,0.02,1e-09
71.8127456229995,-1,0.31084408585478773,0.08304449463283962,-0.3080702647795432,0.1319194584406989,0.3080416189453213,-0.12734077227020302,-0.3075307673745342,-0.12377421191482474,0.05,1.0,0.0,0.02,1e-09
71.86485920300038,-1,0.3108279774549064,0.08220039913028078,-0.3082236136904004,0.13109129815783893,0.3081867883123961,-0.12651120870407975,-0.3076806343228642,-0.1229476803931682,0.05,1.0,0.0,0.02,1e-09
71.91584753899951,-1,0.3108279774549064,0.08220039913028078,-0.3082236136904004,0.13109129815783893,0.3081867883123961,-0.12651120870407975,-0.3076806343228642,-0.1229476803931682,0.05,1.0,0.0,0.02,1e-09
71.96601044999989,-1,0.3108279774549064,0.08220039913028078,-0.3082236136904004,0.13109129815783893,0.3081867883123961,-0.12651120870407975,-0.3076806343228642,-0.1229476803931682,0.05,1.0,0.0,0.02,1e-09
72.01288420499623,-1,0.3108168997967238,0.08170195837357974,-0.30831263720740776,0.130601946476544,0.30827102877493423,-0.12602106040249061,-0.30776754081478164,-0.12245927928652058,0.05,1.0,0.0,0.02,1e-09
72.06104274300014,-1,0.3108168997967238,0.08170195837357974,-0.30831263720740776,0.130601946476544,0.30827102877493423,-0.12602106040249061,-0.30776754081478164,-0.12245927928652058,0.05,1.0,0.0,0.02,1e-09
72.10897581600148,-1,0.3108168997967238,0.08170195837357974,-0.30831263720740776,0.130601946476544,0.30827102877493423,-0.12602106040249061,-0.30776754081478164,-0.12245927928652058,0.05,1.0,0.0,0.02,1e-09
72.1636117099988,-1,0.3108098125479844,0.08140763186174402,-0.3083646717470836,0.13031287517376255,0.3083202553669833,-0.1257315297511583,-0.3078183039901082,-0.12217076552825186,0.05,1.0,0.0,0.02,1e-09
72.221102427,-1,0.3108098125479844,0.08140763186174402,-0.3083646717470836,0.13031287517376255,0.3083202553669833,-0.1257315297511583,-0.3078183039901082,-0.12217076552825186,0.05,1.0,0.0,0.02,1e-09
72.25974922099704,-1,0.3108098125479844,0.08140763186174402,-0.3083646717470836,0.13031287517376255,0.3083202553669833,-0.1257315297511583,-0.3078183039901082,-0.12217076552825186,0.05,1.0,0.0,0.02,1e-09
72.31419540199568,-1,0.3108054372108918,0.08123383453927041,-0.30839521171648737,0.13014214200799978,0.30834914300202987,-0.12556052917454333,-0.30784808580942336,-0.12200036030570462,0.05,1.0,0.0,0.02,1e-09
72.36770570899535,-1,0.3108054372108918,0.08123383453927041,-0.30839521171648737,0.13014214200799978,0.30834914300202987,-0.12556052917454333,-0.30784808580942336,-0.12200036030570462,0.05,1.0,0.0,0.02,1e-09
72.40930599399871,-1,0.3108054372108918,0.08123383453927041,-0.30839521171648737,0.13014214200799978,0.30834914300202987,-0.12556052917454333,-0.30784808580942336,-0.12200036030570462,0.05,1.0,0.0,0.02,1e-09
72.47395884599973,-1,0.31080278723298854,0.08113120886299352,-0.30841318042668336,0.1300413120880839,0.30836613802562945,-0.12545954268199433,-0.30786560425099063,-0.12189972359235951,0.05,1.0,0.0,0.02,1e-09
72.50910463399487,-1,0.31080278723298854,0.08113120886299352,-0.30841318042668336,0.1300413120880839,0.30836613802562945,-0.12545954268199433,-0.30786560425099063,-0.12189972359235951,0.05,1.0,0.0,0.02,1e-09
72.56192539599579,-1,0.31080278723298854,0.08113120886299352,-0.30841318042668336,0.1300413120880839,0.30836613802562945,-0.12545954268199433,-0.30786560425099063,-0.12189972359235951,0.05,1.0,0.0,0.02,1e-09
72.6102425229983,-1,0.31080119930045713,0.08107060940761336,-0.30842376816038425,0.12998176826726976,0.3083761515049479,-0.12539990686970867,-0.3078759252028392,-0.12184029370572698,0.05,1.0,0.0,0.02,1e-09
72.66472605399758,-1,0.31080119930045713,0.08107060940761336,-0.30842376816038425,0.12998176826726976,0.3083761515049479,-0.12539990686970867,-0.3078759252028392,-0.12184029370572698,0.05,1.0,0.0,0.02,1e-09
72.71099281199713,-1,0.31080119930045713,0.08107060940761336,-0.30842376816038425,0.12998176826726976,0.3083761515049479,-0.12539990686970867,-0.3078759252028392,-0.12184029370572698,0.05,1.0,0.0,0.02,1e-09
72.76297531399905,-1,0.31080025357309454,0.08103482603091668,-0.3084300122293619,0.12994660657927837,0.30838205672348173,-0.12536469102267356,-0.30788201142232197,-0.12180519924149008,0.05,1.0,0.0,0.02,1e-09
72.81619493299513,-1,0.31080025357309454,0.08103482603091668,-0.3084300122293619,0.12994660657927837,0.30838205672348173,-0.12536469102267356,-0.30788201142232197,-0.12180519924149008,0.05,1.0,0.0,0.02,1e-09
72.86482141599845,-1,0.31080025357309454,0.08103482603091668,-0.3084300122293619,0.12994660657927837,0.30838205672348173,-0.12536469102267356,-0.30788201142232197,-0.12180519924149008,0.05,1.0,0.0,0.02,1e-09
72.91164128200035,-1,0.310799692317714,0.08101369630389411,-0.308433696541908,0.12992584337704882,0.30838554103169363,-0.12534389589596723,-0.3078856024152204,-0.12178447571567307,0.05,1.0,0.0,0.02,1e-09
72.96332783500111,-1,0.310799692317714,0.08101369630389411,-0.308433696541908,0.12992584337704882,0.30838554103169363,-0.12534389589596723,-0.3078856024152204,-0.12178447571567307,0.05,1.0,0.0,0.02,1e-09
73.01007315999595,-1,0.310799692317714,0.08101369630389411,-0.308433696541908,0.12992584337704882,0.30838554103169363,-0.12534389589596723,-0.3078856024152204,-0.12178447571567307,0.05,1.0,0.0,0.02,1e-09
73.06450992800092,-1,0.31079935991994934,0.08100121941119898,-0.308435871132294,0.12991358271244147,0.30838759755183204,-0.12533161639997403,-0.30788772186348856,-0.12177223847323866,0.05,1.0,0.0,0.02,1e-09
73.11013508999895,-1,0.31079935991994934,0.08100121941119898,-0.308435871132294,0.12991358271244147,0.30838759755183204,-0.12533161639997403,-0.30788772186348856,-0.12177223847323866,0.05,1.0,0.0,0.02,1e-09
73.1641004310004,-1,0.31079935991994934,0.08100121941119898,-0.308435871132294,0.12991358271244147,0.30838759755183204,-0.12533161639997403,-0.30788772186348856,-0.12177223847323866,0.05,1.0,0.0,0.02,1e-09
73.20772921099706,-1,0.31079935991994934,0.08100121941119898,-0.308435871132294,0.12991358271244147,0.30838759755183204,-0.12533161639997403,-0.30788772186348856,-0.12177223847323866,0.05,1.0,0.0,0.02,1e-09
73.26070003199857,-1,0.3107991633009682,0.08099385193079198,-0.30843715487254747,0.12990634284257524,0.30838881158249304,-0.12532436541708075,-0.3078889730291044,-0.12176501243166409,0.05,1.0,0.0,0.02,1e-09
73.30945626199536,-1,0.3107991633009682,0.08099385193079198,-0.30843715487254747,0.12990634284257524,0.30838881158249304,-0.12532436541708075,-0.3078889730291044,-0.12176501243166409,0.05,1.0,0.0,0.02,1e-09
73.3625886929949,-1,0.31079904708022815,0.08098950150727463,-0.3084379127918776,0.12990206774738394,0.30838952834250527,-0.1253200837621228,-0.3078897117087017,-0.12176074550115543,0.05,1.0,0.0,0.02,1e-09
73.41867210200144,-1,0.31079904708022815,0.08098950150727463,-0.3084379127918776,0.12990206774738394,0.30838952834250527,-0.1253200837621228,-0.3078897117087017,-0.12176074550115543,0.05,1.0,0.0,0.02,1e-09
73.45957207000174,-1,0.31079904708022815,0.08098950150727463,-0.3084379127918776,0.12990206774738394,0.30838952834250527,-0.1253200837621228,-0.3078897117087017,-0.12176074550115543,0.05,1.0,0.0,0.02,1e-09
73.50912638099544,-1,0.31079904708022815,0.08098950150727463,-0.3084379127918776,0.12990206774738394,0.30838952834250527,-0.1253200837621228,-0.3078897117087017,-0.12176074550115543,0.05,1.0,0.0,0.02,1e-09
73.56830555399938,-1,0.31079897841084275,0.08098693262563753,-0.30843836029474314,0.12989954333766907,0.3083899515427312,-0.1253175554799918,-0.30789014784886454,-0.12175822591227542,0.05,1.0,0.0,0.02,1e-09
73.6125452769993,-1,0.31079897841084275,0.08098693262563753,-0.30843836029474314,0.12989954333766907,0.3083899515427312,-0.1253175554799918,-0.30789014784886454,-0.12175822591227542,0.05,1.0,0.0,0.02,1e-09
73.6613404249947,-1,0.31079893784835533,0.0809854157267738,-0.308438624526826,0.12989805269623544,0.30839020142451445,-0.12531606255199512,-0.3078904053710257,-0.12175673811746257,0.05,1.0,0.0,0.02,1e-09
73.70829011499882,-1,0.31079893784835533,0.0809854157267738,-0.308438624526826,0.12989805269623544,0.30839020142451445,-0.12531606255199512,-0.3078904053710257,-0.12175673811746257,0.05,1.0,0.0,0.02,1e-09
73.80376805899868,-1,0.31079893784835533,0.0809854157267738,-0.308438624526826,0.12989805269623544,0.30839020142451445,-0.12531606255199512,-0.3078904053710257,-0.12175673811746257,0.05,1.0,0.0,0.02,1e-09
73.84113401299692,-1,0.31079893784835533,0.0809854157267738,-0.308438624526826,0.12989805269623544,0.30839020142451445,-0.12531606255199512,-0.3078904053710257,-0.12175673811746257,0.05,1.0,0.0,0.02,1e-09
73.86864581099508,-1,0.3107989138915319,0.08098452001316624,-0.30843878054825785,0.12989717248633484,0.3083903489724196,-0.12531518099200678,-0.30789055743015437,-0.12175585958843631,0.05,1.0,0.0,0.02,1e-09
73.92106797299493,-1,0.3107989138915319,0.08098452001316624,-0.30843878054825785,0.12989717248633484,0.3083903489724196,-0.12531518099200678,-0.30789055743015437,-0.12175585958843631,0.05,1.0,0.0,0.02,1e-09
73.96849043799739,-1,0.3107989138915319,0.08098452001316624,-0.30843878054825785,0.12989717248633484,0.3083903489724196,-0.12531518099200678,-0.30789055743015437,-0.12175585958843631,0.05,1.0,0.0,0.02,1e-09
74.01266758499696,-1,0.31079889974344427,0.08098399110324152,-0.3084388726755747,0.12989665273082213,0.3083904360963165,-0.12531466043932354,-0.30789064721775317,-0.1217553408254594,0.05,1.0,0.0,0.02,1e-09
74.06893808199675,-1,0.31079889974344427,0.08098399110324152,-0.3084388726755747,0.12989665273082213,0.3083904360963165,-0.12531466043932354,-0.30789064721775317,-0.1217553408254594,0.05,1.0,0.0,0.02,1e-09
74.1234521899969,-1,0.31079889974344427,0.08098399110324152,-0.3084388726755747,0.12989665273082213,0.3083904360963165,-0.12531466043932354,-0.30789064721775317,-0.1217553408254594,0.05,1.0,0.0,0.02,1e-09
74.16530799499742,-1,0.3107988913885155,0.08098367878722175,-0.3084389270752117,0.12989634582025517,0.30839048754152026,-0.12531435305805533,-0.30789070023581455,-0.12175503450097641,0.05,1.0,0.0,0.02,1e-09
74.22207624699513,-1,0.3107988913885155,0.08098367878722175,-0.3084389270752117,0.12989634582025517,0.30839048754152026,-0.12531435305805533,-0.30789070023581455,-0.12175503450097641,0.05,1.0,0.0,0.02,1e-09
74.2663207289952,-1,0.3107988913885155,0.08098367878722175,-0.3084389270752117,0.12989634582025517,0.30839048754152026,-0.12531435305805533,-0.30789070023581455,-0.12175503450097641,0.05,1.0,0.0,0.02,1e-09
74.32334508599888,-1,0.3107988913885155,0.08098367878722175,-0.3084389270752117,0.12989634582025517,0.30839048754152026,-0.12531435305805533,-0.30789070023581455,-0.12175503450097641,0.05,1.0,0.0,0.02,1e-09
74.36060786499729,-1,0.31079888645493325,0.08098349436773122,-0.3084389591975193,0.12989616459257897,0.3083905179191669,-0.125314171552448,-0.30789073154227936,-0.12175485361937256,0.05,1.0,0.0,0.02,1e-09
74.41072893999808,-1,0.31079888645493325,0.08098349436773122,-0.3084389591975193,0.12989616459257897,0.3083905179191669,-0.125314171552448,-0.30789073154227936,-0.12175485361937256,0.05,1.0,0.0,0.02,1e-09
74.46737597700121,-1,0.31079888645493325,0.08098349436773122,-0.3084389591975193,0.12989616459257897,0.3083905179191669,-0.125314171552448,-0.30789073154227936,-0.12175485361937256,0.05,1.0,0.0,0.02,1e-09
74.51933015899704,-1,0.31079888354156554,0.08098338546987087,-0.3084389781653449,0.12989605757945732,0.30839053585682097,-0.12531406437519077,-0.30789075002832544,-0.12175474681060201,0.05,1.0,0.0,0.02,1e-09
74.56464376799704,-1,0.31079888354156554,0.08098338546987087,-0.3084389781653449,0.12989605757945732,0.30839053585682097,-0.12531406437519077,-0.30789075002832544,-0.12175474681060201,0.05,1.0,0.0,0.02,1e-09
74.61663706800027,-1,0.31079888354156554,0.08098338546987087,-0.3084389781653449,0.12989605757945732,0.30839053585682097,-0.12531406437519077,-0.30789075002832544,-0.12175474681060201,0.05,1.0,0.0,0.02,1e-09
74.665269997,-1,0.3107988818212275,0.08098332116677466,-0.3084389893656322,0.12989599438927357,0.3083905464488017,-0.1253140010880873,-0.30789076094412826,-0.12175468374108718,0.05,1.0,0.0,0.02,1e-09
74.7129116319993,-1,0.3107988818212275,0.08098332116677466,-0.3084389893656322,0.12989599438927357,0.3083905464488017,-0.1253140010880873,-0.30789076094412826,-0.12175468374108718,0.05,1.0,0.0,0.02,1e-09
74.76688749699679,-1,0.3107988818212275,0.08098332116677466,-0.3084389893656322,0.12989599438927357,0.3083905464488017,-0.1253140010880873,-0.30789076094412826,-0.12175468374108718,0.05,1.0,0.0,0.02,1e-09
74.81933768299496,-1,0.3107988808053789,0.08098328319644063,-0.3084389959792831,0.12989595707609958,0.30839055270325194,-0.12531396371768394,-0.3078907673897947,-0.12175464649916909,0.05,1.0,0.0,0.02,1e-09
74.85957607399905,-1,0.3107988808053789,0.08098328319644063,-0.3084389959792831,0.12989595707609958,0.30839055270325194,-0.12531396371768394,-0.3078907673897947,-0.12175464649916909,0.05,1.0,0.0,0.02,1e-09
74.91445744199882,-1,0.3107988808053789,0.08098328319644063,-0.3084389959792831,0.12989595707609958,0.30839055270325194,-0.12531396371768394,-0.3078907673897947,-0.12175464649916909,0.05,1.0,0.0,0.02,1e-09
74.96152132700081,-1,0.3107988802054886,0.0809832607753412,-0.3084389998845349,0.12989593504303729,0.3083905563964405,-0.1253139416508338,-0.30789077119589303,-0.12175462450818923,0.05,1.0,0.0,0.02,1e-09
75.0160295789974,-1,0.3107988802054886,0.0809832607753412,-0.3084389998845349,0.12989593504303729,0.3083905563964405,-0.1253139416508338,-0.30789077119589303,-0.12175462450818923,0.05,1.0,0.0,0.02,1e-09
75.06148600400047,-1,0.3107988802054886,0.0809832607753412,-0.3084389998845349,0.12989593504303729,0.3083905563964405,-0.1253139416508338,-0.30789077119589303,-0.12175462450818923,0.05,1.0,0.0,0.02,1e-09
75.11130628200044,-1,0.3107988798512024,0.08098324753590991,-0.3084390021904869,0.12989592203272582,0.30839055857723147,-0.12531392862057952,-0.30789077344335386,-0.12175461152273598,0.05,1.0,0.0,0.02,1e-09
75.16358855699946,-1,0.3107988798512024,0.08098324753590991,-0.3084390021904869,0.12989592203272582,0.30839055857723147,-0.12531392862057952,-0.30789077344335386,-0.12175461152273598,0.05,1.0,0.0,0.02,1e-09
75.21567889799917,-1,0.31079887964183434,0.08098323971816741,-0.3084390035518863,0.12989591435021408,0.3083905598649378,-0.12531392092634175,-0.3078907747704802,-0.12175460385493825,0.05,1.0,0.0,0.02,1e-09
75.2722327779993,-1,0.31079887964183434,0.08098323971816741,-0.3084390035518863,0.12989591435021408,0.3083905598649378,-0.12531392092634175,-0.3078907747704802,-0.12175460385493825,0.05,1.0,0.0,0.02,1e-09
75.31133193500136,-1,0.31079887964183434,0.08098323971816741,-0.3084390035518863,0.12989591435021408,0.3083905598649378,-0.12531392092634175,-0.3078907747704802,-0.12175460385493825,0.05,1.0,0.0,0.02,1e-09
75.36376204800035,-1,0.31079887964183434,0.08098323971816741,-0.3084390035518863,0.12989591435021408,0.3083905598649378,-0.12531392092634175,-0.3078907747704802,-0.12175460385493825,0.05,1.0,0.0,0.02,1e-09
75.41544895699917,-1,0.3107988795182949,0.08098323510186263,-0.30843900435596294,0.1298959098137994,0.30839056062535025,-0.12531391638297457,-0.307890775554091,-0.12175459932718402,0.05,1.0,0.0,0.02,1e-09
75.46345753900096,-1,0.3107988795182949,0.08098323510186263,-0.30843900435596294,0.1298959098137994,0.30839056062535025,-0.12531391638297457,-0.307890775554091,-0.12175459932718402,0.05,1.0,0.0,0.02,1e-09
75.51889777999895,-1,0.3107988795182949,0.08098323510186263,-0.30843900435596294,0.1298959098137994,0.30839056062535025,-0.12531391638297457,-0.307890775554091,-0.12175459932718402,0.05,1.0,0.0,0.02,1e-09
75.56400027999916,-1,0.3107988794453693,0.0809832323759835,-0.3084390048307751,0.1298959071351057,0.3083905610743642,-0.12531391370016132,-0.3078907760168235,-0.12175459665360751,0.05,1.0,0.0,0.02,1e-09
75.62666558499768,-1,0.3107988794453693,0.0809832323759835,-0.3084390048307751,0.1298959071351057,0.3083905610743642,-0.12531391370016132,-0.3078907760168235,-0.12175459665360751,0.05,1.0,0.0,0.02,1e-09
75.66338328200072,-1,0.3107988794453693,0.0809832323759835,-0.3084390048307751,0.1298959071351057,0.3083905610743642,-0.12531391370016132,-0.3078907760168235,-0.12175459665360751,0.05,1.0,0.0,0.02,1e-09
75.71567303499614,-1,0.3107988794026176,0.0809832307663473,-0.3084390051101708,0.1298959055531685,0.3083905613394746,-0.12531391211598378,-0.3078907762913526,-0.12175459507507164,0.05,1.0,0.0,0.02,1e-09
75.77243119099876,-1,0.3107988794026176,0.0809832307663473,-0.3084390051101708,0.1298959055531685,0.3083905613394746,-0.12531391211598378,-0.3078907762913526,-0.12175459507507164,0.05,1.0,0.0,0.02,1e-09
75.81125448899547,-1,0.3107988794026176,0.0809832307663473,-0.3084390051101708,0.1298959055531685,0.3083905613394746,-0.12531391211598378,-0.3078907762913526,-0.12175459507507164,0.05,1.0,0.0,0.02,1e-09
75.86293493399717,-1,0.31079887937740797,0.08098322981586671,-0.308439005274966,0.1298959046190105,0.3083905614960429,-0.1253139111805457,-0.30789077645369906,-0.12175459414299729,0.05,1.0,0.0,0.02,1e-09
75.912098847999,-1,0.31079887937740797,0.08098322981586671,-0.308439005274966,0.1298959046190105,0.3083905614960429,-0.1253139111805457,-0.30789077645369906,-0.12175459414299729,0.05,1.0,0.0,0.02,1e-09
75.96601161400031,-1,0.31079887937740797,0.08098322981586671,-0.308439005274966,0.1298959046190105,0.3083905614960429,-0.1253139111805457,-0.30789077645369906,-0.12175459414299729,0.05,1.0,0.0,0.02,1e-09
76.01109447299677,-1,0.31079887936249817,0.08098322925461462,-0.30843900537226737,0.1298959040673759,0.30839056158849437,-0.1253139106281787,-0.3078907765495322,-0.12175459359258974,0.05,1.0,0.0,0.02,1e-09
76.07671940200089,-1,0.31079887936249817,0.08098322925461462,-0.30843900537226737,0.1298959040673759,0.30839056158849437,-0.1253139106281787,-0.3078907765495322,-0.12175459359258974,0.05,1.0,0.0,0.02,1e-09
76.11537097999826,-1,0.3107988793535256,0.0809832289232103,-0.30843900542940583,0.12989590374158272,0.3083905616430668,-0.1253139103020096,-0.3078907766062291,-0.12175459326758123,0.05,1.0,0.0,0.02,1e-09
76.16532173100131,-1,0.3107988793535256,0.0809832289232103,-0.30843900542940583,0.12989590374158272,0.3083905616430668,-0.1253139103020096,-0.3078907766062291,-0.12175459326758123,0.05,1.0,0.0,0.02,1e-09
76.21239599699766,-1,0.3107988793535256,0.0809832289232103,-0.30843900542940583,0.12989590374158272,0.3083905616430668,-0.1253139103020096,-0.3078907766062291,-0.12175459326758123,0.05,1.0,0.0,0.02,1e-09
76.27195323100023,-1,0.31079887934839734,0.08098322872751036,-0.3084390054631802,0.12989590354923009,0.3083905616753226,-0.12531391010941337,-0.30789077663991843,-0.12175459307573656,0.05,1.0,0.0,0.02,1e-09
76.3204658149989,-1,0.31079887934839734,0.08098322872751036,-0.3084390054631802,0.12989590354923009,0.3083905616753226,-0.12531391010941337,-0.30789077663991843,-0.12175459307573656,0.05,1.0,0.0,0.02,1e-09
76.36778181899717,-1,0.31079887934839734,0.08098322872751036,-0.3084390054631802,0.12989590354923009,0.3083905616753226,-0.12531391010941337,-0.30789077663991843,-0.12175459307573656,0.05,1.0,0.0,0.02,1e-09
76.41422734299704,-1,0.3107988793453942,0.08098322861195181,-0.3084390054831236,0.1298959034356412,0.308390561694361,-0.12531390999568626,-0.30789077665982484,-0.1217545929624514,0.05,1.0,0.0,0.02,1e-09
76.45639418399514,-1,0.3107988793453942,0.08098322861195181,-0.3084390054831236,0.1298959034356412,0.308390561694361,-0.12531390999568626,-0.30789077665982484,-0.1217545929624514,0.05,1.0,0.0,0.02,1e-09
76.50555140399956,-1,0.3107988793453942,0.08098322861195181,-0.3084390054831236,0.1298959034356412,0.308390561694361,-0.12531390999568626,-0.30789077665982484,-0.1217545929624514,0.05,1.0,0.0,0.02,1e-09
76.55415284999617,-1,0.3107988793453942,0.08098322861195181,-0.3084390054831236,0.1298959034356412,0.308390561694361,-0.12531390999568626,-0.30789077665982484,-0.1217545929624514,0.05,1.0,0.0,0.02,1e-09
76.63390652299859,-1,0.31079887934367056,0.08098322854370436,-0.30843900549498005,0.1298959033685378,0.3083905617055969,-0.12531390992853103,-0.3078907766715301,-0.121754592895509,0.05,1.0,0.0,0.02,1e-09
76.65036197399604,-1,0.31079887934367056,0.08098322854370436,-0.30843900549498005,0.1298959033685378,0.3083905617055969,-0.12531390992853103,-0.3078907766715301,-0.121754592895509,0.05,1.0,0.0,0.02,1e-09
76.70040326599701,-1,0.3121962919108659,0.09434847208704998,-0.30942505089362554,0.1300408757314181,0.307234263406588,-0.13863847255922046,-0.30906804038008084,-0.1218755519698951,0.05,1.0,0.0,0.02,1e-09
76.75613650499872,-1,0.3121962919108659,0.09434847208704998,-0.30942505089362554,0.1300408757314181,0.307234263406588,-0.13863847255922046,-0.30906804038008084,-0.1218755519698951,0.05,1.0,0.0,0.02,1e-09
76.7986147959964,-1,0.3121962919108659,0.09434847208704998,-0.30942505089362554,0.1300408757314181,0.307234263406588,-0.13863847255922046,-0.30906804038008084,-0.1218755519698951,0.05,1.0,0.0,0.02,1e-09
76.84939395699621,-1,0.3106224927592766,0.12760793910495458,-0.3097734783230926,0.13009211886786132,0.29985403925455817,-0.17102346392946258,-0.309697405422284,-0.12194020532549336,0.05,1.0,0.0,0.02,1e-09
76.90511482700094,-1,0.3106224927592766,0.12760793910495458,-0.3097734783230926,0.13009211886786132,0.29985403925455817,-0.17102346392946258,-0.309697405422284,-0.12194020532549336,0.05,1.0,0.0,0.02,1e-09
76.95734928800084,-1,0.3106224927592766,0.12760793910495458,-0.3097734783230926,0.13009211886786132,0.29985403925455817,-0.17102346392946258,-0.309697405422284,-0.12194020532549336,0.05,1.0,0.0,0.02,1e-09
76.9987981000013,-1,0.2968482066079497,0.17312062786609458,-0.30595302007588165,0.12953044185683688,0.2785031482559391,-0.21354420700455512,-0.3059346025135324,-0.12155358367264689,0.05,1.0,0.0,0.02,1e-09
77.05774788399867,-1,0.2968482066079497,0.17312062786609458,-0.30595302007588165,0.12953044185683688,0.2785031482559391,-0.21354420700455512,-0.3059346025135324,-0.12155358367264689,0.05,1.0,0.0,0.02,1e-09
77.10118895999767,-1,0.2968482066079497,0.17312062786609458,-0.30595302007588165,0.12953044185683688,0.2785031482559391,-0.21354420700455512,-0.3059346025135324,-0.12155358367264689,0.05,1.0,0.0,0.02,1e-09
77.15933018299984,-1,0.2724581027362731,0.2069846006529572,-0.2962051008741272,0.1280971547219929,0.24895892181379684,-0.2431904481972224,-0.29607644004262074,-0.12054081979968648,0.05,1.0,0.0,0.02,1e-09
77.20578165099869,-1,0.2724581027362731,0.2069846006529572,-0.2962051008741272,0.1280971547219929,0.24895892181379684,-0.2431904481972224,-0.29607644004262074,-0.12054081979968648,0.05,1.0,0.0,0.02,1e-09
77.25529663699854,-1,0.24629939836604084,0.21782545994706753,-0.27878466037086735,0.12553557262200726,0.22201226033497734,-0.2503864307246858,-0.27843394677364985,-0.1187284908774712,0.05,1.0,0.0,0.02,1e-09
77.30495416399935,-1,0.24629939836604084,0.21782545994706753,-0.27878466037086735,0.12553557262200726,0.22201226033497734,-0.2503864307246858,-0.27843394677364985,-0.1187284908774712,0.05,1.0,0.0,0.02,1e-09
77.35664589799853,-1,0.24629939836604084,0.21782545994706753,-0.27878466037086735,0.12553557262200726,0.22201226033497734,-0.2503864307246858,-0.27843394677364985,-0.1187284908774712,0.05,1.0,0.0,0.02,1e-09
77.40735475900146,-1,0.21949574494745058,0.2137162722927202,-0.25422922989539426,0.12192468330468562,0.19703553831319728,-0.2429248307433725,-0.25360690156428056,-0.1161782590125058,0.05,1.0,0.0,0.02,1e-09
77.44747701499728,-1,0.21949574494745058,0.2137162722927202,-0.25422922989539426,0.12192468330468562,0.19703553831319728,-0.2429248307433725,-0.25360690156428056,-0.1161782590125058,0.05,1.0,0.0,0.02,1e-09
77.50089438799478,-1,0.19393684603529057,0.20165140131829973,-0.22655897212043102,0.11785564638132971,0.17445429533873993,-0.227648936245877,-0.22568218910447102,-0.11330993624042325,0.05,1.0,0.0,0.02,1e-09
77.55184321200068,-1,0.19393684603529057,0.20165140131829973,-0.22655897212043102,0.11785564638132971,0.17445429533873993,-0.227648936245877,-0.22568218910447102,-0.11330993624042325,0.05,1.0,0.0,0.02,1e-09
77.61029363700072,-1,0.17379344595187463,0.1890623186589498,-0.20305316379508836,0.11439894613461518,0.15702839660153955,-0.21240460000760616,-0.2019965524236512,-0.1108770950171749,0.05,1.0,0.0,0.02,1e-09
77.651492443998,-1,0.17379344595187463,0.1890623186589498,-0.20305316379508836,0.11439894613461518,0.15702839660153955,-0.21240460000760616,-0.2019965524236512,-0.1108770950171749,0.05,1.0,0.0,0.02,1e-09
77.70892697200179,-1,0.1617733008663693,0.18092150308816146,-0.18869361121332487,0.11228724451899001,0.14666434318948585,-0.20261993101640852,-0.18754316059537113,-0.1093925555628264,0.05,1.0,0.0,0.02,1e-09
77.75619070999528,-1,0.1617733008663693,0.18092150308816146,-0.18869361121332487,0.11228724451899001,0.14666434318948585,-0.20261993101640852,-0.18754316059537113,-0.1093925555628264,0.05,1.0,0.0,0.02,1e-09
77.80364358399675,-1,0.1617733008663693,0.18092150308816146,-0.18869361121332487,0.11228724451899001,0.14666434318948585,-0.20261993101640852,-0.18754316059537113,-0.1093925555628264,0.05,1.0,0.0,0.02,1e-09
77.85234149199823,-1,0.1546996883690209,0.17591809465571484,-0.18012785213439444,0.11102756403119572,0.1405753892587005,-0.19662592190553507,-0.17892689260079994,-0.10850756765482272,0.05,1.0,0.0,0.02,1e-09
77.90493149300164,-1,0.1546996883690209,0.17591809465571484,-0.18012785213439444,0.11102756403119572,0.1405753892587005,-0.19662592190553507,-0.17892689260079994,-0.10850756765482272,0.05,1.0,0.0,0.02,1e-09
77.94985910900141,-1,0.1505449535378859,0.17290626986371926,-0.17505651323433852,0.1102817700453628,0.13700209099102229,-0.19302354256736165,-0.17382755020625118,-0.10798381037450905,0.05,1.0,0.0,0.02,1e-09
78.00380618200143,-1,0.1505449535378859,0.17290626986371926,-0.17505651323433852,0.1102817700453628,0.13700209099102229,-0.19302354256736165,-0.17382755020625118,-0.10798381037450905,0.05,1.0,0.0,0.02,1e-09
78.05922287499561,-1,0.1481021343675551,0.17111018287691507,-0.17206076829812142,0.10984121307582194,0.13490211933176197,-0.19087705204629818,-0.17081592630760792,-0.10767448516625133,0.05,1.0,0.0,0.02,1e-09
78.10611659799906,-1,0.1481021343675551,0.17111018287691507,-0.17206076829812142,0.10984121307582194,0.13490211933176197,-0.19087705204629818,-0.17081592630760792,-0.10767448516625133,0.05,1.0,0.0,0.02,1e-09
78.15171532699605,-1,0.1466639050866978,0.17004395900661856,-0.1702921205296389,0.10958111377612641,0.13366606852153426,-0.18960338544752403,-0.1690381354789878,-0.10749188782032966,0.05,1.0,0.0,0.02,1e-09
78.21380761299952,-1,0.1466639050866978,0.17004395900661856,-0.1702921205296389,0.10958111377612641,0.13366606852153426,-0.18960338544752403,-0.1690381354789878,-0.10749188782032966,0.05,1.0,0.0,0.02,1e-09
78.25410380099493,-1,0.1458162360734449,0.16941249681708156,-0.16924800742055365,0.10942756522260642,0.13293766918798705,-0.18884925589025547,-0.167988705694954,-0.10738410073605845,0.05,1.0,0.0,0.02,1e-09
78.30010610899626,-1,0.1458162360734449,0.16941249681708156,-0.16924800742055365,0.10942756522260642,0.13293766918798705,-0.18884925589025547,-0.167988705694954,-0.10738410073605845,0.05,1.0,0.0,0.02,1e-09
78.3554654719992,-1,0.1453162744597613,0.1690389948744706,-0.16863158864353717,0.10933691387873824,0.13250809087836227,-0.18840326156834714,-0.16736917631232573,-0.10732046882377863,0.05,1.0,0.0,0.02,1e-09
78.40066128399485,-1,0.1453162744597613,0.1690389948744706,-0.16863158864353717,0.10933691387873824,0.13250809087836227,-0.18840326156834714,-0.16736917631232573,-0.10732046882377863,0.05,1.0,0.0,0.02,1e-09
78.44808602600096,-1,0.1453162744597613,0.1690389948744706,-0.16863158864353717,0.10933691387873824,0.13250809087836227,-0.18840326156834714,-0.16736917631232573,-0.10732046882377863,0.05,1.0,0.0,0.02,1e-09
78.50487090699608,-1,0.14502125869312055,0.16881823051901107,-0.1682676474725981,0.10928339220367905,0.13225461944263314,-0.18813967125836023,-0.16700340844916742,-0.10728290079128809,0.05,1.0,0.0,0.02,1e-09
78.55012076899584,-1,0.1448471278595249,0.1686877972527457,-0.16805276185923138,0.10925179083292225,0.13210501425452967,-0.18798394284317188,-0.1667874477184707,-0.10726071946048489,0.05,1.0,0.0,0.02,1e-09
78.64702476299863,-1,0.1448471278595249,0.1686877972527457,-0.16805276185923138,0.10925179083292225,0.13210501425452967,-0.18798394284317188,-0.1667874477184707,-0.10726071946048489,0.05,1.0,0.0,0.02,1e-09
78.65214609100076,-1,0.1448471278595249,0.1686877972527457,-0.16805276185923138,0.10925179083292225,0.13210501425452967,-0.18798394284317188,-0.1667874477184707,-0.10726071946048489,0.05,1.0,0.0,0.02,1e-09
78.7126414039958,-1,0.1447443310122301,0.16861075205641304,-0.16792588059793648,0.10923313150013032,0.13201669747292072,-0.1878919587457147,-0.1666599328421863,-0.10724762240678552,0.05,1.0,0.0,0.02,1e-09
78.76180588699935,-1,0.1447443310122301,0.16861075205641304,-0.16792588059793648,0.10923313150013032,0.13201669747292072,-0.1878919587457147,-0.1666599328421863,-0.10724762240678552,0.05,1.0,0.0,0.02,1e-09
78.81174949400156,-1,0.14468363949434634,0.16856524873111572,-0.16785096081851764,0.10922211369369285,0.1319645555551573,-0.1878376333269458,-0.1665846393490281,-0.10723988901224898,0.05,1.0,0.0,0.02,1e-09
78.85275509599887,-1,0.14468363949434634,0.16856524873111572,-0.16785096081851764,0.10922211369369285,0.1319645555551573,-0.1878376333269458,-0.1665846393490281,-0.10723988901224898,0.05,1.0,0.0,0.02,1e-09
78.90084117199876,-1,0.14464780490416143,0.16853837637475105,-0.1678067222639241,0.10921560791041433,0.13193376916088229,-0.18780555132693239,-0.16654018027007353,-0.1072353226205426,0.05,1.0,0.0,0.02,1e-09
78.95429978700122,-1,0.14464780490416143,0.16853837637475105,-0.1678067222639241,0.10921560791041433,0.13193376916088229,-0.18780555132693239,-0.16654018027007353,-0.1072353226205426,0.05,1.0,0.0,0.02,1e-09
79.01151648099767,-1,0.1446266460351217,0.16852250743854896,-0.1677806001301307,0.10921176635306236,0.13191559111094556,-0.1877866060488168,-0.1665139279711283,-0.10723262624716344,0.05,1.0,0.0,0.02,1e-09
79.04850017299759,-1,0.1446266460351217,0.16852250743854896,-0.1677806001301307,0.10921176635306236,0.13191559111094556,-0.1877866060488168,-0.1665139279711283,-0.10723262624716344,0.05,1.0,0.0,0.02,1e-09
79.10085224099748,-1,0.14461415231780567,0.1685131366147054,-0.16776517537304805,0.10920949796679108,0.13190485750601685,-0.1877754186412004,-0.16649842637106252,-0.10723103407799106,0.05,1.0,0.0,0.02,1e-09
79.14954362799472,-1,0.14461415231780567,0.1685131366147054,-0.16776517537304805,0.10920949796679108,0.13190485750601685,-0.1877754186412004,-0.16649842637106252,-0.10723103407799106,0.05,1.0,0.0,0.02,1e-09
79.20722418999503,-1,0.14460677503638142,0.1685076031060051,-0.16775606724379755,0.10920815851260174,0.1318985195423633,-0.18776881244587756,-0.16648927287316204,-0.10723009392233135,0.05,1.0,0.0,0.02,1e-09
79.25209470900154,-1,0.14460677503638142,0.1685076031060051,-0.16775606724379755,0.10920815851260174,0.1318985195423633,-0.18776881244587756,-0.16648927287316204,-0.10723009392233135,0.05,1.0,0.0,0.02,1e-09
79.30629266300093,-1,0.14460677503638142,0.1685076031060051,-0.16775606724379755,0.10920815851260174,0.1318985195423633,-0.18776881244587756,-0.16648927287316204,-0.10723009392233135,0.05,1.0,0.0,0.02,1e-09
79.35160017100134,-1,0.14460241887211323,0.16850433557881622,-0.1677506889969752,0.10920736758012059,0.13189477708100883,-0.18776491150375713,-0.16648386783882677,-0.10722953877132266,0.05,1.0,0.0,0.02,1e-09
79.40314391599532,-1,0.14460241887211323,0.16850433557881622,-0.1677506889969752,0.10920736758012059,0.13189477708100883,-0.18776491150375713,-0.16648386783882677,-0.10722953877132266,0.05,1.0,0.0,0.02,1e-09
79.45530280399544,-1,0.14459984661694048,0.16850240612077766,-0.1677475132003436,0.10920690054303617,0.1318925672099312,-0.18776260801906802,-0.1664806762252121,-0.10722921096072954,0.05,1.0,0.0,0.02,1e-09
79.50268678199791,-1,0.14459984661694048,0.16850240612077766,-0.1677475132003436,0.10920690054303617,0.1318925672099312,-0.18776260801906802,-0.1664806762252121,-0.10722921096072954,0.05,1.0,0.0,0.02,1e-09
79.54760701600026,-1,0.14459832773165654,0.16850126678955452,-0.16774563792570238,0.10920662476253017,0.13189126230836407,-0.18776124782833611,-0.16647879161107224,-0.107229017392036,0.05,1.0,0.0,0.02,1e-09
79.60438213399902,-1,0.14459832773165654,0.16850126678955452,-0.16774563792570238,0.10920662476253017,0.13189126230836407,-0.18776124782833611,-0.16647879161107224,-0.107229017392036,0.05,1.0,0.0,0.02,1e-09
79.66916219799896,-1,0.1445974308470636,0.16850059402392714,-0.1677445305953066,0.10920646191697651,0.1318904917788527,-0.18776044464719868,-0.16647767876589128,-0.10722890309172223,0.05,1.0,0.0,0.02,1e-09
79.7092594709975,-1,0.1445974308470636,0.16850059402392714,-0.1677445305953066,0.10920646191697651,0.1318904917788527,-0.18776044464719868,-0.16647767876589128,-0.10722890309172223,0.05,1.0,0.0,0.02,1e-09
79.76002924500062,-1,0.14459690124637029,0.16850019676187789,-0.16774387672796515,0.10920636575833251,0.13189003678951472,-0.18775997037603248,-0.16647702164215747,-0.10722883559855229,0.05,1.0,0.0,0.02,1e-09
79.80787823299761,-1,0.14459690124637029,0.16850019676187789,-0.16774387672796515,0.10920636575833251,0.13189003678951472,-0.18775997037603248,-0.16647702164215747,-0.10722883559855229,0.05,1.0,0.0,0.02,1e-09
79.85217172400007,-1,0.14459658852269744,0.16849996218237545,-0.16774349062590277,0.10920630897762429,0.13188976812308087,-0.18775969032339446,-0.16647663361723988,-0.10722879574451821,0.05,1.0,0.0,0.02,1e-09
79.89918577500066,-1,0.14459658852269744,0.16849996218237545,-0.16774349062590277,0.10920630897762429,0.13188976812308087,-0.18775969032339446,-0.16647663361723988,-0.10722879574451821,0.05,1.0,0.0,0.02,1e-09
79.96573461799562,-1,0.1445964038625798,0.1684998236654432,-0.16774326263651795,0.1092062754491871,0.13188960947831527,-0.1877595249550225,-0.1664764044924326,-0.1072287722111124,0.05,1.0,0.0,0.02,1e-09
79.99657197800116,-1,0.1445964038625798,0.1684998236654432,-0.16774326263651795,0.1092062754491871,0.13188960947831527,-0.1877595249550225,-0.1664764044924326,-0.1072287722111124,0.05,1.0,0.0,0.02,1e-09
80.05564158500056,-1,0.14459629482265626,0.1684997418725512,-0.1677431280110736,0.10920625565098127,0.13188951580019412,-0.1877594273066211,-0.16647626919653444,-0.1072287583148725,0.05,1.0,0.0,0.02,1e-09
80.10487353699864,-1,0.14459629482265626,0.1684997418725512,-0.1677431280110736,0.10920625565098127,0.13188951580019412,-0.1877594273066211,-0.16647626919653444,-0.1072287583148725,0.05,1.0,0.0,0.02,1e-09
80.16131030999532,-1,0.14459629482265626,0.1684997418725512,-0.1677431280110736,0.10920625565098127,0.13188951580019412,-0.1877594273066211,-0.16647626919653444,-0.1072287583148725,0.05,1.0,0.0,0.02,1e-09
80.2037330039966,-1,0.14459623043568193,0.1684996935746565,-0.1677430485160976,0.1092062439603391,0.13188946048420974,-0.1877593696462056,-0.16647618930566285,-0.10722875010928215,0.05,1.0,0.0,0.02,1e-09
80.26316873599717,-1,0.14459623043568193,0.1684996935746565,-0.1677430485160976,0.1092062439603391,0.13188946048420974,-0.1877593696462056,-0.16647618930566285,-0.10722875010928215,0.05,1.0,0.0,0.02,1e-09
80.30857711900171,-1,0.14459619241582108,0.16849966505522918,-0.16774300157510996,0.10920623705713196,0.13188942782067725,-0.18775933559830293,-0.16647614213090292,-0.10722874526396317,0.05,1.0,0.0,0.02,1e-09
80.35906512799556,-1,0.14459619241582108,0.16849966505522918,-0.16774300157510996,0.10920623705713196,0.13188942782067725,-0.18775933559830293,-0.16647614213090292,-0.10722874526396317,0.05,1.0,0.0,0.02,1e-09
80.40040485600184,-1,0.14459616996547472,0.1684996482147914,-0.16774297385692621,0.10920623298085724,0.1318894085331887,-0.18775931549335517,-0.16647611427467954,-0.10722874240285094,0.05,1.0,0.0,0.02,1e-09
80.45387188300083,-1,0.14459616996547472,0.1684996482147914,-0.16774297385692621,0.10920623298085724,0.1318894085331887,-0.18775931549335517,-0.16647611427467954,-0.10722874240285094,0.05,1.0,0.0,0.02,1e-09
80.51054486000066,-1,0.14459615670079223,0.1684996382632717,-0.167742957489616,0.10920623057385774,0.13188939714411985,-0.18775930362158405,-0.166476097817023,-0.10722874071206295,0.05,1.0,0.0,0.02,1e-09
80.55175894100103,-1,0.14459615670079223,0.1684996382632717,-0.167742957489616,0.10920623057385774,0.13188939714411985,-0.18775930362158405,-0.166476097817023,-0.10722874071206295,0.05,1.0,0.0,0.02,1e-09
80.59916323799553,-1,0.1445961488570662,0.16849963237672339,-0.16774294782488264,0.10920622915254852,0.13188939041898862,-0.1877592966114214,-0.16647608808668815,-0.10722873971182531,0.05,1.0,0.0,0.02,1e-09
80.65171917699627,-1,0.1445961488570662,0.16849963237672339,-0.16774294782488264,0.10920622915254852,0.13188939041898862,-0.1877592966114214,-0.16647608808668815,-0.10722873971182531,0.05,1.0,0.0,0.02,1e-09
80.70684972000163,-1,0.14459614421888137,0.16849962889469877,-0.16774294211795418,0.10920622831327965,0.13188938644786577,-0.18775929247199014,-0.1664760823337769,-0.1072287391201043,0.05,1.0,0.0,0.02,1e-09
80.76526823799941,-1,0.14459614421888137,0.16849962889469877,-0.16774294211795418,0.10920622831327965,0.13188938644786577,-0.18775929247199014,-0.1664760823337769,-0.1072287391201043,0.05,1.0,0.0,0.02,1e-09
80.8041513729986,-1,0.1445961414762493,0.16849962683503256,-0.16774293874806967,0.10920622781769976,0.1318893841028391,-0.18775929002755948,-0.1664760789323651,-0.10722873877005536,0.05,1.0,0.0,0.02,1e-09
80.85072169100022,-1,0.1445961414762493,0.16849962683503256,-0.16774293874806967,0.10920622781769976,0.1318893841028391,-0.18775929002755948,-0.1664760789323651,-0.10722873877005536,0.05,1.0,0.0,0.02,1e-09
80.90044798600138,-1,0.14459613985472694,0.1684996256168283,-0.1677429367581863,0.10920622752506474,0.1318893827169841,-0.18775928858274993,-0.1664760769206423,-0.10722873856299617,0.05,1.0,0.0,0.02,1e-09
80.96059923699795,-1,0.14459613985472694,0.1684996256168283,-0.1677429367581863,0.10920622752506474,0.1318893827169841,-0.18775928858274993,-0.1664760769206423,-0.10722873856299617,0.05,1.0,0.0,0.02,1e-09
80.99928899099905,-1,0.1445961388960751,0.16849962489632442,-0.16774293558318,0.10920622735226662,0.13188938189775581,-0.18775928772849998,-0.16647607573072157,-0.10722873844052336,0.05,1.0,0.0,0.02,1e-09
81.05670508099865,-1,0.1445961388960751,0.16849962489632442,-0.16774293558318,0.10920622735226662,0.13188938189775581,-0.18775928772849998,-0.16647607573072157,-0.10722873844052336,0.05,1.0,0.0,0.02,1e-09
81.10429590100102,-1,0.14459613832931506,0.1684996244701841,-0.1677429348893501,0.10920622725023114,0.13188938141348072,-0.18775928722342117,-0.166476075026891,-0.10722873836808242,0.05,1.0,0.0,0.02,1e-09
81.15077420599846,-1,0.14459613832931506,0.1684996244701841,-0.1677429348893501,0.10920622725023114,0.13188938141348072,-0.18775928722342117,-0.166476075026891,-0.10722873836808242,0.05,1.0,0.0,0.02,1e-09
81.20821520499885,-1,0.1445961379942434,0.16849962421814468,-0.1677429344796503,0.10920622718997999,0.13188938112720824,-0.18775928692479082,-0.16647607461057987,-0.1072287383252345,0.05,1.0,0.0,0.02,1e-09
81.26036613999895,-1,0.1445961379942434,0.16849962421814468,-0.1677429344796503,0.10920622718997999,0.13188938112720824,-0.18775928692479082,-0.16647607461057987,-0.1072287383252345,0.05,1.0,0.0,0.02,1e-09
81.31287443299516,-1,0.14459613779614713,0.16849962406907637,-0.16774293423772646,0.10920622715440241,0.1318893809579821,-0.18775928674822429,-0.16647607436433448,-0.10722873829989049,0.05,1.0,0.0,0.02,1e-09
81.35300266800186,-1,0.14459613779614713,0.16849962406907637,-0.16774293423772646,0.10920622715440241,0.1318893809579821,-0.18775928674822429,-0.16647607436433448,-0.10722873829989049,0.05,1.0,0.0,0.02,1e-09
81.40351461599494,-1,0.14459613779614713,0.16849962406907637,-0.16774293423772646,0.10920622715440241,0.1318893809579821,-0.18775928674822429,-0.16647607436433448,-0.10722873829989049,0.05,1.0,0.0,0.02,1e-09
81.45156047799537,-1,0.14459613767903112,0.16849962398091012,-0.16774293409487265,0.10920622713339416,0.13188938085794627,-0.1877592866438283,-0.16647607421868163,-0.10722873828489982,0.05,1.0,0.0,0.02,1e-09
81.50218797400157,-1,0.14459613760979131,0.16849962392876427,-0.1677429340105189,0.10920622712098893,0.13188938079881146,-0.18775928658210356,-0.1664760741325291,-0.10722873827603299,0.05,1.0,0.0,0.02,1e-09
81.56388956600131,-1,0.14459613760979131,0.16849962392876427,-0.1677429340105189,0.10920622712098893,0.13188938079881146,-0.18775928658210356,-0.1664760741325291,-0.10722873827603299,0.05,1.0,0.0,0.02,1e-09
81.6000306959977,-1,0.14459613760979131,0.16849962392876427,-0.1677429340105189,0.10920622712098893,0.13188938079881146,-0.18775928658210356,-0.1664760741325291,-0.10722873827603299,0.05,1.0,0.0,0.02,1e-09
81.65521761299897,-1,0.14459613756885611,0.16849962389792267,-0.16774293396070833,0.10920622711366368,0.13188938076385442,-0.18775928654560842,-0.1664760740815703,-0.10722873827078844,0.05,1.0,0.0,0.02,1e-09
81.70550219599681,-1,0.14459613754465497,0.1684996238796812,-0.16774293393129577,0.10920622710933822,0.1318893807431897,-0.18775928652402996,-0.16647607405142828,-0.10722873826768622,0.05,1.0,0.0,0.02,1e-09
81.76326785999845,-1,0.14459613754465497,0.1684996238796812,-0.16774293393129577,0.10920622710933822,0.1318893807431897,-0.18775928652402996,-0.16647607405142828,-0.10722873826768622,0.05,1.0,0.0,0.02,1e-09
81.80018701999506,-1,0.14459613754465497,0.1684996238796812,-0.16774293393129577,0.10920622710933822,0.1318893807431897,-0.18775928652402996,-0.16647607405142828,-0.10722873826768622,0.05,1.0,0.0,0.02,1e-09
81.857016861999,-1,0.14459613753034678,0.1684996238688924,-0.16774293391392733,0.10920622710678399,0.13188938073097412,-0.18775928651127177,-0.16647607403359946,-0.10722873826585133,0.05,1.0,0.0,0.02,1e-09
81.90138653699978,-1,0.14459613752188744,0.16849962386251122,-0.16774293390367132,0.10920622710527572,0.13188938072375303,-0.1877592865037282,-0.1664760740230534,-0.107228738264766,0.05,1.0,0.0,0.02,1e-09
81.9512998450009,-1,0.14459613752188744,0.16849962386251122,-0.16774293390367132,0.10920622710527572,0.13188938072375303,-0.1877592865037282,-0.1664760740230534,-0.107228738264766,0.05,1.0,0.0,0.02,1e-09
82.00207300599868,-1,0.14459613752188744,0.16849962386251122,-0.16774293390367132,0.10920622710527572,0.13188938072375303,-0.1877592865037282,-0.1664760740230534,-0.107228738264766,0.05,1.0,0.0,0.02,1e-09
82.05313408099755,-1,0.14459613751688605,0.16849962385873674,-0.167742933897615,0.10920622710438513,0.131889380719484,-0.18775928649926782,-0.16647607401681538,-0.10722873826412405,0.05,1.0,0.0,0.02,1e-09
82.10455030899902,-1,0.14459613751392894,0.16849962385650402,-0.16774293389403835,0.10920622710385913,0.13188938071696032,-0.18775928649663032,-0.16647607401312525,-0.1072287382637443,0.05,1.0,0.0,0.02,1e-09
82.15321210199909,-1,0.14459613751392894,0.16849962385650402,-0.16774293389403835,0.10920622710385913,0.13188938071696032,-0.18775928649663032,-0.16647607401312525,-0.1072287382637443,0.05,1.0,0.0,0.02,1e-09
82.2017787099976,-1,0.14459613751218056,0.16849962385518358,-0.1677429338919264,0.10920622710354848,0.1318893807154683,-0.1877592864950706,-0.16647607401094247,-0.10722873826351967,0.05,1.0,0.0,0.02,1e-09
82.26963411899487,-1,0.14459613751218056,0.16849962385518358,-0.1677429338919264,0.10920622710354848,0.1318893807154683,-0.1877592864950706,-0.16647607401094247,-0.10722873826351967,0.05,1.0,0.0,0.02,1e-09
82.30883888500102,-1,0.14459613751114664,0.16849962385440231,-0.1677429338906793,0.10920622710336512,0.1318893807145863,-0.18775928649414836,-0.16647607400965106,-0.10722873826338683,0.05,1.0,0.0,0.02,1e-09
82.34861979299603,-1,0.14459613751114664,0.16849962385440231,-0.1677429338906793,0.10920622710336512,0.1318893807145863,-0.18775928649414836,-0.16647607400965106,-0.10722873826338683,0.05,1.0,0.0,0.02,1e-09
82.41004423199774,-1,0.14459613751114664,0.16849962385440231,-0.1677429338906793,0.10920622710336512,0.1318893807145863,-0.18775928649414836,-0.16647607400965106,-0.10722873826338683,0.05,1.0,0.0,0.02,1e-09
82.46436028899916,-1,0.1445961375105354,0.1684996238539401,-0.16774293388994238,0.10920622710325671,0.13188938071406478,-0.18775928649360307,-0.166476074008887,-0.10722873826330812,0.05,1.0,0.0,0.02,1e-09
82.51657166599762,-1,0.14459613751017372,0.16849962385366657,-0.167742933889507,0.10920622710319272,0.13188938071375636,-0.18775928649328033,-0.16647607400843487,-0.10722873826326154,0.05,1.0,0.0,0.02,1e-09
82.55162625500088,-1,0.14459613751017372,0.16849962385366657,-0.167742933889507,0.10920622710319272,0.13188938071375636,-0.18775928649328033,-0.16647607400843487,-0.10722873826326154,0.05,1.0,0.0,0.02,1e-09
82.60365872999682,-1,0.14459613751017372,0.16849962385366657,-0.167742933889507,0.10920622710319272,0.13188938071375636,-0.18775928649328033,-0.16647607400843487,-0.10722873826326154,0.05,1.0,0.0,0.02,1e-09
82.65414326999598,-1,0.14459613750995962,0.16849962385350464,-0.16774293388924988,0.10920622710315503,0.13188938071357376,-0.18775928649308926,-0.16647607400816702,-0.107228738263234,0.05,1.0,0.0,0.02,1e-09
82.70165895499667,-1,0.1445961375098331,0.16849962385340872,-0.16774293388909745,0.10920622710313253,0.13188938071346573,-0.18775928649297596,-0.1664760740080082,-0.10722873826321773,0.05,1.0,0.0,0.02,1e-09
82.7527720049984,-1,0.1445961375098331,0.16849962385340872,-0.16774293388909745,0.10920622710313253,0.13188938071346573,-0.18775928649297596,-0.1664760740080082,-0.10722873826321773,0.05,1.0,0.0,0.02,1e-09
82.8063050599958,-1,0.1445961375098331,0.16849962385340872,-0.16774293388909745,0.10920622710313253,0.13188938071346573,-0.18775928649297596,-0.1664760740080082,-0.10722873826321773,0.05,1.0,0.0,0.02,1e-09
82.85092180199717,-1,0.14459613750975778,0.16849962385335165,-0.16774293388900752,0.10920622710311928,0.13188938071340173,-0.18775928649290885,-0.16647607400791403,-0.10722873826320803,0.05,1.0,0.0,0.02,1e-09
82.90321706599934,-1,0.1445961375097131,0.1684996238533178,-0.1677429338889539,0.10920622710311141,0.13188938071336356,-0.18775928649286897,-0.16647607400785827,-0.10722873826320231,0.05,1.0,0.0,0.02,1e-09
82.95012077499996,-1,0.1445961375097131,0.1684996238533178,-0.1677429338889539,0.10920622710311141,0.13188938071336356,-0.18775928649286897,-0.16647607400785827,-0.10722873826320231,0.05,1.0,0.0,0.02,1e-09
83.00468936900143,-1,0.1445961375097131,0.1684996238533178,-0.1677429338889539,0.10920622710311141,0.13188938071336356,-0.18775928649286897,-0.16647607400785827,-0.10722873826320231,0.05,1.0,0.0,0.02,1e-09
83.05551348599693,-1,0.14459613750968664,0.16849962385329775,-0.16774293388892217,0.10920622710310676,0.13188938071334094,-0.1877592864928452,-0.16647607400782535,-0.1072287382631989,0.05,1.0,0.0,0.02,1e-09
83.10724214799848,-1,0.14459613750968664,0.16849962385329775,-0.16774293388892217,0.10920622710310676,0.13188938071334094,-0.1877592864928452,-0.16647607400782535,-0.1072287382631989,0.05,1.0,0.0,0.02,1e-09
83.15026723100164,-1,0.1445961375096708,0.1684996238532856,-0.16774293388890305,0.10920622710310396,0.1318893807133274,-0.1877592864928308,-0.16647607400780534,-0.10722873826319684,0.05,1.0,0.0,0.02,1e-09
83.20157316599943,-1,0.14459613750966116,0.16849962385327827,-0.1677429338888917,0.1092062271031023,0.13188938071331946,-0.18775928649282245,-0.16647607400779316,-0.10722873826319551,0.05,1.0,0.0,0.02,1e-09
83.25776746899646,-1,0.14459613750966116,0.16849962385327827,-0.1677429338888917,0.1092062271031023,0.13188938071331946,-0.18775928649282245,-0.16647607400779316,-0.10722873826319551,0.05,1.0,0.0,0.02,1e-09
83.3017908299953,-1,0.14459613750966116,0.16849962385327827,-0.1677429338888917,0.1092062271031023,0.13188938071331946,-0.18775928649282245,-0.16647607400779316,-0.10722873826319551,0.05,1.0,0.0,0.02,1e-09
83.34875085699605,-1,0.14459613750965528,0.16849962385327372,-0.16774293388888478,0.10920622710310125,0.13188938071331469,-0.1877592864928174,-0.16647607400778586,-0.10722873826319484,0.05,1.0,0.0,0.02,1e-09
83.46888516200124,-1,0.14459613750965156,0.16849962385327083,-0.16774293388888067,0.10920622710310066,0.13188938071331158,-0.1877592864928141,-0.16647607400778117,-0.10722873826319437,0.05,1.0,0.0,0.02,1e-09
83.50103756399767,-1,0.14459613750965156,0.16849962385327083,-0.16774293388888067,0.10920622710310066,0.13188938071331158,-0.1877592864928141,-0.16647607400778117,-0.10722873826319437,0.05,1.0,0.0,0.02,1e-09
83.51131342900044,-1,0.14459613750965156,0.16849962385327083,-0.16774293388888067,0.10920622710310066,0.13188938071331158,-0.1877592864928141,-0.16647607400778117,-0.10722873826319437,0.05,1.0,0.0,0.02,1e-09
83.55428330900031,-1,0.14459613750964925,0.16849962385326872,-0.1677429338888778,0.10920622710310024,0.1318893807133096,-0.18775928649281173,-0.1664760740077782,-0.10722873826319401,0.05,1.0,0.0,0.02,1e-09
83.61282411799766,-1,0.14459613750964925,0.16849962385326872,-0.1677429338888778,0.10920622710310024,0.1318893807133096,-0.18775928649281173,-0.1664760740077782,-0.10722873826319401,0.05,1.0,0.0,0.02,1e-09
83.65352026699838,-1,0.14459613750964778,0.16849962385326742,-0.16774293388887596,0.10920622710309996,0.1318893807133084,-0.18775928649281015,-0.16647607400777614,-0.10722873826319385,0.05,1.0,0.0,0.02,1e-09
83.70632099000068,-1,0.14459613750964778,0.16849962385326742,-0.16774293388887596,0.10920622710309996,0.1318893807133084,-0.18775928649281015,-0.16647607400777614,-0.10722873826319385,0.05,1.0,0.0,0.02,1e-09
83.75055790699844,-1,0.1445961375096467,0.16849962385326642,-0.16774293388887473,0.10920622710309977,0.13188938071330758,-0.1877592864928091,-0.16647607400777478,-0.10722873826319368,0.05,1.0,0.0,0.02,1e-09
83.8112250990016,-1,0.1445961375096467,0.16849962385326642,-0.16774293388887473,0.10920622710309977,0.13188938071330758,-0.1877592864928091,-0.16647607400777478,-0.10722873826319368,0.05,1.0,0.0,0.02,1e-09
83.8494421669966,-1,0.1445961375096467,0.16849962385326642,-0.16774293388887473,0.10920622710309977,0.13188938071330758,-0.1877592864928091,-0.16647607400777478,-0.10722873826319368,0.05,1.0,0.0,0.02,1e-09
83.91345983200154,-1,0.144596137509646,0.16849962385326575,-0.1677429338888736,0.10920622710309957,0.131889380713307,-0.18775928649280832,-0.16647607400777376,-0.1072287382631936,0.05,1.0,0.0,0.02,1e-09
83.9557548849989,-1,0.14459613750964498,0.16849962385326495,-0.16774293388887257,0.10920622710309943,0.13188938071330628,-0.18775928649280743,-0.1664760740077727,-0.10722873826319354,0.05,1.0,0.0,0.02,1e-09
84.00747008799954,-1,0.14459613750964498,0.16849962385326495,-0.16774293388887257,0.10920622710309943,0.13188938071330628,-0.18775928649280743,-0.1664760740077727,-0.10722873826319354,0.05,1.0,0.0,0.02,1e-09
84.05062164699484,-1,0.14459613750964498,0.16849962385326495,-0.16774293388887257,0.10920622710309943,0.13188938071330628,-0.18775928649280743,-0.1664760740077727,-0.10722873826319354,0.05,1.0,0.0,0.02,1e-09
84.10929232899798,-1,0.14459613750964448,0.1684996238532645,-0.16774293388887182,0.10920622710309932,0.1318893807133058,-0.18775928649280682,-0.16647607400777167,-0.1072287382631934,0.05,1.0,0.0,0.02,1e-09
84.17329694100044,-1,0.14459613750964448,0.1684996238532645,-0.16774293388887182,0.10920622710309932,0.1318893807133058,-0.18775928649280682,-0.16647607400777167,-0.1072287382631934,0.05,1.0,0.0,0.02,1e-09
84.22072270300123,-1,0.14459613750964398,0.1684996238532639,-0.1677429338888712,0.10920622710309923,0.13188938071330542,-0.18775928649280643,-0.166476074007771,-0.10722873826319335,0.05,1.0,0.0,0.02,1e-09
84.25812076599686,-1,0.14459613750964398,0.1684996238532639,-0.1677429338888712,0.10920622710309923,0.13188938071330542,-0.18775928649280643,-0.166476074007771,-0.10722873826319335,0.05,1.0,0.0,0.02,1e-09
84.30365886099753,-1,0.14459613750964398,0.1684996238532639,-0.1677429338888712,0.10920622710309923,0.13188938071330542,-0.18775928649280643,-0.166476074007771,-0.10722873826319335,0.05,1.0,0.0,0.02,1e-09
84.35539374600194,-1,0.14459613750964398,0.1684996238532639,-0.1677429338888712,0.10920622710309923,0.13188938071330542,-0.18775928649280643,-0.166476074007771,-0.10722873826319335,0.05,1.0,0.0,0.02,1e-09
84.40107362999697,-1,0.1445961375096436,0.16849962385326356,-0.16774293388887077,0.1092062271030991,0.1318893807133051,-0.18775928649280588,-0.16647607400777037,-0.10722873826319326,0.05,1.0,0.0,0.02,1e-09
84.45753646899539,-1,0.14459613750964295,0.168499623853263,-0.16774293388887007,0.10920622710309896,0.1318893807133047,-0.18775928649280543,-0.16647607400776984,-0.10722873826319322,0.05,1.0,0.0,0.02,1e-09
84.50239348399919,-1,0.14459613750964295,0.168499623853263,-0.16774293388887007,0.10920622710309896,0.1318893807133047,-0.18775928649280543,-0.16647607400776984,-0.10722873826319322,0.05,1.0,0.0,0.02,1e-09
84.54736364299606,-1,0.14459613750964295,0.168499623853263,-0.16774293388887007,0.10920622710309896,0.1318893807133047,-0.18775928649280543,-0.16647607400776984,-0.10722873826319322,0.05,1.0,0.0,0.02,1e-09
84.60813400299958,-1,0.14459613750964254,0.16849962385326267,-0.16774293388886954,0.10920622710309888,0.1318893807133043,-0.187759286492805,-0.16647607400776912,-0.10722873826319312,0.05,1.0,0.0,0.02,1e-09
84.65954187199532,-1,0.14459613750964254,0.16849962385326267,-0.16774293388886954,0.10920622710309888,0.1318893807133043,-0.187759286492805,-0.16647607400776912,-0.10722873826319312,0.05,1.0,0.0,0.02,1e-09
84.70386178899935,-1,0.14459613750964198,0.16849962385326211,-0.16774293388886893,0.10920622710309888,0.1318893807133038,-0.18775928649280438,-0.16647607400776854,-0.10722873826319307,0.05,1.0,0.0,0.02,1e-09
84.76094601299701,-1,0.14459613750964198,0.16849962385326211,-0.16774293388886893,0.10920622710309888,0.1318893807133038,-0.18775928649280438,-0.16647607400776854,-0.10722873826319307,0.05,1.0,0.0,0.02,1e-09
84.80493445599859,-1,0.14459613750964162,0.16849962385326184,-0.16774293388886832,0.10920622710309873,0.1318893807133036,-0.1877592864928041,-0.16647607400776787,-0.10722873826319299,0.05,1.0,0.0,0.02,1e-09
84.85208457800036,-1,0.14459613750964162,0.16849962385326184,-0.16774293388886832,0.10920622710309873,0.1318893807133036,-0.1877592864928041,-0.16647607400776787,-0.10722873826319299,0.05,1.0,0.0,0.02,1e-09
84.90032991299813,-1,0.14459613750964107,0.1684996238532613,-0.16774293388886785,0.1092062271030986,0.13188938071330308,-0.18775928649280343,-0.16647607400776732,-0.10722873826319296,0.05,1.0,0.0,0.02,1e-09
84.961112373996,-1,0.14459613750964107,0.1684996238532613,-0.16774293388886785,0.1092062271030986,0.13188938071330308,-0.18775928649280343,-0.16647607400776732,-0.10722873826319296,0.05,1.0,0.0,0.02,1e-09
85.01434791200154,-1,0.14459613750964107,0.1684996238532613,-0.16774293388886785,0.1092062271030986,0.13188938071330308,-0.18775928649280343,-0.16647607400776732,-0.10722873826319296,0.05,1.0,0.0,0.02,1e-09
85.04955649199837,-1,0.14459613750964054,0.16849962385326084,-0.16774293388886707,0.1092062271030986,0.13188938071330275,-0.18775928649280307,-0.16647607400776662,-0.1072287382631929,0.05,1.0,0.0,0.02,1e-09
85.10413415700168,-1,0.14459613750964054,0.16849962385326084,-0.16774293388886707,0.1092062271030986,0.13188938071330275,-0.18775928649280307,-0.16647607400776662,-0.1072287382631929,0.05,1.0,0.0,0.02,1e-09
85.17025703199761,-1,0.14459613750964007,0.16849962385326042,-0.1677429338888666,0.10920622710309849,0.1318893807133024,-0.18775928649280255,-0.16647607400776604,-0.10722873826319287,0.05,1.0,0.0,0.02,1e-09
85.20094217299629,-1,0.14459613750964007,0.16849962385326042,-0.1677429338888666,0.10920622710309849,0.1318893807133024,-0.18775928649280255,-0.16647607400776604,-0.10722873826319287,0.05,1.0,0.0,0.02,1e-09
85.25443622099556,-1,0.14459613750963965,0.16849962385326,-0.16774293388886588,0.10920622710309846,0.13188938071330208,-0.1877592864928021,-0.16647607400776532,-0.10722873826319274,0.05,1.0,0.0,0.02,1e-09
85.30776817000151,-1,0.14459613750963965,0.16849962385326,-0.16774293388886588,0.10920622710309846,0.13188938071330208,-0.1877592864928021,-0.16647607400776532,-0.10722873826319274,0.05,1.0,0.0,0.02,1e-09
85.35460851599782,-1,0.14459613750963915,0.16849962385325956,-0.16774293388886538,0.10920622710309832,0.13188938071330158,-0.1877592864928015,-0.16647607400776473,-0.10722873826319274,0.05,1.0,0.0,0.02,1e-09
85.40455877599743,-1,0.14459613750963915,0.16849962385325956,-0.16774293388886538,0.10920622710309832,0.13188938071330158,-0.1877592864928015,-0.16647607400776473,-0.10722873826319274,0.05,1.0,0.0,0.02,1e-09
85.45099439399928,-1,0.14459613750963854,0.16849962385325912,-0.16774293388886485,0.10920622710309827,0.13188938071330128,-0.1877592864928011,-0.1664760740077641,-0.10722873826319262,0.05,1.0,0.0,0.02,1e-09
85.50314658099524,-1,0.14459613750963854,0.16849962385325912,-0.16774293388886485,0.10920622710309827,0.13188938071330128,-0.1877592864928011,-0.1664760740077641,-0.10722873826319262,0.05,1.0,0.0,0.02,1e-09
