timestamp,leg_in_air,foot_RU_x,foot_RU_y,foot_LU_x,foot_LU_y,foot_RD_x,foot_RD_y,foot_LD_x,foot_LD_y,SM,SM_norm,TR,triangle_area,inradius
0.0,-1,0.14105461966467314,0.17684461966467313,-0.174298,0.096588,0.14105461966467314,-0.17348661966467313,-0.174298,-0.09323,0.05,1.0,0.0,0.02,1e-09
0.0033595660024730023,-1,0.14105461966467314,0.17684461966467313,-0.174298,0.096588,0.14105461966467314,-0.17348661966467313,-0.174298,-0.09323,0.05,1.0,0.0,0.02,1e-09
0.04185420800058637,-1,0.14105461966467314,0.17684461966467313,-0.174298,0.096588,0.14105461966467314,-0.17348661966467313,-0.174298,-0.09323,0.05,1.0,0.0,0.02,1e-09
0.0879775339999469,-1,0.14105461966467314,0.17684461966467313,-0.174298,0.096588,0.14105461966467314,-0.17348661966467313,-0.174298,-0.09323,0.05,1.0,0.0,0.02,1e-09
0.14883776400165516,-1,0.14105461966467314,0.17684461966467313,-0.174298,0.096588,0.14105461966467314,-0.17348661966467313,-0.174298,-0.09323,0.05,1.0,0.0,0.02,1e-09
0.18912626200108207,-1,0.14105461966467314,0.17684461966467313,-0.174298,0.096588,0.14105461966467314,-0.17348661966467313,-0.174298,-0.09323,0.05,1.0,0.0,0.02,1e-09
0.23897425000177464,-1,0.14105461966467314,0.17684461966467313,-0.174298,0.096588,0.14105461966467314,-0.17348661966467313,-0.174298,-0.09323,0.05,1.0,0.0,0.02,1e-09
0.30200682600116124,-1,0.14105461966467314,0.17684461966467313,-0.174298,0.096588,0.14105461966467314,-0.17348661966467313,-0.174298,-0.09323,0.05,1.0,0.0,0.02,1e-09
0.3608264850008709,-1,0.14105461966467314,0.17684461966467313,-0.174298,0.096588,0.14105461966467314,-0.17348661966467313,-0.174298,-0.09323,0.05,1.0,0.0,0.02,1e-09
0.388542665001296,-1,0.14105461966467314,0.17684461966467313,-0.174298,0.096588,0.14105461966467314,-0.17348661966467313,-0.174298,-0.09323,0.05,1.0,0.0,0.02,1e-09
0.4421335690021806,-1,0.14105461966467314,0.17684461966467313,-0.174298,0.096588,0.14105461966467314,-0.17348661966467313,-0.174298,-0.09323,0.05,1.0,0.0,0.02,1e-09
0.48982915799933835,-1,0.14105461966467314,0.17684461966467313,-0.174298,0.096588,0.14105461966467314,-0.17348661966467313,-0.174298,-0.09323,0.05,1.0,0.0,0.02,1e-09
0.540368314999796,-1,0.14105461966467314,0.17684461966467313,-0.174298,0.096588,0.14105461966467314,-0.17348661966467313,-0.174298,-0.09323,0.05,1.0,0.0,0.02,1e-09
0.5885332440011553,-1,0.14105461966467314,0.17684461966467313,-0.174298,0.096588,0.14105461966467314,-0.17348661966467313,-0.174298,-0.09323,0.05,1.0,0.0,0.02,1e-09
0.6511766910007282,-1,0.14105461966467314,0.17684461966467313,-0.174298,0.096588,0.14105461966467314,-0.17348661966467313,-0.174298,-0.09323,0.05,1.0,0.0,0.02,1e-09
0.6914623619995837,-1,0.14105461966467314,0.17684461966467313,-0.174298,0.096588,0.14105461966467314,-0.17348661966467313,-0.174298,-0.09323,0.05,1.0,0.0,0.02,1e-09
0.7423527410028328,-1,0.14105461966467314,0.17684461966467313,-0.174298,0.096588,0.14105461966467314,-0.17348661966467313,-0.174298,-0.09323,0.05,1.0,0.0,0.02,1e-09
0.7875755490022129,-1,0.14105461966467314,0.17684461966467313,-0.174298,0.096588,0.14105461966467314,-0.17348661966467313,-0.174298,-0.09323,0.05,1.0,0.0,0.02,1e-09
0.8422253320022719,-1,0.14105461966467314,0.17684461966467313,-0.174298,0.096588,0.14105461966467314,-0.17348661966467313,-0.174298,-0.09323,0.05,1.0,0.0,0.02,1e-09
0.8884731530015415,-1,0.14105461966467314,0.17684461966467313,-0.174298,0.096588,0.14105461966467314,-0.17348661966467313,-0.174298,-0.09323,0.05,1.0,0.0,0.02,1e-09
0.9375011720003386,-1,0.14105461966467314,0.17684461966467313,-0.174298,0.096588,0.14105461966467314,-0.17348661966467313,-0.174298,-0.09323,0.05,1.0,0.0,0.02,1e-09
0.9879898300023342,-1,0.14105461966467314,0.17684461966467313,-0.174298,0.096588,0.14105461966467314,-0.17348661966467313,-0.174298,-0.09323,0.05,1.0,0.0,0.02,1e-09
1.0388935500013758,-1,0.14105461966467314,0.17684461966467313,-0.174298,0.096588,0.14105461966467314,-0.17348661966467313,-0.174298,-0.09323,0.05,1.0,0.0,0.02,1e-09
1.0941669040003035,-1,0.14105461966467314,0.17684461966467313,-0.174298,0.096588,0.14105461966467314,-0.17348661966467313,-0.174298,-0.09323,0.05,1.0,0.0,0.02,1e-09
1.1369624270009808,-1,0.14105461966467314,0.17684461966467313,-0.174298,0.096588,0.14105461966467314,-0.17348661966467313,-0.174298,-0.09323,0.05,1.0,0.0,0.02,1e-09
1.2002975280011015,-1,0.14105461966467314,0.17684461966467313,-0.174298,0.096588,0.14105461966467314,-0.17348661966467313,-0.174298,-0.09323,0.05,1.0,0.0,0.02,1e-09
1.239872321999428,-1,0.14105461966467314,0.17684461966467313,-0.174298,0.096588,0.14105461966467314,-0.17348661966467313,-0.174298,-0.09323,0.05,1.0,0.0,0.02,1e-09
1.293882065001526,-1,0.14105461966467314,0.17684461966467313,-0.174298,0.096588,0.14105461966467314,-0.17348661966467313,-0.174298,-0.09323,0.05,1.0,0.0,0.02,1e-09
1.342337514000974,-1,0.14105461966467314,0.17684461966467313,-0.174298,0.096588,0.14105461966467314,-0.17348661966467313,-0.174298,-0.09323,0.05,1.0,0.0,0.02,1e-09
1.390934417002427,-1,0.14105461966467314,0.17684461966467313,-0.174298,0.096588,0.14105461966467314,-0.17348661966467313,-0.174298,-0.09323,0.05,1.0,0.0,0.02,1e-09
1.4462553299999854,-1,0.14105461966467314,0.17684461966467313,-0.174298,0.096588,0.14105461966467314,-0.17348661966467313,-0.174298,-0.09323,0.05,1.0,0.0,0.02,1e-09
1.4923177109994867,-1,0.14105461966467314,0.17684461966467313,-0.174298,0.096588,0.14105461966467314,-0.17348661966467313,-0.174298,-0.09323,0.05,1.0,0.0,0.02,1e-09
1.5413850549994095,-1,0.14105461966467314,0.17684461966467313,-0.174298,0.096588,0.14105461966467314,-0.17348661966467313,-0.174298,-0.09323,0.05,1.0,0.0,0.02,1e-09
1.5910890330014809,-1,0.14105461966467314,0.17684461966467313,-0.174298,0.096588,0.14105461966467314,-0.17348661966467313,-0.174298,-0.09323,0.05,1.0,0.0,0.02,1e-09
1.6407233150021057,-1,0.14105461966467314,0.17684461966467313,-0.174298,0.096588,0.14105461966467314,-0.17348661966467313,-0.174298,-0.09323,0.05,1.0,0.0,0.02,1e-09
1.6954438329994446,-1,0.14105461966467314,0.17684461966467313,-0.174298,0.096588,0.14105461966467314,-0.17348661966467313,-0.174298,-0.09323,0.05,1.0,0.0,0.02,1e-09
1.7532710779996705,-1,0.14105461966467314,0.17684461966467313,-0.174298,0.096588,0.14105461966467314,-0.17348661966467313,-0.174298,-0.09323,0.05,1.0,0.0,0.02,1e-09
1.8123413850007637,-1,0.14105461966467314,0.17684461966467313,-0.174298,0.096588,0.14105461966467314,-0.17348661966467313,-0.174298,-0.09323,0.05,1.0,0.0,0.02,1e-09
1.8544466429993918,-1,0.14105461966467314,0.17684461966467313,-0.174298,0.096588,0.14105461966467314,-0.17348661966467313,-0.174298,-0.09323,0.05,1.0,0.0,0.02,1e-09
1.8914980789995752,-1,0.14105461966467314,0.17684461966467313,-0.174298,0.096588,0.14105461966467314,-0.17348661966467313,-0.174298,-0.09323,0.05,1.0,0.0,0.02,1e-09
1.940069295000285,-1,0.14105461966467314,0.17684461966467313,-0.174298,0.096588,0.14105461966467314,-0.17348661966467313,-0.174298,-0.09323,0.05,1.0,0.0,0.02,1e-09
1.99315243700039,-1,0.14105461966467314,0.17684461966467313,-0.174298,0.096588,0.14105461966467314,-0.17348661966467313,-0.174298,-0.09323,0.05,1.0,0.0,0.02,1e-09
2.0374651230013114,-1,0.14105461966467314,0.17684461966467313,-0.174298,0.096588,0.14105461966467314,-0.17348661966467313,-0.174298,-0.09323,0.05,1.0,0.0,0.02,1e-09
2.0925368509997497,-1,0.14105461966467314,0.17684461966467313,-0.174298,0.096588,0.14105461966467314,-0.17348661966467313,-0.174298,-0.09323,0.05,1.0,0.0,0.02,1e-09
2.137934899001266,-1,0.14105461966467314,0.17684461966467313,-0.174298,0.096588,0.14105461966467314,-0.17348661966467313,-0.174298,-0.09323,0.05,1.0,0.0,0.02,1e-09
2.1872384220005188,-1,0.14105461966467314,0.17684461966467313,-0.174298,0.096588,0.14105461966467314,-0.17348661966467313,-0.174298,-0.09323,0.05,1.0,0.0,0.02,1e-09
2.2413804749994597,-1,0.14105461966467314,0.17684461966467313,-0.174298,0.096588,0.14105461966467314,-0.17348661966467313,-0.174298,-0.09323,0.05,1.0,0.0,0.02,1e-09
2.3040736069997365,-1,0.14105461966467314,0.17684461966467313,-0.174298,0.096588,0.14105461966467314,-0.17348661966467313,-0.174298,-0.09323,0.05,1.0,0.0,0.02,1e-09
2.343156817001727,-1,0.14105461966467314,0.17684461966467313,-0.174298,0.096588,0.14105461966467314,-0.17348661966467313,-0.174298,-0.09323,0.05,1.0,0.0,0.02,1e-09
2.386715140000888,-1,0.14105461966467314,0.17684461966467313,-0.174298,0.096588,0.14105461966467314,-0.17348661966467313,-0.174298,-0.09323,0.05,1.0,0.0,0.02,1e-09
2.4428114680013095,-1,0.14105461966467314,0.17684461966467313,-0.174298,0.096588,0.14105461966467314,-0.17348661966467313,-0.174298,-0.09323,0.05,1.0,0.0,0.02,1e-09
2.4927845480015094,-1,0.14105461966467314,0.17684461966467313,-0.174298,0.096588,0.14105461966467314,-0.17348661966467313,-0.174298,-0.09323,0.05,1.0,0.0,0.02,1e-09
2.5416496170000755,-1,0.14105461966467314,0.17684461966467313,-0.174298,0.096588,0.14105461966467314,-0.17348661966467313,-0.174298,-0.09323,0.05,1.0,0.0,0.02,1e-09
2.589270950000355,-1,0.14105461966467314,0.17684461966467313,-0.174298,0.096588,0.14105461966467314,-0.17348661966467313,-0.174298,-0.09323,0.05,1.0,0.0,0.02,1e-09
2.6442323490009585,-1,0.14105461966467314,0.17684461966467313,-0.174298,0.096588,0.14105461966467314,-0.17348661966467313,-0.174298,-0.09323,0.05,1.0,0.0,0.02,1e-09
2.6893290810003236,-1,0.14105461966467314,0.17684461966467313,-0.174298,0.096588,0.14105461966467314,-0.17348661966467313,-0.174298,-0.09323,0.05,1.0,0.0,0.02,1e-09
2.739282902002742,-1,0.14105461966467314,0.17684461966467313,-0.174298,0.096588,0.14105461966467314,-0.17348661966467313,-0.174298,-0.09323,0.05,1.0,0.0,0.02,1e-09
2.7960869720009214,-1,0.14105461966467314,0.17684461966467313,-0.174298,0.096588,0.14105461966467314,-0.17348661966467313,-0.174298,-0.09323,0.05,1.0,0.0,0.02,1e-09
2.837667160001729,-1,0.14105461966467314,0.17684461966467313,-0.174298,0.096588,0.14105461966467314,-0.17348661966467313,-0.174298,-0.09323,0.05,1.0,0.0,0.02,1e-09
2.887827651000407,-1,0.14105461966467314,0.17684461966467313,-0.174298,0.096588,0.14105461966467314,-0.17348661966467313,-0.174298,-0.09323,0.05,1.0,0.0,0.02,1e-09
2.938513031000184,-1,0.14105461966467314,0.17684461966467313,-0.174298,0.096588,0.14105461966467314,-0.17348661966467313,-0.174298,-0.09323,0.05,1.0,0.0,0.02,1e-09
2.989193179000722,-1,0.14105461966467314,0.17684461966467313,-0.174298,0.096588,0.14105461966467314,-0.17348661966467313,-0.174298,-0.09323,0.05,1.0,0.0,0.02,1e-09
3.0427818930002104,-1,0.14105461966467314,0.17684461966467313,-0.174298,0.096588,0.14105461966467314,-0.17348661966467313,-0.174298,-0.09323,0.05,1.0,0.0,0.02,1e-09
3.0877456910020555,-1,0.14105461966467314,0.17684461966467313,-0.174298,0.096588,0.14105461966467314,-0.17348661966467313,-0.174298,-0.09323,0.05,1.0,0.0,0.02,1e-09
3.140580515999318,-1,0.14105461966467314,0.17684461966467313,-0.174298,0.096588,0.14105461966467314,-0.17348661966467313,-0.174298,-0.09323,0.05,1.0,0.0,0.02,1e-09
3.1897847930013086,-1,0.14105461966467314,0.17684461966467313,-0.174298,0.096588,0.14105461966467314,-0.17348661966467313,-0.174298,-0.09323,0.05,1.0,0.0,0.02,1e-09
3.240725483999995,-1,0.14105461966467314,0.17684461966467313,-0.174298,0.096588,0.14105461966467314,-0.17348661966467313,-0.174298,-0.09323,0.05,1.0,0.0,0.02,1e-09
3.2899984659998154,-1,0.14105461966467314,0.17684461966467313,-0.174298,0.096588,0.14105461966467314,-0.17348661966467313,-0.174298,-0.09323,0.05,1.0,0.0,0.02,1e-09
3.339058419001958,-1,0.14105461966467314,0.17684461966467313,-0.174298,0.096588,0.14105461966467314,-0.17348661966467313,-0.174298,-0.09323,0.05,1.0,0.0,0.02,1e-09
3.3917707040018286,-1,0.14105461966467314,0.17684461966467313,-0.174298,0.096588,0.14105461966467314,-0.17348661966467313,-0.174298,-0.09323,0.05,1.0,0.0,0.02,1e-09
3.437749046002864,-1,0.14105461966467314,0.17684461966467313,-0.174298,0.096588,0.14105461966467314,-0.17348661966467313,-0.174298,-0.09323,0.05,1.0,0.0,0.02,1e-09
3.4898885110014817,-1,0.14105461966467314,0.17684461966467313,-0.174298,0.096588,0.14105461966467314,-0.17348661966467313,-0.174298,-0.09323,0.05,1.0,0.0,0.02,1e-09
3.538456105001387,-1,0.14105461966467314,0.17684461966467313,-0.174298,0.096588,0.14105461966467314,-0.17348661966467313,-0.174298,-0.09323,0.05,1.0,0.0,0.02,1e-09
3.588683821999439,-1,0.14105461966467314,0.17684461966467313,-0.174298,0.096588,0.14105461966467314,-0.17348661966467313,-0.174298,-0.09323,0.05,1.0,0.0,0.02,1e-09
3.638322839000466,-1,0.14105461966467314,0.17684461966467313,-0.174298,0.096588,0.14105461966467314,-0.17348661966467313,-0.174298,-0.09323,0.05,1.0,0.0,0.02,1e-09
3.7110724650010525,-1,0.14105461966467314,0.17684461966467313,-0.174298,0.096588,0.14105461966467314,-0.17348661966467313,-0.174298,-0.09323,0.05,1.0,0.0,0.02,1e-09
3.7495060510009353,-1,0.14105461966467314,0.17684461966467313,-0.174298,0.096588,0.14105461966467314,-0.17348661966467313,-0.174298,-0.09323,0.05,1.0,0.0,0.02,1e-09
3.791990068002633,-1,0.14105461966467314,0.17684461966467313,-0.174298,0.096588,0.14105461966467314,-0.17348661966467313,-0.174298,-0.09323,0.05,1.0,0.0,0.02,1e-09
3.8455762110024807,-1,0.14105461966467314,0.17684461966467313,-0.174298,0.096588,0.14105461966467314,-0.17348661966467313,-0.174298,-0.09323,0.05,1.0,0.0,0.02,1e-09
3.894574467001803,-1,0.14105461966467314,0.17684461966467313,-0.174298,0.096588,0.14105461966467314,-0.17348661966467313,-0.174298,-0.09323,0.05,1.0,0.0,0.02,1e-09
3.9383463180020044,-1,0.14105461966467314,0.17684461966467313,-0.174298,0.096588,0.14105461966467314,-0.17348661966467313,-0.174298,-0.09323,0.05,1.0,0.0,0.02,1e-09
3.9925450260016078,-1,0.14105461966467314,0.17684461966467313,-0.174298,0.096588,0.14105461966467314,-0.17348661966467313,-0.174298,-0.09323,0.05,1.0,0.0,0.02,1e-09
4.037546919000306,-1,0.14105461966467314,0.17684461966467313,-0.174298,0.096588,0.14105461966467314,-0.17348661966467313,-0.174298,-0.09323,0.05,1.0,0.0,0.02,1e-09
4.100093193999783,-1,0.14105461966467314,0.17684461966467313,-0.174298,0.096588,0.14105461966467314,-0.17348661966467313,-0.174298,-0.09323,0.05,1.0,0.0,0.02,1e-09
4.142266765000386,-1,0.14105461966467314,0.17684461966467313,-0.174298,0.096588,0.14105461966467314,-0.17348661966467313,-0.174298,-0.09323,0.05,1.0,0.0,0.02,1e-09
4.190623864000372,-1,0.14105461966467314,0.17684461966467313,-0.174298,0.096588,0.14105461966467314,-0.17348661966467313,-0.174298,-0.09323,0.05,1.0,0.0,0.02,1e-09
4.240491486001702,-1,0.14105461966467314,0.17684461966467313,-0.174298,0.096588,0.14105461966467314,-0.17348661966467313,-0.174298,-0.09323,0.05,1.0,0.0,0.02,1e-09
4.295867660999647,-1,0.14105461966467314,0.17684461966467313,-0.174298,0.096588,0.14105461966467314,-0.17348661966467313,-0.174298,-0.09323,0.05,1.0,0.0,0.02,1e-09
4.3377606620015285,-1,0.14105461966467314,0.17684461966467313,-0.174298,0.096588,0.14105461966467314,-0.17348661966467313,-0.174298,-0.09323,0.05,1.0,0.0,0.02,1e-09
4.394320242001413,-1,0.14105461966467314,0.17684461966467313,-0.174298,0.096588,0.14105461966467314,-0.17348661966467313,-0.174298,-0.09323,0.05,1.0,0.0,0.02,1e-09
4.443209354001738,-1,0.14105461966467314,0.17684461966467313,-0.174298,0.096588,0.14105461966467314,-0.17348661966467313,-0.174298,-0.09323,0.05,1.0,0.0,0.02,1e-09
4.496061550002196,-1,0.14105461966467314,0.17684461966467313,-0.174298,0.096588,0.14105461966467314,-0.17348661966467313,-0.174298,-0.09323,0.05,1.0,0.0,0.02,1e-09
4.542505682002229,-1,0.14105461966467314,0.17684461966467313,-0.174298,0.096588,0.14105461966467314,-0.17348661966467313,-0.174298,-0.09323,0.05,1.0,0.0,0.02,1e-09
4.592208428999584,-1,0.14105461966467314,0.17684461966467313,-0.174298,0.096588,0.14105461966467314,-0.17348661966467313,-0.174298,-0.09323,0.05,1.0,0.0,0.02,1e-09
4.651909484000498,-1,0.14105461966467314,0.17684461966467313,-0.174298,0.096588,0.14105461966467314,-0.17348661966467313,-0.174298,-0.09323,0.05,1.0,0.0,0.02,1e-09
4.700969864999934,-1,0.14105461966467314,0.17684461966467313,-0.174298,0.096588,0.14105461966467314,-0.17348661966467313,-0.174298,-0.09323,0.05,1.0,0.0,0.02,1e-09
4.745581251001568,-1,0.14105461966467314,0.17684461966467313,-0.174298,0.096588,0.14105461966467314,-0.17348661966467313,-0.174298,-0.09323,0.05,1.0,0.0,0.02,1e-09
4.802230638000765,-1,0.14105461966467314,0.17684461966467313,-0.174298,0.096588,0.14105461966467314,-0.17348661966467313,-0.174298,-0.09323,0.05,1.0,0.0,0.02,1e-09
4.838271529999474,-1,0.14105461966467314,0.17684461966467313,-0.174298,0.096588,0.14105461966467314,-0.17348661966467313,-0.174298,-0.09323,0.05,1.0,0.0,0.02,1e-09
4.897435860999394,-1,0.14105461966467314,0.17684461966467313,-0.174298,0.096588,0.14105461966467314,-0.17348661966467313,-0.174298,-0.09323,0.05,1.0,0.0,0.02,1e-09
4.943924422001146,-1,0.14105461966467314,0.17684461966467313,-0.174298,0.096588,0.14105461966467314,-0.17348661966467313,-0.174298,-0.09323,0.05,1.0,0.0,0.02,1e-09
4.9907007010006055,-1,0.14105461966467314,0.17684461966467313,-0.174298,0.096588,0.14105461966467314,-0.17348661966467313,-0.174298,-0.09323,0.05,1.0,0.0,0.02,1e-09
5.043406494001829,-1,0.14105461966467314,0.17684461966467313,-0.174298,0.096588,0.14105461966467314,-0.17348661966467313,-0.174298,-0.09323,0.05,1.0,0.0,0.02,1e-09
5.094333600001846,-1,0.14105461966467314,0.17684461966467313,-0.174298,0.096588,0.14105461966467314,-0.17348661966467313,-0.174298,-0.09323,0.05,1.0,0.0,0.02,1e-09
5.139030845999514,-1,0.14105461966467314,0.17684461966467313,-0.174298,0.096588,0.14105461966467314,-0.17348661966467313,-0.174298,-0.09323,0.05,1.0,0.0,0.02,1e-09
5.190971162999631,-1,0.14105461966467314,0.17684461966467313,-0.174298,0.096588,0.14105461966467314,-0.17348661966467313,-0.174298,-0.09323,0.05,1.0,0.0,0.02,1e-09
5.23960190300204,-1,0.14105461966467314,0.17684461966467313,-0.174298,0.096588,0.14105461966467314,-0.17348661966467313,-0.174298,-0.09323,0.05,1.0,0.0,0.02,1e-09
5.298838001002878,-1,0.14105461966467314,0.17684461966467313,-0.174298,0.096588,0.14105461966467314,-0.17348661966467313,-0.174298,-0.09323,0.05,1.0,0.0,0.02,1e-09
5.338027133999276,-1,0.14105461966467314,0.17684461966467313,-0.174298,0.096588,0.14105461966467314,-0.17348661966467313,-0.174298,-0.09323,0.05,1.0,0.0,0.02,1e-09
5.390510312001425,-1,0.14105461966467314,0.17684461966467313,-0.174298,0.096588,0.14105461966467314,-0.17348661966467313,-0.174298,-0.09323,0.05,1.0,0.0,0.02,1e-09
5.440760200002842,-1,0.14105461966467314,0.17684461966467313,-0.174298,0.096588,0.14105461966467314,-0.17348661966467313,-0.174298,-0.09323,0.05,1.0,0.0,0.02,1e-09
5.490398305999406,-1,0.14105461966467314,0.17684461966467313,-0.174298,0.096588,0.14105461966467314,-0.17348661966467313,-0.174298,-0.09323,0.05,1.0,0.0,0.02,1e-09
5.548455029002071,-1,0.14105461966467314,0.17684461966467313,-0.174298,0.096588,0.14105461966467314,-0.17348661966467313,-0.174298,-0.09323,0.05,1.0,0.0,0.02,1e-09
5.589949551002064,-1,0.14105461966467314,0.17684461966467313,-0.174298,0.096588,0.14105461966467314,-0.17348661966467313,-0.174298,-0.09323,0.05,1.0,0.0,0.02,1e-09
5.639932250000129,-1,0.14105461966467314,0.17684461966467313,-0.174298,0.096588,0.14105461966467314,-0.17348661966467313,-0.174298,-0.09323,0.05,1.0,0.0,0.02,1e-09
5.69427252800233,-1,0.14105461966467314,0.17684461966467313,-0.174298,0.096588,0.14105461966467314,-0.17348661966467313,-0.174298,-0.09323,0.05,1.0,0.0,0.02,1e-09
5.737487288999546,-1,0.14105461966467314,0.17684461966467313,-0.174298,0.096588,0.14105461966467314,-0.17348661966467313,-0.174298,-0.09323,0.05,1.0,0.0,0.02,1e-09
5.794925984002475,-1,0.14105461966467314,0.17684461966467313,-0.174298,0.096588,0.14105461966467314,-0.17348661966467313,-0.174298,-0.09323,0.05,1.0,0.0,0.02,1e-09
5.847421939000924,-1,0.14105461966467314,0.17684461966467313,-0.174298,0.096588,0.14105461966467314,-0.17348661966467313,-0.174298,-0.09323,0.05,1.0,0.0,0.02,1e-09
5.893250986002386,-1,0.14105461966467314,0.17684461966467313,-0.174298,0.096588,0.14105461966467314,-0.17348661966467313,-0.174298,-0.09323,0.05,1.0,0.0,0.02,1e-09
5.949016878999828,-1,0.14105461966467314,0.17684461966467313,-0.174298,0.096588,0.14105461966467314,-0.17348661966467313,-0.174298,-0.09323,0.05,1.0,0.0,0.02,1e-09
5.99424012000236,-1,0.14105461966467314,0.17684461966467313,-0.174298,0.096588,0.14105461966467314,-0.17348661966467313,-0.174298,-0.09323,0.05,1.0,0.0,0.02,1e-09
6.043304107002768,-1,0.14105461966467314,0.17684461966467313,-0.174298,0.096588,0.14105461966467314,-0.17348661966467313,-0.174298,-0.09323,0.05,1.0,0.0,0.02,1e-09
6.088426705002348,-1,0.14105461966467314,0.17684461966467313,-0.174298,0.096588,0.14105461966467314,-0.17348661966467313,-0.174298,-0.09323,0.05,1.0,0.0,0.02,1e-09
6.147146088002046,-1,0.14105461966467314,0.17684461966467313,-0.174298,0.096588,0.14105461966467314,-0.17348661966467313,-0.174298,-0.09323,0.05,1.0,0.0,0.02,1e-09
6.192978467999637,-1,0.14105461966467314,0.17684461966467313,-0.174298,0.096588,0.14105461966467314,-0.17348661966467313,-0.174298,-0.09323,0.05,1.0,0.0,0.02,1e-09
6.242145334999805,-1,0.14105461966467314,0.17684461966467313,-0.174298,0.096588,0.14105461966467314,-0.17348661966467313,-0.174298,-0.09323,0.05,1.0,0.0,0.02,1e-09
6.29041639800198,-1,0.14105461966467314,0.17684461966467313,-0.174298,0.096588,0.14105461966467314,-0.17348661966467313,-0.174298,-0.09323,0.05,1.0,0.0,0.02,1e-09
6.405540048002877,-1,0.14105461966467314,0.17684461966467313,-0.174298,0.096588,0.14105461966467314,-0.17348661966467313,-0.174298,-0.09323,0.05,1.0,0.0,0.02,1e-09
6.419874491002702,-1,0.14105461966467314,0.17684461966467313,-0.174298,0.096588,0.14105461966467314,-0.17348661966467313,-0.174298,-0.09323,0.05,1.0,0.0,0.02,1e-09
6.4428938679993735,-1,0.14105461966467314,0.17684461966467313,-0.174298,0.096588,0.14105461966467314,-0.17348661966467313,-0.174298,-0.09323,0.05,1.0,0.0,0.02,1e-09
6.495736932,-1,0.14105461966467314,0.17684461966467313,-0.174298,0.096588,0.14105461966467314,-0.17348661966467313,-0.174298,-0.09323,0.05,1.0,0.0,0.02,1e-09
6.5410357940018,-1,0.14105461966467314,0.17684461966467313,-0.174298,0.096588,0.14105461966467314,-0.17348661966467313,-0.174298,-0.09323,0.05,1.0,0.0,0.02,1e-09
6.589056381999399,-1,0.14105461966467314,0.17684461966467313,-0.174298,0.096588,0.14105461966467314,-0.17348661966467313,-0.174298,-0.09323,0.05,1.0,0.0,0.02,1e-09
6.641975254002318,-1,0.14105461966467314,0.17684461966467313,-0.174298,0.096588,0.14105461966467314,-0.17348661966467313,-0.174298,-0.09323,0.05,1.0,0.0,0.02,1e-09
6.695230167999398,-1,0.14105461966467314,0.17684461966467313,-0.174298,0.096588,0.14105461966467314,-0.17348661966467313,-0.174298,-0.09323,0.05,1.0,0.0,0.02,1e-09
6.7472136770011275,-1,0.14105461966467314,0.17684461966467313,-0.174298,0.096588,0.14105461966467314,-0.17348661966467313,-0.174298,-0.09323,0.05,1.0,0.0,0.02,1e-09
6.7913594849997025,-1,0.14105461966467314,0.17684461966467313,-0.174298,0.096588,0.14105461966467314,-0.17348661966467313,-0.174298,-0.09323,0.05,1.0,0.0,0.02,1e-09
6.843334567001875,-1,0.14105461966467314,0.17684461966467313,-0.174298,0.096588,0.14105461966467314,-0.17348661966467313,-0.174298,-0.09323,0.05,1.0,0.0,0.02,1e-09
6.896810245001689,-1,0.14105461966467314,0.17684461966467313,-0.174298,0.096588,0.14105461966467314,-0.17348661966467313,-0.174298,-0.09323,0.05,1.0,0.0,0.02,1e-09
6.942151078001189,-1,0.14105461966467314,0.17684461966467313,-0.174298,0.096588,0.14105461966467314,-0.17348661966467313,-0.174298,-0.09323,0.05,1.0,0.0,0.02,1e-09
6.98819179000202,-1,0.14105461966467314,0.17684461966467313,-0.174298,0.096588,0.14105461966467314,-0.17348661966467313,-0.174298,-0.09323,0.05,1.0,0.0,0.02,1e-09
7.038550070999918,-1,0.14105461966467314,0.17684461966467313,-0.174298,0.096588,0.14105461966467314,-0.17348661966467313,-0.174298,-0.09323,0.05,1.0,0.0,0.02,1e-09
7.0918434580016765,-1,0.14105461966467314,0.17684461966467313,-0.174298,0.096588,0.14105461966467314,-0.17348661966467313,-0.174298,-0.09323,0.05,1.0,0.0,0.02,1e-09
7.140769633999298,-1,0.14105461966467314,0.17684461966467313,-0.174298,0.096588,0.14105461966467314,-0.17348661966467313,-0.174298,-0.09323,0.05,1.0,0.0,0.02,1e-09
7.194241208999301,-1,0.14105461966467314,0.17684461966467313,-0.174298,0.096588,0.14105461966467314,-0.17348661966467313,-0.174298,-0.09323,0.05,1.0,0.0,0.02,1e-09
7.237777102000109,-1,0.14105461966467314,0.17684461966467313,-0.174298,0.096588,0.14105461966467314,-0.17348661966467313,-0.174298,-0.09323,0.05,1.0,0.0,0.02,1e-09
7.295814167002391,-1,0.14105461966467314,0.17684461966467313,-0.174298,0.096588,0.14105461966467314,-0.17348661966467313,-0.174298,-0.09323,0.05,1.0,0.0,0.02,1e-09
7.346508410002571,-1,0.14105461966467314,0.17684461966467313,-0.174298,0.096588,0.14105461966467314,-0.17348661966467313,-0.174298,-0.09323,0.05,1.0,0.0,0.02,1e-09
7.4033488189998025,-1,0.14105461966467314,0.17684461966467313,-0.174298,0.096588,0.14105461966467314,-0.17348661966467313,-0.174298,-0.09323,0.05,1.0,0.0,0.02,1e-09
7.438918236002792,-1,0.14105461966467314,0.17684461966467313,-0.174298,0.096588,0.14105461966467314,-0.17348661966467313,-0.174298,-0.09323,0.05,1.0,0.0,0.02,1e-09
7.490398540001479,-1,0.14105461966467314,0.17684461966467313,-0.174298,0.096588,0.14105461966467314,-0.17348661966467313,-0.174298,-0.09323,0.05,1.0,0.0,0.02,1e-09
7.5410690550015715,-1,0.14105461966467314,0.17684461966467313,-0.174298,0.096588,0.14105461966467314,-0.17348661966467313,-0.174298,-0.09323,0.05,1.0,0.0,0.02,1e-09
7.588537695002742,-1,0.14105461966467314,0.17684461966467313,-0.174298,0.096588,0.14105461966467314,-0.17348661966467313,-0.174298,-0.09323,0.05,1.0,0.0,0.02,1e-09
7.644634396001493,-1,0.14105461966467314,0.17684461966467313,-0.174298,0.096588,0.14105461966467314,-0.17348661966467313,-0.174298,-0.09323,0.05,1.0,0.0,0.02,1e-09
7.692066767001961,-1,0.14105461966467314,0.17684461966467313,-0.174298,0.096588,0.14105461966467314,-0.17348661966467313,-0.174298,-0.09323,0.05,1.0,0.0,0.02,1e-09
7.738055696001538,-1,0.14105461966467314,0.17684461966467313,-0.174298,0.096588,0.14105461966467314,-0.17348661966467313,-0.174298,-0.09323,0.05,1.0,0.0,0.02,1e-09
7.793110474001878,-1,0.14105461966467314,0.17684461966467313,-0.174298,0.096588,0.14105461966467314,-0.17348661966467313,-0.174298,-0.09323,0.05,1.0,0.0,0.02,1e-09
7.85253025700149,-1,0.14105461966467314,0.17684461966467313,-0.174298,0.096588,0.14105461966467314,-0.17348661966467313,-0.174298,-0.09323,0.05,1.0,0.0,0.02,1e-09
7.891568893002841,-1,0.14105461966467314,0.17684461966467313,-0.174298,0.096588,0.14105461966467314,-0.17348661966467313,-0.174298,-0.09323,0.05,1.0,0.0,0.02,1e-09
7.950196415000391,-1,0.14105461966467314,0.17684461966467313,-0.174298,0.096588,0.14105461966467314,-0.17348661966467313,-0.174298,-0.09323,0.05,1.0,0.0,0.02,1e-09
7.989491959000588,-1,0.14105461966467314,0.17684461966467313,-0.174298,0.096588,0.14105461966467314,-0.17348661966467313,-0.174298,-0.09323,0.05,1.0,0.0,0.02,1e-09
8.046215706999646,-1,0.14105461966467314,0.17684461966467313,-0.174298,0.096588,0.14105461966467314,-0.17348661966467313,-0.174298,-0.09323,0.05,1.0,0.0,0.02,1e-09
8.091530033001618,-1,0.14105461966467314,0.17684461966467313,-0.174298,0.096588,0.14105461966467314,-0.17348661966467313,-0.174298,-0.09323,0.05,1.0,0.0,0.02,1e-09
8.142153509001218,-1,0.14105461966467314,0.17684461966467313,-0.174298,0.096588,0.14105461966467314,-0.17348661966467313,-0.174298,-0.09323,0.05,1.0,0.0,0.02,1e-09
8.189902658999927,-1,0.14105461966467314,0.17684461966467313,-0.174298,0.096588,0.14105461966467314,-0.17348661966467313,-0.174298,-0.09323,0.05,1.0,0.0,0.02,1e-09
8.238184428002569,-1,0.14105461966467314,0.17684461966467313,-0.174298,0.096588,0.14105461966467314,-0.17348661966467313,-0.174298,-0.09323,0.05,1.0,0.0,0.02,1e-09
8.29119772100239,-1,0.14105461966467314,0.17684461966467313,-0.174298,0.096588,0.14105461966467314,-0.17348661966467313,-0.174298,-0.09323,0.05,1.0,0.0,0.02,1e-09
8.355070306002744,-1,0.14105461966467314,0.17684461966467313,-0.174298,0.096588,0.14105461966467314,-0.17348661966467313,-0.174298,-0.09323,0.05,1.0,0.0,0.02,1e-09
8.395155197002168,-1,0.14105461966467314,0.17684461966467313,-0.174298,0.096588,0.14105461966467314,-0.17348661966467313,-0.174298,-0.09323,0.05,1.0,0.0,0.02,1e-09
8.438641897002526,-1,0.14105461966467314,0.17684461966467313,-0.174298,0.096588,0.14105461966467314,-0.17348661966467313,-0.174298,-0.09323,0.05,1.0,0.0,0.02,1e-09
8.488907093000307,-1,0.14105461966467314,0.17684461966467313,-0.174298,0.096588,0.14105461966467314,-0.17348661966467313,-0.174298,-0.09323,0.05,1.0,0.0,0.02,1e-09
8.541301003002445,-1,0.14105461966467314,0.17684461966467313,-0.174298,0.096588,0.14105461966467314,-0.17348661966467313,-0.174298,-0.09323,0.05,1.0,0.0,0.02,1e-09
8.59608231400125,-1,0.14105461966467314,0.17684461966467313,-0.174298,0.096588,0.14105461966467314,-0.17348661966467313,-0.174298,-0.09323,0.05,1.0,0.0,0.02,1e-09
8.642946667001524,-1,0.14105461966467314,0.17684461966467313,-0.174298,0.096588,0.14105461966467314,-0.17348661966467313,-0.174298,-0.09323,0.05,1.0,0.0,0.02,1e-09
8.691611161000765,-1,0.14105461966467314,0.17684461966467313,-0.174298,0.096588,0.14105461966467314,-0.17348661966467313,-0.174298,-0.09323,0.05,1.0,0.0,0.02,1e-09
8.739077431000624,-1,0.14105461966467314,0.17684461966467313,-0.174298,0.096588,0.14105461966467314,-0.17348661966467313,-0.174298,-0.09323,0.05,1.0,0.0,0.02,1e-09
8.790239255002234,-1,0.14105461966467314,0.17684461966467313,-0.174298,0.096588,0.14105461966467314,-0.17348661966467313,-0.174298,-0.09323,0.05,1.0,0.0,0.02,1e-09
8.84750725000049,-1,0.14105461966467314,0.17684461966467313,-0.174298,0.096588,0.14105461966467314,-0.17348661966467313,-0.174298,-0.09323,0.05,1.0,0.0,0.02,1e-09
8.902940967000177,-1,0.14105461966467314,0.17684461966467313,-0.174298,0.096588,0.14105461966467314,-0.17348661966467313,-0.174298,-0.09323,0.05,1.0,0.0,0.02,1e-09
8.940992034000374,-1,0.14105461966467314,0.17684461966467313,-0.174298,0.096588,0.14105461966467314,-0.17348661966467313,-0.174298,-0.09323,0.05,1.0,0.0,0.02,1e-09
9.007848989000195,-1,0.14105461966467314,0.17684461966467313,-0.174298,0.096588,0.14105461966467314,-0.17348661966467313,-0.174298,-0.09323,0.05,1.0,0.0,0.02,1e-09
9.045750572000543,-1,0.14105461966467314,0.17684461966467313,-0.174298,0.096588,0.14105461966467314,-0.17348661966467313,-0.174298,-0.09323,0.05,1.0,0.0,0.02,1e-09
9.092807102002553,-1,0.14105461966467314,0.17684461966467313,-0.174298,0.096588,0.14105461966467314,-0.17348661966467313,-0.174298,-0.09323,0.05,1.0,0.0,0.02,1e-09
9.148198262002552,-1,0.14105461966467314,0.17684461966467313,-0.174298,0.096588,0.14105461966467314,-0.17348661966467313,-0.174298,-0.09323,0.05,1.0,0.0,0.02,1e-09
9.198153776000254,-1,0.14105461966467314,0.17684461966467313,-0.174298,0.096588,0.14105461966467314,-0.17348661966467313,-0.174298,-0.09323,0.05,1.0,0.0,0.02,1e-09
9.242479103002552,-1,0.14105461966467314,0.17684461966467313,-0.174298,0.096588,0.14105461966467314,-0.17348661966467313,-0.174298,-0.09323,0.05,1.0,0.0,0.02,1e-09
9.289473507000366,-1,0.14105461966467314,0.17684461966467313,-0.174298,0.096588,0.14105461966467314,-0.17348661966467313,-0.174298,-0.09323,0.05,1.0,0.0,0.02,1e-09
9.350648146999447,-1,0.14105461966467314,0.17684461966467313,-0.174298,0.096588,0.14105461966467314,-0.17348661966467313,-0.174298,-0.09323,0.05,1.0,0.0,0.02,1e-09
9.392046053999366,-1,0.14105461966467314,0.17684461966467313,-0.174298,0.096588,0.14105461966467314,-0.17348661966467313,-0.174298,-0.09323,0.05,1.0,0.0,0.02,1e-09
9.439281407001545,-1,0.14105461966467314,0.17684461966467313,-0.174298,0.096588,0.14105461966467314,-0.17348661966467313,-0.174298,-0.09323,0.05,1.0,0.0,0.02,1e-09
9.496048390999931,-1,0.14105461966467314,0.17684461966467313,-0.174298,0.096588,0.14105461966467314,-0.17348661966467313,-0.174298,-0.09323,0.05,1.0,0.0,0.02,1e-09
9.540922353000497,-1,0.14105461966467314,0.17684461966467313,-0.174298,0.096588,0.14105461966467314,-0.17348661966467313,-0.174298,-0.09323,0.05,1.0,0.0,0.02,1e-09
9.5885838159993,-1,0.14105461966467314,0.17684461966467313,-0.174298,0.096588,0.14105461966467314,-0.17348661966467313,-0.174298,-0.09323,0.05,1.0,0.0,0.02,1e-09
9.645428741001524,-1,0.14105461966467314,0.17684461966467313,-0.174298,0.096588,0.14105461966467314,-0.17348661966467313,-0.174298,-0.09323,0.05,1.0,0.0,0.02,1e-09
9.687723579001613,-1,0.14105461966467314,0.17684461966467313,-0.174298,0.096588,0.14105461966467314,-0.17348661966467313,-0.174298,-0.09323,0.05,1.0,0.0,0.02,1e-09
9.742099343002337,-1,0.14105461966467314,0.17684461966467313,-0.174298,0.096588,0.14105461966467314,-0.17348661966467313,-0.174298,-0.09323,0.05,1.0,0.0,0.02,1e-09
9.806475560999388,-1,0.14105461966467314,0.17684461966467313,-0.174298,0.096588,0.14105461966467314,-0.17348661966467313,-0.174298,-0.09323,0.05,1.0,0.0,0.02,1e-09
9.84443350500078,-1,0.14105461966467314,0.17684461966467313,-0.174298,0.096588,0.14105461966467314,-0.17348661966467313,-0.174298,-0.09323,0.05,1.0,0.0,0.02,1e-09
9.890242442001181,-1,0.14105461966467314,0.17684461966467313,-0.174298,0.096588,0.14105461966467314,-0.17348661966467313,-0.174298,-0.09323,0.05,1.0,0.0,0.02,1e-09
9.94117675400048,-1,0.14105461966467314,0.17684461966467313,-0.174298,0.096588,0.14105461966467314,-0.17348661966467313,-0.174298,-0.09323,0.05,1.0,0.0,0.02,1e-09
9.998690813001303,-1,0.14105461966467314,0.17684461966467313,-0.174298,0.096588,0.14105461966467314,-0.17348661966467313,-0.174298,-0.09323,0.05,1.0,0.0,0.02,1e-09
10.043154819999472,-1,0.14105461966467314,0.17684461966467313,-0.174298,0.096588,0.14105461966467314,-0.17348661966467313,-0.174298,-0.09323,0.05,1.0,0.0,0.02,1e-09
10.097051835000457,-1,0.14105461966467314,0.17684461966467313,-0.174298,0.096588,0.14105461966467314,-0.17348661966467313,-0.174298,-0.09323,0.05,1.0,0.0,0.02,1e-09
10.13830751400019,-1,0.14105461966467314,0.17684461966467313,-0.174298,0.096588,0.14105461966467314,-0.17348661966467313,-0.174298,-0.09323,0.05,1.0,0.0,0.02,1e-09
10.197795711999788,-1,0.14105461966467314,0.17684461966467313,-0.174298,0.096588,0.14105461966467314,-0.17348661966467313,-0.174298,-0.09323,0.05,1.0,0.0,0.02,1e-09
10.249367439999332,-1,0.14105461966467314,0.17684461966467313,-0.174298,0.096588,0.14105461966467314,-0.17348661966467313,-0.174298,-0.09323,0.05,1.0,0.0,0.02,1e-09
10.289261417001399,-1,0.14105461966467314,0.17684461966467313,-0.174298,0.096588,0.14105461966467314,-0.17348661966467313,-0.174298,-0.09323,0.05,1.0,0.0,0.02,1e-09
10.342877767001482,-1,0.14105461966467314,0.17684461966467313,-0.174298,0.096588,0.14105461966467314,-0.17348661966467313,-0.174298,-0.09323,0.05,1.0,0.0,0.02,1e-09
10.390044496001792,-1,0.14105461966467314,0.17684461966467313,-0.174298,0.096588,0.14105461966467314,-0.17348661966467313,-0.174298,-0.09323,0.05,1.0,0.0,0.02,1e-09
10.440125691002322,-1,0.14105461966467314,0.17684461966467313,-0.174298,0.096588,0.14105461966467314,-0.17348661966467313,-0.174298,-0.09323,0.05,1.0,0.0,0.02,1e-09
10.491439826000715,-1,0.14105461966467314,0.17684461966467313,-0.174298,0.096588,0.14105461966467314,-0.17348661966467313,-0.174298,-0.09323,0.05,1.0,0.0,0.02,1e-09
10.547990858001867,-1,0.14105461966467314,0.17684461966467313,-0.174298,0.096588,0.14105461966467314,-0.17348661966467313,-0.174298,-0.09323,0.05,1.0,0.0,0.02,1e-09
10.591604574001394,-1,0.14105461966467314,0.17684461966467313,-0.174298,0.096588,0.14105461966467314,-0.17348661966467313,-0.174298,-0.09323,0.05,1.0,0.0,0.02,1e-09
10.642788526001823,-1,0.14105461966467314,0.17684461966467313,-0.174298,0.096588,0.14105461966467314,-0.17348661966467313,-0.174298,-0.09323,0.05,1.0,0.0,0.02,1e-09
10.69394887800081,-1,0.14105461966467314,0.17684461966467313,-0.174298,0.096588,0.14105461966467314,-0.17348661966467313,-0.174298,-0.09323,0.05,1.0,0.0,0.02,1e-09
10.745003751002514,-1,0.14105461966467314,0.17684461966467313,-0.174298,0.096588,0.14105461966467314,-0.17348661966467313,-0.174298,-0.09323,0.05,1.0,0.0,0.02,1e-09
10.806682821999857,-1,0.14105461966467314,0.17684461966467313,-0.174298,0.096588,0.14105461966467314,-0.17348661966467313,-0.174298,-0.09323,0.05,1.0,0.0,0.02,1e-09
10.842274132999592,-1,0.14105461966467314,0.17684461966467313,-0.174298,0.096588,0.14105461966467314,-0.17348661966467313,-0.174298,-0.09323,0.05,1.0,0.0,0.02,1e-09
10.888269049002702,-1,0.14105461966467314,0.17684461966467313,-0.174298,0.096588,0.14105461966467314,-0.17348661966467313,-0.174298,-0.09323,0.05,1.0,0.0,0.02,1e-09
10.944762387000083,-1,0.14105461966467314,0.17684461966467313,-0.174298,0.096588,0.14105461966467314,-0.17348661966467313,-0.174298,-0.09323,0.05,1.0,0.0,0.02,1e-09
10.99341495200133,-1,0.14105461966467314,0.17684461966467313,-0.174298,0.096588,0.14105461966467314,-0.17348661966467313,-0.174298,-0.09323,0.05,1.0,0.0,0.02,1e-09
11.044230048002646,-1,0.14105461966467314,0.17684461966467313,-0.174298,0.096588,0.14105461966467314,-0.17348661966467313,-0.174298,-0.09323,0.05,1.0,0.0,0.02,1e-09
11.10116921000008,-1,0.14105461966467314,0.17684461966467313,-0.174298,0.096588,0.14105461966467314,-0.17348661966467313,-0.174298,-0.09323,0.05,1.0,0.0,0.02,1e-09
11.155301566999697,-1,0.14105461966467314,0.17684461966467313,-0.174298,0.096588,0.14105461966467314,-0.17348661966467313,-0.174298,-0.09323,0.05,1.0,0.0,0.02,1e-09
11.193014249001862,-1,0.14105461966467314,0.17684461966467313,-0.174298,0.096588,0.14105461966467314,-0.17348661966467313,-0.174298,-0.09323,0.05,1.0,0.0,0.02,1e-09
11.246385913000267,-1,0.14105461966467314,0.17684461966467313,-0.174298,0.096588,0.14105461966467314,-0.17348661966467313,-0.174298,-0.09323,0.05,1.0,0.0,0.02,1e-09
11.285861476000719,-1,0.14105461966467314,0.17684461966467313,-0.174298,0.096588,0.14105461966467314,-0.17348661966467313,-0.174298,-0.09323,0.05,1.0,0.0,0.02,1e-09
11.341576105001877,-1,0.14105461966467314,0.17684461966467313,-0.174298,0.096588,0.14105461966467314,-0.17348661966467313,-0.174298,-0.09323,0.05,1.0,0.0,0.02,1e-09
11.388888613000745,-1,0.14105461966467314,0.17684461966467313,-0.174298,0.096588,0.14105461966467314,-0.17348661966467313,-0.174298,-0.09323,0.05,1.0,0.0,0.02,1e-09
11.44024568000168,-1,0.14105461966467314,0.17684461966467313,-0.174298,0.096588,0.14105461966467314,-0.17348661966467313,-0.174298,-0.09323,0.05,1.0,0.0,0.02,1e-09
11.494834716999321,-1,0.14105461966467314,0.17684461966467313,-0.174298,0.096588,0.14105461966467314,-0.17348661966467313,-0.174298,-0.09323,0.05,1.0,0.0,0.02,1e-09
11.545529082999565,-1,0.14105461966467314,0.17684461966467313,-0.174298,0.096588,0.14105461966467314,-0.17348661966467313,-0.174298,-0.09323,0.05,1.0,0.0,0.02,1e-09
11.634963472999516,-1,0.14105461966467314,0.17684461966467313,-0.174298,0.096588,0.14105461966467314,-0.17348661966467313,-0.174298,-0.09323,0.05,1.0,0.0,0.02,1e-09
11.672734645002492,-1,0.14105461966467314,0.17684461966467313,-0.174298,0.096588,0.14105461966467314,-0.17348661966467313,-0.174298,-0.09323,0.05,1.0,0.0,0.02,1e-09
11.689549331000308,-1,0.14105461966467314,0.17684461966467313,-0.174298,0.096588,0.14105461966467314,-0.17348661966467313,-0.174298,-0.09323,0.05,1.0,0.0,0.02,1e-09
11.74066156200206,-1,0.14105461966467314,0.17684461966467313,-0.174298,0.096588,0.14105461966467314,-0.17348661966467313,-0.174298,-0.09323,0.05,1.0,0.0,0.02,1e-09
11.804572160999669,-1,0.14105461966467314,0.17684461966467313,-0.174298,0.096588,0.14105461966467314,-0.17348661966467313,-0.174298,-0.09323,0.05,1.0,0.0,0.02,1e-09
11.840412957000808,-1,0.14105461966467314,0.17684461966467313,-0.174298,0.096588,0.14105461966467314,-0.17348661966467313,-0.174298,-0.09323,0.05,1.0,0.0,0.02,1e-09
11.891356091000489,-1,0.14105461966467314,0.17684461966467313,-0.174298,0.096588,0.14105461966467314,-0.17348661966467313,-0.174298,-0.09323,0.05,1.0,0.0,0.02,1e-09
11.958847711000999,-1,0.14105461966467314,0.17684461966467313,-0.174298,0.096588,0.14105461966467314,-0.17348661966467313,-0.174298,-0.09323,0.05,1.0,0.0,0.02,1e-09
11.987743929999851,-1,0.14105461966467314,0.17684461966467313,-0.174298,0.096588,0.14105461966467314,-0.17348661966467313,-0.174298,-0.09323,0.05,1.0,0.0,0.02,1e-09
12.03900956200232,-1,0.14105461966467314,0.17684461966467313,-0.174298,0.096588,0.14105461966467314,-0.17348661966467313,-0.174298,-0.09323,0.05,1.0,0.0,0.02,1e-09
12.09344871400026,-1,0.14105461966467314,0.17684461966467313,-0.174298,0.096588,0.14105461966467314,-0.17348661966467313,-0.174298,-0.09323,0.05,1.0,0.0,0.02,1e-09
12.142978602001676,-1,0.14105461966467314,0.17684461966467313,-0.174298,0.096588,0.14105461966467314,-0.17348661966467313,-0.174298,-0.09323,0.05,1.0,0.0,0.02,1e-09
12.188521964002575,-1,0.14105461966467314,0.17684461966467313,-0.174298,0.096588,0.14105461966467314,-0.17348661966467313,-0.174298,-0.09323,0.05,1.0,0.0,0.02,1e-09
12.243677495000156,-1,0.14105461966467314,0.17684461966467313,-0.174298,0.096588,0.14105461966467314,-0.17348661966467313,-0.174298,-0.09323,0.05,1.0,0.0,0.02,1e-09
12.29916305900042,-1,0.14105461966467314,0.17684461966467313,-0.174298,0.096588,0.14105461966467314,-0.17348661966467313,-0.174298,-0.09323,0.05,1.0,0.0,0.02,1e-09
12.349919140000566,-1,0.14105461966467314,0.17684461966467313,-0.174298,0.096588,0.14105461966467314,-0.17348661966467313,-0.174298,-0.09323,0.05,1.0,0.0,0.02,1e-09
12.396783904001495,-1,0.14105461966467314,0.17684461966467313,-0.174298,0.096588,0.14105461966467314,-0.17348661966467313,-0.174298,-0.09323,0.05,1.0,0.0,0.02,1e-09
12.442567681002402,-1,0.14105461966467314,0.17684461966467313,-0.174298,0.096588,0.14105461966467314,-0.17348661966467313,-0.174298,-0.09323,0.05,1.0,0.0,0.02,1e-09
12.496504766000726,-1,0.14105461966467314,0.17684461966467313,-0.174298,0.096588,0.14105461966467314,-0.17348661966467313,-0.174298,-0.09323,0.05,1.0,0.0,0.02,1e-09
12.545202536002762,-1,0.14105461966467314,0.17684461966467313,-0.174298,0.096588,0.14105461966467314,-0.17348661966467313,-0.174298,-0.09323,0.05,1.0,0.0,0.02,1e-09
12.588224186001753,-1,0.14105461966467314,0.17684461966467313,-0.174298,0.096588,0.14105461966467314,-0.17348661966467313,-0.174298,-0.09323,0.05,1.0,0.0,0.02,1e-09
12.644209663001675,-1,0.14105461966467314,0.17684461966467313,-0.174298,0.096588,0.14105461966467314,-0.17348661966467313,-0.174298,-0.09323,0.05,1.0,0.0,0.02,1e-09
12.6887017500012,-1,0.14105461966467314,0.17684461966467313,-0.174298,0.096588,0.14105461966467314,-0.17348661966467313,-0.174298,-0.09323,0.05,1.0,0.0,0.02,1e-09
12.73861716600004,-1,0.14105461966467314,0.17684461966467313,-0.174298,0.096588,0.14105461966467314,-0.17348661966467313,-0.174298,-0.09323,0.05,1.0,0.0,0.02,1e-09
12.799832729000627,-1,0.14105461966467314,0.17684461966467313,-0.174298,0.096588,0.14105461966467314,-0.17348661966467313,-0.174298,-0.09323,0.05,1.0,0.0,0.02,1e-09
12.841161429001659,-1,0.14105461966467314,0.17684461966467313,-0.174298,0.096588,0.14105461966467314,-0.17348661966467313,-0.174298,-0.09323,0.05,1.0,0.0,0.02,1e-09
12.909441192001395,-1,0.14105461966467314,0.17684461966467313,-0.174298,0.096588,0.14105461966467314,-0.17348661966467313,-0.174298,-0.09323,0.05,1.0,0.0,0.02,1e-09
12.94022430500263,-1,0.14105461966467314,0.17684461966467313,-0.174298,0.096588,0.14105461966467314,-0.17348661966467313,-0.174298,-0.09323,0.05,1.0,0.0,0.02,1e-09
12.994496723000339,-1,0.14105461966467314,0.17684461966467313,-0.174298,0.096588,0.14105461966467314,-0.17348661966467313,-0.174298,-0.09323,0.05,1.0,0.0,0.02,1e-09
13.04090406600153,-1,0.14105461966467314,0.17684461966467313,-0.174298,0.096588,0.14105461966467314,-0.17348661966467313,-0.174298,-0.09323,0.05,1.0,0.0,0.02,1e-09
13.091277579002053,-1,0.14105461966467314,0.17684461966467313,-0.174298,0.096588,0.14105461966467314,-0.17348661966467313,-0.174298,-0.09323,0.05,1.0,0.0,0.02,1e-09
13.143862175002141,-1,0.14105461966467314,0.17684461966467313,-0.174298,0.096588,0.14105461966467314,-0.17348661966467313,-0.174298,-0.09323,0.05,1.0,0.0,0.02,1e-09
13.192988020000485,-1,0.14105461966467314,0.17684461966467313,-0.174298,0.096588,0.14105461966467314,-0.17348661966467313,-0.174298,-0.09323,0.05,1.0,0.0,0.02,1e-09
13.257672707000893,-1,0.14105461966467314,0.17684461966467313,-0.174298,0.096588,0.14105461966467314,-0.17348661966467313,-0.174298,-0.09323,0.05,1.0,0.0,0.02,1e-09
13.294883026999742,-1,0.14105461966467314,0.17684461966467313,-0.174298,0.096588,0.14105461966467314,-0.17348661966467313,-0.174298,-0.09323,0.05,1.0,0.0,0.02,1e-09
13.336463964002178,-1,0.14105461966467314,0.17684461966467313,-0.174298,0.096588,0.14105461966467314,-0.17348661966467313,-0.174298,-0.09323,0.05,1.0,0.0,0.02,1e-09
13.389195425999787,-1,0.14105461966467314,0.17684461966467313,-0.174298,0.096588,0.14105461966467314,-0.17348661966467313,-0.174298,-0.09323,0.05,1.0,0.0,0.02,1e-09
13.444020571001602,-1,0.14105461966467314,0.17684461966467313,-0.174298,0.096588,0.14105461966467314,-0.17348661966467313,-0.174298,-0.09323,0.05,1.0,0.0,0.02,1e-09
13.491082723001455,-1,0.14105461966467314,0.17684461966467313,-0.174298,0.096588,0.14105461966467314,-0.17348661966467313,-0.174298,-0.09323,0.05,1.0,0.0,0.02,1e-09
13.540058714999759,-1,0.14105461966467314,0.17684461966467313,-0.174298,0.096588,0.14105461966467314,-0.17348661966467313,-0.174298,-0.09323,0.05,1.0,0.0,0.02,1e-09
13.622902962000808,-1,0.14105461966467314,0.17684461966467313,-0.174298,0.096588,0.14105461966467314,-0.17348661966467313,-0.174298,-0.09323,0.05,1.0,0.0,0.02,1e-09
13.645099871999264,-1,0.14105461966467314,0.17684461966467313,-0.174298,0.096588,0.14105461966467314,-0.17348661966467313,-0.174298,-0.09323,0.05,1.0,0.0,0.02,1e-09
13.699866389000817,-1,0.14105461966467314,0.17684461966467313,-0.174298,0.096588,0.14105461966467314,-0.17348661966467313,-0.174298,-0.09323,0.05,1.0,0.0,0.02,1e-09
13.748555980000674,-1,0.14105461966467314,0.17684461966467313,-0.174298,0.096588,0.14105461966467314,-0.17348661966467313,-0.174298,-0.09323,0.05,1.0,0.0,0.02,1e-09
13.79980586000238,-1,0.14105461966467314,0.17684461966467313,-0.174298,0.096588,0.14105461966467314,-0.17348661966467313,-0.174298,-0.09323,0.05,1.0,0.0,0.02,1e-09
13.843064036002033,-1,0.14105461966467314,0.17684461966467313,-0.174298,0.096588,0.14105461966467314,-0.17348661966467313,-0.174298,-0.09323,0.05,1.0,0.0,0.02,1e-09
13.895656232001784,-1,0.14105461966467314,0.17684461966467313,-0.174298,0.096588,0.14105461966467314,-0.17348661966467313,-0.174298,-0.09323,0.05,1.0,0.0,0.02,1e-09
13.948119684999256,-1,0.14105461966467314,0.17684461966467313,-0.174298,0.096588,0.14105461966467314,-0.17348661966467313,-0.174298,-0.09323,0.05,1.0,0.0,0.02,1e-09
14.01127660000202,-1,0.14105461966467314,0.17684461966467313,-0.174298,0.096588,0.14105461966467314,-0.17348661966467313,-0.174298,-0.09323,0.05,1.0,0.0,0.02,1e-09
14.05910084900097,-1,0.14105461966467314,0.17684461966467313,-0.174298,0.096588,0.14105461966467314,-0.17348661966467313,-0.174298,-0.09323,0.05,1.0,0.0,0.02,1e-09
14.091412985002535,-1,0.14105461966467314,0.17684461966467313,-0.174298,0.096588,0.14105461966467314,-0.17348661966467313,-0.174298,-0.09323,0.05,1.0,0.0,0.02,1e-09
14.139094395002758,-1,0.14105461966467314,0.17684461966467313,-0.174298,0.096588,0.14105461966467314,-0.17348661966467313,-0.174298,-0.09323,0.05,1.0,0.0,0.02,1e-09
14.193494327002554,-1,0.14105461966467314,0.17684461966467313,-0.174298,0.096588,0.14105461966467314,-0.17348661966467313,-0.174298,-0.09323,0.05,1.0,0.0,0.02,1e-09
14.243006513999717,-1,0.14105461966467314,0.17684461966467313,-0.174298,0.096588,0.14105461966467314,-0.17348661966467313,-0.174298,-0.09323,0.05,1.0,0.0,0.02,1e-09
14.298716970002715,-1,0.14105461966467314,0.17684461966467313,-0.174298,0.096588,0.14105461966467314,-0.17348661966467313,-0.174298,-0.09323,0.05,1.0,0.0,0.02,1e-09
14.341583821002132,-1,0.14105461966467314,0.17684461966467313,-0.174298,0.096588,0.14105461966467314,-0.17348661966467313,-0.174298,-0.09323,0.05,1.0,0.0,0.02,1e-09
14.389265113000874,-1,0.14105461966467314,0.17684461966467313,-0.174298,0.096588,0.14105461966467314,-0.17348661966467313,-0.174298,-0.09323,0.05,1.0,0.0,0.02,1e-09
14.442988860002515,-1,0.14105461966467314,0.17684461966467313,-0.174298,0.096588,0.14105461966467314,-0.17348661966467313,-0.174298,-0.09323,0.05,1.0,0.0,0.02,1e-09
14.493641668999771,-1,0.14105461966467314,0.17684461966467313,-0.174298,0.096588,0.14105461966467314,-0.17348661966467313,-0.174298,-0.09323,0.05,1.0,0.0,0.02,1e-09
14.5421024640018,-1,0.14105461966467314,0.17684461966467313,-0.174298,0.096588,0.14105461966467314,-0.17348661966467313,-0.174298,-0.09323,0.05,1.0,0.0,0.02,1e-09
14.600283003001095,-1,0.14105461966467314,0.17684461966467313,-0.174298,0.096588,0.14105461966467314,-0.17348661966467313,-0.174298,-0.09323,0.05,1.0,0.0,0.02,1e-09
14.63921762999962,-1,0.14105461966467314,0.17684461966467313,-0.174298,0.096588,0.14105461966467314,-0.17348661966467313,-0.174298,-0.09323,0.05,1.0,0.0,0.02,1e-09
14.700956619999488,-1,0.14105461966467314,0.17684461966467313,-0.174298,0.096588,0.14105461966467314,-0.17348661966467313,-0.174298,-0.09323,0.05,1.0,0.0,0.02,1e-09
14.744210206001299,-1,0.14105461966467314,0.17684461966467313,-0.174298,0.096588,0.14105461966467314,-0.17348661966467313,-0.174298,-0.09323,0.05,1.0,0.0,0.02,1e-09
14.791678786001285,-1,0.14105461966467314,0.17684461966467313,-0.174298,0.096588,0.14105461966467314,-0.17348661966467313,-0.174298,-0.09323,0.05,1.0,0.0,0.02,1e-09
14.850377017002756,-1,0.14105461966467314,0.17684461966467313,-0.174298,0.096588,0.14105461966467314,-0.17348661966467313,-0.174298,-0.09323,0.05,1.0,0.0,0.02,1e-09
14.889381066001079,-1,0.14105461966467314,0.17684461966467313,-0.174298,0.096588,0.14105461966467314,-0.17348661966467313,-0.174298,-0.09323,0.05,1.0,0.0,0.02,1e-09
14.943299534999824,-1,0.14105461966467314,0.17684461966467313,-0.174298,0.096588,0.14105461966467314,-0.17348661966467313,-0.174298,-0.09323,0.05,1.0,0.0,0.02,1e-09
14.993632088000595,-1,0.14105461966467314,0.17684461966467313,-0.174298,0.096588,0.14105461966467314,-0.17348661966467313,-0.174298,-0.09323,0.05,1.0,0.0,0.02,1e-09
15.04141776400138,-1,0.14105461966467314,0.17684461966467313,-0.174298,0.096588,0.14105461966467314,-0.17348661966467313,-0.174298,-0.09323,0.05,1.0,0.0,0.02,1e-09
15.090405647002626,-1,0.14105461966467314,0.17684461966467313,-0.174298,0.096588,0.14105461966467314,-0.17348661966467313,-0.174298,-0.09323,0.05,1.0,0.0,0.02,1e-09
15.147059138002078,-1,0.14105461966467314,0.17684461966467313,-0.174298,0.096588,0.14105461966467314,-0.17348661966467313,-0.174298,-0.09323,0.05,1.0,0.0,0.02,1e-09
15.186581100002513,-1,0.14105461966467314,0.17684461966467313,-0.174298,0.096588,0.14105461966467314,-0.17348661966467313,-0.174298,-0.09323,0.05,1.0,0.0,0.02,1e-09
15.239581368001382,-1,0.14105461966467314,0.17684461966467313,-0.174298,0.096588,0.14105461966467314,-0.17348661966467313,-0.174298,-0.09323,0.05,1.0,0.0,0.02,1e-09
15.289977981999982,-1,0.14105461966467314,0.17684461966467313,-0.174298,0.096588,0.14105461966467314,-0.17348661966467313,-0.174298,-0.09323,0.05,1.0,0.0,0.02,1e-09
15.348305788000289,-1,0.14105461966467314,0.17684461966467313,-0.174298,0.096588,0.14105461966467314,-0.17348661966467313,-0.174298,-0.09323,0.05,1.0,0.0,0.02,1e-09
15.405262391999713,-1,0.14105461966467314,0.17684461966467313,-0.174298,0.096588,0.14105461966467314,-0.17348661966467313,-0.174298,-0.09323,0.05,1.0,0.0,0.02,1e-09
15.439745167001092,-1,0.14105461966467314,0.17684461966467313,-0.174298,0.096588,0.14105461966467314,-0.17348661966467313,-0.174298,-0.09323,0.05,1.0,0.0,0.02,1e-09
15.496238381001604,-1,0.14105461966467314,0.17684461966467313,-0.174298,0.096588,0.14105461966467314,-0.17348661966467313,-0.174298,-0.09323,0.05,1.0,0.0,0.02,1e-09
15.538235407002503,-1,0.14105461966467314,0.17684461966467313,-0.174298,0.096588,0.14105461966467314,-0.17348661966467313,-0.174298,-0.09323,0.05,1.0,0.0,0.02,1e-09
15.58876063000207,-1,0.14105461966467314,0.17684461966467313,-0.174298,0.096588,0.14105461966467314,-0.17348661966467313,-0.174298,-0.09323,0.05,1.0,0.0,0.02,1e-09
15.636882558999787,-1,0.14105461966467314,0.17684461966467313,-0.174298,0.096588,0.14105461966467314,-0.17348661966467313,-0.174298,-0.09323,0.05,1.0,0.0,0.02,1e-09
15.692003828000452,-1,0.14105461966467314,0.17684461966467313,-0.174298,0.096588,0.14105461966467314,-0.17348661966467313,-0.174298,-0.09323,0.05,1.0,0.0,0.02,1e-09
15.743259110000508,-1,0.14105461966467314,0.17684461966467313,-0.174298,0.096588,0.14105461966467314,-0.17348661966467313,-0.174298,-0.09323,0.05,1.0,0.0,0.02,1e-09
15.789290682001592,-1,0.14105461966467314,0.17684461966467313,-0.174298,0.096588,0.14105461966467314,-0.17348661966467313,-0.174298,-0.09323,0.05,1.0,0.0,0.02,1e-09
15.837820415999886,-1,0.14105461966467314,0.17684461966467313,-0.174298,0.096588,0.14105461966467314,-0.17348661966467313,-0.174298,-0.09323,0.05,1.0,0.0,0.02,1e-09
15.902197839001019,-1,0.14105461966467314,0.17684461966467313,-0.174298,0.096588,0.14105461966467314,-0.17348661966467313,-0.174298,-0.09323,0.05,1.0,0.0,0.02,1e-09
15.94409638200159,-1,0.14105461966467314,0.17684461966467313,-0.174298,0.096588,0.14105461966467314,-0.17348661966467313,-0.174298,-0.09323,0.05,1.0,0.0,0.02,1e-09
15.993415154000104,-1,0.14105461966467314,0.17684461966467313,-0.174298,0.096588,0.14105461966467314,-0.17348661966467313,-0.174298,-0.09323,0.05,1.0,0.0,0.02,1e-09
16.044674970002234,-1,0.14105461966467314,0.17684461966467313,-0.174298,0.096588,0.14105461966467314,-0.17348661966467313,-0.174298,-0.09323,0.05,1.0,0.0,0.02,1e-09
16.107269989002816,-1,0.14105461966467314,0.17684461966467313,-0.174298,0.096588,0.14105461966467314,-0.17348661966467313,-0.174298,-0.09323,0.05,1.0,0.0,0.02,1e-09
16.14316994500041,-1,0.14105461966467314,0.17684461966467313,-0.174298,0.096588,0.14105461966467314,-0.17348661966467313,-0.174298,-0.09323,0.05,1.0,0.0,0.02,1e-09
16.189419231999636,-1,0.14105461966467314,0.17684461966467313,-0.174298,0.096588,0.14105461966467314,-0.17348661966467313,-0.174298,-0.09323,0.05,1.0,0.0,0.02,1e-09
16.244745642001362,-1,0.14105461966467314,0.17684461966467313,-0.174298,0.096588,0.14105461966467314,-0.17348661966467313,-0.174298,-0.09323,0.05,1.0,0.0,0.02,1e-09
16.288231399001234,-1,0.14105461966467314,0.17684461966467313,-0.174298,0.096588,0.14105461966467314,-0.17348661966467313,-0.174298,-0.09323,0.05,1.0,0.0,0.02,1e-09
16.33712595900215,-1,0.14105461966467314,0.17684461966467313,-0.174298,0.096588,0.14105461966467314,-0.17348661966467313,-0.174298,-0.09323,0.05,1.0,0.0,0.02,1e-09
16.387251634001586,-1,0.14105461966467314,0.17684461966467313,-0.174298,0.096588,0.14105461966467314,-0.17348661966467313,-0.174298,-0.09323,0.05,1.0,0.0,0.02,1e-09
16.452826180000557,-1,0.14105461966467314,0.17684461966467313,-0.174298,0.096588,0.14105461966467314,-0.17348661966467313,-0.174298,-0.09323,0.05,1.0,0.0,0.02,1e-09
16.502507668999897,-1,0.14105461966467314,0.17684461966467313,-0.174298,0.096588,0.14105461966467314,-0.17348661966467313,-0.174298,-0.09323,0.05,1.0,0.0,0.02,1e-09
16.539514765001513,-1,0.14105461966467314,0.17684461966467313,-0.174298,0.096588,0.14105461966467314,-0.17348661966467313,-0.174298,-0.09323,0.05,1.0,0.0,0.02,1e-09
16.590163635002682,-1,0.14105461966467314,0.17684461966467313,-0.174298,0.096588,0.14105461966467314,-0.17348661966467313,-0.174298,-0.09323,0.05,1.0,0.0,0.02,1e-09
16.638630819001264,-1,0.14105461966467314,0.17684461966467313,-0.174298,0.096588,0.14105461966467314,-0.17348661966467313,-0.174298,-0.09323,0.05,1.0,0.0,0.02,1e-09
16.69887702000051,-1,0.14105461966467314,0.17684461966467313,-0.174298,0.096588,0.14105461966467314,-0.17348661966467313,-0.174298,-0.09323,0.05,1.0,0.0,0.02,1e-09
16.74298238600022,-1,0.14105461966467314,0.17684461966467313,-0.174298,0.096588,0.14105461966467314,-0.17348661966467313,-0.174298,-0.09323,0.05,1.0,0.0,0.02,1e-09
16.793962424999336,-1,0.14105461966467314,0.17684461966467313,-0.174298,0.096588,0.14105461966467314,-0.17348661966467313,-0.174298,-0.09323,0.05,1.0,0.0,0.02,1e-09
16.85088408700176,-1,0.14105461966467314,0.17684461966467313,-0.174298,0.096588,0.14105461966467314,-0.17348661966467313,-0.174298,-0.09323,0.05,1.0,0.0,0.02,1e-09
16.890334719002567,-1,0.14105461966467314,0.17684461966467313,-0.174298,0.096588,0.14105461966467314,-0.17348661966467313,-0.174298,-0.09323,0.05,1.0,0.0,0.02,1e-09
16.950807438999618,-1,0.14105461966467314,0.17684461966467313,-0.174298,0.096588,0.14105461966467314,-0.17348661966467313,-0.174298,-0.09323,0.05,1.0,0.0,0.02,1e-09
16.989783264001744,-1,0.14105461966467314,0.17684461966467313,-0.174298,0.096588,0.14105461966467314,-0.17348661966467313,-0.174298,-0.09323,0.05,1.0,0.0,0.02,1e-09
17.0437485270013,-1,0.14105461966467314,0.17684461966467313,-0.174298,0.096588,0.14105461966467314,-0.17348661966467313,-0.174298,-0.09323,0.05,1.0,0.0,0.02,1e-09
17.099294916999497,-1,0.14105461966467314,0.17684461966467313,-0.174298,0.096588,0.14105461966467314,-0.17348661966467313,-0.174298,-0.09323,0.05,1.0,0.0,0.02,1e-09
17.170134744999814,-1,0.14105461966467314,0.17684461966467313,-0.174298,0.096588,0.14105461966467314,-0.17348661966467313,-0.174298,-0.09323,0.05,1.0,0.0,0.02,1e-09
17.214005697001994,-1,0.14105461966467314,0.17684461966467313,-0.174298,0.096588,0.14105461966467314,-0.17348661966467313,-0.174298,-0.09323,0.05,1.0,0.0,0.02,1e-09
17.246639133001736,-1,0.14105461966467314,0.17684461966467313,-0.174298,0.096588,0.14105461966467314,-0.17348661966467313,-0.174298,-0.09323,0.05,1.0,0.0,0.02,1e-09
17.30719685100121,-1,0.14105461966467314,0.17684461966467313,-0.174298,0.096588,0.14105461966467314,-0.17348661966467313,-0.174298,-0.09323,0.05,1.0,0.0,0.02,1e-09
17.346447217001696,-1,0.14105461966467314,0.17684461966467313,-0.174298,0.096588,0.14105461966467314,-0.17348661966467313,-0.174298,-0.09323,0.05,1.0,0.0,0.02,1e-09
17.403619242002605,-1,0.14105461966467314,0.17684461966467313,-0.174298,0.096588,0.14105461966467314,-0.17348661966467313,-0.174298,-0.09323,0.05,1.0,0.0,0.02,1e-09
17.439089015999343,-1,0.14105461966467314,0.17684461966467313,-0.174298,0.096588,0.14105461966467314,-0.17348661966467313,-0.174298,-0.09323,0.05,1.0,0.0,0.02,1e-09
17.494871364000574,-1,0.14105461966467314,0.17684461966467313,-0.174298,0.096588,0.14105461966467314,-0.17348661966467313,-0.174298,-0.09323,0.05,1.0,0.0,0.02,1e-09
17.543898440999328,-1,0.14105461966467314,0.17684461966467313,-0.174298,0.096588,0.14105461966467314,-0.17348661966467313,-0.174298,-0.09323,0.05,1.0,0.0,0.02,1e-09
17.593589881002117,-1,0.14105461966467314,0.17684461966467313,-0.174298,0.096588,0.14105461966467314,-0.17348661966467313,-0.174298,-0.09323,0.05,1.0,0.0,0.02,1e-09
17.64602111000204,-1,0.14105461966467314,0.17684461966467313,-0.174298,0.096588,0.14105461966467314,-0.17348661966467313,-0.174298,-0.09323,0.05,1.0,0.0,0.02,1e-09
17.687735277002503,-1,0.14105461966467314,0.17684461966467313,-0.174298,0.096588,0.14105461966467314,-0.17348661966467313,-0.174298,-0.09323,0.05,1.0,0.0,0.02,1e-09
17.747109898002236,-1,0.14105461966467314,0.17684461966467313,-0.174298,0.096588,0.14105461966467314,-0.17348661966467313,-0.174298,-0.09323,0.05,1.0,0.0,0.02,1e-09
17.798955510999804,-1,0.14105461966467314,0.17684461966467313,-0.174298,0.096588,0.14105461966467314,-0.17348661966467313,-0.174298,-0.09323,0.05,1.0,0.0,0.02,1e-09
17.838665942999796,-1,0.14105461966467314,0.17684461966467313,-0.174298,0.096588,0.14105461966467314,-0.17348661966467313,-0.174298,-0.09323,0.05,1.0,0.0,0.02,1e-09
17.89053547000003,-1,0.14105461966467314,0.17684461966467313,-0.174298,0.096588,0.14105461966467314,-0.17348661966467313,-0.174298,-0.09323,0.05,1.0,0.0,0.02,1e-09
17.942926842002635,-1,0.14105461966467314,0.17684461966467313,-0.174298,0.096588,0.14105461966467314,-0.17348661966467313,-0.174298,-0.09323,0.05,1.0,0.0,0.02,1e-09
17.993757952001033,-1,0.14105461966467314,0.17684461966467313,-0.174298,0.096588,0.14105461966467314,-0.17348661966467313,-0.174298,-0.09323,0.05,1.0,0.0,0.02,1e-09
18.036993279001763,-1,0.14105461966467314,0.17684461966467313,-0.174298,0.096588,0.14105461966467314,-0.17348661966467313,-0.174298,-0.09323,0.05,1.0,0.0,0.02,1e-09
18.09325302400248,-1,0.14105461966467314,0.17684461966467313,-0.174298,0.096588,0.14105461966467314,-0.17348661966467313,-0.174298,-0.09323,0.05,1.0,0.0,0.02,1e-09
18.143105949002347,-1,0.14105461966467314,0.17684461966467313,-0.174298,0.096588,0.14105461966467314,-0.17348661966467313,-0.174298,-0.09323,0.05,1.0,0.0,0.02,1e-09
18.20322162500088,-1,0.14105461966467314,0.17684461966467313,-0.174298,0.096588,0.14105461966467314,-0.17348661966467313,-0.174298,-0.09323,0.05,1.0,0.0,0.02,1e-09
18.239088050002465,-1,0.14105461966467314,0.17684461966467313,-0.174298,0.096588,0.14105461966467314,-0.17348661966467313,-0.174298,-0.09323,0.05,1.0,0.0,0.02,1e-09
18.29097898799955,-1,0.14105461966467314,0.17684461966467313,-0.174298,0.096588,0.14105461966467314,-0.17348661966467313,-0.174298,-0.09323,0.05,1.0,0.0,0.02,1e-09
18.339019811999606,-1,0.14105461966467314,0.17684461966467313,-0.174298,0.096588,0.14105461966467314,-0.17348661966467313,-0.174298,-0.09323,0.05,1.0,0.0,0.02,1e-09
18.392057094002666,-1,0.14105461966467314,0.17684461966467313,-0.174298,0.096588,0.14105461966467314,-0.17348661966467313,-0.174298,-0.09323,0.05,1.0,0.0,0.02,1e-09
18.442417526999634,-1,0.14105461966467314,0.17684461966467313,-0.174298,0.096588,0.14105461966467314,-0.17348661966467313,-0.174298,-0.09323,0.05,1.0,0.0,0.02,1e-09
18.49004772000262,-1,0.14105461966467314,0.17684461966467313,-0.174298,0.096588,0.14105461966467314,-0.17348661966467313,-0.174298,-0.09323,0.05,1.0,0.0,0.02,1e-09
18.537109236000106,-1,0.14105461966467314,0.17684461966467313,-0.174298,0.096588,0.14105461966467314,-0.17348661966467313,-0.174298,-0.09323,0.05,1.0,0.0,0.02,1e-09
18.589013615001022,-1,0.14105461966467314,0.17684461966467313,-0.174298,0.096588,0.14105461966467314,-0.17348661966467313,-0.174298,-0.09323,0.05,1.0,0.0,0.02,1e-09
18.637414918001014,-1,0.14105461966467314,0.17684461966467313,-0.174298,0.096588,0.14105461966467314,-0.17348661966467313,-0.174298,-0.09323,0.05,1.0,0.0,0.02,1e-09
18.703918213999714,-1,0.14105461966467314,0.17684461966467313,-0.174298,0.096588,0.14105461966467314,-0.17348661966467313,-0.174298,-0.09323,0.05,1.0,0.0,0.02,1e-09
18.739770559001045,-1,0.14105461966467314,0.17684461966467313,-0.174298,0.096588,0.14105461966467314,-0.17348661966467313,-0.174298,-0.09323,0.05,1.0,0.0,0.02,1e-09
18.791992686001322,-1,0.14105461966467314,0.17684461966467313,-0.174298,0.096588,0.14105461966467314,-0.17348661966467313,-0.174298,-0.09323,0.05,1.0,0.0,0.02,1e-09
18.837315748001856,-1,0.14105461966467314,0.17684461966467313,-0.174298,0.096588,0.14105461966467314,-0.17348661966467313,-0.174298,-0.09323,0.05,1.0,0.0,0.02,1e-09
18.898319926000113,-1,0.14105461966467314,0.17684461966467313,-0.174298,0.096588,0.14105461966467314,-0.17348661966467313,-0.174298,-0.09323,0.05,1.0,0.0,0.02,1e-09
18.936723431001155,-1,0.14105461966467314,0.17684461966467313,-0.174298,0.096588,0.14105461966467314,-0.17348661966467313,-0.174298,-0.09323,0.05,1.0,0.0,0.02,1e-09
18.99120361700261,-1,0.14105461966467314,0.17684461966467313,-0.174298,0.096588,0.14105461966467314,-0.17348661966467313,-0.174298,-0.09323,0.05,1.0,0.0,0.02,1e-09
19.044732211001246,-1,0.14105461966467314,0.17684461966467313,-0.174298,0.096588,0.14105461966467314,-0.17348661966467313,-0.174298,-0.09323,0.05,1.0,0.0,0.02,1e-09
19.09242382800221,-1,0.14105461966467314,0.17684461966467313,-0.174298,0.096588,0.14105461966467314,-0.17348661966467313,-0.174298,-0.09323,0.05,1.0,0.0,0.02,1e-09
19.14782474200183,-1,0.14105461966467314,0.17684461966467313,-0.174298,0.096588,0.14105461966467314,-0.17348661966467313,-0.174298,-0.09323,0.05,1.0,0.0,0.02,1e-09
19.20592774400211,-1,0.14105461966467314,0.17684461966467313,-0.174298,0.096588,0.14105461966467314,-0.17348661966467313,-0.174298,-0.09323,0.05,1.0,0.0,0.02,1e-09
19.239875521001522,-1,0.14105461966467314,0.17684461966467313,-0.174298,0.096588,0.14105461966467314,-0.17348661966467313,-0.174298,-0.09323,0.05,1.0,0.0,0.02,1e-09
19.297438249999686,-1,0.14105461966467314,0.17684461966467313,-0.174298,0.096588,0.14105461966467314,-0.17348661966467313,-0.174298,-0.09323,0.05,1.0,0.0,0.02,1e-09
19.33880179100015,-1,0.14105461966467314,0.17684461966467313,-0.174298,0.096588,0.14105461966467314,-0.17348661966467313,-0.174298,-0.09323,0.05,1.0,0.0,0.02,1e-09
19.38827459499953,-1,0.14105461966467314,0.17684461966467313,-0.174298,0.096588,0.14105461966467314,-0.17348661966467313,-0.174298,-0.09323,0.05,1.0,0.0,0.02,1e-09
19.436972413001058,-1,0.14105461966467314,0.17684461966467313,-0.174298,0.096588,0.14105461966467314,-0.17348661966467313,-0.174298,-0.09323,0.05,1.0,0.0,0.02,1e-09
19.492806018999545,-1,0.14105461966467314,0.17684461966467313,-0.174298,0.096588,0.14105461966467314,-0.17348661966467313,-0.174298,-0.09323,0.05,1.0,0.0,0.02,1e-09
19.542506109999522,-1,0.14105461966467314,0.17684461966467313,-0.174298,0.096588,0.14105461966467314,-0.17348661966467313,-0.174298,-0.09323,0.05,1.0,0.0,0.02,1e-09
19.592178726001293,-1,0.14105461966467314,0.17684461966467313,-0.174298,0.096588,0.14105461966467314,-0.17348661966467313,-0.174298,-0.09323,0.05,1.0,0.0,0.02,1e-09
19.645677481999883,-1,0.14105461966467314,0.17684461966467313,-0.174298,0.096588,0.14105461966467314,-0.17348661966467313,-0.174298,-0.09323,0.05,1.0,0.0,0.02,1e-09
19.7013302689993,-1,0.14105461966467314,0.17684461966467313,-0.174298,0.096588,0.14105461966467314,-0.17348661966467313,-0.174298,-0.09323,0.05,1.0,0.0,0.02,1e-09
19.7431014290014,-1,0.14105461966467314,0.17684461966467313,-0.174298,0.096588,0.14105461966467314,-0.17348661966467313,-0.174298,-0.09323,0.05,1.0,0.0,0.02,1e-09
19.790337465001357,-1,0.14105461966467314,0.17684461966467313,-0.174298,0.096588,0.14105461966467314,-0.17348661966467313,-0.174298,-0.09323,0.05,1.0,0.0,0.02,1e-09
19.840415205999307,-1,0.14105461966467314,0.17684461966467313,-0.174298,0.096588,0.14105461966467314,-0.17348661966467313,-0.174298,-0.09323,0.05,1.0,0.0,0.02,1e-09
19.899846891999914,-1,0.14105461966467314,0.17684461966467313,-0.174298,0.096588,0.14105461966467314,-0.17348661966467313,-0.174298,-0.09323,0.05,1.0,0.0,0.02,1e-09
19.93744034700285,-1,0.14105461966467314,0.17684461966467313,-0.174298,0.096588,0.14105461966467314,-0.17348661966467313,-0.174298,-0.09323,0.05,1.0,0.0,0.02,1e-09
19.98904244300138,-1,0.14105461966467314,0.17684461966467313,-0.174298,0.096588,0.14105461966467314,-0.17348661966467313,-0.174298,-0.09323,0.05,1.0,0.0,0.02,1e-09
20.046417523000855,-1,0.14105461966467314,0.17684461966467313,-0.174298,0.096588,0.14105461966467314,-0.17348661966467313,-0.174298,-0.09323,0.05,1.0,0.0,0.02,1e-09
20.094343602002482,-1,0.14105461966467314,0.17684461966467313,-0.174298,0.096588,0.14105461966467314,-0.17348661966467313,-0.174298,-0.09323,0.05,1.0,0.0,0.02,1e-09
20.146200499999395,-1,0.14105461966467314,0.17684461966467313,-0.174298,0.096588,0.14105461966467314,-0.17348661966467313,-0.174298,-0.09323,0.05,1.0,0.0,0.02,1e-09
20.18971232700278,-1,0.14105461966467314,0.17684461966467313,-0.174298,0.096588,0.14105461966467314,-0.17348661966467313,-0.174298,-0.09323,0.05,1.0,0.0,0.02,1e-09
20.2462031210016,-1,0.14105461966467314,0.17684461966467313,-0.174298,0.096588,0.14105461966467314,-0.17348661966467313,-0.174298,-0.09323,0.05,1.0,0.0,0.02,1e-09
20.29245820399956,-1,0.14105461966467314,0.17684461966467313,-0.174298,0.096588,0.14105461966467314,-0.17348661966467313,-0.174298,-0.09323,0.05,1.0,0.0,0.02,1e-09
20.343476373000158,-1,0.14105461966467314,0.17684461966467313,-0.174298,0.096588,0.14105461966467314,-0.17348661966467313,-0.174298,-0.09323,0.05,1.0,0.0,0.02,1e-09
20.399101664999762,-1,0.14105461966467314,0.17684461966467313,-0.174298,0.096588,0.14105461966467314,-0.17348661966467313,-0.174298,-0.09323,0.05,1.0,0.0,0.02,1e-09
20.459527348000847,-1,0.14105461966467314,0.17684461966467313,-0.174298,0.096588,0.14105461966467314,-0.17348661966467313,-0.174298,-0.09323,0.05,1.0,0.0,0.02,1e-09
20.48718087100133,-1,0.14105461966467314,0.17684461966467313,-0.174298,0.096588,0.14105461966467314,-0.17348661966467313,-0.174298,-0.09323,0.05,1.0,0.0,0.02,1e-09
20.538509979000082,-1,0.14105461966467314,0.17684461966467313,-0.174298,0.096588,0.14105461966467314,-0.17348661966467313,-0.174298,-0.09323,0.05,1.0,0.0,0.02,1e-09
20.588107462001062,-1,0.14105461966467314,0.17684461966467313,-0.174298,0.096588,0.14105461966467314,-0.17348661966467313,-0.174298,-0.09323,0.05,1.0,0.0,0.02,1e-09
20.65358092400129,-1,0.14105461966467314,0.17684461966467313,-0.174298,0.096588,0.14105461966467314,-0.17348661966467313,-0.174298,-0.09323,0.05,1.0,0.0,0.02,1e-09
20.69955945000038,-1,0.14105461966467314,0.17684461966467313,-0.174298,0.096588,0.14105461966467314,-0.17348661966467313,-0.174298,-0.09323,0.05,1.0,0.0,0.02,1e-09
20.74046220799937,-1,0.14105461966467314,0.17684461966467313,-0.174298,0.096588,0.14105461966467314,-0.17348661966467313,-0.174298,-0.09323,0.05,1.0,0.0,0.02,1e-09
20.792214618999424,-1,0.14105461966467314,0.17684461966467313,-0.174298,0.096588,0.14105461966467314,-0.17348661966467313,-0.174298,-0.09323,0.05,1.0,0.0,0.02,1e-09
20.842207386001974,-1,0.14105461966467314,0.17684461966467313,-0.174298,0.096588,0.14105461966467314,-0.17348661966467313,-0.174298,-0.09323,0.05,1.0,0.0,0.02,1e-09
20.890677552000852,-1,0.14105461966467314,0.17684461966467313,-0.174298,0.096588,0.14105461966467314,-0.17348661966467313,-0.174298,-0.09323,0.05,1.0,0.0,0.02,1e-09
20.940312247999827,-1,0.14105461966467314,0.17684461966467313,-0.174298,0.096588,0.14105461966467314,-0.17348661966467313,-0.174298,-0.09323,0.05,1.0,0.0,0.02,1e-09
20.991259254002216,-1,0.14105461966467314,0.17684461966467313,-0.174298,0.096588,0.14105461966467314,-0.17348661966467313,-0.174298,-0.09323,0.05,1.0,0.0,0.02,1e-09
21.040758498002106,-1,0.14105461966467314,0.17684461966467313,-0.174298,0.096588,0.14105461966467314,-0.17348661966467313,-0.174298,-0.09323,0.05,1.0,0.0,0.02,1e-09
21.086981808999553,-1,0.14105461966467314,0.17684461966467313,-0.174298,0.096588,0.14105461966467314,-0.17348661966467313,-0.174298,-0.09323,0.05,1.0,0.0,0.02,1e-09
21.15039537100165,-1,0.14105461966467314,0.17684461966467313,-0.174298,0.096588,0.14105461966467314,-0.17348661966467313,-0.174298,-0.09323,0.05,1.0,0.0,0.02,1e-09
21.207406125002308,-1,0.14105461966467314,0.17684461966467313,-0.174298,0.096588,0.14105461966467314,-0.17348661966467313,-0.174298,-0.09323,0.05,1.0,0.0,0.02,1e-09
21.246185473999503,-1,0.14105461966467314,0.17684461966467313,-0.174298,0.096588,0.14105461966467314,-0.17348661966467313,-0.174298,-0.09323,0.05,1.0,0.0,0.02,1e-09
21.29115901499972,-1,0.14105461966467314,0.17684461966467313,-0.174298,0.096588,0.14105461966467314,-0.17348661966467313,-0.174298,-0.09323,0.05,1.0,0.0,0.02,1e-09
21.344953183001053,-1,0.14105461966467314,0.17684461966467313,-0.174298,0.096588,0.14105461966467314,-0.17348661966467313,-0.174298,-0.09323,0.05,1.0,0.0,0.02,1e-09
21.389129760002106,-1,0.14105461966467314,0.17684461966467313,-0.174298,0.096588,0.14105461966467314,-0.17348661966467313,-0.174298,-0.09323,0.05,1.0,0.0,0.02,1e-09
21.43950448599935,-1,0.14105461966467314,0.17684461966467313,-0.174298,0.096588,0.14105461966467314,-0.17348661966467313,-0.174298,-0.09323,0.05,1.0,0.0,0.02,1e-09
21.4882440950023,-1,0.14105461966467314,0.17684461966467313,-0.174298,0.096588,0.14105461966467314,-0.17348661966467313,-0.174298,-0.09323,0.05,1.0,0.0,0.02,1e-09
21.538470580002468,-1,0.14105461966467314,0.17684461966467313,-0.174298,0.096588,0.14105461966467314,-0.17348661966467313,-0.174298,-0.09323,0.05,1.0,0.0,0.02,1e-09
21.597762897999928,-1,0.14105461966467314,0.17684461966467313,-0.174298,0.096588,0.14105461966467314,-0.17348661966467313,-0.174298,-0.09323,0.05,1.0,0.0,0.02,1e-09
21.638153424999473,-1,0.14105461966467314,0.17684461966467313,-0.174298,0.096588,0.14105461966467314,-0.17348661966467313,-0.174298,-0.09323,0.05,1.0,0.0,0.02,1e-09
21.69302200600214,-1,0.14105461966467314,0.17684461966467313,-0.174298,0.096588,0.14105461966467314,-0.17348661966467313,-0.174298,-0.09323,0.05,1.0,0.0,0.02,1e-09
21.74683183399975,-1,0.14105461966467314,0.17684461966467313,-0.174298,0.096588,0.14105461966467314,-0.17348661966467313,-0.174298,-0.09323,0.05,1.0,0.0,0.02,1e-09
21.79253437400257,-1,0.14105461966467314,0.17684461966467313,-0.174298,0.096588,0.14105461966467314,-0.17348661966467313,-0.174298,-0.09323,0.05,1.0,0.0,0.02,1e-09
21.839196255001298,-1,0.14105461966467314,0.17684461966467313,-0.174298,0.096588,0.14105461966467314,-0.17348661966467313,-0.174298,-0.09323,0.05,1.0,0.0,0.02,1e-09
21.890642886999558,-1,0.14105461966467314,0.17684461966467313,-0.174298,0.096588,0.14105461966467314,-0.17348661966467313,-0.174298,-0.09323,0.05,1.0,0.0,0.02,1e-09
21.94174508099968,-1,0.14105461966467314,0.17684461966467313,-0.174298,0.096588,0.14105461966467314,-0.17348661966467313,-0.174298,-0.09323,0.05,1.0,0.0,0.02,1e-09
21.99319449700124,-1,0.14105461966467314,0.17684461966467313,-0.174298,0.096588,0.14105461966467314,-0.17348661966467313,-0.174298,-0.09323,0.05,1.0,0.0,0.02,1e-09
22.038981543002592,-1,0.14105461966467314,0.17684461966467313,-0.174298,0.096588,0.14105461966467314,-0.17348661966467313,-0.174298,-0.09323,0.05,1.0,0.0,0.02,1e-09
22.09537708100106,-1,0.14105461966467314,0.17684461966467313,-0.174298,0.096588,0.14105461966467314,-0.17348661966467313,-0.174298,-0.09323,0.05,1.0,0.0,0.02,1e-09
22.21069763900232,-1,0.14105461966467314,0.17684461966467313,-0.174298,0.096588,0.14105461966467314,-0.17348661966467313,-0.174298,-0.09323,0.05,1.0,0.0,0.02,1e-09
22.21197999099968,-1,0.14105461966467314,0.17684461966467313,-0.174298,0.096588,0.14105461966467314,-0.17348661966467313,-0.174298,-0.09323,0.05,1.0,0.0,0.02,1e-09
22.24442725300105,-1,0.14105461966467314,0.17684461966467313,-0.174298,0.096588,0.14105461966467314,-0.17348661966467313,-0.174298,-0.09323,0.05,1.0,0.0,0.02,1e-09
22.291421380999964,-1,0.14105461966467314,0.17684461966467313,-0.174298,0.096588,0.14105461966467314,-0.17348661966467313,-0.174298,-0.09323,0.05,1.0,0.0,0.02,1e-09
22.341399395001645,-1,0.14105461966467314,0.17684461966467313,-0.174298,0.096588,0.14105461966467314,-0.17348661966467313,-0.174298,-0.09323,0.05,1.0,0.0,0.02,1e-09
22.398527319001005,-1,0.14105461966467314,0.17684461966467313,-0.174298,0.096588,0.14105461966467314,-0.17348661966467313,-0.174298,-0.09323,0.05,1.0,0.0,0.02,1e-09
22.442220204000478,-1,0.14105461966467314,0.17684461966467313,-0.174298,0.096588,0.14105461966467314,-0.17348661966467313,-0.174298,-0.09323,0.05,1.0,0.0,0.02,1e-09
22.48969313800262,-1,0.14105461966467314,0.17684461966467313,-0.174298,0.096588,0.14105461966467314,-0.17348661966467313,-0.174298,-0.09323,0.05,1.0,0.0,0.02,1e-09
22.539189651000925,-1,0.14105461966467314,0.17684461966467313,-0.174298,0.096588,0.14105461966467314,-0.17348661966467313,-0.174298,-0.09323,0.05,1.0,0.0,0.02,1e-09
22.59618084199974,-1,0.14105461966467314,0.17684461966467313,-0.174298,0.096588,0.14105461966467314,-0.17348661966467313,-0.174298,-0.09323,0.05,1.0,0.0,0.02,1e-09
22.643065608001052,-1,0.14105461966467314,0.17684461966467313,-0.174298,0.096588,0.14105461966467314,-0.17348661966467313,-0.174298,-0.09323,0.05,1.0,0.0,0.02,1e-09
22.68876776700199,-1,0.14105461966467314,0.17684461966467313,-0.174298,0.096588,0.14105461966467314,-0.17348661966467313,-0.174298,-0.09323,0.05,1.0,0.0,0.02,1e-09
22.742923598001653,-1,0.14105461966467314,0.17684461966467313,-0.174298,0.096588,0.14105461966467314,-0.17348661966467313,-0.174298,-0.09323,0.05,1.0,0.0,0.02,1e-09
22.798357210001996,-1,0.14105461966467314,0.17684461966467313,-0.174298,0.096588,0.14105461966467314,-0.17348661966467313,-0.174298,-0.09323,0.05,1.0,0.0,0.02,1e-09
22.848068250001234,-1,0.14105461966467314,0.17684461966467313,-0.174298,0.096588,0.14105461966467314,-0.17348661966467313,-0.174298,-0.09323,0.05,1.0,0.0,0.02,1e-09
22.892094797000027,-1,0.14105461966467314,0.17684461966467313,-0.174298,0.096588,0.14105461966467314,-0.17348661966467313,-0.174298,-0.09323,0.05,1.0,0.0,0.02,1e-09
22.952241817001777,-1,0.14105461966467314,0.17684461966467313,-0.174298,0.096588,0.14105461966467314,-0.17348661966467313,-0.174298,-0.09323,0.05,1.0,0.0,0.02,1e-09
22.99255881499994,-1,0.14105461966467314,0.17684461966467313,-0.174298,0.096588,0.14105461966467314,-0.17348661966467313,-0.174298,-0.09323,0.05,1.0,0.0,0.02,1e-09
23.05464855900209,-1,0.14105461966467314,0.17684461966467313,-0.174298,0.096588,0.14105461966467314,-0.17348661966467313,-0.174298,-0.09323,0.05,1.0,0.0,0.02,1e-09
23.094771009000397,-1,0.14105461966467314,0.17684461966467313,-0.174298,0.096588,0.14105461966467314,-0.17348661966467313,-0.174298,-0.09323,0.05,1.0,0.0,0.02,1e-09
23.150964461001422,-1,0.14105461966467314,0.17684461966467313,-0.174298,0.096588,0.14105461966467314,-0.17348661966467313,-0.174298,-0.09323,0.05,1.0,0.0,0.02,1e-09
23.18932290900193,-1,0.14105461966467314,0.17684461966467313,-0.174298,0.096588,0.14105461966467314,-0.17348661966467313,-0.174298,-0.09323,0.05,1.0,0.0,0.02,1e-09
23.241093411001202,-1,0.14105461966467314,0.17684461966467313,-0.174298,0.096588,0.14105461966467314,-0.17348661966467313,-0.174298,-0.09323,0.05,1.0,0.0,0.02,1e-09
23.29820810000092,-1,0.14105461966467314,0.17684461966467313,-0.174298,0.096588,0.14105461966467314,-0.17348661966467313,-0.174298,-0.09323,0.05,1.0,0.0,0.02,1e-09
23.34908546600127,-1,0.14105461966467314,0.17684461966467313,-0.174298,0.096588,0.14105461966467314,-0.17348661966467313,-0.174298,-0.09323,0.05,1.0,0.0,0.02,1e-09
23.394396038002014,-1,0.14105461966467314,0.17684461966467313,-0.174298,0.096588,0.14105461966467314,-0.17348661966467313,-0.174298,-0.09323,0.05,1.0,0.0,0.02,1e-09
23.4406906180011,-1,0.14105461966467314,0.17684461966467313,-0.174298,0.096588,0.14105461966467314,-0.17348661966467313,-0.174298,-0.09323,0.05,1.0,0.0,0.02,1e-09
23.492894536000676,-1,0.14105461966467314,0.17684461966467313,-0.174298,0.096588,0.14105461966467314,-0.17348661966467313,-0.174298,-0.09323,0.05,1.0,0.0,0.02,1e-09
23.54676212599952,-1,0.14105461966467314,0.17684461966467313,-0.174298,0.096588,0.14105461966467314,-0.17348661966467313,-0.174298,-0.09323,0.05,1.0,0.0,0.02,1e-09
23.588398720999976,-1,0.14105461966467314,0.17684461966467313,-0.174298,0.096588,0.14105461966467314,-0.17348661966467313,-0.174298,-0.09323,0.05,1.0,0.0,0.02,1e-09
23.64214885600086,-1,0.14105461966467314,0.17684461966467313,-0.174298,0.096588,0.14105461966467314,-0.17348661966467313,-0.174298,-0.09323,0.05,1.0,0.0,0.02,1e-09
23.69839642000079,-1,0.14105461966467314,0.17684461966467313,-0.174298,0.096588,0.14105461966467314,-0.17348661966467313,-0.174298,-0.09323,0.05,1.0,0.0,0.02,1e-09
23.75464592100252,-1,0.14105461966467314,0.17684461966467313,-0.174298,0.096588,0.14105461966467314,-0.17348661966467313,-0.174298,-0.09323,0.05,1.0,0.0,0.02,1e-09
23.806831555000826,-1,0.14105461966467314,0.17684461966467313,-0.174298,0.096588,0.14105461966467314,-0.17348661966467313,-0.174298,-0.09323,0.05,1.0,0.0,0.02,1e-09
23.839059231999272,-1,0.14105461966467314,0.17684461966467313,-0.174298,0.096588,0.14105461966467314,-0.17348661966467313,-0.174298,-0.09323,0.05,1.0,0.0,0.02,1e-09
23.896826522999618,-1,0.14105461966467314,0.17684461966467313,-0.174298,0.096588,0.14105461966467314,-0.17348661966467313,-0.174298,-0.09323,0.05,1.0,0.0,0.02,1e-09
23.938417273002415,-1,0.14105461966467314,0.17684461966467313,-0.174298,0.096588,0.14105461966467314,-0.17348661966467313,-0.174298,-0.09323,0.05,1.0,0.0,0.02,1e-09
23.994667848000972,-1,0.14105461966467314,0.17684461966467313,-0.174298,0.096588,0.14105461966467314,-0.17348661966467313,-0.174298,-0.09323,0.05,1.0,0.0,0.02,1e-09
24.0589237230015,-1,0.14105461966467314,0.17684461966467313,-0.174298,0.096588,0.14105461966467314,-0.17348661966467313,-0.174298,-0.09323,0.05,1.0,0.0,0.02,1e-09
24.087913183000637,-1,0.14105461966467314,0.17684461966467313,-0.174298,0.096588,0.14105461966467314,-0.17348661966467313,-0.174298,-0.09323,0.05,1.0,0.0,0.02,1e-09
24.14075477300139,-1,0.14105461966467314,0.17684461966467313,-0.174298,0.096588,0.14105461966467314,-0.17348661966467313,-0.174298,-0.09323,0.05,1.0,0.0,0.02,1e-09
24.191452437000407,-1,0.14105461966467314,0.17684461966467313,-0.174298,0.096588,0.14105461966467314,-0.17348661966467313,-0.174298,-0.09323,0.05,1.0,0.0,0.02,1e-09
24.240887463001854,-1,0.14105461966467314,0.17684461966467313,-0.174298,0.096588,0.14105461966467314,-0.17348661966467313,-0.174298,-0.09323,0.05,1.0,0.0,0.02,1e-09
24.28848337400268,-1,0.14105461966467314,0.17684461966467313,-0.174298,0.096588,0.14105461966467314,-0.17348661966467313,-0.174298,-0.09323,0.05,1.0,0.0,0.02,1e-09
24.338288655002543,-1,0.14105461966467314,0.17684461966467313,-0.174298,0.096588,0.14105461966467314,-0.17348661966467313,-0.174298,-0.09323,0.05,1.0,0.0,0.02,1e-09
24.389296600002126,-1,0.14105461966467314,0.17684461966467313,-0.174298,0.096588,0.14105461966467314,-0.17348661966467313,-0.174298,-0.09323,0.05,1.0,0.0,0.02,1e-09
24.447813920000044,-1,0.14105461966467314,0.17684461966467313,-0.174298,0.096588,0.14105461966467314,-0.17348661966467313,-0.174298,-0.09323,0.05,1.0,0.0,0.02,1e-09
24.51022095100052,-1,0.14105461966467314,0.17684461966467313,-0.174298,0.096588,0.14105461966467314,-0.17348661966467313,-0.174298,-0.09323,0.05,1.0,0.0,0.02,1e-09
24.546619602002465,-1,0.14105461966467314,0.17684461966467313,-0.174298,0.096588,0.14105461966467314,-0.17348661966467313,-0.174298,-0.09323,0.05,1.0,0.0,0.02,1e-09
24.59461701300097,-1,0.14105461966467314,0.17684461966467313,-0.174298,0.096588,0.14105461966467314,-0.17348661966467313,-0.174298,-0.09323,0.05,1.0,0.0,0.02,1e-09
24.644449053001154,-1,0.14105461966467314,0.17684461966467313,-0.174298,0.096588,0.14105461966467314,-0.17348661966467313,-0.174298,-0.09323,0.05,1.0,0.0,0.02,1e-09
24.69127368500267,-1,0.14105461966467314,0.17684461966467313,-0.174298,0.096588,0.14105461966467314,-0.17348661966467313,-0.174298,-0.09323,0.05,1.0,0.0,0.02,1e-09
24.744219621999946,-1,0.14105461966467314,0.17684461966467313,-0.174298,0.096588,0.14105461966467314,-0.17348661966467313,-0.174298,-0.09323,0.05,1.0,0.0,0.02,1e-09
24.790653813000972,-1,0.14105461966467314,0.17684461966467313,-0.174298,0.096588,0.14105461966467314,-0.17348661966467313,-0.174298,-0.09323,0.05,1.0,0.0,0.02,1e-09
24.843334029999824,-1,0.14105461966467314,0.17684461966467313,-0.174298,0.096588,0.14105461966467314,-0.17348661966467313,-0.174298,-0.09323,0.05,1.0,0.0,0.02,1e-09
24.8896201259995,-1,0.14105461966467314,0.17684461966467313,-0.174298,0.096588,0.14105461966467314,-0.17348661966467313,-0.174298,-0.09323,0.05,1.0,0.0,0.02,1e-09
24.945488874000148,-1,0.14105461966467314,0.17684461966467313,-0.174298,0.096588,0.14105461966467314,-0.17348661966467313,-0.174298,-0.09323,0.05,1.0,0.0,0.02,1e-09
25.006607786999666,-1,0.14105461966467314,0.17684461966467313,-0.174298,0.096588,0.14105461966467314,-0.17348661966467313,-0.174298,-0.09323,0.05,1.0,0.0,0.02,1e-09
25.062612468002044,-1,0.14105461966467314,0.17684461966467313,-0.174298,0.096588,0.14105461966467314,-0.17348661966467313,-0.174298,-0.09323,0.05,1.0,0.0,0.02,1e-09
25.09243704000255,-1,0.14105461966467314,0.17684461966467313,-0.174298,0.096588,0.14105461966467314,-0.17348661966467313,-0.174298,-0.09323,0.05,1.0,0.0,0.02,1e-09
25.15480335800021,-1,0.14105461966467314,0.17684461966467313,-0.174298,0.096588,0.14105461966467314,-0.17348661966467313,-0.174298,-0.09323,0.05,1.0,0.0,0.02,1e-09
25.202667425000982,-1,0.14105461966467314,0.17684461966467313,-0.174298,0.096588,0.14105461966467314,-0.17348661966467313,-0.174298,-0.09323,0.05,1.0,0.0,0.02,1e-09
25.241929739000625,-1,0.14105461966467314,0.17684461966467313,-0.174298,0.096588,0.14105461966467314,-0.17348661966467313,-0.174298,-0.09323,0.05,1.0,0.0,0.02,1e-09
25.298154033000174,-1,0.14105461966467314,0.17684461966467313,-0.174298,0.096588,0.14105461966467314,-0.17348661966467313,-0.174298,-0.09323,0.05,1.0,0.0,0.02,1e-09
25.341210872000374,-1,0.14105461966467314,0.17684461966467313,-0.174298,0.096588,0.14105461966467314,-0.17348661966467313,-0.174298,-0.09323,0.05,1.0,0.0,0.02,1e-09
25.389824396999757,-1,0.14105461966467314,0.17684461966467313,-0.174298,0.096588,0.14105461966467314,-0.17348661966467313,-0.174298,-0.09323,0.05,1.0,0.0,0.02,1e-09
25.438630624001235,-1,0.14105461966467314,0.17684461966467313,-0.174298,0.096588,0.14105461966467314,-0.17348661966467313,-0.174298,-0.09323,0.05,1.0,0.0,0.02,1e-09
25.487939009999536,-1,0.14105461966467314,0.17684461966467313,-0.174298,0.096588,0.14105461966467314,-0.17348661966467313,-0.174298,-0.09323,0.05,1.0,0.0,0.02,1e-09
25.543273290000798,-1,0.14105461966467314,0.17684461966467313,-0.174298,0.096588,0.14105461966467314,-0.17348661966467313,-0.174298,-0.09323,0.05,1.0,0.0,0.02,1e-09
25.59029414500037,-1,0.14105461966467314,0.17684461966467313,-0.174298,0.096588,0.14105461966467314,-0.17348661966467313,-0.174298,-0.09323,0.05,1.0,0.0,0.02,1e-09
25.640364876002423,-1,0.14105461966467314,0.17684461966467313,-0.174298,0.096588,0.14105461966467314,-0.17348661966467313,-0.174298,-0.09323,0.05,1.0,0.0,0.02,1e-09
25.690254675999313,-1,0.14105461966467314,0.17684461966467313,-0.174298,0.096588,0.14105461966467314,-0.17348661966467313,-0.174298,-0.09323,0.05,1.0,0.0,0.02,1e-09
25.745044867002434,-1,0.14105461966467314,0.17684461966467313,-0.174298,0.096588,0.14105461966467314,-0.17348661966467313,-0.174298,-0.09323,0.05,1.0,0.0,0.02,1e-09
25.789937931000168,-1,0.14105461966467314,0.17684461966467313,-0.174298,0.096588,0.14105461966467314,-0.17348661966467313,-0.174298,-0.09323,0.05,1.0,0.0,0.02,1e-09
25.83828786199956,-1,0.14105461966467314,0.17684461966467313,-0.174298,0.096588,0.14105461966467314,-0.17348661966467313,-0.174298,-0.09323,0.05,1.0,0.0,0.02,1e-09
25.891625774002023,-1,0.14105461966467314,0.17684461966467313,-0.174298,0.096588,0.14105461966467314,-0.17348661966467313,-0.174298,-0.09323,0.05,1.0,0.0,0.02,1e-09
25.94163891900098,-1,0.14105461966467314,0.17684461966467313,-0.174298,0.096588,0.14105461966467314,-0.17348661966467313,-0.174298,-0.09323,0.05,1.0,0.0,0.02,1e-09
25.993058312000358,-1,0.14105461966467314,0.17684461966467313,-0.174298,0.096588,0.14105461966467314,-0.17348661966467313,-0.174298,-0.09323,0.05,1.0,0.0,0.02,1e-09
26.03946987100062,-1,0.14105461966467314,0.17684461966467313,-0.174298,0.096588,0.14105461966467314,-0.17348661966467313,-0.174298,-0.09323,0.05,1.0,0.0,0.02,1e-09
26.094629742001416,-1,0.14105461966467314,0.17684461966467313,-0.174298,0.096588,0.14105461966467314,-0.17348661966467313,-0.174298,-0.09323,0.05,1.0,0.0,0.02,1e-09
26.138090722000925,-1,0.14105461966467314,0.17684461966467313,-0.174298,0.096588,0.14105461966467314,-0.17348661966467313,-0.174298,-0.09323,0.05,1.0,0.0,0.02,1e-09
26.197000672000286,-1,0.14105461966467314,0.17684461966467313,-0.174298,0.096588,0.14105461966467314,-0.17348661966467313,-0.174298,-0.09323,0.05,1.0,0.0,0.02,1e-09
26.240115534001234,-1,0.14105461966467314,0.17684461966467313,-0.174298,0.096588,0.14105461966467314,-0.17348661966467313,-0.174298,-0.09323,0.05,1.0,0.0,0.02,1e-09
26.292699123001512,-1,0.14105461966467314,0.17684461966467313,-0.174298,0.096588,0.14105461966467314,-0.17348661966467313,-0.174298,-0.09323,0.05,1.0,0.0,0.02,1e-09
26.33965772600277,-1,0.14105461966467314,0.17684461966467313,-0.174298,0.096588,0.14105461966467314,-0.17348661966467313,-0.174298,-0.09323,0.05,1.0,0.0,0.02,1e-09
26.40254301800087,-1,0.14105461966467314,0.17684461966467313,-0.174298,0.096588,0.14105461966467314,-0.17348661966467313,-0.174298,-0.09323,0.05,1.0,0.0,0.02,1e-09
26.443327679000504,-1,0.14105461966467314,0.17684461966467313,-0.174298,0.096588,0.14105461966467314,-0.17348661966467313,-0.174298,-0.09323,0.05,1.0,0.0,0.02,1e-09
26.488834796000447,-1,0.14105461966467314,0.17684461966467313,-0.174298,0.096588,0.14105461966467314,-0.17348661966467313,-0.174298,-0.09323,0.05,1.0,0.0,0.02,1e-09
26.541874062000716,-1,0.14105461966467314,0.17684461966467313,-0.174298,0.096588,0.14105461966467314,-0.17348661966467313,-0.174298,-0.09323,0.05,1.0,0.0,0.02,1e-09
26.592636653000227,-1,0.14105461966467314,0.17684461966467313,-0.174298,0.096588,0.14105461966467314,-0.17348661966467313,-0.174298,-0.09323,0.05,1.0,0.0,0.02,1e-09
26.6529412350028,-1,0.14105461966467314,0.17684461966467313,-0.174298,0.096588,0.14105461966467314,-0.17348661966467313,-0.174298,-0.09323,0.05,1.0,0.0,0.02,1e-09
26.68781199300065,-1,0.14105461966467314,0.17684461966467313,-0.174298,0.096588,0.14105461966467314,-0.17348661966467313,-0.174298,-0.09323,0.05,1.0,0.0,0.02,1e-09
26.738752994002425,-1,0.14105461966467314,0.17684461966467313,-0.174298,0.096588,0.14105461966467314,-0.17348661966467313,-0.174298,-0.09323,0.05,1.0,0.0,0.02,1e-09
26.795190460001322,-1,0.14105461966467314,0.17684461966467313,-0.174298,0.096588,0.14105461966467314,-0.17348661966467313,-0.174298,-0.09323,0.05,1.0,0.0,0.02,1e-09
26.84017496100205,-1,0.14105461966467314,0.17684461966467313,-0.174298,0.096588,0.14105461966467314,-0.17348661966467313,-0.174298,-0.09323,0.05,1.0,0.0,0.02,1e-09
26.89899687200159,-1,0.14105461966467314,0.17684461966467313,-0.174298,0.096588,0.14105461966467314,-0.17348661966467313,-0.174298,-0.09323,0.05,1.0,0.0,0.02,1e-09
26.946053499999834,-1,0.14105461966467314,0.17684461966467313,-0.174298,0.096588,0.14105461966467314,-0.17348661966467313,-0.174298,-0.09323,0.05,1.0,0.0,0.02,1e-09
27.006778246002796,-1,0.14105461966467314,0.17684461966467313,-0.174298,0.096588,0.14105461966467314,-0.17348661966467313,-0.174298,-0.09323,0.05,1.0,0.0,0.02,1e-09
27.042687307999586,-1,0.14105461966467314,0.17684461966467313,-0.174298,0.096588,0.14105461966467314,-0.17348661966467313,-0.174298,-0.09323,0.05,1.0,0.0,0.02,1e-09
27.152998343000945,-1,0.14105461966467314,0.17684461966467313,-0.174298,0.096588,0.14105461966467314,-0.17348661966467313,-0.174298,-0.09323,0.05,1.0,0.0,0.02,1e-09
27.161756849000085,-1,0.14105461966467314,0.17684461966467313,-0.174298,0.096588,0.14105461966467314,-0.17348661966467313,-0.174298,-0.09323,0.05,1.0,0.0,0.02,1e-09
27.198251866000646,-1,0.14105461966467314,0.17684461966467313,-0.174298,0.096588,0.14105461966467314,-0.17348661966467313,-0.174298,-0.09323,0.05,1.0,0.0,0.02,1e-09
27.2542774249996,-1,0.14105461966467314,0.17684461966467313,-0.174298,0.096588,0.14105461966467314,-0.17348661966467313,-0.174298,-0.09323,0.05,1.0,0.0,0.02,1e-09
27.295637194001756,-1,0.14105461966467314,0.17684461966467313,-0.174298,0.096588,0.14105461966467314,-0.17348661966467313,-0.174298,-0.09323,0.05,1.0,0.0,0.02,1e-09
27.343650425002124,-1,0.14105461966467314,0.17684461966467313,-0.174298,0.096588,0.14105461966467314,-0.17348661966467313,-0.174298,-0.09323,0.05,1.0,0.0,0.02,1e-09
27.39252239900088,-1,0.14105461966467314,0.17684461966467313,-0.174298,0.096588,0.14105461966467314,-0.17348661966467313,-0.174298,-0.09323,0.05,1.0,0.0,0.02,1e-09
27.444190222002362,-1,0.14105461966467314,0.17684461966467313,-0.174298,0.096588,0.14105461966467314,-0.17348661966467313,-0.174298,-0.09323,0.05,1.0,0.0,0.02,1e-09
27.493162651000603,-1,0.14105461966467314,0.17684461966467313,-0.174298,0.096588,0.14105461966467314,-0.17348661966467313,-0.174298,-0.09323,0.05,1.0,0.0,0.02,1e-09
27.541112233000604,-1,0.14105461966467314,0.17684461966467313,-0.174298,0.096588,0.14105461966467314,-0.17348661966467313,-0.174298,-0.09323,0.05,1.0,0.0,0.02,1e-09
27.596059856001375,-1,0.14105461966467314,0.17684461966467313,-0.174298,0.096588,0.14105461966467314,-0.17348661966467313,-0.174298,-0.09323,0.05,1.0,0.0,0.02,1e-09
27.661487401001068,-1,0.14105461966467314,0.17684461966467313,-0.174298,0.096588,0.14105461966467314,-0.17348661966467313,-0.174298,-0.09323,0.05,1.0,0.0,0.02,1e-09
27.69090532500195,-1,0.14105461966467314,0.17684461966467313,-0.174298,0.096588,0.14105461966467314,-0.17348661966467313,-0.174298,-0.09323,0.05,1.0,0.0,0.02,1e-09
27.7423117670005,-1,0.14105461966467314,0.17684461966467313,-0.174298,0.096588,0.14105461966467314,-0.17348661966467313,-0.174298,-0.09323,0.05,1.0,0.0,0.02,1e-09
27.79132865200154,-1,0.14105461966467314,0.17684461966467313,-0.174298,0.096588,0.14105461966467314,-0.17348661966467313,-0.174298,-0.09323,0.05,1.0,0.0,0.02,1e-09
27.842270012999506,-1,0.14105461966467314,0.17684461966467313,-0.174298,0.096588,0.14105461966467314,-0.17348661966467313,-0.174298,-0.09323,0.05,1.0,0.0,0.02,1e-09
27.890898797999398,-1,0.14105461966467314,0.17684461966467313,-0.174298,0.096588,0.14105461966467314,-0.17348661966467313,-0.174298,-0.09323,0.05,1.0,0.0,0.02,1e-09
27.944776462001755,-1,0.14105461966467314,0.17684461966467313,-0.174298,0.096588,0.14105461966467314,-0.17348661966467313,-0.174298,-0.09323,0.05,1.0,0.0,0.02,1e-09
27.992152992999763,-1,0.14105461966467314,0.17684461966467313,-0.174298,0.096588,0.14105461966467314,-0.17348661966467313,-0.174298,-0.09323,0.05,1.0,0.0,0.02,1e-09
28.04202219000217,-1,0.14105461966467314,0.17684461966467313,-0.174298,0.096588,0.14105461966467314,-0.17348661966467313,-0.174298,-0.09323,0.05,1.0,0.0,0.02,1e-09
28.100008408000576,-1,0.14105461966467314,0.17684461966467313,-0.174298,0.096588,0.14105461966467314,-0.17348661966467313,-0.174298,-0.09323,0.05,1.0,0.0,0.02,1e-09
28.141725363999285,-1,0.14105461966467314,0.17684461966467313,-0.174298,0.096588,0.14105461966467314,-0.17348661966467313,-0.174298,-0.09323,0.05,1.0,0.0,0.02,1e-09
28.200138463002077,-1,0.14105461966467314,0.17684461966467313,-0.174298,0.096588,0.14105461966467314,-0.17348661966467313,-0.174298,-0.09323,0.05,1.0,0.0,0.02,1e-09
28.245934488000785,-1,0.14105461966467314,0.17684461966467313,-0.174298,0.096588,0.14105461966467314,-0.17348661966467313,-0.174298,-0.09323,0.05,1.0,0.0,0.02,1e-09
28.29496554400248,-1,0.14105461966467314,0.17684461966467313,-0.174298,0.096588,0.14105461966467314,-0.17348661966467313,-0.174298,-0.09323,0.05,1.0,0.0,0.02,1e-09
28.342562349000218,-1,0.14105461966467314,0.17684461966467313,-0.174298,0.096588,0.14105461966467314,-0.17348661966467313,-0.174298,-0.09323,0.05,1.0,0.0,0.02,1e-09
28.390305764001823,-1,0.14105461966467314,0.17684461966467313,-0.174298,0.096588,0.14105461966467314,-0.17348661966467313,-0.174298,-0.09323,0.05,1.0,0.0,0.02,1e-09
28.440888470002392,-1,0.14105461966467314,0.17684461966467313,-0.174298,0.096588,0.14105461966467314,-0.17348661966467313,-0.174298,-0.09323,0.05,1.0,0.0,0.02,1e-09
28.490146821000963,-1,0.14105461966467314,0.17684461966467313,-0.174298,0.096588,0.14105461966467314,-0.17348661966467313,-0.174298,-0.09323,0.05,1.0,0.0,0.02,1e-09
28.541641137002443,-1,0.14105461966467314,0.17684461966467313,-0.174298,0.096588,0.14105461966467314,-0.17348661966467313,-0.174298,-0.09323,0.05,1.0,0.0,0.02,1e-09
28.59011319199999,-1,0.14105461966467314,0.17684461966467313,-0.174298,0.096588,0.14105461966467314,-0.17348661966467313,-0.174298,-0.09323,0.05,1.0,0.0,0.02,1e-09
28.640598661000695,-1,0.14105461966467314,0.17684461966467313,-0.174298,0.096588,0.14105461966467314,-0.17348661966467313,-0.174298,-0.09323,0.05,1.0,0.0,0.02,1e-09
28.696897008001542,-1,0.14105461966467314,0.17684461966467313,-0.174298,0.096588,0.14105461966467314,-0.17348661966467313,-0.174298,-0.09323,0.05,1.0,0.0,0.02,1e-09
28.749209346002317,-1,0.14105461966467314,0.17684461966467313,-0.174298,0.096588,0.14105461966467314,-0.17348661966467313,-0.174298,-0.09323,0.05,1.0,0.0,0.02,1e-09
28.788932274001127,-1,0.14105461966467314,0.17684461966467313,-0.174298,0.096588,0.14105461966467314,-0.17348661966467313,-0.174298,-0.09323,0.05,1.0,0.0,0.02,1e-09
28.84291937799935,-1,0.14105461966467314,0.17684461966467313,-0.174298,0.096588,0.14105461966467314,-0.17348661966467313,-0.174298,-0.09323,0.05,1.0,0.0,0.02,1e-09
28.89024229000279,-1,0.14105461966467314,0.17684461966467313,-0.174298,0.096588,0.14105461966467314,-0.17348661966467313,-0.174298,-0.09323,0.05,1.0,0.0,0.02,1e-09
28.941240877000382,-1,0.14105461966467314,0.17684461966467313,-0.174298,0.096588,0.14105461966467314,-0.17348661966467313,-0.174298,-0.09323,0.05,1.0,0.0,0.02,1e-09
28.994503272002476,-1,0.14105461966467314,0.17684461966467313,-0.174298,0.096588,0.14105461966467314,-0.17348661966467313,-0.174298,-0.09323,0.05,1.0,0.0,0.02,1e-09
29.03962486599994,-1,0.14105461966467314,0.17684461966467313,-0.174298,0.096588,0.14105461966467314,-0.17348661966467313,-0.174298,-0.09323,0.05,1.0,0.0,0.02,1e-09
29.098969683000178,-1,0.14105461966467314,0.17684461966467313,-0.174298,0.096588,0.14105461966467314,-0.17348661966467313,-0.174298,-0.09323,0.05,1.0,0.0,0.02,1e-09
29.14079985600256,-1,0.14105461966467314,0.17684461966467313,-0.174298,0.096588,0.14105461966467314,-0.17348661966467313,-0.174298,-0.09323,0.05,1.0,0.0,0.02,1e-09
29.200500413000555,-1,0.14105461966467314,0.17684461966467313,-0.174298,0.096588,0.14105461966467314,-0.17348661966467313,-0.174298,-0.09323,0.05,1.0,0.0,0.02,1e-09
29.24486537100165,-1,0.14105461966467314,0.17684461966467313,-0.174298,0.096588,0.14105461966467314,-0.17348661966467313,-0.174298,-0.09323,0.05,1.0,0.0,0.02,1e-09
29.294813119002356,-1,0.14105461966467314,0.17684461966467313,-0.174298,0.096588,0.14105461966467314,-0.17348661966467313,-0.174298,-0.09323,0.05,1.0,0.0,0.02,1e-09
29.341506650001975,-1,0.14105461966467314,0.17684461966467313,-0.174298,0.096588,0.14105461966467314,-0.17348661966467313,-0.174298,-0.09323,0.05,1.0,0.0,0.02,1e-09
29.39163433900103,-1,0.14105461966467314,0.17684461966467313,-0.174298,0.096588,0.14105461966467314,-0.17348661966467313,-0.174298,-0.09323,0.05,1.0,0.0,0.02,1e-09
29.443182873001206,-1,0.14105461966467314,0.17684461966467313,-0.174298,0.096588,0.14105461966467314,-0.17348661966467313,-0.174298,-0.09323,0.05,1.0,0.0,0.02,1e-09
29.494477619002282,-1,0.14105461966467314,0.17684461966467313,-0.174298,0.096588,0.14105461966467314,-0.17348661966467313,-0.174298,-0.09323,0.05,1.0,0.0,0.02,1e-09
29.540024813002674,-1,0.14105461966467314,0.17684461966467313,-0.174298,0.096588,0.14105461966467314,-0.17348661966467313,-0.174298,-0.09323,0.05,1.0,0.0,0.02,1e-09
29.592339126000297,-1,0.14105461966467314,0.17684461966467313,-0.174298,0.096588,0.14105461966467314,-0.17348661966467313,-0.174298,-0.09323,0.05,1.0,0.0,0.02,1e-09
29.643589745999634,-1,0.14105461966467314,0.17684461966467313,-0.174298,0.096588,0.14105461966467314,-0.17348661966467313,-0.174298,-0.09323,0.05,1.0,0.0,0.02,1e-09
29.691197636999277,-1,0.14105461966467314,0.17684461966467313,-0.174298,0.096588,0.14105461966467314,-0.17348661966467313,-0.174298,-0.09323,0.05,1.0,0.0,0.02,1e-09
29.74519669000074,-1,0.14105461966467314,0.17684461966467313,-0.174298,0.096588,0.14105461966467314,-0.17348661966467313,-0.174298,-0.09323,0.05,1.0,0.0,0.02,1e-09
29.796468155000184,-1,0.14105461966467314,0.17684461966467313,-0.174298,0.096588,0.14105461966467314,-0.17348661966467313,-0.174298,-0.09323,0.05,1.0,0.0,0.02,1e-09
29.844235570999444,-1,0.14105461966467314,0.17684461966467313,-0.174298,0.096588,0.14105461966467314,-0.17348661966467313,-0.174298,-0.09323,0.05,1.0,0.0,0.02,1e-09
29.88789810000162,-1,0.14105461966467314,0.17684461966467313,-0.174298,0.096588,0.14105461966467314,-0.17348661966467313,-0.174298,-0.09323,0.05,1.0,0.0,0.02,1e-09
29.950932627001748,-1,0.14105461966467314,0.17684461966467313,-0.174298,0.096588,0.14105461966467314,-0.17348661966467313,-0.174298,-0.09323,0.05,1.0,0.0,0.02,1e-09
29.99638355299976,-1,0.14105461966467314,0.17684461966467313,-0.174298,0.096588,0.14105461966467314,-0.17348661966467313,-0.174298,-0.09323,0.05,1.0,0.0,0.02,1e-09
30.04819675500039,-1,0.14105461966467314,0.17684461966467313,-0.174298,0.096588,0.14105461966467314,-0.17348661966467313,-0.174298,-0.09323,0.05,1.0,0.0,0.02,1e-09
30.105266170001414,-1,0.14105461966467314,0.17684461966467313,-0.174298,0.096588,0.14105461966467314,-0.17348661966467313,-0.174298,-0.09323,0.05,1.0,0.0,0.02,1e-09
30.146337590002076,-1,0.14105461966467314,0.17684461966467313,-0.174298,0.096588,0.14105461966467314,-0.17348661966467313,-0.174298,-0.09323,0.05,1.0,0.0,0.02,1e-09
30.190789177002443,-1,0.14105461966467314,0.17684461966467313,-0.174298,0.096588,0.14105461966467314,-0.17348661966467313,-0.174298,-0.09323,0.05,1.0,0.0,0.02,1e-09
30.24137083700043,-1,0.14105461966467314,0.17684461966467313,-0.174298,0.096588,0.14105461966467314,-0.17348661966467313,-0.174298,-0.09323,0.05,1.0,0.0,0.02,1e-09
30.304980616001558,-1,0.14105461966467314,0.17684461966467313,-0.174298,0.096588,0.14105461966467314,-0.17348661966467313,-0.174298,-0.09323,0.05,1.0,0.0,0.02,1e-09
30.33904619200257,-1,0.14105461966467314,0.17684461966467313,-0.174298,0.096588,0.14105461966467314,-0.17348661966467313,-0.174298,-0.09323,0.05,1.0,0.0,0.02,1e-09
30.397159678999742,-1,0.14105461966467314,0.17684461966467313,-0.174298,0.096588,0.14105461966467314,-0.17348661966467313,-0.174298,-0.09323,0.05,1.0,0.0,0.02,1e-09
30.446468961999926,-1,0.14105461966467314,0.17684461966467313,-0.174298,0.096588,0.14105461966467314,-0.17348661966467313,-0.174298,-0.09323,0.05,1.0,0.0,0.02,1e-09
30.490534029002447,-1,0.14105461966467314,0.17684461966467313,-0.174298,0.096588,0.14105461966467314,-0.17348661966467313,-0.174298,-0.09323,0.05,1.0,0.0,0.02,1e-09
30.542562604001432,-1,0.14105461966467314,0.17684461966467313,-0.174298,0.096588,0.14105461966467314,-0.17348661966467313,-0.174298,-0.09323,0.05,1.0,0.0,0.02,1e-09
30.598483818001114,-1,0.14105461966467314,0.17684461966467313,-0.174298,0.096588,0.14105461966467314,-0.17348661966467313,-0.174298,-0.09323,0.05,1.0,0.0,0.02,1e-09
30.64411147500141,-1,0.14105461966467314,0.17684461966467313,-0.174298,0.096588,0.14105461966467314,-0.17348661966467313,-0.174298,-0.09323,0.05,1.0,0.0,0.02,1e-09
30.693228260002797,-1,0.14105461966467314,0.17684461966467313,-0.174298,0.096588,0.14105461966467314,-0.17348661966467313,-0.174298,-0.09323,0.05,1.0,0.0,0.02,1e-09
30.741456480001943,-1,0.14105461966467314,0.17684461966467313,-0.174298,0.096588,0.14105461966467314,-0.17348661966467313,-0.174298,-0.09323,0.05,1.0,0.0,0.02,1e-09
30.798661888002243,-1,0.14105461966467314,0.17684461966467313,-0.174298,0.096588,0.14105461966467314,-0.17348661966467313,-0.174298,-0.09323,0.05,1.0,0.0,0.02,1e-09
30.843122689002485,-1,0.14105461966467314,0.17684461966467313,-0.174298,0.096588,0.14105461966467314,-0.17348661966467313,-0.174298,-0.09323,0.05,1.0,0.0,0.02,1e-09
30.8997834719994,-1,0.14105461966467314,0.17684461966467313,-0.174298,0.096588,0.14105461966467314,-0.17348661966467313,-0.174298,-0.09323,0.05,1.0,0.0,0.02,1e-09
30.94910854400223,-1,0.14105461966467314,0.17684461966467313,-0.174298,0.096588,0.14105461966467314,-0.17348661966467313,-0.174298,-0.09323,0.05,1.0,0.0,0.02,1e-09
30.995651714001724,-1,0.14105461966467314,0.17684461966467313,-0.174298,0.096588,0.14105461966467314,-0.17348661966467313,-0.174298,-0.09323,0.05,1.0,0.0,0.02,1e-09
31.046589606001362,-1,0.14105461966467314,0.17684461966467313,-0.174298,0.096588,0.14105461966467314,-0.17348661966467313,-0.174298,-0.09323,0.05,1.0,0.0,0.02,1e-09
31.098726734002412,-1,0.14105461966467314,0.17684461966467313,-0.174298,0.096588,0.14105461966467314,-0.17348661966467313,-0.174298,-0.09323,0.05,1.0,0.0,0.02,1e-09
31.14855823400285,-1,0.14105461966467314,0.17684461966467313,-0.174298,0.096588,0.14105461966467314,-0.17348661966467313,-0.174298,-0.09323,0.05,1.0,0.0,0.02,1e-09
31.198575640002673,-1,0.14105461966467314,0.17684461966467313,-0.174298,0.096588,0.14105461966467314,-0.17348661966467313,-0.174298,-0.09323,0.05,1.0,0.0,0.02,1e-09
31.240812710999307,-1,0.14105461966467314,0.17684461966467313,-0.174298,0.096588,0.14105461966467314,-0.17348661966467313,-0.174298,-0.09323,0.05,1.0,0.0,0.02,1e-09
31.298944206999295,-1,0.14105461966467314,0.17684461966467313,-0.174298,0.096588,0.14105461966467314,-0.17348661966467313,-0.174298,-0.09323,0.05,1.0,0.0,0.02,1e-09
31.3384973980028,-1,0.14105461966467314,0.17684461966467313,-0.174298,0.096588,0.14105461966467314,-0.17348661966467313,-0.174298,-0.09323,0.05,1.0,0.0,0.02,1e-09
31.3902254320019,-1,0.14105461966467314,0.17684461966467313,-0.174298,0.096588,0.14105461966467314,-0.17348661966467313,-0.174298,-0.09323,0.05,1.0,0.0,0.02,1e-09
31.450503315001697,-1,0.14105461966467314,0.17684461966467313,-0.174298,0.096588,0.14105461966467314,-0.17348661966467313,-0.174298,-0.09323,0.05,1.0,0.0,0.02,1e-09
31.494706751000194,-1,0.14105461966467314,0.17684461966467313,-0.174298,0.096588,0.14105461966467314,-0.17348661966467313,-0.174298,-0.09323,0.05,1.0,0.0,0.02,1e-09
31.54773850300262,-1,0.14105461966467314,0.17684461966467313,-0.174298,0.096588,0.14105461966467314,-0.17348661966467313,-0.174298,-0.09323,0.05,1.0,0.0,0.02,1e-09
31.598752951002098,-1,0.14105461966467314,0.17684461966467313,-0.174298,0.096588,0.14105461966467314,-0.17348661966467313,-0.174298,-0.09323,0.05,1.0,0.0,0.02,1e-09
31.644105979001324,-1,0.14105461966467314,0.17684461966467313,-0.174298,0.096588,0.14105461966467314,-0.17348661966467313,-0.174298,-0.09323,0.05,1.0,0.0,0.02,1e-09
31.689381332002085,-1,0.14105461966467314,0.17684461966467313,-0.174298,0.096588,0.14105461966467314,-0.17348661966467313,-0.174298,-0.09323,0.05,1.0,0.0,0.02,1e-09
31.739754057001846,-1,0.14105461966467314,0.17684461966467313,-0.174298,0.096588,0.14105461966467314,-0.17348661966467313,-0.174298,-0.09323,0.05,1.0,0.0,0.02,1e-09
31.80166507100148,-1,0.14105461966467314,0.17684461966467313,-0.174298,0.096588,0.14105461966467314,-0.17348661966467313,-0.174298,-0.09323,0.05,1.0,0.0,0.02,1e-09
31.841375848001917,-1,0.14105461966467314,0.17684461966467313,-0.174298,0.096588,0.14105461966467314,-0.17348661966467313,-0.174298,-0.09323,0.05,1.0,0.0,0.02,1e-09
31.894613406002463,-1,0.14105461966467314,0.17684461966467313,-0.174298,0.096588,0.14105461966467314,-0.17348661966467313,-0.174298,-0.09323,0.05,1.0,0.0,0.02,1e-09
31.943697933002113,-1,0.14105461966467314,0.17684461966467313,-0.174298,0.096588,0.14105461966467314,-0.17348661966467313,-0.174298,-0.09323,0.05,1.0,0.0,0.02,1e-09
32.002638273999764,-1,0.14105461966467314,0.17684461966467313,-0.174298,0.096588,0.14105461966467314,-0.17348661966467313,-0.174298,-0.09323,0.05,1.0,0.0,0.02,1e-09
32.0470606150011,-1,0.14105461966467314,0.17684461966467313,-0.174298,0.096588,0.14105461966467314,-0.17348661966467313,-0.174298,-0.09323,0.05,1.0,0.0,0.02,1e-09
32.10885449700072,-1,0.14105461966467314,0.17684461966467313,-0.174298,0.096588,0.14105461966467314,-0.17348661966467313,-0.174298,-0.09323,0.05,1.0,0.0,0.02,1e-09
32.13961489800204,-1,0.14105461966467314,0.17684461966467313,-0.174298,0.096588,0.14105461966467314,-0.17348661966467313,-0.174298,-0.09323,0.05,1.0,0.0,0.02,1e-09
32.19472309300181,-1,0.14105461966467314,0.17684461966467313,-0.174298,0.096588,0.14105461966467314,-0.17348661966467313,-0.174298,-0.09323,0.05,1.0,0.0,0.02,1e-09
32.240881975001685,-1,0.14105461966467314,0.17684461966467313,-0.174298,0.096588,0.14105461966467314,-0.17348661966467313,-0.174298,-0.09323,0.05,1.0,0.0,0.02,1e-09
32.288752953001676,-1,0.14105461966467314,0.17684461966467313,-0.174298,0.096588,0.14105461966467314,-0.17348661966467313,-0.174298,-0.09323,0.05,1.0,0.0,0.02,1e-09
32.337442470001406,-1,0.14105461966467314,0.17684461966467313,-0.174298,0.096588,0.14105461966467314,-0.17348661966467313,-0.174298,-0.09323,0.05,1.0,0.0,0.02,1e-09
32.39227632600159,-1,0.14105461966467314,0.17684461966467313,-0.174298,0.096588,0.14105461966467314,-0.17348661966467313,-0.174298,-0.09323,0.05,1.0,0.0,0.02,1e-09
32.523333648001426,-1,0.14105461966467314,0.17684461966467313,-0.174298,0.096588,0.14105461966467314,-0.17348661966467313,-0.174298,-0.09323,0.05,1.0,0.0,0.02,1e-09
32.53288108700144,-1,0.14105461966467314,0.17684461966467313,-0.174298,0.096588,0.14105461966467314,-0.17348661966467313,-0.174298,-0.09323,0.05,1.0,0.0,0.02,1e-09
32.547466500000155,-1,0.14105461966467314,0.17684461966467313,-0.174298,0.096588,0.14105461966467314,-0.17348661966467313,-0.174298,-0.09323,0.05,1.0,0.0,0.02,1e-09
32.60081100000025,-1,0.14105461966467314,0.17684461966467313,-0.174298,0.096588,0.14105461966467314,-0.17348661966467313,-0.174298,-0.09323,0.05,1.0,0.0,0.02,1e-09
32.642286078000325,-1,0.14105461966467314,0.17684461966467313,-0.174298,0.096588,0.14105461966467314,-0.17348661966467313,-0.174298,-0.09323,0.05,1.0,0.0,0.02,1e-09
32.6952222300024,-1,0.14105461966467314,0.17684461966467313,-0.174298,0.096588,0.14105461966467314,-0.17348661966467313,-0.174298,-0.09323,0.05,1.0,0.0,0.02,1e-09
32.743347816001915,-1,0.14105461966467314,0.17684461966467313,-0.174298,0.096588,0.14105461966467314,-0.17348661966467313,-0.174298,-0.09323,0.05,1.0,0.0,0.02,1e-09
32.789100699999835,-1,0.14105461966467314,0.17684461966467313,-0.174298,0.096588,0.14105461966467314,-0.17348661966467313,-0.174298,-0.09323,0.05,1.0,0.0,0.02,1e-09
32.851775382001506,-1,0.14105461966467314,0.17684461966467313,-0.174298,0.096588,0.14105461966467314,-0.17348661966467313,-0.174298,-0.09323,0.05,1.0,0.0,0.02,1e-09
32.890769964000356,-1,0.14105461966467314,0.17684461966467313,-0.174298,0.096588,0.14105461966467314,-0.17348661966467313,-0.174298,-0.09323,0.05,1.0,0.0,0.02,1e-09
32.93818150700099,-1,0.14105461966467314,0.17684461966467313,-0.174298,0.096588,0.14105461966467314,-0.17348661966467313,-0.174298,-0.09323,0.05,1.0,0.0,0.02,1e-09
32.99303891800082,-1,0.14105461966467314,0.17684461966467313,-0.174298,0.096588,0.14105461966467314,-0.17348661966467313,-0.174298,-0.09323,0.05,1.0,0.0,0.02,1e-09
33.04377780700088,-1,0.14105461966467314,0.17684461966467313,-0.174298,0.096588,0.14105461966467314,-0.17348661966467313,-0.174298,-0.09323,0.05,1.0,0.0,0.02,1e-09
33.092693916001735,-1,0.14105461966467314,0.17684461966467313,-0.174298,0.096588,0.14105461966467314,-0.17348661966467313,-0.174298,-0.09323,0.05,1.0,0.0,0.02,1e-09
33.14268415300103,-1,0.14105461966467314,0.17684461966467313,-0.174298,0.096588,0.14105461966467314,-0.17348661966467313,-0.174298,-0.09323,0.05,1.0,0.0,0.02,1e-09
33.19511059200158,-1,0.14105461966467314,0.17684461966467313,-0.174298,0.096588,0.14105461966467314,-0.17348661966467313,-0.174298,-0.09323,0.05,1.0,0.0,0.02,1e-09
33.24213126900213,-1,0.14105461966467314,0.17684461966467313,-0.174298,0.096588,0.14105461966467314,-0.17348661966467313,-0.174298,-0.09323,0.05,1.0,0.0,0.02,1e-09
33.29500663500221,-1,0.14105461966467314,0.17684461966467313,-0.174298,0.096588,0.14105461966467314,-0.17348661966467313,-0.174298,-0.09323,0.05,1.0,0.0,0.02,1e-09
33.342239331999735,-1,0.14105461966467314,0.17684461966467313,-0.174298,0.096588,0.14105461966467314,-0.17348661966467313,-0.174298,-0.09323,0.05,1.0,0.0,0.02,1e-09
33.39579369000057,-1,0.14105461966467314,0.17684461966467313,-0.174298,0.096588,0.14105461966467314,-0.17348661966467313,-0.174298,-0.09323,0.05,1.0,0.0,0.02,1e-09
33.444447231002414,-1,0.14105461966467314,0.17684461966467313,-0.174298,0.096588,0.14105461966467314,-0.17348661966467313,-0.174298,-0.09323,0.05,1.0,0.0,0.02,1e-09
33.49027794200083,-1,0.14105461966467314,0.17684461966467313,-0.174298,0.096588,0.14105461966467314,-0.17348661966467313,-0.174298,-0.09323,0.05,1.0,0.0,0.02,1e-09
33.544106623001426,-1,0.14105461966467314,0.17684461966467313,-0.174298,0.096588,0.14105461966467314,-0.17348661966467313,-0.174298,-0.09323,0.05,1.0,0.0,0.02,1e-09
33.5954342469995,-1,0.14105461966467314,0.17684461966467313,-0.174298,0.096588,0.14105461966467314,-0.17348661966467313,-0.174298,-0.09323,0.05,1.0,0.0,0.02,1e-09
33.6463146290007,-1,0.14105461966467314,0.17684461966467313,-0.174298,0.096588,0.14105461966467314,-0.17348661966467313,-0.174298,-0.09323,0.05,1.0,0.0,0.02,1e-09
33.69250195300265,-1,0.14105461966467314,0.17684461966467313,-0.174298,0.096588,0.14105461966467314,-0.17348661966467313,-0.174298,-0.09323,0.05,1.0,0.0,0.02,1e-09
33.74657601400031,-1,0.14105461966467314,0.17684461966467313,-0.174298,0.096588,0.14105461966467314,-0.17348661966467313,-0.174298,-0.09323,0.05,1.0,0.0,0.02,1e-09
33.80673683799978,-1,0.14105461966467314,0.17684461966467313,-0.174298,0.096588,0.14105461966467314,-0.17348661966467313,-0.174298,-0.09323,0.05,1.0,0.0,0.02,1e-09
33.8391882169999,-1,0.14105461966467314,0.17684461966467313,-0.174298,0.096588,0.14105461966467314,-0.17348661966467313,-0.174298,-0.09323,0.05,1.0,0.0,0.02,1e-09
33.89859856000112,-1,0.14105461966467314,0.17684461966467313,-0.174298,0.096588,0.14105461966467314,-0.17348661966467313,-0.174298,-0.09323,0.05,1.0,0.0,0.02,1e-09
33.953442026999255,-1,0.14105461966467314,0.17684461966467313,-0.174298,0.096588,0.14105461966467314,-0.17348661966467313,-0.174298,-0.09323,0.05,1.0,0.0,0.02,1e-09
33.99275871999998,-1,0.14105461966467314,0.17684461966467313,-0.174298,0.096588,0.14105461966467314,-0.17348661966467313,-0.174298,-0.09323,0.05,1.0,0.0,0.02,1e-09
34.057442084002105,-1,0.14105461966467314,0.17684461966467313,-0.174298,0.096588,0.14105461966467314,-0.17348661966467313,-0.174298,-0.09323,0.05,1.0,0.0,0.02,1e-09
34.09035603300072,-1,0.14105461966467314,0.17684461966467313,-0.174298,0.096588,0.14105461966467314,-0.17348661966467313,-0.174298,-0.09323,0.05,1.0,0.0,0.02,1e-09
34.13943228700009,-1,0.14105461966467314,0.17684461966467313,-0.174298,0.096588,0.14105461966467314,-0.17348661966467313,-0.174298,-0.09323,0.05,1.0,0.0,0.02,1e-09
34.194177606001176,-1,0.14105461966467314,0.17684461966467313,-0.174298,0.096588,0.14105461966467314,-0.17348661966467313,-0.174298,-0.09323,0.05,1.0,0.0,0.02,1e-09
34.24265455500063,-1,0.14105461966467314,0.17684461966467313,-0.174298,0.096588,0.14105461966467314,-0.17348661966467313,-0.174298,-0.09323,0.05,1.0,0.0,0.02,1e-09
34.2903225250011,-1,0.14105461966467314,0.17684461966467313,-0.174298,0.096588,0.14105461966467314,-0.17348661966467313,-0.174298,-0.09323,0.05,1.0,0.0,0.02,1e-09
34.342533227001695,-1,0.14105461966467314,0.17684461966467313,-0.174298,0.096588,0.14105461966467314,-0.17348661966467313,-0.174298,-0.09323,0.05,1.0,0.0,0.02,1e-09
34.397984106002696,-1,0.14105461966467314,0.17684461966467313,-0.174298,0.096588,0.14105461966467314,-0.17348661966467313,-0.174298,-0.09323,0.05,1.0,0.0,0.02,1e-09
34.451385583000956,-1,0.14105461966467314,0.17684461966467313,-0.174298,0.096588,0.14105461966467314,-0.17348661966467313,-0.174298,-0.09323,0.05,1.0,0.0,0.02,1e-09
34.49428906899993,-1,0.14105461966467314,0.17684461966467313,-0.174298,0.096588,0.14105461966467314,-0.17348661966467313,-0.174298,-0.09323,0.05,1.0,0.0,0.02,1e-09
34.55075782399945,-1,0.14105461966467314,0.17684461966467313,-0.174298,0.096588,0.14105461966467314,-0.17348661966467313,-0.174298,-0.09323,0.05,1.0,0.0,0.02,1e-09
34.5965703840011,-1,0.14105461966467314,0.17684461966467313,-0.174298,0.096588,0.14105461966467314,-0.17348661966467313,-0.174298,-0.09323,0.05,1.0,0.0,0.02,1e-09
34.643763105999824,-1,0.14105461966467314,0.17684461966467313,-0.174298,0.096588,0.14105461966467314,-0.17348661966467313,-0.174298,-0.09323,0.05,1.0,0.0,0.02,1e-09
34.69388508799966,-1,0.14105461966467314,0.17684461966467313,-0.174298,0.096588,0.14105461966467314,-0.17348661966467313,-0.174298,-0.09323,0.05,1.0,0.0,0.02,1e-09
34.74440085900278,-1,0.14105461966467314,0.17684461966467313,-0.174298,0.096588,0.14105461966467314,-0.17348661966467313,-0.174298,-0.09323,0.05,1.0,0.0,0.02,1e-09
34.789653768999415,-1,0.14105461966467314,0.17684461966467313,-0.174298,0.096588,0.14105461966467314,-0.17348661966467313,-0.174298,-0.09323,0.05,1.0,0.0,0.02,1e-09
34.842307843002345,-1,0.14105461966467314,0.17684461966467313,-0.174298,0.096588,0.14105461966467314,-0.17348661966467313,-0.174298,-0.09323,0.05,1.0,0.0,0.02,1e-09
34.89241930100252,-1,0.14105461966467314,0.17684461966467313,-0.174298,0.096588,0.14105461966467314,-0.17348661966467313,-0.174298,-0.09323,0.05,1.0,0.0,0.02,1e-09
34.94279145300243,-1,0.14105461966467314,0.17684461966467313,-0.174298,0.096588,0.14105461966467314,-0.17348661966467313,-0.174298,-0.09323,0.05,1.0,0.0,0.02,1e-09
35.00118158400073,-1,0.14105461966467314,0.17684461966467313,-0.174298,0.096588,0.14105461966467314,-0.17348661966467313,-0.174298,-0.09323,0.05,1.0,0.0,0.02,1e-09
35.04261998199945,-1,0.14105461966467314,0.17684461966467313,-0.174298,0.096588,0.14105461966467314,-0.17348661966467313,-0.174298,-0.09323,0.05,1.0,0.0,0.02,1e-09
35.08889535799972,-1,0.14105461966467314,0.17684461966467313,-0.174298,0.096588,0.14105461966467314,-0.17348661966467313,-0.174298,-0.09323,0.05,1.0,0.0,0.02,1e-09
35.147093146999396,-1,0.14105461966467314,0.17684461966467313,-0.174298,0.096588,0.14105461966467314,-0.17348661966467313,-0.174298,-0.09323,0.05,1.0,0.0,0.02,1e-09
35.19473290799942,-1,0.14105461966467314,0.17684461966467313,-0.174298,0.096588,0.14105461966467314,-0.17348661966467313,-0.174298,-0.09323,0.05,1.0,0.0,0.02,1e-09
35.242856278000545,-1,0.14105461966467314,0.17684461966467313,-0.174298,0.096588,0.14105461966467314,-0.17348661966467313,-0.174298,-0.09323,0.05,1.0,0.0,0.02,1e-09
35.295065812002576,-1,0.14105461966467314,0.17684461966467313,-0.174298,0.096588,0.14105461966467314,-0.17348661966467313,-0.174298,-0.09323,0.05,1.0,0.0,0.02,1e-09
35.350024074999965,-1,0.14105461966467314,0.17684461966467313,-0.174298,0.096588,0.14105461966467314,-0.17348661966467313,-0.174298,-0.09323,0.05,1.0,0.0,0.02,1e-09
35.395713862002594,-1,0.14105461966467314,0.17684461966467313,-0.174298,0.096588,0.14105461966467314,-0.17348661966467313,-0.174298,-0.09323,0.05,1.0,0.0,0.02,1e-09
35.45203505400059,-1,0.14105461966467314,0.17684461966467313,-0.174298,0.096588,0.14105461966467314,-0.17348661966467313,-0.174298,-0.09323,0.05,1.0,0.0,0.02,1e-09
35.49883685700115,-1,0.14105461966467314,0.17684461966467313,-0.174298,0.096588,0.14105461966467314,-0.17348661966467313,-0.174298,-0.09323,0.05,1.0,0.0,0.02,1e-09
35.54028737599947,-1,0.14105461966467314,0.17684461966467313,-0.174298,0.096588,0.14105461966467314,-0.17348661966467313,-0.174298,-0.09323,0.05,1.0,0.0,0.02,1e-09
35.60524298400196,-1,0.14105461966467314,0.17684461966467313,-0.174298,0.096588,0.14105461966467314,-0.17348661966467313,-0.174298,-0.09323,0.05,1.0,0.0,0.02,1e-09
35.65092428900243,-1,0.14105461966467314,0.17684461966467313,-0.174298,0.096588,0.14105461966467314,-0.17348661966467313,-0.174298,-0.09323,0.05,1.0,0.0,0.02,1e-09
35.706875788000616,-1,0.14105461966467314,0.17684461966467313,-0.174298,0.096588,0.14105461966467314,-0.17348661966467313,-0.174298,-0.09323,0.05,1.0,0.0,0.02,1e-09
35.740510162002465,-1,0.14105461966467314,0.17684461966467313,-0.174298,0.096588,0.14105461966467314,-0.17348661966467313,-0.174298,-0.09323,0.05,1.0,0.0,0.02,1e-09
35.79376051100189,-1,0.14105461966467314,0.17684461966467313,-0.174298,0.096588,0.14105461966467314,-0.17348661966467313,-0.174298,-0.09323,0.05,1.0,0.0,0.02,1e-09
35.842624872999295,-1,0.14105461966467314,0.17684461966467313,-0.174298,0.096588,0.14105461966467314,-0.17348661966467313,-0.174298,-0.09323,0.05,1.0,0.0,0.02,1e-09
35.89023738900141,-1,0.14105461966467314,0.17684461966467313,-0.174298,0.096588,0.14105461966467314,-0.17348661966467313,-0.174298,-0.09323,0.05,1.0,0.0,0.02,1e-09
35.94454645500082,-1,0.14105461966467314,0.17684461966467313,-0.174298,0.096588,0.14105461966467314,-0.17348661966467313,-0.174298,-0.09323,0.05,1.0,0.0,0.02,1e-09
35.99974117500096,-1,0.14105461966467314,0.17684461966467313,-0.174298,0.096588,0.14105461966467314,-0.17348661966467313,-0.174298,-0.09323,0.05,1.0,0.0,0.02,1e-09
36.04665665799985,-1,0.14105461966467314,0.17684461966467313,-0.174298,0.096588,0.14105461966467314,-0.17348661966467313,-0.174298,-0.09323,0.05,1.0,0.0,0.02,1e-09
36.090270544002124,-1,0.14105461966467314,0.17684461966467313,-0.174298,0.096588,0.14105461966467314,-0.17348661966467313,-0.174298,-0.09323,0.05,1.0,0.0,0.02,1e-09
36.156268233000446,-1,0.14105461966467314,0.17684461966467313,-0.174298,0.096588,0.14105461966467314,-0.17348661966467313,-0.174298,-0.09323,0.05,1.0,0.0,0.02,1e-09
36.1943698890027,-1,0.14105461966467314,0.17684461966467313,-0.174298,0.096588,0.14105461966467314,-0.17348661966467313,-0.174298,-0.09323,0.05,1.0,0.0,0.02,1e-09
36.251531267000246,-1,0.14105461966467314,0.17684461966467313,-0.174298,0.096588,0.14105461966467314,-0.17348661966467313,-0.174298,-0.09323,0.05,1.0,0.0,0.02,1e-09
36.30131671400159,-1,0.14105461966467314,0.17684461966467313,-0.174298,0.096588,0.14105461966467314,-0.17348661966467313,-0.174298,-0.09323,0.05,1.0,0.0,0.02,1e-09
36.3444800569996,-1,0.14105461966467314,0.17684461966467313,-0.174298,0.096588,0.14105461966467314,-0.17348661966467313,-0.174298,-0.09323,0.05,1.0,0.0,0.02,1e-09
36.39331036300064,-1,0.14105461966467314,0.17684461966467313,-0.174298,0.096588,0.14105461966467314,-0.17348661966467313,-0.174298,-0.09323,0.05,1.0,0.0,0.02,1e-09
36.45361784100169,-1,0.14105461966467314,0.17684461966467313,-0.174298,0.096588,0.14105461966467314,-0.17348661966467313,-0.174298,-0.09323,0.05,1.0,0.0,0.02,1e-09
36.490421727001376,-1,0.14105461966467314,0.17684461966467313,-0.174298,0.096588,0.14105461966467314,-0.17348661966467313,-0.174298,-0.09323,0.05,1.0,0.0,0.02,1e-09
36.5431519440026,-1,0.14105461966467314,0.17684461966467313,-0.174298,0.096588,0.14105461966467314,-0.17348661966467313,-0.174298,-0.09323,0.05,1.0,0.0,0.02,1e-09
36.59049589899951,-1,0.14105461966467314,0.17684461966467313,-0.174298,0.096588,0.14105461966467314,-0.17348661966467313,-0.174298,-0.09323,0.05,1.0,0.0,0.02,1e-09
36.65145198200116,-1,0.14105461966467314,0.17684461966467313,-0.174298,0.096588,0.14105461966467314,-0.17348661966467313,-0.174298,-0.09323,0.05,1.0,0.0,0.02,1e-09
36.69858402600221,-1,0.14105461966467314,0.17684461966467313,-0.174298,0.096588,0.14105461966467314,-0.17348661966467313,-0.174298,-0.09323,0.05,1.0,0.0,0.02,1e-09
36.74499204600215,-1,0.14105461966467314,0.17684461966467313,-0.174298,0.096588,0.14105461966467314,-0.17348661966467313,-0.174298,-0.09323,0.05,1.0,0.0,0.02,1e-09
36.78992031500093,-1,0.14105461966467314,0.17684461966467313,-0.174298,0.096588,0.14105461966467314,-0.17348661966467313,-0.174298,-0.09323,0.05,1.0,0.0,0.02,1e-09
36.90900787800274,-1,0.14105461966467314,0.17684461966467313,-0.174298,0.096588,0.14105461966467314,-0.17348661966467313,-0.174298,-0.09323,0.05,1.0,0.0,0.02,1e-09
36.954684576001455,-1,0.14105461966467314,0.17684461966467313,-0.174298,0.096588,0.14105461966467314,-0.17348661966467313,-0.174298,-0.09323,0.05,1.0,0.0,0.02,1e-09
36.96125589300209,-1,0.14105461966467314,0.17684461966467313,-0.174298,0.096588,0.14105461966467314,-0.17348661966467313,-0.174298,-0.09323,0.05,1.0,0.0,0.02,1e-09
37.000196504002815,-1,0.14105461966467314,0.17684461966467313,-0.174298,0.096588,0.14105461966467314,-0.17348661966467313,-0.174298,-0.09323,0.05,1.0,0.0,0.02,1e-09
37.04465151000113,-1,0.14105461966467314,0.17684461966467313,-0.174298,0.096588,0.14105461966467314,-0.17348661966467313,-0.174298,-0.09323,0.05,1.0,0.0,0.02,1e-09
37.09107109300021,-1,0.14105461966467314,0.17684461966467313,-0.174298,0.096588,0.14105461966467314,-0.17348661966467313,-0.174298,-0.09323,0.05,1.0,0.0,0.02,1e-09
37.157593808002275,-1,0.14105461966467314,0.17684461966467313,-0.174298,0.096588,0.14105461966467314,-0.17348661966467313,-0.174298,-0.09323,0.05,1.0,0.0,0.02,1e-09
37.1950283460028,-1,0.14105461966467314,0.17684461966467313,-0.174298,0.096588,0.14105461966467314,-0.17348661966467313,-0.174298,-0.09323,0.05,1.0,0.0,0.02,1e-09
37.246980471001734,-1,0.14105461966467314,0.17684461966467313,-0.174298,0.096588,0.14105461966467314,-0.17348661966467313,-0.174298,-0.09323,0.05,1.0,0.0,0.02,1e-09
37.29104312100026,-1,0.14105461966467314,0.17684461966467313,-0.174298,0.096588,0.14105461966467314,-0.17348661966467313,-0.174298,-0.09323,0.05,1.0,0.0,0.02,1e-09
37.3424303339998,-1,0.14105461966467314,0.17684461966467313,-0.174298,0.096588,0.14105461966467314,-0.17348661966467313,-0.174298,-0.09323,0.05,1.0,0.0,0.02,1e-09
37.39173459599988,-1,0.14105461966467314,0.17684461966467313,-0.174298,0.096588,0.14105461966467314,-0.17348661966467313,-0.174298,-0.09323,0.05,1.0,0.0,0.02,1e-09
37.444025570999656,-1,0.14105461966467314,0.17684461966467313,-0.174298,0.096588,0.14105461966467314,-0.17348661966467313,-0.174298,-0.09323,0.05,1.0,0.0,0.02,1e-09
37.49170194399994,-1,0.14105461966467314,0.17684461966467313,-0.174298,0.096588,0.14105461966467314,-0.17348661966467313,-0.174298,-0.09323,0.05,1.0,0.0,0.02,1e-09
37.54212284000096,-1,0.14105461966467314,0.17684461966467313,-0.174298,0.096588,0.14105461966467314,-0.17348661966467313,-0.174298,-0.09323,0.05,1.0,0.0,0.02,1e-09
37.598377792000974,-1,0.14105461966467314,0.17684461966467313,-0.174298,0.096588,0.14105461966467314,-0.17348661966467313,-0.174298,-0.09323,0.05,1.0,0.0,0.02,1e-09
37.640876628000115,-1,0.14105461966467314,0.17684461966467313,-0.174298,0.096588,0.14105461966467314,-0.17348661966467313,-0.174298,-0.09323,0.05,1.0,0.0,0.02,1e-09
37.69303692500034,-1,0.14105461966467314,0.17684461966467313,-0.174298,0.096588,0.14105461966467314,-0.17348661966467313,-0.174298,-0.09323,0.05,1.0,0.0,0.02,1e-09
37.74128668400226,-1,0.14105461966467314,0.17684461966467313,-0.174298,0.096588,0.14105461966467314,-0.17348661966467313,-0.174298,-0.09323,0.05,1.0,0.0,0.02,1e-09
37.79472443100167,-1,0.14105461966467314,0.17684461966467313,-0.174298,0.096588,0.14105461966467314,-0.17348661966467313,-0.174298,-0.09323,0.05,1.0,0.0,0.02,1e-09
37.84255210500123,-1,0.14105461966467314,0.17684461966467313,-0.174298,0.096588,0.14105461966467314,-0.17348661966467313,-0.174298,-0.09323,0.05,1.0,0.0,0.02,1e-09
37.9039089120015,-1,0.14105461966467314,0.17684461966467313,-0.174298,0.096588,0.14105461966467314,-0.17348661966467313,-0.174298,-0.09323,0.05,1.0,0.0,0.02,1e-09
37.94291030600289,-1,0.14105461966467314,0.17684461966467313,-0.174298,0.096588,0.14105461966467314,-0.17348661966467313,-0.174298,-0.09323,0.05,1.0,0.0,0.02,1e-09
37.993158580000454,-1,0.14105461966467314,0.17684461966467313,-0.174298,0.096588,0.14105461966467314,-0.17348661966467313,-0.174298,-0.09323,0.05,1.0,0.0,0.02,1e-09
38.04734927000027,-1,0.14105461966467314,0.17684461966467313,-0.174298,0.096588,0.14105461966467314,-0.17348661966467313,-0.174298,-0.09323,0.05,1.0,0.0,0.02,1e-09
38.09448710400102,-1,0.14105461966467314,0.17684461966467313,-0.174298,0.096588,0.14105461966467314,-0.17348661966467313,-0.174298,-0.09323,0.05,1.0,0.0,0.02,1e-09
38.142271135002375,-1,0.14105461966467314,0.17684461966467313,-0.174298,0.096588,0.14105461966467314,-0.17348661966467313,-0.174298,-0.09323,0.05,1.0,0.0,0.02,1e-09
38.19022630499967,-1,0.14105461966467314,0.17684461966467313,-0.174298,0.096588,0.14105461966467314,-0.17348661966467313,-0.174298,-0.09323,0.05,1.0,0.0,0.02,1e-09
42.72274606100109,-1,0.14105461966467314,0.17684461966467313,-0.174298,0.096588,0.14105461966467314,-0.17348661966467313,-0.174298,-0.09323,0.05,1.0,0.0,0.02,1e-09
42.77481917700061,-1,0.14105461966467314,0.17684461966467313,-0.174298,0.096588,0.14105461966467314,-0.17348661966467313,-0.174298,-0.09323,0.05,1.0,0.0,0.02,1e-09
42.82094196500111,-1,0.14105461966467314,0.17684461966467313,-0.174298,0.096588,0.14105461966467314,-0.17348661966467313,-0.174298,-0.09323,0.05,1.0,0.0,0.02,1e-09
42.86872795200179,-1,0.14105461966467314,0.17684461966467313,-0.174298,0.096588,0.14105461966467314,-0.17348661966467313,-0.174298,-0.09323,0.05,1.0,0.0,0.02,1e-09
42.91868157300269,-1,0.14105461966467314,0.17684461966467313,-0.174298,0.096588,0.14105461966467314,-0.17348661966467313,-0.174298,-0.09323,0.05,1.0,0.0,0.02,1e-09
42.97170644200014,-1,0.14105461966467314,0.17684461966467313,-0.174298,0.096588,0.14105461966467314,-0.17348661966467313,-0.174298,-0.09323,0.05,1.0,0.0,0.02,1e-09
43.01729597600206,-1,0.14105461966467314,0.17684461966467313,-0.174298,0.096588,0.14105461966467314,-0.17348661966467313,-0.174298,-0.09323,0.05,1.0,0.0,0.02,1e-09
43.07109558999946,-1,0.14105461966467314,0.17684461966467313,-0.174298,0.096588,0.14105461966467314,-0.17348661966467313,-0.174298,-0.09323,0.05,1.0,0.0,0.02,1e-09
43.11940178200166,-1,0.14105461966467314,0.17684461966467313,-0.174298,0.096588,0.14105461966467314,-0.17348661966467313,-0.174298,-0.09323,0.05,1.0,0.0,0.02,1e-09
43.17059189500287,-1,0.14105461966467314,0.17684461966467313,-0.174298,0.096588,0.14105461966467314,-0.17348661966467313,-0.174298,-0.09323,0.05,1.0,0.0,0.02,1e-09
43.215977445001045,-1,0.14105461966467314,0.17684461966467313,-0.174298,0.096588,0.14105461966467314,-0.17348661966467313,-0.174298,-0.09323,0.05,1.0,0.0,0.02,1e-09
43.27574381299928,-1,0.14105461966467314,0.17684461966467313,-0.174298,0.096588,0.14105461966467314,-0.17348661966467313,-0.174298,-0.09323,0.05,1.0,0.0,0.02,1e-09
43.32564373599962,-1,0.14105461966467314,0.17684461966467313,-0.174298,0.096588,0.14105461966467314,-0.17348661966467313,-0.174298,-0.09323,0.05,1.0,0.0,0.02,1e-09
43.36824981999962,-1,0.14105461966467314,0.17684461966467313,-0.174298,0.096588,0.14105461966467314,-0.17348661966467313,-0.174298,-0.09323,0.05,1.0,0.0,0.02,1e-09
43.42088783800136,-1,0.14105461966467314,0.17684461966467313,-0.174298,0.096588,0.14105461966467314,-0.17348661966467313,-0.174298,-0.09323,0.05,1.0,0.0,0.02,1e-09
43.470840752001095,-1,0.14105461966467314,0.17684461966467313,-0.174298,0.096588,0.14105461966467314,-0.17348661966467313,-0.174298,-0.09323,0.05,1.0,0.0,0.02,1e-09
43.518882657001086,-1,0.14105461966467314,0.17684461966467313,-0.174298,0.096588,0.14105461966467314,-0.17348661966467313,-0.174298,-0.09323,0.05,1.0,0.0,0.02,1e-09
43.57547488500131,-1,0.14105461966467314,0.17684461966467313,-0.174298,0.096588,0.14105461966467314,-0.17348661966467313,-0.174298,-0.09323,0.05,1.0,0.0,0.02,1e-09
43.623575565001374,-1,0.14105461966467314,0.17684461966467313,-0.174298,0.096588,0.14105461966467314,-0.17348661966467313,-0.174298,-0.09323,0.05,1.0,0.0,0.02,1e-09
43.67957535599999,-1,0.14105461966467314,0.17684461966467313,-0.174298,0.096588,0.14105461966467314,-0.17348661966467313,-0.174298,-0.09323,0.05,1.0,0.0,0.02,1e-09
43.72328737100179,-1,0.14105461966467314,0.17684461966467313,-0.174298,0.096588,0.14105461966467314,-0.17348661966467313,-0.174298,-0.09323,0.05,1.0,0.0,0.02,1e-09
43.77173812900219,-1,0.14105461966467314,0.17684461966467313,-0.174298,0.096588,0.14105461966467314,-0.17348661966467313,-0.174298,-0.09323,0.05,1.0,0.0,0.02,1e-09
43.818270390002,-1,0.14105461966467314,0.17684461966467313,-0.174298,0.096588,0.14105461966467314,-0.17348661966467313,-0.174298,-0.09323,0.05,1.0,0.0,0.02,1e-09
43.869344672002626,-1,0.14105461966467314,0.17684461966467313,-0.174298,0.096588,0.14105461966467314,-0.17348661966467313,-0.174298,-0.09323,0.05,1.0,0.0,0.02,1e-09
43.92384890000176,-1,0.14105461966467314,0.17684461966467313,-0.174298,0.096588,0.14105461966467314,-0.17348661966467313,-0.174298,-0.09323,0.05,1.0,0.0,0.02,1e-09
43.96649359900039,-1,0.14105461966467314,0.17684461966467313,-0.174298,0.096588,0.14105461966467314,-0.17348661966467313,-0.174298,-0.09323,0.05,1.0,0.0,0.02,1e-09
44.026434663002874,-1,0.14105461966467314,0.17684461966467313,-0.174298,0.096588,0.14105461966467314,-0.17348661966467313,-0.174298,-0.09323,0.05,1.0,0.0,0.02,1e-09
44.06935776799946,-1,0.14105461966467314,0.17684461966467313,-0.174298,0.096588,0.14105461966467314,-0.17348661966467313,-0.174298,-0.09323,0.05,1.0,0.0,0.02,1e-09
44.131082064999646,-1,0.14105461966467314,0.17684461966467313,-0.174298,0.096588,0.14105461966467314,-0.17348661966467313,-0.174298,-0.09323,0.05,1.0,0.0,0.02,1e-09
44.17123635400276,-1,0.14105461966467314,0.17684461966467313,-0.174298,0.096588,0.14105461966467314,-0.17348661966467313,-0.174298,-0.09323,0.05,1.0,0.0,0.02,1e-09
44.22437563200219,-1,0.14105461966467314,0.17684461966467313,-0.174298,0.096588,0.14105461966467314,-0.17348661966467313,-0.174298,-0.09323,0.05,1.0,0.0,0.02,1e-09
44.27569210400179,-1,0.14105461966467314,0.17684461966467313,-0.174298,0.096588,0.14105461966467314,-0.17348661966467313,-0.174298,-0.09323,0.05,1.0,0.0,0.02,1e-09
44.31861923100223,-1,0.14105461966467314,0.17684461966467313,-0.174298,0.096588,0.14105461966467314,-0.17348661966467313,-0.174298,-0.09323,0.05,1.0,0.0,0.02,1e-09
44.36625459000061,-1,0.14105461966467314,0.17684461966467313,-0.174298,0.096588,0.14105461966467314,-0.17348661966467313,-0.174298,-0.09323,0.05,1.0,0.0,0.02,1e-09
44.426451385999826,-1,0.14105461966467314,0.17684461966467313,-0.174298,0.096588,0.14105461966467314,-0.17348661966467313,-0.174298,-0.09323,0.05,1.0,0.0,0.02,1e-09
44.46707289400001,-1,0.14105461966467314,0.17684461966467313,-0.174298,0.096588,0.14105461966467314,-0.17348661966467313,-0.174298,-0.09323,0.05,1.0,0.0,0.02,1e-09
44.52039500600222,-1,0.14105461966467314,0.17684461966467313,-0.174298,0.096588,0.14105461966467314,-0.17348661966467313,-0.174298,-0.09323,0.05,1.0,0.0,0.02,1e-09
44.570749229002104,-1,0.14105461966467314,0.17684461966467313,-0.174298,0.096588,0.14105461966467314,-0.17348661966467313,-0.174298,-0.09323,0.05,1.0,0.0,0.02,1e-09
44.62440991800031,-1,0.14105461966467314,0.17684461966467313,-0.174298,0.096588,0.14105461966467314,-0.17348661966467313,-0.174298,-0.09323,0.05,1.0,0.0,0.02,1e-09
44.67754728900036,-1,0.14105461966467314,0.17684461966467313,-0.174298,0.096588,0.14105461966467314,-0.17348661966467313,-0.174298,-0.09323,0.05,1.0,0.0,0.02,1e-09
44.72165529099948,-1,0.14105461966467314,0.17684461966467313,-0.174298,0.096588,0.14105461966467314,-0.17348661966467313,-0.174298,-0.09323,0.05,1.0,0.0,0.02,1e-09
44.77306240600228,-1,0.14105461966467314,0.17684461966467313,-0.174298,0.096588,0.14105461966467314,-0.17348661966467313,-0.174298,-0.09323,0.05,1.0,0.0,0.02,1e-09
44.82409160899988,-1,0.14105461966467314,0.17684461966467313,-0.174298,0.096588,0.14105461966467314,-0.17348661966467313,-0.174298,-0.09323,0.05,1.0,0.0,0.02,1e-09
44.87473516300088,-1,0.14105461966467314,0.17684461966467313,-0.174298,0.096588,0.14105461966467314,-0.17348661966467313,-0.174298,-0.09323,0.05,1.0,0.0,0.02,1e-09
44.934915418001765,-1,0.14105461966467314,0.17684461966467313,-0.174298,0.096588,0.14105461966467314,-0.17348661966467313,-0.174298,-0.09323,0.05,1.0,0.0,0.02,1e-09
44.975033388000156,-1,0.14105461966467314,0.17684461966467313,-0.174298,0.096588,0.14105461966467314,-0.17348661966467313,-0.174298,-0.09323,0.05,1.0,0.0,0.02,1e-09
45.023882879002485,-1,0.14105461966467314,0.17684461966467313,-0.174298,0.096588,0.14105461966467314,-0.17348661966467313,-0.174298,-0.09323,0.05,1.0,0.0,0.02,1e-09
45.078338194001844,-1,0.14105461966467314,0.17684461966467313,-0.174298,0.096588,0.14105461966467314,-0.17348661966467313,-0.174298,-0.09323,0.05,1.0,0.0,0.02,1e-09
45.123077102001844,-1,0.14105461966467314,0.17684461966467313,-0.174298,0.096588,0.14105461966467314,-0.17348661966467313,-0.174298,-0.09323,0.05,1.0,0.0,0.02,1e-09
45.16676729000028,-1,0.14105461966467314,0.17684461966467313,-0.174298,0.096588,0.14105461966467314,-0.17348661966467313,-0.174298,-0.09323,0.05,1.0,0.0,0.02,1e-09
45.22218497600261,-1,0.14105461966467314,0.17684461966467313,-0.174298,0.096588,0.14105461966467314,-0.17348661966467313,-0.174298,-0.09323,0.05,1.0,0.0,0.02,1e-09
45.270674452000094,-1,0.14105461966467314,0.17684461966467313,-0.174298,0.096588,0.14105461966467314,-0.17348661966467313,-0.174298,-0.09323,0.05,1.0,0.0,0.02,1e-09
58.77036462500109,-1,0.14105461966467314,0.17684461966467313,-0.174298,0.096588,0.14105461966467314,-0.17348661966467313,-0.174298,-0.09323,0.05,1.0,0.0,0.02,1e-09
58.820156008001504,-1,0.14105461966467314,0.17684461966467313,-0.174298,0.096588,0.14105461966467314,-0.17348661966467313,-0.174298,-0.09323,0.05,1.0,0.0,0.02,1e-09
58.87358733600195,-1,0.14105461966467314,0.17684461966467313,-0.174298,0.096588,0.14105461966467314,-0.17348661966467313,-0.174298,-0.09323,0.05,1.0,0.0,0.02,1e-09
58.92379760699987,-1,0.14105461966467314,0.17684461966467313,-0.174298,0.096588,0.14105461966467314,-0.17348661966467313,-0.174298,-0.09323,0.05,1.0,0.0,0.02,1e-09
58.96951847300079,-1,0.14105461966467314,0.17684461966467313,-0.174298,0.096588,0.14105461966467314,-0.17348661966467313,-0.174298,-0.09323,0.05,1.0,0.0,0.02,1e-09
59.023696701002336,-1,0.14105461966467314,0.17684461966467313,-0.174298,0.096588,0.14105461966467314,-0.17348661966467313,-0.174298,-0.09323,0.05,1.0,0.0,0.02,1e-09
59.06961007700011,-1,0.14105461966467314,0.17684461966467313,-0.174298,0.096588,0.14105461966467314,-0.17348661966467313,-0.174298,-0.09323,0.05,1.0,0.0,0.02,1e-09
59.118441569000424,-1,0.14105461966467314,0.17684461966467313,-0.174298,0.096588,0.14105461966467314,-0.17348661966467313,-0.174298,-0.09323,0.05,1.0,0.0,0.02,1e-09
59.17289722799978,-1,0.14105461966467314,0.17684461966467313,-0.174298,0.096588,0.14105461966467314,-0.17348661966467313,-0.174298,-0.09323,0.05,1.0,0.0,0.02,1e-09
59.218206116001966,-1,0.14105461966467314,0.17684461966467313,-0.174298,0.096588,0.14105461966467314,-0.17348661966467313,-0.174298,-0.09323,0.05,1.0,0.0,0.02,1e-09
59.26987368100163,-1,0.14105461966467314,0.17684461966467313,-0.174298,0.096588,0.14105461966467314,-0.17348661966467313,-0.174298,-0.09323,0.05,1.0,0.0,0.02,1e-09
59.32560309600012,-1,0.14105461966467314,0.17684461966467313,-0.174298,0.096588,0.14105461966467314,-0.17348661966467313,-0.174298,-0.09323,0.05,1.0,0.0,0.02,1e-09
59.37668792200202,-1,0.14105461966467314,0.17684461966467313,-0.174298,0.096588,0.14105461966467314,-0.17348661966467313,-0.174298,-0.09323,0.05,1.0,0.0,0.02,1e-09
59.420794642002875,-1,0.14105461966467314,0.17684461966467313,-0.174298,0.096588,0.14105461966467314,-0.17348661966467313,-0.174298,-0.09323,0.05,1.0,0.0,0.02,1e-09
59.47238119800022,-1,0.14105461966467314,0.17684461966467313,-0.174298,0.096588,0.14105461966467314,-0.17348661966467313,-0.174298,-0.09323,0.05,1.0,0.0,0.02,1e-09
59.520059387999936,-1,0.14105461966467314,0.17684461966467313,-0.174298,0.096588,0.14105461966467314,-0.17348661966467313,-0.174298,-0.09323,0.05,1.0,0.0,0.02,1e-09
59.56931357600115,-1,0.14105461966467314,0.17684461966467313,-0.174298,0.096588,0.14105461966467314,-0.17348661966467313,-0.174298,-0.09323,0.05,1.0,0.0,0.02,1e-09
59.62661302299966,-1,0.14105461966467314,0.17684461966467313,-0.174298,0.096588,0.14105461966467314,-0.17348661966467313,-0.174298,-0.09323,0.05,1.0,0.0,0.02,1e-09
59.67635658400104,-1,0.14105461966467314,0.17684461966467313,-0.174298,0.096588,0.14105461966467314,-0.17348661966467313,-0.174298,-0.09323,0.05,1.0,0.0,0.02,1e-09
59.72239113099931,-1,0.14105461966467314,0.17684461966467313,-0.174298,0.096588,0.14105461966467314,-0.17348661966467313,-0.174298,-0.09323,0.05,1.0,0.0,0.02,1e-09
59.77574668099987,-1,0.14105461966467314,0.17684461966467313,-0.174298,0.096588,0.14105461966467314,-0.17348661966467313,-0.174298,-0.09323,0.05,1.0,0.0,0.02,1e-09
59.82894251499965,-1,0.14105461966467314,0.17684461966467313,-0.174298,0.096588,0.14105461966467314,-0.17348661966467313,-0.174298,-0.09323,0.05,1.0,0.0,0.02,1e-09
59.87607390800258,-1,0.14105461966467314,0.17684461966467313,-0.174298,0.096588,0.14105461966467314,-0.17348661966467313,-0.174298,-0.09323,0.05,1.0,0.0,0.02,1e-09
59.9320933400013,-1,0.14105461966467314,0.17684461966467313,-0.174298,0.096588,0.14105461966467314,-0.17348661966467313,-0.174298,-0.09323,0.05,1.0,0.0,0.02,1e-09
59.9761185310017,-1,0.14105461966467314,0.17684461966467313,-0.174298,0.096588,0.14105461966467314,-0.17348661966467313,-0.174298,-0.09323,0.05,1.0,0.0,0.02,1e-09
60.01855035900007,-1,0.14105461966467314,0.17684461966467313,-0.174298,0.096588,0.14105461966467314,-0.17348661966467313,-0.174298,-0.09323,0.05,1.0,0.0,0.02,1e-09
60.070397297000454,-1,0.14105461966467314,0.17684461966467313,-0.174298,0.096588,0.14105461966467314,-0.17348661966467313,-0.174298,-0.09323,0.05,1.0,0.0,0.02,1e-09
60.13033241400262,-1,0.14105461966467314,0.17684461966467313,-0.174298,0.096588,0.14105461966467314,-0.17348661966467313,-0.174298,-0.09323,0.05,1.0,0.0,0.02,1e-09
60.16996730599931,-1,0.14105461966467314,0.17684461966467313,-0.174298,0.096588,0.14105461966467314,-0.17348661966467313,-0.174298,-0.09323,0.05,1.0,0.0,0.02,1e-09
60.23030678100258,-1,0.14105461966467314,0.17684461966467313,-0.174298,0.096588,0.14105461966467314,-0.17348661966467313,-0.174298,-0.09323,0.05,1.0,0.0,0.02,1e-09
60.27123883199965,-1,0.14105461966467314,0.17684461966467313,-0.174298,0.096588,0.14105461966467314,-0.17348661966467313,-0.174298,-0.09323,0.05,1.0,0.0,0.02,1e-09
60.33323261500118,-1,0.14105461966467314,0.17684461966467313,-0.174298,0.096588,0.14105461966467314,-0.17348661966467313,-0.174298,-0.09323,0.05,1.0,0.0,0.02,1e-09
60.37230319200171,-1,0.14105461966467314,0.17684461966467313,-0.174298,0.096588,0.14105461966467314,-0.17348661966467313,-0.174298,-0.09323,0.05,1.0,0.0,0.02,1e-09
60.42131229699953,-1,0.14105461966467314,0.17684461966467313,-0.174298,0.096588,0.14105461966467314,-0.17348661966467313,-0.174298,-0.09323,0.05,1.0,0.0,0.02,1e-09
60.46770865399958,-1,0.14105461966467314,0.17684461966467313,-0.174298,0.096588,0.14105461966467314,-0.17348661966467313,-0.174298,-0.09323,0.05,1.0,0.0,0.02,1e-09
60.518372530001216,-1,0.14105461966467314,0.17684461966467313,-0.174298,0.096588,0.14105461966467314,-0.17348661966467313,-0.174298,-0.09323,0.05,1.0,0.0,0.02,1e-09
60.57725609500267,-1,0.14105461966467314,0.17684461966467313,-0.174298,0.096588,0.14105461966467314,-0.17348661966467313,-0.174298,-0.09323,0.05,1.0,0.0,0.02,1e-09
60.620966951999435,-1,0.14105461966467314,0.17684461966467313,-0.174298,0.096588,0.14105461966467314,-0.17348661966467313,-0.174298,-0.09323,0.05,1.0,0.0,0.02,1e-09
60.671645320002426,-1,0.14105461966467314,0.17684461966467313,-0.174298,0.096588,0.14105461966467314,-0.17348661966467313,-0.174298,-0.09323,0.05,1.0,0.0,0.02,1e-09
60.73499603000164,-1,0.14105461966467314,0.17684461966467313,-0.174298,0.096588,0.14105461966467314,-0.17348661966467313,-0.174298,-0.09323,0.05,1.0,0.0,0.02,1e-09
60.76942777400109,-1,0.14105461966467314,0.17684461966467313,-0.174298,0.096588,0.14105461966467314,-0.17348661966467313,-0.174298,-0.09323,0.05,1.0,0.0,0.02,1e-09
60.824573641002644,-1,0.14105461966467314,0.17684461966467313,-0.174298,0.096588,0.14105461966467314,-0.17348661966467313,-0.174298,-0.09323,0.05,1.0,0.0,0.02,1e-09
60.87878493100288,-1,0.14105461966467314,0.17684461966467313,-0.174298,0.096588,0.14105461966467314,-0.17348661966467313,-0.174298,-0.09323,0.05,1.0,0.0,0.02,1e-09
70.47246709799947,-1,0.14105461966467314,0.17684461966467313,-0.174298,0.096588,0.14105461966467314,-0.17348661966467313,-0.174298,-0.09323,0.05,1.0,0.0,0.02,1e-09
70.53409140599979,-1,0.14105461966467314,0.17684461966467313,-0.174298,0.096588,0.14105461966467314,-0.17348661966467313,-0.174298,-0.09323,0.05,1.0,0.0,0.02,1e-09
70.57425673000034,-1,0.14105461966467314,0.17684461966467313,-0.174298,0.096588,0.14105461966467314,-0.17348661966467313,-0.174298,-0.09323,0.05,1.0,0.0,0.02,1e-09
70.62738667500162,-1,0.14105461966467314,0.17684461966467313,-0.174298,0.096588,0.14105461966467314,-0.17348661966467313,-0.174298,-0.09323,0.05,1.0,0.0,0.02,1e-09
70.69042081400039,-1,0.14105461966467314,0.17684461966467313,-0.174298,0.096588,0.14105461966467314,-0.17348661966467313,-0.174298,-0.09323,0.05,1.0,0.0,0.02,1e-09
70.72256995100179,-1,0.14105461966467314,0.17684461966467313,-0.174298,0.096588,0.14105461966467314,-0.17348661966467313,-0.174298,-0.09323,0.05,1.0,0.0,0.02,1e-09
70.77468807400146,-1,0.14105461966467314,0.17684461966467313,-0.174298,0.096588,0.14105461966467314,-0.17348661966467313,-0.174298,-0.09323,0.05,1.0,0.0,0.02,1e-09
70.81884190600249,-1,0.14105461966467314,0.17684461966467313,-0.174298,0.096588,0.14105461966467314,-0.17348661966467313,-0.174298,-0.09323,0.05,1.0,0.0,0.02,1e-09
70.8719925200021,-1,0.14105461966467314,0.17684461966467313,-0.174298,0.096588,0.14105461966467314,-0.17348661966467313,-0.174298,-0.09323,0.05,1.0,0.0,0.02,1e-09
70.93058657800066,-1,0.14105461966467314,0.17684461966467313,-0.174298,0.096588,0.14105461966467314,-0.17348661966467313,-0.174298,-0.09323,0.05,1.0,0.0,0.02,1e-09
70.95819066799959,-1,0.14105461966467314,0.17684461966467313,-0.174298,0.096588,0.14105461966467314,-0.17348661966467313,-0.174298,-0.09323,0.05,1.0,0.0,0.02,1e-09
70.96906278100141,-1,0.14105461966467314,0.17684461966467313,-0.174298,0.096588,0.14105461966467314,-0.17348661966467313,-0.174298,-0.09323,0.05,1.0,0.0,0.02,1e-09
71.01422600200021,-1,0.14105461966467314,0.17684461966467313,-0.174298,0.096588,0.14105461966467314,-0.17348661966467313,-0.174298,-0.09323,0.05,1.0,0.0,0.02,1e-09
71.06051785800082,-1,0.14105461966467314,0.17684461966467313,-0.174298,0.096588,0.14105461966467314,-0.17348661966467313,-0.174298,-0.09323,0.05,1.0,0.0,0.02,1e-09
71.12307660900115,-1,0.14105461966467314,0.17684461966467313,-0.174298,0.096588,0.14105461966467314,-0.17348661966467313,-0.174298,-0.09323,0.05,1.0,0.0,0.02,1e-09
71.16236393399959,-1,0.14105461966467314,0.17684461966467313,-0.174298,0.096588,0.14105461966467314,-0.17348661966467313,-0.174298,-0.09323,0.05,1.0,0.0,0.02,1e-09
71.20674143799988,-1,0.14105461966467314,0.17684461966467313,-0.174298,0.096588,0.14105461966467314,-0.17348661966467313,-0.174298,-0.09323,0.05,1.0,0.0,0.02,1e-09
71.2554170680014,-1,0.14105461966467314,0.17684461966467313,-0.174298,0.096588,0.14105461966467314,-0.17348661966467313,-0.174298,-0.09323,0.05,1.0,0.0,0.02,1e-09
71.31122510800196,-1,0.14105461966467314,0.17684461966467313,-0.174298,0.096588,0.14105461966467314,-0.17348661966467313,-0.174298,-0.09323,0.05,1.0,0.0,0.02,1e-09
71.3671542910015,-1,0.14105461966467314,0.17684461966467313,-0.174298,0.096588,0.14105461966467314,-0.17348661966467313,-0.174298,-0.09323,0.05,1.0,0.0,0.02,1e-09
71.41115495300255,-1,0.14105461966467314,0.17684461966467313,-0.174298,0.096588,0.14105461966467314,-0.17348661966467313,-0.174298,-0.09323,0.05,1.0,0.0,0.02,1e-09
71.46908926600008,-1,0.14105461966467314,0.17684461966467313,-0.174298,0.096588,0.14105461966467314,-0.17348661966467313,-0.174298,-0.09323,0.05,1.0,0.0,0.02,1e-09
71.5146182110002,-1,0.14105461966467314,0.17684461966467313,-0.174298,0.096588,0.14105461966467314,-0.17348661966467313,-0.174298,-0.09323,0.05,1.0,0.0,0.02,1e-09
71.56699550600024,-1,0.14105461966467314,0.17684461966467313,-0.174298,0.096588,0.14105461966467314,-0.17348661966467313,-0.174298,-0.09323,0.05,1.0,0.0,0.02,1e-09
71.6109420540015,-1,0.14105461966467314,0.17684461966467313,-0.174298,0.096588,0.14105461966467314,-0.17348661966467313,-0.174298,-0.09323,0.05,1.0,0.0,0.02,1e-09
71.66980823099948,-1,0.14105461966467314,0.17684461966467313,-0.174298,0.096588,0.14105461966467314,-0.17348661966467313,-0.174298,-0.09323,0.05,1.0,0.0,0.02,1e-09
71.71063675500045,-1,0.14105461966467314,0.17684461966467313,-0.174298,0.096588,0.14105461966467314,-0.17348661966467313,-0.174298,-0.09323,0.05,1.0,0.0,0.02,1e-09
71.75499269099964,-1,0.14105461966467314,0.17684461966467313,-0.174298,0.096588,0.14105461966467314,-0.17348661966467313,-0.174298,-0.09323,0.05,1.0,0.0,0.02,1e-09
71.80794144700121,-1,0.14105461966467314,0.17684461966467313,-0.174298,0.096588,0.14105461966467314,-0.17348661966467313,-0.174298,-0.09323,0.05,1.0,0.0,0.02,1e-09
71.86382047900042,-1,0.14105461966467314,0.17684461966467313,-0.174298,0.096588,0.14105461966467314,-0.17348661966467313,-0.174298,-0.09323,0.05,1.0,0.0,0.02,1e-09
71.90663056099947,-1,0.14105461966467314,0.17684461966467313,-0.174298,0.096588,0.14105461966467314,-0.17348661966467313,-0.174298,-0.09323,0.05,1.0,0.0,0.02,1e-09
71.97038174200134,-1,0.14105461966467314,0.17684461966467313,-0.174298,0.096588,0.14105461966467314,-0.17348661966467313,-0.174298,-0.09323,0.05,1.0,0.0,0.02,1e-09
72.01486094199936,-1,0.14105461966467314,0.17684461966467313,-0.174298,0.096588,0.14105461966467314,-0.17348661966467313,-0.174298,-0.09323,0.05,1.0,0.0,0.02,1e-09
72.05836569299936,-1,0.14105461966467314,0.17684461966467313,-0.174298,0.096588,0.14105461966467314,-0.17348661966467313,-0.174298,-0.09323,0.05,1.0,0.0,0.02,1e-09
72.10835315499935,-1,0.14105461966467314,0.17684461966467313,-0.174298,0.096588,0.14105461966467314,-0.17348661966467313,-0.174298,-0.09323,0.05,1.0,0.0,0.02,1e-09
72.15715259699937,-1,0.14105461966467314,0.17684461966467313,-0.174298,0.096588,0.14105461966467314,-0.17348661966467313,-0.174298,-0.09323,0.05,1.0,0.0,0.02,1e-09
72.2186353319994,-1,0.14105461966467314,0.17684461966467313,-0.174298,0.096588,0.14105461966467314,-0.17348661966467313,-0.174298,-0.09323,0.05,1.0,0.0,0.02,1e-09
72.25605656300104,-1,0.14105461966467314,0.17684461966467313,-0.174298,0.096588,0.14105461966467314,-0.17348661966467313,-0.174298,-0.09323,0.05,1.0,0.0,0.02,1e-09
72.31550800200057,-1,0.14105461966467314,0.17684461966467313,-0.174298,0.096588,0.14105461966467314,-0.17348661966467313,-0.174298,-0.09323,0.05,1.0,0.0,0.02,1e-09
72.35887009600265,-1,0.14105461966467314,0.17684461966467313,-0.174298,0.096588,0.14105461966467314,-0.17348661966467313,-0.174298,-0.09323,0.05,1.0,0.0,0.02,1e-09
72.41824458100018,-1,0.14105461966467314,0.17684461966467313,-0.174298,0.096588,0.14105461966467314,-0.17348661966467313,-0.174298,-0.09323,0.05,1.0,0.0,0.02,1e-09
72.45717668799989,-1,0.14105461966467314,0.17684461966467313,-0.174298,0.096588,0.14105461966467314,-0.17348661966467313,-0.174298,-0.09323,0.05,1.0,0.0,0.02,1e-09
72.51921058200242,-1,0.14105461966467314,0.17684461966467313,-0.174298,0.096588,0.14105461966467314,-0.17348661966467313,-0.174298,-0.09323,0.05,1.0,0.0,0.02,1e-09
72.56273729700115,-1,0.14105461966467314,0.17684461966467313,-0.174298,0.096588,0.14105461966467314,-0.17348661966467313,-0.174298,-0.09323,0.05,1.0,0.0,0.02,1e-09
72.61442069600162,-1,0.14105461966467314,0.17684461966467313,-0.174298,0.096588,0.14105461966467314,-0.17348661966467313,-0.174298,-0.09323,0.05,1.0,0.0,0.02,1e-09
72.66091458200026,-1,0.14105461966467314,0.17684461966467313,-0.174298,0.096588,0.14105461966467314,-0.17348661966467313,-0.174298,-0.09323,0.05,1.0,0.0,0.02,1e-09
72.71464687200205,-1,0.14105461966467314,0.17684461966467313,-0.174298,0.096588,0.14105461966467314,-0.17348661966467313,-0.174298,-0.09323,0.05,1.0,0.0,0.02,1e-09
72.7594897630006,-1,0.14105461966467314,0.17684461966467313,-0.174298,0.096588,0.14105461966467314,-0.17348661966467313,-0.174298,-0.09323,0.05,1.0,0.0,0.02,1e-09
72.80533036400084,-1,0.14105461966467314,0.17684461966467313,-0.174298,0.096588,0.14105461966467314,-0.17348661966467313,-0.174298,-0.09323,0.05,1.0,0.0,0.02,1e-09
72.85598853100237,-1,0.14105461966467314,0.17684461966467313,-0.174298,0.096588,0.14105461966467314,-0.17348661966467313,-0.174298,-0.09323,0.05,1.0,0.0,0.02,1e-09
72.91267359500125,-1,0.14105461966467314,0.17684461966467313,-0.174298,0.096588,0.14105461966467314,-0.17348661966467313,-0.174298,-0.09323,0.05,1.0,0.0,0.02,1e-09
72.96926584700122,-1,0.14105461966467314,0.17684461966467313,-0.174298,0.096588,0.14105461966467314,-0.17348661966467313,-0.174298,-0.09323,0.05,1.0,0.0,0.02,1e-09
73.00987666500077,-1,0.14105461966467314,0.17684461966467313,-0.174298,0.096588,0.14105461966467314,-0.17348661966467313,-0.174298,-0.09323,0.05,1.0,0.0,0.02,1e-09
73.06661486600206,-1,0.14105461966467314,0.17684461966467313,-0.174298,0.096588,0.14105461966467314,-0.17348661966467313,-0.174298,-0.09323,0.05,1.0,0.0,0.02,1e-09
73.1082728850015,-1,0.14105461966467314,0.17684461966467313,-0.174298,0.096588,0.14105461966467314,-0.17348661966467313,-0.174298,-0.09323,0.05,1.0,0.0,0.02,1e-09
73.15724195599978,-1,0.14105461966467314,0.17684461966467313,-0.174298,0.096588,0.14105461966467314,-0.17348661966467313,-0.174298,-0.09323,0.05,1.0,0.0,0.02,1e-09
73.21183363400269,-1,0.14105461966467314,0.17684461966467313,-0.174298,0.096588,0.14105461966467314,-0.17348661966467313,-0.174298,-0.09323,0.05,1.0,0.0,0.02,1e-09
73.26723415600281,-1,0.14105461966467314,0.17684461966467313,-0.174298,0.096588,0.14105461966467314,-0.17348661966467313,-0.174298,-0.09323,0.05,1.0,0.0,0.02,1e-09
73.31095802300115,-1,0.14105461966467314,0.17684461966467313,-0.174298,0.096588,0.14105461966467314,-0.17348661966467313,-0.174298,-0.09323,0.05,1.0,0.0,0.02,1e-09
73.36064930700013,-1,0.14105461966467314,0.17684461966467313,-0.174298,0.096588,0.14105461966467314,-0.17348661966467313,-0.174298,-0.09323,0.05,1.0,0.0,0.02,1e-09
73.41717795899967,-1,0.14105461966467314,0.17684461966467313,-0.174298,0.096588,0.14105461966467314,-0.17348661966467313,-0.174298,-0.09323,0.05,1.0,0.0,0.02,1e-09
73.45583138499933,-1,0.14105461966467314,0.17684461966467313,-0.174298,0.096588,0.14105461966467314,-0.17348661966467313,-0.174298,-0.09323,0.05,1.0,0.0,0.02,1e-09
73.50773171400215,-1,0.14105461966467314,0.17684461966467313,-0.174298,0.096588,0.14105461966467314,-0.17348661966467313,-0.174298,-0.09323,0.05,1.0,0.0,0.02,1e-09
73.56287226700078,-1,0.14105461966467314,0.17684461966467313,-0.174298,0.096588,0.14105461966467314,-0.17348661966467313,-0.174298,-0.09323,0.05,1.0,0.0,0.02,1e-09
73.61043204700036,-1,0.14105461966467314,0.17684461966467313,-0.174298,0.096588,0.14105461966467314,-0.17348661966467313,-0.174298,-0.09323,0.05,1.0,0.0,0.02,1e-09
73.66905170000246,-1,0.14105461966467314,0.17684461966467313,-0.174298,0.096588,0.14105461966467314,-0.17348661966467313,-0.174298,-0.09323,0.05,1.0,0.0,0.02,1e-09
73.71461875200112,-1,0.14105461966467314,0.17684461966467313,-0.174298,0.096588,0.14105461966467314,-0.17348661966467313,-0.174298,-0.09323,0.05,1.0,0.0,0.02,1e-09
73.76293631299995,-1,0.14105461966467314,0.17684461966467313,-0.174298,0.096588,0.14105461966467314,-0.17348661966467313,-0.174298,-0.09323,0.05,1.0,0.0,0.02,1e-09
73.80720520500108,-1,0.14105461966467314,0.17684461966467313,-0.174298,0.096588,0.14105461966467314,-0.17348661966467313,-0.174298,-0.09323,0.05,1.0,0.0,0.02,1e-09
73.87419551399944,-1,0.14105461966467314,0.17684461966467313,-0.174298,0.096588,0.14105461966467314,-0.17348661966467313,-0.174298,-0.09323,0.05,1.0,0.0,0.02,1e-09
73.90545001899955,-1,0.14105461966467314,0.17684461966467313,-0.174298,0.096588,0.14105461966467314,-0.17348661966467313,-0.174298,-0.09323,0.05,1.0,0.0,0.02,1e-09
73.95775749899985,-1,0.14105461966467314,0.17684461966467313,-0.174298,0.096588,0.14105461966467314,-0.17348661966467313,-0.174298,-0.09323,0.05,1.0,0.0,0.02,1e-09
74.00888673000009,-1,0.14105461966467314,0.17684461966467313,-0.174298,0.096588,0.14105461966467314,-0.17348661966467313,-0.174298,-0.09323,0.05,1.0,0.0,0.02,1e-09
74.05889328100238,-1,0.14105461966467314,0.17684461966467313,-0.174298,0.096588,0.14105461966467314,-0.17348661966467313,-0.174298,-0.09323,0.05,1.0,0.0,0.02,1e-09
74.12168973900043,-1,0.14105461966467314,0.17684461966467313,-0.174298,0.096588,0.14105461966467314,-0.17348661966467313,-0.174298,-0.09323,0.05,1.0,0.0,0.02,1e-09
74.1592033199995,-1,0.14105461966467314,0.17684461966467313,-0.174298,0.096588,0.14105461966467314,-0.17348661966467313,-0.174298,-0.09323,0.05,1.0,0.0,0.02,1e-09
74.207024749001,-1,0.14105461966467314,0.17684461966467313,-0.174298,0.096588,0.14105461966467314,-0.17348661966467313,-0.174298,-0.09323,0.05,1.0,0.0,0.02,1e-09
74.26452190000055,-1,0.14105461966467314,0.17684461966467313,-0.174298,0.096588,0.14105461966467314,-0.17348661966467313,-0.174298,-0.09323,0.05,1.0,0.0,0.02,1e-09
74.33421944300062,-1,0.14105461966467314,0.17684461966467313,-0.174298,0.096588,0.14105461966467314,-0.17348661966467313,-0.174298,-0.09323,0.05,1.0,0.0,0.02,1e-09
74.3662381480026,-1,0.14105461966467314,0.17684461966467313,-0.174298,0.096588,0.14105461966467314,-0.17348661966467313,-0.174298,-0.09323,0.05,1.0,0.0,0.02,1e-09
74.41831161899972,-1,0.14105461966467314,0.17684461966467313,-0.174298,0.096588,0.14105461966467314,-0.17348661966467313,-0.174298,-0.09323,0.05,1.0,0.0,0.02,1e-09
74.472206284001,-1,0.14105461966467314,0.17684461966467313,-0.174298,0.096588,0.14105461966467314,-0.17348661966467313,-0.174298,-0.09323,0.05,1.0,0.0,0.02,1e-09
74.50869547700131,-1,0.14105461966467314,0.17684461966467313,-0.174298,0.096588,0.14105461966467314,-0.17348661966467313,-0.174298,-0.09323,0.05,1.0,0.0,0.02,1e-09
