timestamp,leg_in_air,foot_RU_x,foot_RU_y,foot_LU_x,foot_LU_y,foot_RD_x,foot_RD_y,foot_LD_x,foot_LD_y,SM,SM_norm,TR,triangle_area,inradius
0.0,-1,0.14105461966467314,0.17684461966467313,-0.174298,0.096588,0.14105461966467314,-0.17348661966467313,-0.174298,-0.09323,0.05,1.0,0.0,0.02,1e-09
0.002877973998693051,-1,0.14105461966467314,0.17684461966467313,-0.174298,0.096588,0.14105461966467314,-0.17348661966467313,-0.174298,-0.09323,0.05,1.0,0.0,0.02,1e-09
0.016598070000327425,-1,0.14105461966467314,0.17684461966467313,-0.174298,0.096588,0.14105461966467314,-0.17348661966467313,-0.174298,-0.09323,0.05,1.0,0.0,0.02,1e-09
0.07706892699934542,-1,0.14105461966467314,0.17684461966467313,-0.174298,0.096588,0.14105461966467314,-0.17348661966467313,-0.174298,-0.09323,0.05,1.0,0.0,0.02,1e-09
0.13820137199945748,-1,0.14105461966467314,0.17684461966467313,-0.174298,0.096588,0.14105461966467314,-0.17348661966467313,-0.174298,-0.09323,0.05,1.0,0.0,0.02,1e-09
0.1768532169990067,-1,0.14105461966467314,0.17684461966467313,-0.174298,0.096588,0.14105461966467314,-0.17348661966467313,-0.174298,-0.09323,0.05,1.0,0.0,0.02,1e-09
0.21796215699941968,-1,0.14105461966467314,0.17684461966467313,-0.174298,0.096588,0.14105461966467314,-0.17348661966467313,-0.174298,-0.09323,0.05,1.0,0.0,0.02,1e-09
0.26899046799735515,-1,0.14105461966467314,0.17684461966467313,-0.174298,0.096588,0.14105461966467314,-0.17348661966467313,-0.174298,-0.09323,0.05,1.0,0.0,0.02,1e-09
0.3203413749979518,-1,0.14105461966467314,0.17684461966467313,-0.174298,0.096588,0.14105461966467314,-0.17348661966467313,-0.174298,-0.09323,0.05,1.0,0.0,0.02,1e-09
0.3712713079985406,-1,0.14105461966467314,0.17684461966467313,-0.174298,0.096588,0.14105461966467314,-0.17348661966467313,-0.174298,-0.09323,0.05,1.0,0.0,0.02,1e-09
0.4202296279981965,-1,0.14105461966467314,0.17684461966467313,-0.174298,0.096588,0.14105461966467314,-0.17348661966467313,-0.174298,-0.09323,0.05,1.0,0.0,0.02,1e-09
0.46824238399858586,-1,0.14105461966467314,0.17684461966467313,-0.174298,0.096588,0.14105461966467314,-0.17348661966467313,-0.174298,-0.09323,0.05,1.0,0.0,0.02,1e-09
0.5189216990002024,-1,0.14105461966467314,0.17684461966467313,-0.174298,0.096588,0.14105461966467314,-0.17348661966467313,-0.174298,-0.09323,0.05,1.0,0.0,0.02,1e-09
0.5786437940005271,-1,0.14105461966467314,0.17684461966467313,-0.174298,0.096588,0.14105461966467314,-0.17348661966467313,-0.174298,-0.09323,0.05,1.0,0.0,0.02,1e-09
0.6168297449985403,-1,0.14105461966467314,0.17684461966467313,-0.174298,0.096588,0.14105461966467314,-0.17348661966467313,-0.174298,-0.09323,0.05,1.0,0.0,0.02,1e-09
0.6670243459993799,-1,0.14105461966467314,0.17684461966467313,-0.174298,0.096588,0.14105461966467314,-0.17348661966467313,-0.174298,-0.09323,0.05,1.0,0.0,0.02,1e-09
0.7255039669980761,-1,0.14105461966467314,0.17684461966467313,-0.174298,0.096588,0.14105461966467314,-0.17348661966467313,-0.174298,-0.09323,0.05,1.0,0.0,0.02,1e-09
0.7712663169986627,-1,0.14105461966467314,0.17684461966467313,-0.174298,0.096588,0.14105461966467314,-0.17348661966467313,-0.174298,-0.09323,0.05,1.0,0.0,0.02,1e-09
0.8198601069998404,-1,0.14105461966467314,0.17684461966467313,-0.174298,0.096588,0.14105461966467314,-0.17348661966467313,-0.174298,-0.09323,0.05,1.0,0.0,0.02,1e-09
0.8764831909975328,-1,0.14105461966467314,0.17684461966467313,-0.174298,0.096588,0.14105461966467314,-0.17348661966467313,-0.174298,-0.09323,0.05,1.0,0.0,0.02,1e-09
0.9186432759997842,-1,0.14105461966467314,0.17684461966467313,-0.174298,0.096588,0.14105461966467314,-0.17348661966467313,-0.174298,-0.09323,0.05,1.0,0.0,0.02,1e-09
0.9661190609986079,-1,0.14105461966467314,0.17684461966467313,-0.174298,0.096588,0.14105461966467314,-0.17348661966467313,-0.174298,-0.09323,0.05,1.0,0.0,0.02,1e-09
1.0238358909991803,-1,0.14105461966467314,0.17684461966467313,-0.174298,0.096588,0.14105461966467314,-0.17348661966467313,-0.174298,-0.09323,0.05,1.0,0.0,0.02,1e-09
1.07444054699954,-1,0.14105461966467314,0.17684461966467313,-0.174298,0.096588,0.14105461966467314,-0.17348661966467313,-0.174298,-0.09323,0.05,1.0,0.0,0.02,1e-09
1.1206159579996893,-1,0.14105461966467314,0.17684461966467313,-0.174298,0.096588,0.14105461966467314,-0.17348661966467313,-0.174298,-0.09323,0.05,1.0,0.0,0.02,1e-09
1.1707769629974791,-1,0.14105461966467314,0.17684461966467313,-0.174298,0.096588,0.14105461966467314,-0.17348661966467313,-0.174298,-0.09323,0.05,1.0,0.0,0.02,1e-09
1.228407929000241,-1,0.14105461966467314,0.17684461966467313,-0.174298,0.096588,0.14105461966467314,-0.17348661966467313,-0.174298,-0.09323,0.05,1.0,0.0,0.02,1e-09
1.2747200869998778,-1,0.14105461966467314,0.17684461966467313,-0.174298,0.096588,0.14105461966467314,-0.17348661966467313,-0.174298,-0.09323,0.05,1.0,0.0,0.02,1e-09
1.3341692270005296,-1,0.14105461966467314,0.17684461966467313,-0.174298,0.096588,0.14105461966467314,-0.17348661966467313,-0.174298,-0.09323,0.05,1.0,0.0,0.02,1e-09
1.3707517650000227,-1,0.14105461966467314,0.17684461966467313,-0.174298,0.096588,0.14105461966467314,-0.17348661966467313,-0.174298,-0.09323,0.05,1.0,0.0,0.02,1e-09
1.4272946219971345,-1,0.14105461966467314,0.17684461966467313,-0.174298,0.096588,0.14105461966467314,-0.17348661966467313,-0.174298,-0.09323,0.05,1.0,0.0,0.02,1e-09
1.4671776379982475,-1,0.14105461966467314,0.17684461966467313,-0.174298,0.096588,0.14105461966467314,-0.17348661966467313,-0.174298,-0.09323,0.05,1.0,0.0,0.02,1e-09
1.5250878560000274,-1,0.14105461966467314,0.17684461966467313,-0.174298,0.096588,0.14105461966467314,-0.17348661966467313,-0.174298,-0.09323,0.05,1.0,0.0,0.02,1e-09
1.566878450998047,-1,0.14105461966467314,0.17684461966467313,-0.174298,0.096588,0.14105461966467314,-0.17348661966467313,-0.174298,-0.09323,0.05,1.0,0.0,0.02,1e-09
1.6309662469975592,-1,0.14105461966467314,0.17684461966467313,-0.174298,0.096588,0.14105461966467314,-0.17348661966467313,-0.174298,-0.09323,0.05,1.0,0.0,0.02,1e-09
1.6707793610003137,-1,0.14105461966467314,0.17684461966467313,-0.174298,0.096588,0.14105461966467314,-0.17348661966467313,-0.174298,-0.09323,0.05,1.0,0.0,0.02,1e-09
1.7558670429971244,-1,0.14105461966467314,0.17684461966467313,-0.174298,0.096588,0.14105461966467314,-0.17348661966467313,-0.174298,-0.09323,0.05,1.0,0.0,0.02,1e-09
1.7756951199989999,-1,0.14105461966467314,0.17684461966467313,-0.174298,0.096588,0.14105461966467314,-0.17348661966467313,-0.174298,-0.09323,0.05,1.0,0.0,0.02,1e-09
1.8278037219970429,-1,0.14105461966467314,0.17684461966467313,-0.174298,0.096588,0.14105461966467314,-0.17348661966467313,-0.174298,-0.09323,0.05,1.0,0.0,0.02,1e-09
1.8685214670003916,-1,0.14105461966467314,0.17684461966467313,-0.174298,0.096588,0.14105461966467314,-0.17348661966467313,-0.174298,-0.09323,0.05,1.0,0.0,0.02,1e-09
1.919474893998995,-1,0.14105461966467314,0.17684461966467313,-0.174298,0.096588,0.14105461966467314,-0.17348661966467313,-0.174298,-0.09323,0.05,1.0,0.0,0.02,1e-09
1.9697172519991,-1,0.14105461966467314,0.17684461966467313,-0.174298,0.096588,0.14105461966467314,-0.17348661966467313,-0.174298,-0.09323,0.05,1.0,0.0,0.02,1e-09
2.020607395999832,-1,0.14105461966467314,0.17684461966467313,-0.174298,0.096588,0.14105461966467314,-0.17348661966467313,-0.174298,-0.09323,0.05,1.0,0.0,0.02,1e-09
2.0755296329989505,-1,0.14105461966467314,0.17684461966467313,-0.174298,0.096588,0.14105461966467314,-0.17348661966467313,-0.174298,-0.09323,0.05,1.0,0.0,0.02,1e-09
2.118544667999231,-1,0.14105461966467314,0.17684461966467313,-0.174298,0.096588,0.14105461966467314,-0.17348661966467313,-0.174298,-0.09323,0.05,1.0,0.0,0.02,1e-09
2.1685680839982524,-1,0.14105461966467314,0.17684461966467313,-0.174298,0.096588,0.14105461966467314,-0.17348661966467313,-0.174298,-0.09323,0.05,1.0,0.0,0.02,1e-09
2.226717107998411,-1,0.14105461966467314,0.17684461966467313,-0.174298,0.096588,0.14105461966467314,-0.17348661966467313,-0.174298,-0.09323,0.05,1.0,0.0,0.02,1e-09
2.2681056709989207,-1,0.14105461966467314,0.17684461966467313,-0.174298,0.096588,0.14105461966467314,-0.17348661966467313,-0.174298,-0.09323,0.05,1.0,0.0,0.02,1e-09
2.3292456269991817,-1,0.14105461966467314,0.17684461966467313,-0.174298,0.096588,0.14105461966467314,-0.17348661966467313,-0.174298,-0.09323,0.05,1.0,0.0,0.02,1e-09
2.375268526000582,-1,0.14105461966467314,0.17684461966467313,-0.174298,0.096588,0.14105461966467314,-0.17348661966467313,-0.174298,-0.09323,0.05,1.0,0.0,0.02,1e-09
2.426284974997543,-1,0.14105461966467314,0.17684461966467313,-0.174298,0.096588,0.14105461966467314,-0.17348661966467313,-0.174298,-0.09323,0.05,1.0,0.0,0.02,1e-09
2.4724452679984097,-1,0.14105461966467314,0.17684461966467313,-0.174298,0.096588,0.14105461966467314,-0.17348661966467313,-0.174298,-0.09323,0.05,1.0,0.0,0.02,1e-09
2.520810320998862,-1,0.14105461966467314,0.17684461966467313,-0.174298,0.096588,0.14105461966467314,-0.17348661966467313,-0.174298,-0.09323,0.05,1.0,0.0,0.02,1e-09
2.5725247529990156,-1,0.14105461966467314,0.17684461966467313,-0.174298,0.096588,0.14105461966467314,-0.17348661966467313,-0.174298,-0.09323,0.05,1.0,0.0,0.02,1e-09
2.623263391000364,-1,0.14105461966467314,0.17684461966467313,-0.174298,0.096588,0.14105461966467314,-0.17348661966467313,-0.174298,-0.09323,0.05,1.0,0.0,0.02,1e-09
2.672219980999216,-1,0.14105461966467314,0.17684461966467313,-0.174298,0.096588,0.14105461966467314,-0.17348661966467313,-0.174298,-0.09323,0.05,1.0,0.0,0.02,1e-09
2.718362691997754,-1,0.14105461966467314,0.17684461966467313,-0.174298,0.096588,0.14105461966467314,-0.17348661966467313,-0.174298,-0.09323,0.05,1.0,0.0,0.02,1e-09
2.7711125549976714,-1,0.14105461966467314,0.17684461966467313,-0.174298,0.096588,0.14105461966467314,-0.17348661966467313,-0.174298,-0.09323,0.05,1.0,0.0,0.02,1e-09
2.8289396449981723,-1,0.14105461966467314,0.17684461966467313,-0.174298,0.096588,0.14105461966467314,-0.17348661966467313,-0.174298,-0.09323,0.05,1.0,0.0,0.02,1e-09
2.8717101420006657,-1,0.14105461966467314,0.17684461966467313,-0.174298,0.096588,0.14105461966467314,-0.17348661966467313,-0.174298,-0.09323,0.05,1.0,0.0,0.02,1e-09
2.92432553099934,-1,0.14105461966467314,0.17684461966467313,-0.174298,0.096588,0.14105461966467314,-0.17348661966467313,-0.174298,-0.09323,0.05,1.0,0.0,0.02,1e-09
2.9705064039990248,-1,0.14105461966467314,0.17684461966467313,-0.174298,0.096588,0.14105461966467314,-0.17348661966467313,-0.174298,-0.09323,0.05,1.0,0.0,0.02,1e-09
3.0165567379990534,-1,0.14105461966467314,0.17684461966467313,-0.174298,0.096588,0.14105461966467314,-0.17348661966467313,-0.174298,-0.09323,0.05,1.0,0.0,0.02,1e-09
3.071787681998103,-1,0.14105461966467314,0.17684461966467313,-0.174298,0.096588,0.14105461966467314,-0.17348661966467313,-0.174298,-0.09323,0.05,1.0,0.0,0.02,1e-09
3.1212089609980467,-1,0.14105461966467314,0.17684461966467313,-0.174298,0.096588,0.14105461966467314,-0.17348661966467313,-0.174298,-0.09323,0.05,1.0,0.0,0.02,1e-09
3.172094798999751,-1,0.14105461966467314,0.17684461966467313,-0.174298,0.096588,0.14105461966467314,-0.17348661966467313,-0.174298,-0.09323,0.05,1.0,0.0,0.02,1e-09
3.218239508998522,-1,0.14105461966467314,0.17684461966467313,-0.174298,0.096588,0.14105461966467314,-0.17348661966467313,-0.174298,-0.09323,0.05,1.0,0.0,0.02,1e-09
3.277990819999104,-1,0.14105461966467314,0.17684461966467313,-0.174298,0.096588,0.14105461966467314,-0.17348661966467313,-0.174298,-0.09323,0.05,1.0,0.0,0.02,1e-09
3.33049526099785,-1,0.14105461966467314,0.17684461966467313,-0.174298,0.096588,0.14105461966467314,-0.17348661966467313,-0.174298,-0.09323,0.05,1.0,0.0,0.02,1e-09
3.367840865998005,-1,0.14105461966467314,0.17684461966467313,-0.174298,0.096588,0.14105461966467314,-0.17348661966467313,-0.174298,-0.09323,0.05,1.0,0.0,0.02,1e-09
3.4217162469976756,-1,0.14105461966467314,0.17684461966467313,-0.174298,0.096588,0.14105461966467314,-0.17348661966467313,-0.174298,-0.09323,0.05,1.0,0.0,0.02,1e-09
3.466384916999232,-1,0.14105461966467314,0.17684461966467313,-0.174298,0.096588,0.14105461966467314,-0.17348661966467313,-0.174298,-0.09323,0.05,1.0,0.0,0.02,1e-09
3.5267694419999316,-1,0.14105461966467314,0.17684461966467313,-0.174298,0.096588,0.14105461966467314,-0.17348661966467313,-0.174298,-0.09323,0.05,1.0,0.0,0.02,1e-09
3.5676162729978387,-1,0.14105461966467314,0.17684461966467313,-0.174298,0.096588,0.14105461966467314,-0.17348661966467313,-0.174298,-0.09323,0.05,1.0,0.0,0.02,1e-09
3.631186695998622,-1,0.14105461966467314,0.17684461966467313,-0.174298,0.096588,0.14105461966467314,-0.17348661966467313,-0.174298,-0.09323,0.05,1.0,0.0,0.02,1e-09
3.6678148499995586,-1,0.14105461966467314,0.17684461966467313,-0.174298,0.096588,0.14105461966467314,-0.17348661966467313,-0.174298,-0.09323,0.05,1.0,0.0,0.02,1e-09
3.743500287997449,-1,0.14105461966467314,0.17684461966467313,-0.174298,0.096588,0.14105461966467314,-0.17348661966467313,-0.174298,-0.09323,0.05,1.0,0.0,0.02,1e-09
3.767904690997966,-1,0.14105461966467314,0.17684461966467313,-0.174298,0.096588,0.14105461966467314,-0.17348661966467313,-0.174298,-0.09323,0.05,1.0,0.0,0.02,1e-09
3.8230363619986747,-1,0.14105461966467314,0.17684461966467313,-0.174298,0.096588,0.14105461966467314,-0.17348661966467313,-0.174298,-0.09323,0.05,1.0,0.0,0.02,1e-09
3.875277847997495,-1,0.14105461966467314,0.17684461966467313,-0.174298,0.096588,0.14105461966467314,-0.17348661966467313,-0.174298,-0.09323,0.05,1.0,0.0,0.02,1e-09
3.917464056998142,-1,0.14105461966467314,0.17684461966467313,-0.174298,0.096588,0.14105461966467314,-0.17348661966467313,-0.174298,-0.09323,0.05,1.0,0.0,0.02,1e-09
3.9703194119974796,-1,0.14105461966467314,0.17684461966467313,-0.174298,0.096588,0.14105461966467314,-0.17348661966467313,-0.174298,-0.09323,0.05,1.0,0.0,0.02,1e-09
4.022328203998768,-1,0.14105461966467314,0.17684461966467313,-0.174298,0.096588,0.14105461966467314,-0.17348661966467313,-0.174298,-0.09323,0.05,1.0,0.0,0.02,1e-09
4.072186518998933,-1,0.14105461966467314,0.17684461966467313,-0.174298,0.096588,0.14105461966467314,-0.17348661966467313,-0.174298,-0.09323,0.05,1.0,0.0,0.02,1e-09
4.122786168998573,-1,0.14105461966467314,0.17684461966467313,-0.174298,0.096588,0.14105461966467314,-0.17348661966467313,-0.174298,-0.09323,0.05,1.0,0.0,0.02,1e-09
4.174730263999663,-1,0.14105461966467314,0.17684461966467313,-0.174298,0.096588,0.14105461966467314,-0.17348661966467313,-0.174298,-0.09323,0.05,1.0,0.0,0.02,1e-09
4.231883188000211,-1,0.14105461966467314,0.17684461966467313,-0.174298,0.096588,0.14105461966467314,-0.17348661966467313,-0.174298,-0.09323,0.05,1.0,0.0,0.02,1e-09
4.274474718997226,-1,0.14105461966467314,0.17684461966467313,-0.174298,0.096588,0.14105461966467314,-0.17348661966467313,-0.174298,-0.09323,0.05,1.0,0.0,0.02,1e-09
4.333953820998431,-1,0.14105461966467314,0.17684461966467313,-0.174298,0.096588,0.14105461966467314,-0.17348661966467313,-0.174298,-0.09323,0.05,1.0,0.0,0.02,1e-09
4.36972007499935,-1,0.14105461966467314,0.17684461966467313,-0.174298,0.096588,0.14105461966467314,-0.17348661966467313,-0.174298,-0.09323,0.05,1.0,0.0,0.02,1e-09
4.419078659997467,-1,0.14105461966467314,0.17684461966467313,-0.174298,0.096588,0.14105461966467314,-0.17348661966467313,-0.174298,-0.09323,0.05,1.0,0.0,0.02,1e-09
4.469050945997878,-1,0.14105461966467314,0.17684461966467313,-0.174298,0.096588,0.14105461966467314,-0.17348661966467313,-0.174298,-0.09323,0.05,1.0,0.0,0.02,1e-09
4.5185261119986535,-1,0.14105461966467314,0.17684461966467313,-0.174298,0.096588,0.14105461966467314,-0.17348661966467313,-0.174298,-0.09323,0.05,1.0,0.0,0.02,1e-09
4.570978048999677,-1,0.14105461966467314,0.17684461966467313,-0.174298,0.096588,0.14105461966467314,-0.17348661966467313,-0.174298,-0.09323,0.05,1.0,0.0,0.02,1e-09
4.62032966499828,-1,0.14105461966467314,0.17684461966467313,-0.174298,0.096588,0.14105461966467314,-0.17348661966467313,-0.174298,-0.09323,0.05,1.0,0.0,0.02,1e-09
4.666344321998622,-1,0.14105461966467314,0.17684461966467313,-0.174298,0.096588,0.14105461966467314,-0.17348661966467313,-0.174298,-0.09323,0.05,1.0,0.0,0.02,1e-09
4.722999437999533,-1,0.14105461966467314,0.17684461966467313,-0.174298,0.096588,0.14105461966467314,-0.17348661966467313,-0.174298,-0.09323,0.05,1.0,0.0,0.02,1e-09
4.769517335000273,-1,0.14105461966467314,0.17684461966467313,-0.174298,0.096588,0.14105461966467314,-0.17348661966467313,-0.174298,-0.09323,0.05,1.0,0.0,0.02,1e-09
4.817802894998749,-1,0.14105461966467314,0.17684461966467313,-0.174298,0.096588,0.14105461966467314,-0.17348661966467313,-0.174298,-0.09323,0.05,1.0,0.0,0.02,1e-09
4.874876650999795,-1,0.14105461966467314,0.17684461966467313,-0.174298,0.096588,0.14105461966467314,-0.17348661966467313,-0.174298,-0.09323,0.05,1.0,0.0,0.02,1e-09
4.922325976000138,-1,0.14105461966467314,0.17684461966467313,-0.174298,0.096588,0.14105461966467314,-0.17348661966467313,-0.174298,-0.09323,0.05,1.0,0.0,0.02,1e-09
4.966464584998903,-1,0.14105461966467314,0.17684461966467313,-0.174298,0.096588,0.14105461966467314,-0.17348661966467313,-0.174298,-0.09323,0.05,1.0,0.0,0.02,1e-09
5.020772984997166,-1,0.14105461966467314,0.17684461966467313,-0.174298,0.096588,0.14105461966467314,-0.17348661966467313,-0.174298,-0.09323,0.05,1.0,0.0,0.02,1e-09
5.071727489998011,-1,0.14105461966467314,0.17684461966467313,-0.174298,0.096588,0.14105461966467314,-0.17348661966467313,-0.174298,-0.09323,0.05,1.0,0.0,0.02,1e-09
5.123718118997203,-1,0.14105461966467314,0.17684461966467313,-0.174298,0.096588,0.14105461966467314,-0.17348661966467313,-0.174298,-0.09323,0.05,1.0,0.0,0.02,1e-09
5.170424425999954,-1,0.14105461966467314,0.17684461966467313,-0.174298,0.096588,0.14105461966467314,-0.17348661966467313,-0.174298,-0.09323,0.05,1.0,0.0,0.02,1e-09
5.231926684999053,-1,0.14105461966467314,0.17684461966467313,-0.174298,0.096588,0.14105461966467314,-0.17348661966467313,-0.174298,-0.09323,0.05,1.0,0.0,0.02,1e-09
5.295518867998908,-1,0.14105461966467314,0.17684461966467313,-0.174298,0.096588,0.14105461966467314,-0.17348661966467313,-0.174298,-0.09323,0.05,1.0,0.0,0.02,1e-09
5.324790767997911,-1,0.14105461966467314,0.17684461966467313,-0.174298,0.096588,0.14105461966467314,-0.17348661966467313,-0.174298,-0.09323,0.05,1.0,0.0,0.02,1e-09
5.379506515997491,-1,0.14105461966467314,0.17684461966467313,-0.174298,0.096588,0.14105461966467314,-0.17348661966467313,-0.174298,-0.09323,0.05,1.0,0.0,0.02,1e-09
5.427674819999083,-1,0.14105461966467314,0.17684461966467313,-0.174298,0.096588,0.14105461966467314,-0.17348661966467313,-0.174298,-0.09323,0.05,1.0,0.0,0.02,1e-09
5.468318658997305,-1,0.14105461966467314,0.17684461966467313,-0.174298,0.096588,0.14105461966467314,-0.17348661966467313,-0.174298,-0.09323,0.05,1.0,0.0,0.02,1e-09
5.522579741998925,-1,0.14105461966467314,0.17684461966467313,-0.174298,0.096588,0.14105461966467314,-0.17348661966467313,-0.174298,-0.09323,0.05,1.0,0.0,0.02,1e-09
5.571800434998295,-1,0.14105461966467314,0.17684461966467313,-0.174298,0.096588,0.14105461966467314,-0.17348661966467313,-0.174298,-0.09323,0.05,1.0,0.0,0.02,1e-09
5.621476103999157,-1,0.14105461966467314,0.17684461966467313,-0.174298,0.096588,0.14105461966467314,-0.17348661966467313,-0.174298,-0.09323,0.05,1.0,0.0,0.02,1e-09
5.671076162998361,-1,0.14105461966467314,0.17684461966467313,-0.174298,0.096588,0.14105461966467314,-0.17348661966467313,-0.174298,-0.09323,0.05,1.0,0.0,0.02,1e-09
5.726827251997747,-1,0.14105461966467314,0.17684461966467313,-0.174298,0.096588,0.14105461966467314,-0.17348661966467313,-0.174298,-0.09323,0.05,1.0,0.0,0.02,1e-09
5.7754646229986975,-1,0.14105461966467314,0.17684461966467313,-0.174298,0.096588,0.14105461966467314,-0.17348661966467313,-0.174298,-0.09323,0.05,1.0,0.0,0.02,1e-09
5.822817173000658,-1,0.14105461966467314,0.17684461966467313,-0.174298,0.096588,0.14105461966467314,-0.17348661966467313,-0.174298,-0.09323,0.05,1.0,0.0,0.02,1e-09
5.877805536998494,-1,0.14105461966467314,0.17684461966467313,-0.174298,0.096588,0.14105461966467314,-0.17348661966467313,-0.174298,-0.09323,0.05,1.0,0.0,0.02,1e-09
5.923506425999221,-1,0.14105461966467314,0.17684461966467313,-0.174298,0.096588,0.14105461966467314,-0.17348661966467313,-0.174298,-0.09323,0.05,1.0,0.0,0.02,1e-09
5.96896894299789,-1,0.14105461966467314,0.17684461966467313,-0.174298,0.096588,0.14105461966467314,-0.17348661966467313,-0.174298,-0.09323,0.05,1.0,0.0,0.02,1e-09
6.024126735999744,-1,0.14105461966467314,0.17684461966467313,-0.174298,0.096588,0.14105461966467314,-0.17348661966467313,-0.174298,-0.09323,0.05,1.0,0.0,0.02,1e-09
6.0717885559970455,-1,0.14105461966467314,0.17684461966467313,-0.174298,0.096588,0.14105461966467314,-0.17348661966467313,-0.174298,-0.09323,0.05,1.0,0.0,0.02,1e-09
6.120992574997217,-1,0.14105461966467314,0.17684461966467313,-0.174298,0.096588,0.14105461966467314,-0.17348661966467313,-0.174298,-0.09323,0.05,1.0,0.0,0.02,1e-09
6.176046963999397,-1,0.14105461966467314,0.17684461966467313,-0.174298,0.096588,0.14105461966467314,-0.17348661966467313,-0.174298,-0.09323,0.05,1.0,0.0,0.02,1e-09
6.242655993999506,-1,0.14105461966467314,0.17684461966467313,-0.174298,0.096588,0.14105461966467314,-0.17348661966467313,-0.174298,-0.09323,0.05,1.0,0.0,0.02,1e-09
6.276726611999038,-1,0.14105461966467314,0.17684461966467313,-0.174298,0.096588,0.14105461966467314,-0.17348661966467313,-0.174298,-0.09323,0.05,1.0,0.0,0.02,1e-09
6.32386741099981,-1,0.14105461966467314,0.17684461966467313,-0.174298,0.096588,0.14105461966467314,-0.17348661966467313,-0.174298,-0.09323,0.05,1.0,0.0,0.02,1e-09
6.371446941997419,-1,0.14105461966467314,0.17684461966467313,-0.174298,0.096588,0.14105461966467314,-0.17348661966467313,-0.174298,-0.09323,0.05,1.0,0.0,0.02,1e-09
6.475709149999602,-1,0.14105461966467314,0.17684461966467313,-0.174298,0.096588,0.14105461966467314,-0.17348661966467313,-0.174298,-0.09323,0.05,1.0,0.0,0.02,1e-09
6.483907696998358,-1,0.14105461966467314,0.17684461966467313,-0.174298,0.096588,0.14105461966467314,-0.17348661966467313,-0.174298,-0.09323,0.05,1.0,0.0,0.02,1e-09
6.52059985699816,-1,0.14105461966467314,0.17684461966467313,-0.174298,0.096588,0.14105461966467314,-0.17348661966467313,-0.174298,-0.09323,0.05,1.0,0.0,0.02,1e-09
6.570825082999363,-1,0.14105461966467314,0.17684461966467313,-0.174298,0.096588,0.14105461966467314,-0.17348661966467313,-0.174298,-0.09323,0.05,1.0,0.0,0.02,1e-09
6.618717294997623,-1,0.14105461966467314,0.17684461966467313,-0.174298,0.096588,0.14105461966467314,-0.17348661966467313,-0.174298,-0.09323,0.05,1.0,0.0,0.02,1e-09
6.672986503999709,-1,0.14105461966467314,0.17684461966467313,-0.174298,0.096588,0.14105461966467314,-0.17348661966467313,-0.174298,-0.09323,0.05,1.0,0.0,0.02,1e-09
6.726832659998763,-1,0.14105461966467314,0.17684461966467313,-0.174298,0.096588,0.14105461966467314,-0.17348661966467313,-0.174298,-0.09323,0.05,1.0,0.0,0.02,1e-09
6.770214582000335,-1,0.14105461966467314,0.17684461966467313,-0.174298,0.096588,0.14105461966467314,-0.17348661966467313,-0.174298,-0.09323,0.05,1.0,0.0,0.02,1e-09
6.820809868997458,-1,0.14105461966467314,0.17684461966467313,-0.174298,0.096588,0.14105461966467314,-0.17348661966467313,-0.174298,-0.09323,0.05,1.0,0.0,0.02,1e-09
6.870764450999559,-1,0.14105461966467314,0.17684461966467313,-0.174298,0.096588,0.14105461966467314,-0.17348661966467313,-0.174298,-0.09323,0.05,1.0,0.0,0.02,1e-09
6.92261411599975,-1,0.14105461966467314,0.17684461966467313,-0.174298,0.096588,0.14105461966467314,-0.17348661966467313,-0.174298,-0.09323,0.05,1.0,0.0,0.02,1e-09
6.966965682000591,-1,0.14105461966467314,0.17684461966467313,-0.174298,0.096588,0.14105461966467314,-0.17348661966467313,-0.174298,-0.09323,0.05,1.0,0.0,0.02,1e-09
7.024000871999306,-1,0.14105461966467314,0.17684461966467313,-0.174298,0.096588,0.14105461966467314,-0.17348661966467313,-0.174298,-0.09323,0.05,1.0,0.0,0.02,1e-09
7.081605508999928,-1,0.14105461966467314,0.17684461966467313,-0.174298,0.096588,0.14105461966467314,-0.17348661966467313,-0.174298,-0.09323,0.05,1.0,0.0,0.02,1e-09
7.134470960998442,-1,0.14105461966467314,0.17684461966467313,-0.174298,0.096588,0.14105461966467314,-0.17348661966467313,-0.174298,-0.09323,0.05,1.0,0.0,0.02,1e-09
7.172409561997483,-1,0.14105461966467314,0.17684461966467313,-0.174298,0.096588,0.14105461966467314,-0.17348661966467313,-0.174298,-0.09323,0.05,1.0,0.0,0.02,1e-09
7.2270070199992915,-1,0.14105461966467314,0.17684461966467313,-0.174298,0.096588,0.14105461966467314,-0.17348661966467313,-0.174298,-0.09323,0.05,1.0,0.0,0.02,1e-09
7.268526249998104,-1,0.14105461966467314,0.17684461966467313,-0.174298,0.096588,0.14105461966467314,-0.17348661966467313,-0.174298,-0.09323,0.05,1.0,0.0,0.02,1e-09
7.321138430997962,-1,0.14105461966467314,0.17684461966467313,-0.174298,0.096588,0.14105461966467314,-0.17348661966467313,-0.174298,-0.09323,0.05,1.0,0.0,0.02,1e-09
7.37228171300012,-1,0.14105461966467314,0.17684461966467313,-0.174298,0.096588,0.14105461966467314,-0.17348661966467313,-0.174298,-0.09323,0.05,1.0,0.0,0.02,1e-09
7.41886394699759,-1,0.14105461966467314,0.17684461966467313,-0.174298,0.096588,0.14105461966467314,-0.17348661966467313,-0.174298,-0.09323,0.05,1.0,0.0,0.02,1e-09
7.471106131997658,-1,0.14105461966467314,0.17684461966467313,-0.174298,0.096588,0.14105461966467314,-0.17348661966467313,-0.174298,-0.09323,0.05,1.0,0.0,0.02,1e-09
7.524570603000029,-1,0.14105461966467314,0.17684461966467313,-0.174298,0.096588,0.14105461966467314,-0.17348661966467313,-0.174298,-0.09323,0.05,1.0,0.0,0.02,1e-09
7.575387600998511,-1,0.14105461966467314,0.17684461966467313,-0.174298,0.096588,0.14105461966467314,-0.17348661966467313,-0.174298,-0.09323,0.05,1.0,0.0,0.02,1e-09
7.61970007799755,-1,0.14105461966467314,0.17684461966467313,-0.174298,0.096588,0.14105461966467314,-0.17348661966467313,-0.174298,-0.09323,0.05,1.0,0.0,0.02,1e-09
7.669046454997442,-1,0.14105461966467314,0.17684461966467313,-0.174298,0.096588,0.14105461966467314,-0.17348661966467313,-0.174298,-0.09323,0.05,1.0,0.0,0.02,1e-09
7.73037720299908,-1,0.14105461966467314,0.17684461966467313,-0.174298,0.096588,0.14105461966467314,-0.17348661966467313,-0.174298,-0.09323,0.05,1.0,0.0,0.02,1e-09
7.767894086999149,-1,0.14105461966467314,0.17684461966467313,-0.174298,0.096588,0.14105461966467314,-0.17348661966467313,-0.174298,-0.09323,0.05,1.0,0.0,0.02,1e-09
7.819660496999859,-1,0.14105461966467314,0.17684461966467313,-0.174298,0.096588,0.14105461966467314,-0.17348661966467313,-0.174298,-0.09323,0.05,1.0,0.0,0.02,1e-09
7.868016169999464,-1,0.14105461966467314,0.17684461966467313,-0.174298,0.096588,0.14105461966467314,-0.17348661966467313,-0.174298,-0.09323,0.05,1.0,0.0,0.02,1e-09
7.922982973999751,-1,0.14105461966467314,0.17684461966467313,-0.174298,0.096588,0.14105461966467314,-0.17348661966467313,-0.174298,-0.09323,0.05,1.0,0.0,0.02,1e-09
7.977521835997322,-1,0.14105461966467314,0.17684461966467313,-0.174298,0.096588,0.14105461966467314,-0.17348661966467313,-0.174298,-0.09323,0.05,1.0,0.0,0.02,1e-09
8.020984276998206,-1,0.14105461966467314,0.17684461966467313,-0.174298,0.096588,0.14105461966467314,-0.17348661966467313,-0.174298,-0.09323,0.05,1.0,0.0,0.02,1e-09
8.067566829999123,-1,0.14105461966467314,0.17684461966467313,-0.174298,0.096588,0.14105461966467314,-0.17348661966467313,-0.174298,-0.09323,0.05,1.0,0.0,0.02,1e-09
8.12695266999799,-1,0.14105461966467314,0.17684461966467313,-0.174298,0.096588,0.14105461966467314,-0.17348661966467313,-0.174298,-0.09323,0.05,1.0,0.0,0.02,1e-09
8.170871561997046,-1,0.14105461966467314,0.17684461966467313,-0.174298,0.096588,0.14105461966467314,-0.17348661966467313,-0.174298,-0.09323,0.05,1.0,0.0,0.02,1e-09
8.222358284998336,-1,0.14105461966467314,0.17684461966467313,-0.174298,0.096588,0.14105461966467314,-0.17348661966467313,-0.174298,-0.09323,0.05,1.0,0.0,0.02,1e-09
8.269463007000013,-1,0.14105461966467314,0.17684461966467313,-0.174298,0.096588,0.14105461966467314,-0.17348661966467313,-0.174298,-0.09323,0.05,1.0,0.0,0.02,1e-09
8.318820124997728,-1,0.14105461966467314,0.17684461966467313,-0.174298,0.096588,0.14105461966467314,-0.17348661966467313,-0.174298,-0.09323,0.05,1.0,0.0,0.02,1e-09
8.369563410997216,-1,0.14105461966467314,0.17684461966467313,-0.174298,0.096588,0.14105461966467314,-0.17348661966467313,-0.174298,-0.09323,0.05,1.0,0.0,0.02,1e-09
8.422312527000031,-1,0.14105461966467314,0.17684461966467313,-0.174298,0.096588,0.14105461966467314,-0.17348661966467313,-0.174298,-0.09323,0.05,1.0,0.0,0.02,1e-09
8.466557019997708,-1,0.14105461966467314,0.17684461966467313,-0.174298,0.096588,0.14105461966467314,-0.17348661966467313,-0.174298,-0.09323,0.05,1.0,0.0,0.02,1e-09
8.521182354998018,-1,0.14105461966467314,0.17684461966467313,-0.174298,0.096588,0.14105461966467314,-0.17348661966467313,-0.174298,-0.09323,0.05,1.0,0.0,0.02,1e-09
8.571056787997804,-1,0.14105461966467314,0.17684461966467313,-0.174298,0.096588,0.14105461966467314,-0.17348661966467313,-0.174298,-0.09323,0.05,1.0,0.0,0.02,1e-09
8.622450912000204,-1,0.14105461966467314,0.17684461966467313,-0.174298,0.096588,0.14105461966467314,-0.17348661966467313,-0.174298,-0.09323,0.05,1.0,0.0,0.02,1e-09
8.670696941997448,-1,0.14105461966467314,0.17684461966467313,-0.174298,0.096588,0.14105461966467314,-0.17348661966467313,-0.174298,-0.09323,0.05,1.0,0.0,0.02,1e-09
8.731209650999517,-1,0.14105461966467314,0.17684461966467313,-0.174298,0.096588,0.14105461966467314,-0.17348661966467313,-0.174298,-0.09323,0.05,1.0,0.0,0.02,1e-09
8.768357720000495,-1,0.14105461966467314,0.17684461966467313,-0.174298,0.096588,0.14105461966467314,-0.17348661966467313,-0.174298,-0.09323,0.05,1.0,0.0,0.02,1e-09
8.820087585998408,-1,0.14105461966467314,0.17684461966467313,-0.174298,0.096588,0.14105461966467314,-0.17348661966467313,-0.174298,-0.09323,0.05,1.0,0.0,0.02,1e-09
8.870390011998097,-1,0.14105461966467314,0.17684461966467313,-0.174298,0.096588,0.14105461966467314,-0.17348661966467313,-0.174298,-0.09323,0.05,1.0,0.0,0.02,1e-09
8.929875227000593,-1,0.14105461966467314,0.17684461966467313,-0.174298,0.096588,0.14105461966467314,-0.17348661966467313,-0.174298,-0.09323,0.05,1.0,0.0,0.02,1e-09
8.972070559997519,-1,0.14105461966467314,0.17684461966467313,-0.174298,0.096588,0.14105461966467314,-0.17348661966467313,-0.174298,-0.09323,0.05,1.0,0.0,0.02,1e-09
9.02258661399901,-1,0.14105461966467314,0.17684461966467313,-0.174298,0.096588,0.14105461966467314,-0.17348661966467313,-0.174298,-0.09323,0.05,1.0,0.0,0.02,1e-09
9.072864073998062,-1,0.14105461966467314,0.17684461966467313,-0.174298,0.096588,0.14105461966467314,-0.17348661966467313,-0.174298,-0.09323,0.05,1.0,0.0,0.02,1e-09
9.120554304998223,-1,0.14105461966467314,0.17684461966467313,-0.174298,0.096588,0.14105461966467314,-0.17348661966467313,-0.174298,-0.09323,0.05,1.0,0.0,0.02,1e-09
9.17435922599907,-1,0.14105461966467314,0.17684461966467313,-0.174298,0.096588,0.14105461966467314,-0.17348661966467313,-0.174298,-0.09323,0.05,1.0,0.0,0.02,1e-09
9.219589615997393,-1,0.14105461966467314,0.17684461966467313,-0.174298,0.096588,0.14105461966467314,-0.17348661966467313,-0.174298,-0.09323,0.05,1.0,0.0,0.02,1e-09
9.271291750999808,-1,0.14105461966467314,0.17684461966467313,-0.174298,0.096588,0.14105461966467314,-0.17348661966467313,-0.174298,-0.09323,0.05,1.0,0.0,0.02,1e-09
9.328042467997875,-1,0.14105461966467314,0.17684461966467313,-0.174298,0.096588,0.14105461966467314,-0.17348661966467313,-0.174298,-0.09323,0.05,1.0,0.0,0.02,1e-09
9.37667664699984,-1,0.14105461966467314,0.17684461966467313,-0.174298,0.096588,0.14105461966467314,-0.17348661966467313,-0.174298,-0.09323,0.05,1.0,0.0,0.02,1e-09
9.426309926999238,-1,0.14105461966467314,0.17684461966467313,-0.174298,0.096588,0.14105461966467314,-0.17348661966467313,-0.174298,-0.09323,0.05,1.0,0.0,0.02,1e-09
9.47402985699955,-1,0.14105461966467314,0.17684461966467313,-0.174298,0.096588,0.14105461966467314,-0.17348661966467313,-0.174298,-0.09323,0.05,1.0,0.0,0.02,1e-09
9.52045758299937,-1,0.14105461966467314,0.17684461966467313,-0.174298,0.096588,0.14105461966467314,-0.17348661966467313,-0.174298,-0.09323,0.05,1.0,0.0,0.02,1e-09
9.571997312999883,-1,0.14105461966467314,0.17684461966467313,-0.174298,0.096588,0.14105461966467314,-0.17348661966467313,-0.174298,-0.09323,0.05,1.0,0.0,0.02,1e-09
9.627750059000391,-1,0.14105461966467314,0.17684461966467313,-0.174298,0.096588,0.14105461966467314,-0.17348661966467313,-0.174298,-0.09323,0.05,1.0,0.0,0.02,1e-09
9.670347957999184,-1,0.14105461966467314,0.17684461966467313,-0.174298,0.096588,0.14105461966467314,-0.17348661966467313,-0.174298,-0.09323,0.05,1.0,0.0,0.02,1e-09
9.719202413998573,-1,0.14105461966467314,0.17684461966467313,-0.174298,0.096588,0.14105461966467314,-0.17348661966467313,-0.174298,-0.09323,0.05,1.0,0.0,0.02,1e-09
9.771806115997606,-1,0.14105461966467314,0.17684461966467313,-0.174298,0.096588,0.14105461966467314,-0.17348661966467313,-0.174298,-0.09323,0.05,1.0,0.0,0.02,1e-09
9.817928749998828,-1,0.14105461966467314,0.17684461966467313,-0.174298,0.096588,0.14105461966467314,-0.17348661966467313,-0.174298,-0.09323,0.05,1.0,0.0,0.02,1e-09
9.876542497000628,-1,0.14105461966467314,0.17684461966467313,-0.174298,0.096588,0.14105461966467314,-0.17348661966467313,-0.174298,-0.09323,0.05,1.0,0.0,0.02,1e-09
9.922829928000283,-1,0.14105461966467314,0.17684461966467313,-0.174298,0.096588,0.14105461966467314,-0.17348661966467313,-0.174298,-0.09323,0.05,1.0,0.0,0.02,1e-09
9.967106683998281,-1,0.14105461966467314,0.17684461966467313,-0.174298,0.096588,0.14105461966467314,-0.17348661966467313,-0.174298,-0.09323,0.05,1.0,0.0,0.02,1e-09
10.019173429998773,-1,0.14105461966467314,0.17684461966467313,-0.174298,0.096588,0.14105461966467314,-0.17348661966467313,-0.174298,-0.09323,0.05,1.0,0.0,0.02,1e-09
10.073545470997487,-1,0.14105461966467314,0.17684461966467313,-0.174298,0.096588,0.14105461966467314,-0.17348661966467313,-0.174298,-0.09323,0.05,1.0,0.0,0.02,1e-09
10.11938144299711,-1,0.14105461966467314,0.17684461966467313,-0.174298,0.096588,0.14105461966467314,-0.17348661966467313,-0.174298,-0.09323,0.05,1.0,0.0,0.02,1e-09
10.170531458999903,-1,0.14105461966467314,0.17684461966467313,-0.174298,0.096588,0.14105461966467314,-0.17348661966467313,-0.174298,-0.09323,0.05,1.0,0.0,0.02,1e-09
10.217326461999619,-1,0.14105461966467314,0.17684461966467313,-0.174298,0.096588,0.14105461966467314,-0.17348661966467313,-0.174298,-0.09323,0.05,1.0,0.0,0.02,1e-09
10.28254496199952,-1,0.14105461966467314,0.17684461966467313,-0.174298,0.096588,0.14105461966467314,-0.17348661966467313,-0.174298,-0.09323,0.05,1.0,0.0,0.02,1e-09
10.33206487699863,-1,0.14105461966467314,0.17684461966467313,-0.174298,0.096588,0.14105461966467314,-0.17348661966467313,-0.174298,-0.09323,0.05,1.0,0.0,0.02,1e-09
10.374720468997111,-1,0.14105461966467314,0.17684461966467313,-0.174298,0.096588,0.14105461966467314,-0.17348661966467313,-0.174298,-0.09323,0.05,1.0,0.0,0.02,1e-09
10.418464226000651,-1,0.14105461966467314,0.17684461966467313,-0.174298,0.096588,0.14105461966467314,-0.17348661966467313,-0.174298,-0.09323,0.05,1.0,0.0,0.02,1e-09
10.488087011999596,-1,0.14105461966467314,0.17684461966467313,-0.174298,0.096588,0.14105461966467314,-0.17348661966467313,-0.174298,-0.09323,0.05,1.0,0.0,0.02,1e-09
10.518876186997659,-1,0.14105461966467314,0.17684461966467313,-0.174298,0.096588,0.14105461966467314,-0.17348661966467313,-0.174298,-0.09323,0.05,1.0,0.0,0.02,1e-09
10.580001024998637,-1,0.14105461966467314,0.17684461966467313,-0.174298,0.096588,0.14105461966467314,-0.17348661966467313,-0.174298,-0.09323,0.05,1.0,0.0,0.02,1e-09
10.617779560998315,-1,0.14105461966467314,0.17684461966467313,-0.174298,0.096588,0.14105461966467314,-0.17348661966467313,-0.174298,-0.09323,0.05,1.0,0.0,0.02,1e-09
10.671125372999086,-1,0.14105461966467314,0.17684461966467313,-0.174298,0.096588,0.14105461966467314,-0.17348661966467313,-0.174298,-0.09323,0.05,1.0,0.0,0.02,1e-09
10.719994535997103,-1,0.14105461966467314,0.17684461966467313,-0.174298,0.096588,0.14105461966467314,-0.17348661966467313,-0.174298,-0.09323,0.05,1.0,0.0,0.02,1e-09
10.773247296998306,-1,0.14105461966467314,0.17684461966467313,-0.174298,0.096588,0.14105461966467314,-0.17348661966467313,-0.174298,-0.09323,0.05,1.0,0.0,0.02,1e-09
10.826396601998567,-1,0.14105461966467314,0.17684461966467313,-0.174298,0.096588,0.14105461966467314,-0.17348661966467313,-0.174298,-0.09323,0.05,1.0,0.0,0.02,1e-09
10.868526971997198,-1,0.14105461966467314,0.17684461966467313,-0.174298,0.096588,0.14105461966467314,-0.17348661966467313,-0.174298,-0.09323,0.05,1.0,0.0,0.02,1e-09
10.918442220998259,-1,0.14105461966467314,0.17684461966467313,-0.174298,0.096588,0.14105461966467314,-0.17348661966467313,-0.174298,-0.09323,0.05,1.0,0.0,0.02,1e-09
10.971280081997975,-1,0.14105461966467314,0.17684461966467313,-0.174298,0.096588,0.14105461966467314,-0.17348661966467313,-0.174298,-0.09323,0.05,1.0,0.0,0.02,1e-09
11.02322752100008,-1,0.14105461966467314,0.17684461966467313,-0.174298,0.096588,0.14105461966467314,-0.17348661966467313,-0.174298,-0.09323,0.05,1.0,0.0,0.02,1e-09
11.071227016000194,-1,0.14105461966467314,0.17684461966467313,-0.174298,0.096588,0.14105461966467314,-0.17348661966467313,-0.174298,-0.09323,0.05,1.0,0.0,0.02,1e-09
11.121166513999924,-1,0.14105461966467314,0.17684461966467313,-0.174298,0.096588,0.14105461966467314,-0.17348661966467313,-0.174298,-0.09323,0.05,1.0,0.0,0.02,1e-09
11.169292409998889,-1,0.14105461966467314,0.17684461966467313,-0.174298,0.096588,0.14105461966467314,-0.17348661966467313,-0.174298,-0.09323,0.05,1.0,0.0,0.02,1e-09
11.217797738998343,-1,0.14105461966467314,0.17684461966467313,-0.174298,0.096588,0.14105461966467314,-0.17348661966467313,-0.174298,-0.09323,0.05,1.0,0.0,0.02,1e-09
11.268533065998781,-1,0.14105461966467314,0.17684461966467313,-0.174298,0.096588,0.14105461966467314,-0.17348661966467313,-0.174298,-0.09323,0.05,1.0,0.0,0.02,1e-09
11.354076505998819,-1,0.14105461966467314,0.17684461966467313,-0.174298,0.096588,0.14105461966467314,-0.17348661966467313,-0.174298,-0.09323,0.05,1.0,0.0,0.02,1e-09
11.3998890820003,-1,0.14105461966467314,0.17684461966467313,-0.174298,0.096588,0.14105461966467314,-0.17348661966467313,-0.174298,-0.09323,0.05,1.0,0.0,0.02,1e-09
11.422791785997106,-1,0.14105461966467314,0.17684461966467313,-0.174298,0.096588,0.14105461966467314,-0.17348661966467313,-0.174298,-0.09323,0.05,1.0,0.0,0.02,1e-09
11.473929870997381,-1,0.14105461966467314,0.17684461966467313,-0.174298,0.096588,0.14105461966467314,-0.17348661966467313,-0.174298,-0.09323,0.05,1.0,0.0,0.02,1e-09
11.530787512998359,-1,0.14105461966467314,0.17684461966467313,-0.174298,0.096588,0.14105461966467314,-0.17348661966467313,-0.174298,-0.09323,0.05,1.0,0.0,0.02,1e-09
11.569459768998058,-1,0.14105461966467314,0.17684461966467313,-0.174298,0.096588,0.14105461966467314,-0.17348661966467313,-0.174298,-0.09323,0.05,1.0,0.0,0.02,1e-09
11.623715678997542,-1,0.14105461966467314,0.17684461966467313,-0.174298,0.096588,0.14105461966467314,-0.17348661966467313,-0.174298,-0.09323,0.05,1.0,0.0,0.02,1e-09
11.670378783997876,-1,0.14105461966467314,0.17684461966467313,-0.174298,0.096588,0.14105461966467314,-0.17348661966467313,-0.174298,-0.09323,0.05,1.0,0.0,0.02,1e-09
11.718971656999202,-1,0.14105461966467314,0.17684461966467313,-0.174298,0.096588,0.14105461966467314,-0.17348661966467313,-0.174298,-0.09323,0.05,1.0,0.0,0.02,1e-09
11.767465179000283,-1,0.14105461966467314,0.17684461966467313,-0.174298,0.096588,0.14105461966467314,-0.17348661966467313,-0.174298,-0.09323,0.05,1.0,0.0,0.02,1e-09
11.81752762799806,-1,0.14105461966467314,0.17684461966467313,-0.174298,0.096588,0.14105461966467314,-0.17348661966467313,-0.174298,-0.09323,0.05,1.0,0.0,0.02,1e-09
11.868012266997539,-1,0.14105461966467314,0.17684461966467313,-0.174298,0.096588,0.14105461966467314,-0.17348661966467313,-0.174298,-0.09323,0.05,1.0,0.0,0.02,1e-09
11.923756934000266,-1,0.14105461966467314,0.17684461966467313,-0.174298,0.096588,0.14105461966467314,-0.17348661966467313,-0.174298,-0.09323,0.05,1.0,0.0,0.02,1e-09
11.975435037998977,-1,0.14105461966467314,0.17684461966467313,-0.174298,0.096588,0.14105461966467314,-0.17348661966467313,-0.174298,-0.09323,0.05,1.0,0.0,0.02,1e-09
12.026240914998198,-1,0.14105461966467314,0.17684461966467313,-0.174298,0.096588,0.14105461966467314,-0.17348661966467313,-0.174298,-0.09323,0.05,1.0,0.0,0.02,1e-09
12.071241836998524,-1,0.14105461966467314,0.17684461966467313,-0.174298,0.096588,0.14105461966467314,-0.17348661966467313,-0.174298,-0.09323,0.05,1.0,0.0,0.02,1e-09
12.122760921000008,-1,0.14105461966467314,0.17684461966467313,-0.174298,0.096588,0.14105461966467314,-0.17348661966467313,-0.174298,-0.09323,0.05,1.0,0.0,0.02,1e-09
12.175826435999625,-1,0.14105461966467314,0.17684461966467313,-0.174298,0.096588,0.14105461966467314,-0.17348661966467313,-0.174298,-0.09323,0.05,1.0,0.0,0.02,1e-09
12.217525176998606,-1,0.14105461966467314,0.17684461966467313,-0.174298,0.096588,0.14105461966467314,-0.17348661966467313,-0.174298,-0.09323,0.05,1.0,0.0,0.02,1e-09
12.274250325997855,-1,0.14105461966467314,0.17684461966467313,-0.174298,0.096588,0.14105461966467314,-0.17348661966467313,-0.174298,-0.09323,0.05,1.0,0.0,0.02,1e-09
12.322369850997347,-1,0.14105461966467314,0.17684461966467313,-0.174298,0.096588,0.14105461966467314,-0.17348661966467313,-0.174298,-0.09323,0.05,1.0,0.0,0.02,1e-09
12.37317879299735,-1,0.14105461966467314,0.17684461966467313,-0.174298,0.096588,0.14105461966467314,-0.17348661966467313,-0.174298,-0.09323,0.05,1.0,0.0,0.02,1e-09
12.418559112997173,-1,0.14105461966467314,0.17684461966467313,-0.174298,0.096588,0.14105461966467314,-0.17348661966467313,-0.174298,-0.09323,0.05,1.0,0.0,0.02,1e-09
12.47008607299722,-1,0.14105461966467314,0.17684461966467313,-0.174298,0.096588,0.14105461966467314,-0.17348661966467313,-0.174298,-0.09323,0.05,1.0,0.0,0.02,1e-09
12.522379826998076,-1,0.14105461966467314,0.17684461966467313,-0.174298,0.096588,0.14105461966467314,-0.17348661966467313,-0.174298,-0.09323,0.05,1.0,0.0,0.02,1e-09
12.56926590799776,-1,0.14105461966467314,0.17684461966467313,-0.174298,0.096588,0.14105461966467314,-0.17348661966467313,-0.174298,-0.09323,0.05,1.0,0.0,0.02,1e-09
12.618619175998901,-1,0.14105461966467314,0.17684461966467313,-0.174298,0.096588,0.14105461966467314,-0.17348661966467313,-0.174298,-0.09323,0.05,1.0,0.0,0.02,1e-09
12.683407988999534,-1,0.14105461966467314,0.17684461966467313,-0.174298,0.096588,0.14105461966467314,-0.17348661966467313,-0.174298,-0.09323,0.05,1.0,0.0,0.02,1e-09
12.719060289997287,-1,0.14105461966467314,0.17684461966467313,-0.174298,0.096588,0.14105461966467314,-0.17348661966467313,-0.174298,-0.09323,0.05,1.0,0.0,0.02,1e-09
12.772697235999658,-1,0.14105461966467314,0.17684461966467313,-0.174298,0.096588,0.14105461966467314,-0.17348661966467313,-0.174298,-0.09323,0.05,1.0,0.0,0.02,1e-09
12.817823739998857,-1,0.14105461966467314,0.17684461966467313,-0.174298,0.096588,0.14105461966467314,-0.17348661966467313,-0.174298,-0.09323,0.05,1.0,0.0,0.02,1e-09
12.867875501000526,-1,0.14105461966467314,0.17684461966467313,-0.174298,0.096588,0.14105461966467314,-0.17348661966467313,-0.174298,-0.09323,0.05,1.0,0.0,0.02,1e-09
12.922503829999187,-1,0.14105461966467314,0.17684461966467313,-0.174298,0.096588,0.14105461966467314,-0.17348661966467313,-0.174298,-0.09323,0.05,1.0,0.0,0.02,1e-09
12.971167917999992,-1,0.14105461966467314,0.17684461966467313,-0.174298,0.096588,0.14105461966467314,-0.17348661966467313,-0.174298,-0.09323,0.05,1.0,0.0,0.02,1e-09
13.02232758199898,-1,0.14105461966467314,0.17684461966467313,-0.174298,0.096588,0.14105461966467314,-0.17348661966467313,-0.174298,-0.09323,0.05,1.0,0.0,0.02,1e-09
13.076428066000517,-1,0.14105461966467314,0.17684461966467313,-0.174298,0.096588,0.14105461966467314,-0.17348661966467313,-0.174298,-0.09323,0.05,1.0,0.0,0.02,1e-09
13.121281832998648,-1,0.14105461966467314,0.17684461966467313,-0.174298,0.096588,0.14105461966467314,-0.17348661966467313,-0.174298,-0.09323,0.05,1.0,0.0,0.02,1e-09
13.17490002699924,-1,0.14105461966467314,0.17684461966467313,-0.174298,0.096588,0.14105461966467314,-0.17348661966467313,-0.174298,-0.09323,0.05,1.0,0.0,0.02,1e-09
13.217800266997074,-1,0.14105461966467314,0.17684461966467313,-0.174298,0.096588,0.14105461966467314,-0.17348661966467313,-0.174298,-0.09323,0.05,1.0,0.0,0.02,1e-09
13.271522260998609,-1,0.14105461966467314,0.17684461966467313,-0.174298,0.096588,0.14105461966467314,-0.17348661966467313,-0.174298,-0.09323,0.05,1.0,0.0,0.02,1e-09
13.326706626998202,-1,0.14105461966467314,0.17684461966467313,-0.174298,0.096588,0.14105461966467314,-0.17348661966467313,-0.174298,-0.09323,0.05,1.0,0.0,0.02,1e-09
13.369731234997744,-1,0.14105461966467314,0.17684461966467313,-0.174298,0.096588,0.14105461966467314,-0.17348661966467313,-0.174298,-0.09323,0.05,1.0,0.0,0.02,1e-09
13.426380566997977,-1,0.14105461966467314,0.17684461966467313,-0.174298,0.096588,0.14105461966467314,-0.17348661966467313,-0.174298,-0.09323,0.05,1.0,0.0,0.02,1e-09
13.467901369000174,-1,0.14105461966467314,0.17684461966467313,-0.174298,0.096588,0.14105461966467314,-0.17348661966467313,-0.174298,-0.09323,0.05,1.0,0.0,0.02,1e-09
13.526566671000182,-1,0.14105461966467314,0.17684461966467313,-0.174298,0.096588,0.14105461966467314,-0.17348661966467313,-0.174298,-0.09323,0.05,1.0,0.0,0.02,1e-09
13.578414101997623,-1,0.14105461966467314,0.17684461966467313,-0.174298,0.096588,0.14105461966467314,-0.17348661966467313,-0.174298,-0.09323,0.05,1.0,0.0,0.02,1e-09
13.626789191999706,-1,0.14105461966467314,0.17684461966467313,-0.174298,0.096588,0.14105461966467314,-0.17348661966467313,-0.174298,-0.09323,0.05,1.0,0.0,0.02,1e-09
13.668412940998678,-1,0.14105461966467314,0.17684461966467313,-0.174298,0.096588,0.14105461966467314,-0.17348661966467313,-0.174298,-0.09323,0.05,1.0,0.0,0.02,1e-09
13.722263152998494,-1,0.14105461966467314,0.17684461966467313,-0.174298,0.096588,0.14105461966467314,-0.17348661966467313,-0.174298,-0.09323,0.05,1.0,0.0,0.02,1e-09
13.776769280997542,-1,0.14105461966467314,0.17684461966467313,-0.174298,0.096588,0.14105461966467314,-0.17348661966467313,-0.174298,-0.09323,0.05,1.0,0.0,0.02,1e-09
13.823594454999693,-1,0.14105461966467314,0.17684461966467313,-0.174298,0.096588,0.14105461966467314,-0.17348661966467313,-0.174298,-0.09323,0.05,1.0,0.0,0.02,1e-09
13.868510057000094,-1,0.14105461966467314,0.17684461966467313,-0.174298,0.096588,0.14105461966467314,-0.17348661966467313,-0.174298,-0.09323,0.05,1.0,0.0,0.02,1e-09
13.919257555000513,-1,0.14105461966467314,0.17684461966467313,-0.174298,0.096588,0.14105461966467314,-0.17348661966467313,-0.174298,-0.09323,0.05,1.0,0.0,0.02,1e-09
13.974910339999042,-1,0.14105461966467314,0.17684461966467313,-0.174298,0.096588,0.14105461966467314,-0.17348661966467313,-0.174298,-0.09323,0.05,1.0,0.0,0.02,1e-09
14.029801332999341,-1,0.14105461966467314,0.17684461966467313,-0.174298,0.096588,0.14105461966467314,-0.17348661966467313,-0.174298,-0.09323,0.05,1.0,0.0,0.02,1e-09
14.079698441997607,-1,0.14105461966467314,0.17684461966467313,-0.174298,0.096588,0.14105461966467314,-0.17348661966467313,-0.174298,-0.09323,0.05,1.0,0.0,0.02,1e-09
14.118836334000662,-1,0.14105461966467314,0.17684461966467313,-0.174298,0.096588,0.14105461966467314,-0.17348661966467313,-0.174298,-0.09323,0.05,1.0,0.0,0.02,1e-09
14.170388652997644,-1,0.14105461966467314,0.17684461966467313,-0.174298,0.096588,0.14105461966467314,-0.17348661966467313,-0.174298,-0.09323,0.05,1.0,0.0,0.02,1e-09
14.22427414699996,-1,0.14105461966467314,0.17684461966467313,-0.174298,0.096588,0.14105461966467314,-0.17348661966467313,-0.174298,-0.09323,0.05,1.0,0.0,0.02,1e-09
14.274264083000162,-1,0.14105461966467314,0.17684461966467313,-0.174298,0.096588,0.14105461966467314,-0.17348661966467313,-0.174298,-0.09323,0.05,1.0,0.0,0.02,1e-09
14.321221401998628,-1,0.14105461966467314,0.17684461966467313,-0.174298,0.096588,0.14105461966467314,-0.17348661966467313,-0.174298,-0.09323,0.05,1.0,0.0,0.02,1e-09
14.36972863399933,-1,0.14105461966467314,0.17684461966467313,-0.174298,0.096588,0.14105461966467314,-0.17348661966467313,-0.174298,-0.09323,0.05,1.0,0.0,0.02,1e-09
14.41829292699913,-1,0.14105461966467314,0.17684461966467313,-0.174298,0.096588,0.14105461966467314,-0.17348661966467313,-0.174298,-0.09323,0.05,1.0,0.0,0.02,1e-09
14.486070645998552,-1,0.14105461966467314,0.17684461966467313,-0.174298,0.096588,0.14105461966467314,-0.17348661966467313,-0.174298,-0.09323,0.05,1.0,0.0,0.02,1e-09
14.532790360997751,-1,0.14105461966467314,0.17684461966467313,-0.174298,0.096588,0.14105461966467314,-0.17348661966467313,-0.174298,-0.09323,0.05,1.0,0.0,0.02,1e-09
14.575707572999818,-1,0.14105461966467314,0.17684461966467313,-0.174298,0.096588,0.14105461966467314,-0.17348661966467313,-0.174298,-0.09323,0.05,1.0,0.0,0.02,1e-09
14.622442766998574,-1,0.14105461966467314,0.17684461966467313,-0.174298,0.096588,0.14105461966467314,-0.17348661966467313,-0.174298,-0.09323,0.05,1.0,0.0,0.02,1e-09
14.669924934998562,-1,0.14105461966467314,0.17684461966467313,-0.174298,0.096588,0.14105461966467314,-0.17348661966467313,-0.174298,-0.09323,0.05,1.0,0.0,0.02,1e-09
14.732329776998085,-1,0.14105461966467314,0.17684461966467313,-0.174298,0.096588,0.14105461966467314,-0.17348661966467313,-0.174298,-0.09323,0.05,1.0,0.0,0.02,1e-09
14.770755924997502,-1,0.14105461966467314,0.17684461966467313,-0.174298,0.096588,0.14105461966467314,-0.17348661966467313,-0.174298,-0.09323,0.05,1.0,0.0,0.02,1e-09
14.82421735099706,-1,0.14105461966467314,0.17684461966467313,-0.174298,0.096588,0.14105461966467314,-0.17348661966467313,-0.174298,-0.09323,0.05,1.0,0.0,0.02,1e-09
14.87433244299973,-1,0.14105461966467314,0.17684461966467313,-0.174298,0.096588,0.14105461966467314,-0.17348661966467313,-0.174298,-0.09323,0.05,1.0,0.0,0.02,1e-09
14.919157569998788,-1,0.14105461966467314,0.17684461966467313,-0.174298,0.096588,0.14105461966467314,-0.17348661966467313,-0.174298,-0.09323,0.05,1.0,0.0,0.02,1e-09
14.974788895997335,-1,0.14105461966467314,0.17684461966467313,-0.174298,0.096588,0.14105461966467314,-0.17348661966467313,-0.174298,-0.09323,0.05,1.0,0.0,0.02,1e-09
15.023867935000453,-1,0.14105461966467314,0.17684461966467313,-0.174298,0.096588,0.14105461966467314,-0.17348661966467313,-0.174298,-0.09323,0.05,1.0,0.0,0.02,1e-09
15.072625827997399,-1,0.14105461966467314,0.17684461966467313,-0.174298,0.096588,0.14105461966467314,-0.17348661966467313,-0.174298,-0.09323,0.05,1.0,0.0,0.02,1e-09
15.124250287997711,-1,0.14105461966467314,0.17684461966467313,-0.174298,0.096588,0.14105461966467314,-0.17348661966467313,-0.174298,-0.09323,0.05,1.0,0.0,0.02,1e-09
15.16858695100018,-1,0.14105461966467314,0.17684461966467313,-0.174298,0.096588,0.14105461966467314,-0.17348661966467313,-0.174298,-0.09323,0.05,1.0,0.0,0.02,1e-09
15.228033957999287,-1,0.14105461966467314,0.17684461966467313,-0.174298,0.096588,0.14105461966467314,-0.17348661966467313,-0.174298,-0.09323,0.05,1.0,0.0,0.02,1e-09
15.278570695998496,-1,0.14105461966467314,0.17684461966467313,-0.174298,0.096588,0.14105461966467314,-0.17348661966467313,-0.174298,-0.09323,0.05,1.0,0.0,0.02,1e-09
15.321816422998381,-1,0.14105461966467314,0.17684461966467313,-0.174298,0.096588,0.14105461966467314,-0.17348661966467313,-0.174298,-0.09323,0.05,1.0,0.0,0.02,1e-09
15.371638890999748,-1,0.14105461966467314,0.17684461966467313,-0.174298,0.096588,0.14105461966467314,-0.17348661966467313,-0.174298,-0.09323,0.05,1.0,0.0,0.02,1e-09
15.420939299998281,-1,0.14105461966467314,0.17684461966467313,-0.174298,0.096588,0.14105461966467314,-0.17348661966467313,-0.174298,-0.09323,0.05,1.0,0.0,0.02,1e-09
15.47467050799969,-1,0.14105461966467314,0.17684461966467313,-0.174298,0.096588,0.14105461966467314,-0.17348661966467313,-0.174298,-0.09323,0.05,1.0,0.0,0.02,1e-09
15.526329575997806,-1,0.14105461966467314,0.17684461966467313,-0.174298,0.096588,0.14105461966467314,-0.17348661966467313,-0.174298,-0.09323,0.05,1.0,0.0,0.02,1e-09
15.570381681998697,-1,0.14105461966467314,0.17684461966467313,-0.174298,0.096588,0.14105461966467314,-0.17348661966467313,-0.174298,-0.09323,0.05,1.0,0.0,0.02,1e-09
15.627007471997786,-1,0.14105461966467314,0.17684461966467313,-0.174298,0.096588,0.14105461966467314,-0.17348661966467313,-0.174298,-0.09323,0.05,1.0,0.0,0.02,1e-09
15.669050255997718,-1,0.14105461966467314,0.17684461966467313,-0.174298,0.096588,0.14105461966467314,-0.17348661966467313,-0.174298,-0.09323,0.05,1.0,0.0,0.02,1e-09
15.71821776899742,-1,0.14105461966467314,0.17684461966467313,-0.174298,0.096588,0.14105461966467314,-0.17348661966467313,-0.174298,-0.09323,0.05,1.0,0.0,0.02,1e-09
15.77510176999931,-1,0.14105461966467314,0.17684461966467313,-0.174298,0.096588,0.14105461966467314,-0.17348661966467313,-0.174298,-0.09323,0.05,1.0,0.0,0.02,1e-09
15.820208187997196,-1,0.14105461966467314,0.17684461966467313,-0.174298,0.096588,0.14105461966467314,-0.17348661966467313,-0.174298,-0.09323,0.05,1.0,0.0,0.02,1e-09
15.87179652299892,-1,0.14105461966467314,0.17684461966467313,-0.174298,0.096588,0.14105461966467314,-0.17348661966467313,-0.174298,-0.09323,0.05,1.0,0.0,0.02,1e-09
16.002418069998384,-1,0.14105461966467314,0.17684461966467313,-0.174298,0.096588,0.14105461966467314,-0.17348661966467313,-0.174298,-0.09323,0.05,1.0,0.0,0.02,1e-09
16.010929149997537,-1,0.14105461966467314,0.17684461966467313,-0.174298,0.096588,0.14105461966467314,-0.17348661966467313,-0.174298,-0.09323,0.05,1.0,0.0,0.02,1e-09
16.02003655899898,-1,0.14105461966467314,0.17684461966467313,-0.174298,0.096588,0.14105461966467314,-0.17348661966467313,-0.174298,-0.09323,0.05,1.0,0.0,0.02,1e-09
16.074332948999654,-1,0.14105461966467314,0.17684461966467313,-0.174298,0.096588,0.14105461966467314,-0.17348661966467313,-0.174298,-0.09323,0.05,1.0,0.0,0.02,1e-09
16.123419968000235,-1,0.14105461966467314,0.17684461966467313,-0.174298,0.096588,0.14105461966467314,-0.17348661966467313,-0.174298,-0.09323,0.05,1.0,0.0,0.02,1e-09
16.180883711000206,-1,0.14105461966467314,0.17684461966467313,-0.174298,0.096588,0.14105461966467314,-0.17348661966467313,-0.174298,-0.09323,0.05,1.0,0.0,0.02,1e-09
16.219122436999896,-1,0.14105461966467314,0.17684461966467313,-0.174298,0.096588,0.14105461966467314,-0.17348661966467313,-0.174298,-0.09323,0.05,1.0,0.0,0.02,1e-09
16.27396658699945,-1,0.14105461966467314,0.17684461966467313,-0.174298,0.096588,0.14105461966467314,-0.17348661966467313,-0.174298,-0.09323,0.05,1.0,0.0,0.02,1e-09
16.31964410799992,-1,0.14105461966467314,0.17684461966467313,-0.174298,0.096588,0.14105461966467314,-0.17348661966467313,-0.174298,-0.09323,0.05,1.0,0.0,0.02,1e-09
16.37331482099762,-1,0.14105461966467314,0.17684461966467313,-0.174298,0.096588,0.14105461966467314,-0.17348661966467313,-0.174298,-0.09323,0.05,1.0,0.0,0.02,1e-09
16.42348856099852,-1,0.14105461966467314,0.17684461966467313,-0.174298,0.096588,0.14105461966467314,-0.17348661966467313,-0.174298,-0.09323,0.05,1.0,0.0,0.02,1e-09
16.47643298500043,-1,0.14105461966467314,0.17684461966467313,-0.174298,0.096588,0.14105461966467314,-0.17348661966467313,-0.174298,-0.09323,0.05,1.0,0.0,0.02,1e-09
16.51877400399826,-1,0.14105461966467314,0.17684461966467313,-0.174298,0.096588,0.14105461966467314,-0.17348661966467313,-0.174298,-0.09323,0.05,1.0,0.0,0.02,1e-09
16.571407741997973,-1,0.14105461966467314,0.17684461966467313,-0.174298,0.096588,0.14105461966467314,-0.17348661966467313,-0.174298,-0.09323,0.05,1.0,0.0,0.02,1e-09
16.620871511000587,-1,0.14105461966467314,0.17684461966467313,-0.174298,0.096588,0.14105461966467314,-0.17348661966467313,-0.174298,-0.09323,0.05,1.0,0.0,0.02,1e-09
16.676370020999457,-1,0.14105461966467314,0.17684461966467313,-0.174298,0.096588,0.14105461966467314,-0.17348661966467313,-0.174298,-0.09323,0.05,1.0,0.0,0.02,1e-09
16.7185559119971,-1,0.14105461966467314,0.17684461966467313,-0.174298,0.096588,0.14105461966467314,-0.17348661966467313,-0.174298,-0.09323,0.05,1.0,0.0,0.02,1e-09
16.772088943998824,-1,0.14105461966467314,0.17684461966467313,-0.174298,0.096588,0.14105461966467314,-0.17348661966467313,-0.174298,-0.09323,0.05,1.0,0.0,0.02,1e-09
16.818353570997715,-1,0.14105461966467314,0.17684461966467313,-0.174298,0.096588,0.14105461966467314,-0.17348661966467313,-0.174298,-0.09323,0.05,1.0,0.0,0.02,1e-09
16.873781365000468,-1,0.14105461966467314,0.17684461966467313,-0.174298,0.096588,0.14105461966467314,-0.17348661966467313,-0.174298,-0.09323,0.05,1.0,0.0,0.02,1e-09
16.93440403799832,-1,0.14105461966467314,0.17684461966467313,-0.174298,0.096588,0.14105461966467314,-0.17348661966467313,-0.174298,-0.09323,0.05,1.0,0.0,0.02,1e-09
16.969119491997844,-1,0.14105461966467314,0.17684461966467313,-0.174298,0.096588,0.14105461966467314,-0.17348661966467313,-0.174298,-0.09323,0.05,1.0,0.0,0.02,1e-09
17.018722209999396,-1,0.14105461966467314,0.17684461966467313,-0.174298,0.096588,0.14105461966467314,-0.17348661966467313,-0.174298,-0.09323,0.05,1.0,0.0,0.02,1e-09
17.07856244499999,-1,0.14105461966467314,0.17684461966467313,-0.174298,0.096588,0.14105461966467314,-0.17348661966467313,-0.174298,-0.09323,0.05,1.0,0.0,0.02,1e-09
17.127192493997427,-1,0.14105461966467314,0.17684461966467313,-0.174298,0.096588,0.14105461966467314,-0.17348661966467313,-0.174298,-0.09323,0.05,1.0,0.0,0.02,1e-09
17.16898193399902,-1,0.14105461966467314,0.17684461966467313,-0.174298,0.096588,0.14105461966467314,-0.17348661966467313,-0.174298,-0.09323,0.05,1.0,0.0,0.02,1e-09
17.22285058899797,-1,0.14105461966467314,0.17684461966467313,-0.174298,0.096588,0.14105461966467314,-0.17348661966467313,-0.174298,-0.09323,0.05,1.0,0.0,0.02,1e-09
17.278641059998336,-1,0.14105461966467314,0.17684461966467313,-0.174298,0.096588,0.14105461966467314,-0.17348661966467313,-0.174298,-0.09323,0.05,1.0,0.0,0.02,1e-09
17.32076273399798,-1,0.14105461966467314,0.17684461966467313,-0.174298,0.096588,0.14105461966467314,-0.17348661966467313,-0.174298,-0.09323,0.05,1.0,0.0,0.02,1e-09
17.371923611997772,-1,0.14105461966467314,0.17684461966467313,-0.174298,0.096588,0.14105461966467314,-0.17348661966467313,-0.174298,-0.09323,0.05,1.0,0.0,0.02,1e-09
17.418699538997316,-1,0.14105461966467314,0.17684461966467313,-0.174298,0.096588,0.14105461966467314,-0.17348661966467313,-0.174298,-0.09323,0.05,1.0,0.0,0.02,1e-09
17.471116762997553,-1,0.14105461966467314,0.17684461966467313,-0.174298,0.096588,0.14105461966467314,-0.17348661966467313,-0.174298,-0.09323,0.05,1.0,0.0,0.02,1e-09
17.52325970200036,-1,0.14105461966467314,0.17684461966467313,-0.174298,0.096588,0.14105461966467314,-0.17348661966467313,-0.174298,-0.09323,0.05,1.0,0.0,0.02,1e-09
17.571609220998653,-1,0.14105461966467314,0.17684461966467313,-0.174298,0.096588,0.14105461966467314,-0.17348661966467313,-0.174298,-0.09323,0.05,1.0,0.0,0.02,1e-09
17.625448132999736,-1,0.14105461966467314,0.17684461966467313,-0.174298,0.096588,0.14105461966467314,-0.17348661966467313,-0.174298,-0.09323,0.05,1.0,0.0,0.02,1e-09
17.670881869998993,-1,0.14105461966467314,0.17684461966467313,-0.174298,0.096588,0.14105461966467314,-0.17348661966467313,-0.174298,-0.09323,0.05,1.0,0.0,0.02,1e-09
17.726591624999855,-1,0.14105461966467314,0.17684461966467313,-0.174298,0.096588,0.14105461966467314,-0.17348661966467313,-0.174298,-0.09323,0.05,1.0,0.0,0.02,1e-09
17.777556633998756,-1,0.14105461966467314,0.17684461966467313,-0.174298,0.096588,0.14105461966467314,-0.17348661966467313,-0.174298,-0.09323,0.05,1.0,0.0,0.02,1e-09
17.821754937998776,-1,0.14105461966467314,0.17684461966467313,-0.174298,0.096588,0.14105461966467314,-0.17348661966467313,-0.174298,-0.09323,0.05,1.0,0.0,0.02,1e-09
17.87471032999747,-1,0.14105461966467314,0.17684461966467313,-0.174298,0.096588,0.14105461966467314,-0.17348661966467313,-0.174298,-0.09323,0.05,1.0,0.0,0.02,1e-09
17.930423645997507,-1,0.14105461966467314,0.17684461966467313,-0.174298,0.096588,0.14105461966467314,-0.17348661966467313,-0.174298,-0.09323,0.05,1.0,0.0,0.02,1e-09
17.97680894199948,-1,0.14105461966467314,0.17684461966467313,-0.174298,0.096588,0.14105461966467314,-0.17348661966467313,-0.174298,-0.09323,0.05,1.0,0.0,0.02,1e-09
18.028800037998735,-1,0.14105461966467314,0.17684461966467313,-0.174298,0.096588,0.14105461966467314,-0.17348661966467313,-0.174298,-0.09323,0.05,1.0,0.0,0.02,1e-09
18.075135290997423,-1,0.14105461966467314,0.17684461966467313,-0.174298,0.096588,0.14105461966467314,-0.17348661966467313,-0.174298,-0.09323,0.05,1.0,0.0,0.02,1e-09
18.12380301899975,-1,0.14105461966467314,0.17684461966467313,-0.174298,0.096588,0.14105461966467314,-0.17348661966467313,-0.174298,-0.09323,0.05,1.0,0.0,0.02,1e-09
18.17046112299795,-1,0.14105461966467314,0.17684461966467313,-0.174298,0.096588,0.14105461966467314,-0.17348661966467313,-0.174298,-0.09323,0.05,1.0,0.0,0.02,1e-09
18.223111211998912,-1,0.14105461966467314,0.17684461966467313,-0.174298,0.096588,0.14105461966467314,-0.17348661966467313,-0.174298,-0.09323,0.05,1.0,0.0,0.02,1e-09
18.270892147997074,-1,0.14105461966467314,0.17684461966467313,-0.174298,0.096588,0.14105461966467314,-0.17348661966467313,-0.174298,-0.09323,0.05,1.0,0.0,0.02,1e-09
18.319450082999538,-1,0.14105461966467314,0.17684461966467313,-0.174298,0.096588,0.14105461966467314,-0.17348661966467313,-0.174298,-0.09323,0.05,1.0,0.0,0.02,1e-09
18.379988982000214,-1,0.14105461966467314,0.17684461966467313,-0.174298,0.096588,0.14105461966467314,-0.17348661966467313,-0.174298,-0.09323,0.05,1.0,0.0,0.02,1e-09
18.419116975997895,-1,0.14105461966467314,0.17684461966467313,-0.174298,0.096588,0.14105461966467314,-0.17348661966467313,-0.174298,-0.09323,0.05,1.0,0.0,0.02,1e-09
18.471177407998766,-1,0.14105461966467314,0.17684461966467313,-0.174298,0.096588,0.14105461966467314,-0.17348661966467313,-0.174298,-0.09323,0.05,1.0,0.0,0.02,1e-09
18.527008461998776,-1,0.14105461966467314,0.17684461966467313,-0.174298,0.096588,0.14105461966467314,-0.17348661966467313,-0.174298,-0.09323,0.05,1.0,0.0,0.02,1e-09
18.568609481997555,-1,0.14105461966467314,0.17684461966467313,-0.174298,0.096588,0.14105461966467314,-0.17348661966467313,-0.174298,-0.09323,0.05,1.0,0.0,0.02,1e-09
18.626703064997855,-1,0.14105461966467314,0.17684461966467313,-0.174298,0.096588,0.14105461966467314,-0.17348661966467313,-0.174298,-0.09323,0.05,1.0,0.0,0.02,1e-09
18.68036139600008,-1,0.14105461966467314,0.17684461966467313,-0.174298,0.096588,0.14105461966467314,-0.17348661966467313,-0.174298,-0.09323,0.05,1.0,0.0,0.02,1e-09
18.72105448199727,-1,0.14105461966467314,0.17684461966467313,-0.174298,0.096588,0.14105461966467314,-0.17348661966467313,-0.174298,-0.09323,0.05,1.0,0.0,0.02,1e-09
18.768735269997705,-1,0.14105461966467314,0.17684461966467313,-0.174298,0.096588,0.14105461966467314,-0.17348661966467313,-0.174298,-0.09323,0.05,1.0,0.0,0.02,1e-09
18.821013748998666,-1,0.14105461966467314,0.17684461966467313,-0.174298,0.096588,0.14105461966467314,-0.17348661966467313,-0.174298,-0.09323,0.05,1.0,0.0,0.02,1e-09
18.87938907199714,-1,0.14105461966467314,0.17684461966467313,-0.174298,0.096588,0.14105461966467314,-0.17348661966467313,-0.174298,-0.09323,0.05,1.0,0.0,0.02,1e-09
18.935044923000532,-1,0.14105461966467314,0.17684461966467313,-0.174298,0.096588,0.14105461966467314,-0.17348661966467313,-0.174298,-0.09323,0.05,1.0,0.0,0.02,1e-09
18.973885275998327,-1,0.14105461966467314,0.17684461966467313,-0.174298,0.096588,0.14105461966467314,-0.17348661966467313,-0.174298,-0.09323,0.05,1.0,0.0,0.02,1e-09
19.020220876998792,-1,0.14105461966467314,0.17684461966467313,-0.174298,0.096588,0.14105461966467314,-0.17348661966467313,-0.174298,-0.09323,0.05,1.0,0.0,0.02,1e-09
19.075425306997204,-1,0.14105461966467314,0.17684461966467313,-0.174298,0.096588,0.14105461966467314,-0.17348661966467313,-0.174298,-0.09323,0.05,1.0,0.0,0.02,1e-09
19.12003977600034,-1,0.14105461966467314,0.17684461966467313,-0.174298,0.096588,0.14105461966467314,-0.17348661966467313,-0.174298,-0.09323,0.05,1.0,0.0,0.02,1e-09
19.172459531997447,-1,0.14105461966467314,0.17684461966467313,-0.174298,0.096588,0.14105461966467314,-0.17348661966467313,-0.174298,-0.09323,0.05,1.0,0.0,0.02,1e-09
19.21977517800042,-1,0.14105461966467314,0.17684461966467313,-0.174298,0.096588,0.14105461966467314,-0.17348661966467313,-0.174298,-0.09323,0.05,1.0,0.0,0.02,1e-09
19.270924115000525,-1,0.14105461966467314,0.17684461966467313,-0.174298,0.096588,0.14105461966467314,-0.17348661966467313,-0.174298,-0.09323,0.05,1.0,0.0,0.02,1e-09
19.318289533999632,-1,0.14105461966467314,0.17684461966467313,-0.174298,0.096588,0.14105461966467314,-0.17348661966467313,-0.174298,-0.09323,0.05,1.0,0.0,0.02,1e-09
19.383888713997294,-1,0.14105461966467314,0.17684461966467313,-0.174298,0.096588,0.14105461966467314,-0.17348661966467313,-0.174298,-0.09323,0.05,1.0,0.0,0.02,1e-09
19.42042141300044,-1,0.14105461966467314,0.17684461966467313,-0.174298,0.096588,0.14105461966467314,-0.17348661966467313,-0.174298,-0.09323,0.05,1.0,0.0,0.02,1e-09
19.471221890999004,-1,0.14105461966467314,0.17684461966467313,-0.174298,0.096588,0.14105461966467314,-0.17348661966467313,-0.174298,-0.09323,0.05,1.0,0.0,0.02,1e-09
19.521379424997576,-1,0.14105461966467314,0.17684461966467313,-0.174298,0.096588,0.14105461966467314,-0.17348661966467313,-0.174298,-0.09323,0.05,1.0,0.0,0.02,1e-09
19.573399000997597,-1,0.14105461966467314,0.17684461966467313,-0.174298,0.096588,0.14105461966467314,-0.17348661966467313,-0.174298,-0.09323,0.05,1.0,0.0,0.02,1e-09
19.629694749997725,-1,0.14105461966467314,0.17684461966467313,-0.174298,0.096588,0.14105461966467314,-0.17348661966467313,-0.174298,-0.09323,0.05,1.0,0.0,0.02,1e-09
19.67129555000065,-1,0.14105461966467314,0.17684461966467313,-0.174298,0.096588,0.14105461966467314,-0.17348661966467313,-0.174298,-0.09323,0.05,1.0,0.0,0.02,1e-09
19.723339036998368,-1,0.14105461966467314,0.17684461966467313,-0.174298,0.096588,0.14105461966467314,-0.17348661966467313,-0.174298,-0.09323,0.05,1.0,0.0,0.02,1e-09
19.786355592998007,-1,0.14105461966467314,0.17684461966467313,-0.174298,0.096588,0.14105461966467314,-0.17348661966467313,-0.174298,-0.09323,0.05,1.0,0.0,0.02,1e-09
19.820231044999673,-1,0.14105461966467314,0.17684461966467313,-0.174298,0.096588,0.14105461966467314,-0.17348661966467313,-0.174298,-0.09323,0.05,1.0,0.0,0.02,1e-09
19.878380918999028,-1,0.14105461966467314,0.17684461966467313,-0.174298,0.096588,0.14105461966467314,-0.17348661966467313,-0.174298,-0.09323,0.05,1.0,0.0,0.02,1e-09
19.920635153997864,-1,0.14105461966467314,0.17684461966467313,-0.174298,0.096588,0.14105461966467314,-0.17348661966467313,-0.174298,-0.09323,0.05,1.0,0.0,0.02,1e-09
19.975270561997604,-1,0.14105461966467314,0.17684461966467313,-0.174298,0.096588,0.14105461966467314,-0.17348661966467313,-0.174298,-0.09323,0.05,1.0,0.0,0.02,1e-09
20.021855548999156,-1,0.14105461966467314,0.17684461966467313,-0.174298,0.096588,0.14105461966467314,-0.17348661966467313,-0.174298,-0.09323,0.05,1.0,0.0,0.02,1e-09
20.075733465997473,-1,0.14105461966467314,0.17684461966467313,-0.174298,0.096588,0.14105461966467314,-0.17348661966467313,-0.174298,-0.09323,0.05,1.0,0.0,0.02,1e-09
20.120675758997095,-1,0.14105461966467314,0.17684461966467313,-0.174298,0.096588,0.14105461966467314,-0.17348661966467313,-0.174298,-0.09323,0.05,1.0,0.0,0.02,1e-09
20.17148784699748,-1,0.14105461966467314,0.17684461966467313,-0.174298,0.096588,0.14105461966467314,-0.17348661966467313,-0.174298,-0.09323,0.05,1.0,0.0,0.02,1e-09
20.218873083998915,-1,0.14105461966467314,0.17684461966467313,-0.174298,0.096588,0.14105461966467314,-0.17348661966467313,-0.174298,-0.09323,0.05,1.0,0.0,0.02,1e-09
20.271492067997315,-1,0.14105461966467314,0.17684461966467313,-0.174298,0.096588,0.14105461966467314,-0.17348661966467313,-0.174298,-0.09323,0.05,1.0,0.0,0.02,1e-09
20.3229828179974,-1,0.14105461966467314,0.17684461966467313,-0.174298,0.096588,0.14105461966467314,-0.17348661966467313,-0.174298,-0.09323,0.05,1.0,0.0,0.02,1e-09
20.395216283999616,-1,0.14105461966467314,0.17684461966467313,-0.174298,0.096588,0.14105461966467314,-0.17348661966467313,-0.174298,-0.09323,0.05,1.0,0.0,0.02,1e-09
20.421803309000097,-1,0.14105461966467314,0.17684461966467313,-0.174298,0.096588,0.14105461966467314,-0.17348661966467313,-0.174298,-0.09323,0.05,1.0,0.0,0.02,1e-09
20.483572598997853,-1,0.14105461966467314,0.17684461966467313,-0.174298,0.096588,0.14105461966467314,-0.17348661966467313,-0.174298,-0.09323,0.05,1.0,0.0,0.02,1e-09
20.5229188839985,-1,0.14105461966467314,0.17684461966467313,-0.174298,0.096588,0.14105461966467314,-0.17348661966467313,-0.174298,-0.09323,0.05,1.0,0.0,0.02,1e-09
20.57552999299878,-1,0.14105461966467314,0.17684461966467313,-0.174298,0.096588,0.14105461966467314,-0.17348661966467313,-0.174298,-0.09323,0.05,1.0,0.0,0.02,1e-09
20.68050904700067,-1,0.14105461966467314,0.17684461966467313,-0.174298,0.096588,0.14105461966467314,-0.17348661966467313,-0.174298,-0.09323,0.05,1.0,0.0,0.02,1e-09
20.732583542998327,-1,0.14105461966467314,0.17684461966467313,-0.174298,0.096588,0.14105461966467314,-0.17348661966467313,-0.174298,-0.09323,0.05,1.0,0.0,0.02,1e-09
20.746820184998796,-1,0.14105461966467314,0.17684461966467313,-0.174298,0.096588,0.14105461966467314,-0.17348661966467313,-0.174298,-0.09323,0.05,1.0,0.0,0.02,1e-09
20.786308740000095,-1,0.14105461966467314,0.17684461966467313,-0.174298,0.096588,0.14105461966467314,-0.17348661966467313,-0.174298,-0.09323,0.05,1.0,0.0,0.02,1e-09
20.82817026399789,-1,0.14105461966467314,0.17684461966467313,-0.174298,0.096588,0.14105461966467314,-0.17348661966467313,-0.174298,-0.09323,0.05,1.0,0.0,0.02,1e-09
20.87116226499711,-1,0.14105461966467314,0.17684461966467313,-0.174298,0.096588,0.14105461966467314,-0.17348661966467313,-0.174298,-0.09323,0.05,1.0,0.0,0.02,1e-09
20.919494994999695,-1,0.14105461966467314,0.17684461966467313,-0.174298,0.096588,0.14105461966467314,-0.17348661966467313,-0.174298,-0.09323,0.05,1.0,0.0,0.02,1e-09
20.974547825000627,-1,0.14105461966467314,0.17684461966467313,-0.174298,0.096588,0.14105461966467314,-0.17348661966467313,-0.174298,-0.09323,0.05,1.0,0.0,0.02,1e-09
21.022000863998983,-1,0.14105461966467314,0.17684461966467313,-0.174298,0.096588,0.14105461966467314,-0.17348661966467313,-0.174298,-0.09323,0.05,1.0,0.0,0.02,1e-09
21.071119767999335,-1,0.14105461966467314,0.17684461966467313,-0.174298,0.096588,0.14105461966467314,-0.17348661966467313,-0.174298,-0.09323,0.05,1.0,0.0,0.02,1e-09
21.136117457997898,-1,0.14105461966467314,0.17684461966467313,-0.174298,0.096588,0.14105461966467314,-0.17348661966467313,-0.174298,-0.09323,0.05,1.0,0.0,0.02,1e-09
21.172156302000076,-1,0.14105461966467314,0.17684461966467313,-0.174298,0.096588,0.14105461966467314,-0.17348661966467313,-0.174298,-0.09323,0.05,1.0,0.0,0.02,1e-09
21.22013414399771,-1,0.14105461966467314,0.17684461966467313,-0.174298,0.096588,0.14105461966467314,-0.17348661966467313,-0.174298,-0.09323,0.05,1.0,0.0,0.02,1e-09
21.2708430629973,-1,0.14105461966467314,0.17684461966467313,-0.174298,0.096588,0.14105461966467314,-0.17348661966467313,-0.174298,-0.09323,0.05,1.0,0.0,0.02,1e-09
21.326503090000188,-1,0.14105461966467314,0.17684461966467313,-0.174298,0.096588,0.14105461966467314,-0.17348661966467313,-0.174298,-0.09323,0.05,1.0,0.0,0.02,1e-09
21.374914416999673,-1,0.14105461966467314,0.17684461966467313,-0.174298,0.096588,0.14105461966467314,-0.17348661966467313,-0.174298,-0.09323,0.05,1.0,0.0,0.02,1e-09
21.419507591999718,-1,0.14105461966467314,0.17684461966467313,-0.174298,0.096588,0.14105461966467314,-0.17348661966467313,-0.174298,-0.09323,0.05,1.0,0.0,0.02,1e-09
21.475272333998873,-1,0.14105461966467314,0.17684461966467313,-0.174298,0.096588,0.14105461966467314,-0.17348661966467313,-0.174298,-0.09323,0.05,1.0,0.0,0.02,1e-09
21.52703843999916,-1,0.14105461966467314,0.17684461966467313,-0.174298,0.096588,0.14105461966467314,-0.17348661966467313,-0.174298,-0.09323,0.05,1.0,0.0,0.02,1e-09
21.574899055998685,-1,0.14105461966467314,0.17684461966467313,-0.174298,0.096588,0.14105461966467314,-0.17348661966467313,-0.174298,-0.09323,0.05,1.0,0.0,0.02,1e-09
21.622646771997097,-1,0.14105461966467314,0.17684461966467313,-0.174298,0.096588,0.14105461966467314,-0.17348661966467313,-0.174298,-0.09323,0.05,1.0,0.0,0.02,1e-09
21.67322300199885,-1,0.14105461966467314,0.17684461966467313,-0.174298,0.096588,0.14105461966467314,-0.17348661966467313,-0.174298,-0.09323,0.05,1.0,0.0,0.02,1e-09
21.72909961500045,-1,0.14105461966467314,0.17684461966467313,-0.174298,0.096588,0.14105461966467314,-0.17348661966467313,-0.174298,-0.09323,0.05,1.0,0.0,0.02,1e-09
21.775282737999078,-1,0.14105461966467314,0.17684461966467313,-0.174298,0.096588,0.14105461966467314,-0.17348661966467313,-0.174298,-0.09323,0.05,1.0,0.0,0.02,1e-09
21.81968628100003,-1,0.14105461966467314,0.17684461966467313,-0.174298,0.096588,0.14105461966467314,-0.17348661966467313,-0.174298,-0.09323,0.05,1.0,0.0,0.02,1e-09
21.87034489799771,-1,0.14105461966467314,0.17684461966467313,-0.174298,0.096588,0.14105461966467314,-0.17348661966467313,-0.174298,-0.09323,0.05,1.0,0.0,0.02,1e-09
21.918643707998854,-1,0.14105461966467314,0.17684461966467313,-0.174298,0.096588,0.14105461966467314,-0.17348661966467313,-0.174298,-0.09323,0.05,1.0,0.0,0.02,1e-09
21.969396610998956,-1,0.14105461966467314,0.17684461966467313,-0.174298,0.096588,0.14105461966467314,-0.17348661966467313,-0.174298,-0.09323,0.05,1.0,0.0,0.02,1e-09
22.03637751199858,-1,0.14105461966467314,0.17684461966467313,-0.174298,0.096588,0.14105461966467314,-0.17348661966467313,-0.174298,-0.09323,0.05,1.0,0.0,0.02,1e-09
22.07418273299845,-1,0.14105461966467314,0.17684461966467313,-0.174298,0.096588,0.14105461966467314,-0.17348661966467313,-0.174298,-0.09323,0.05,1.0,0.0,0.02,1e-09
22.133963689997472,-1,0.14105461966467314,0.17684461966467313,-0.174298,0.096588,0.14105461966467314,-0.17348661966467313,-0.174298,-0.09323,0.05,1.0,0.0,0.02,1e-09
22.17405770500045,-1,0.14105461966467314,0.17684461966467313,-0.174298,0.096588,0.14105461966467314,-0.17348661966467313,-0.174298,-0.09323,0.05,1.0,0.0,0.02,1e-09
22.219705396997597,-1,0.14105461966467314,0.17684461966467313,-0.174298,0.096588,0.14105461966467314,-0.17348661966467313,-0.174298,-0.09323,0.05,1.0,0.0,0.02,1e-09
22.28165830299986,-1,0.14105461966467314,0.17684461966467313,-0.174298,0.096588,0.14105461966467314,-0.17348661966467313,-0.174298,-0.09323,0.05,1.0,0.0,0.02,1e-09
22.319077077998372,-1,0.14105461966467314,0.17684461966467313,-0.174298,0.096588,0.14105461966467314,-0.17348661966467313,-0.174298,-0.09323,0.05,1.0,0.0,0.02,1e-09
22.37272446499992,-1,0.14105461966467314,0.17684461966467313,-0.174298,0.096588,0.14105461966467314,-0.17348661966467313,-0.174298,-0.09323,0.05,1.0,0.0,0.02,1e-09
22.42362265599877,-1,0.14105461966467314,0.17684461966467313,-0.174298,0.096588,0.14105461966467314,-0.17348661966467313,-0.174298,-0.09323,0.05,1.0,0.0,0.02,1e-09
22.4743432260002,-1,0.14105461966467314,0.17684461966467313,-0.174298,0.096588,0.14105461966467314,-0.17348661966467313,-0.174298,-0.09323,0.05,1.0,0.0,0.02,1e-09
22.522821986000054,-1,0.14105461966467314,0.17684461966467313,-0.174298,0.096588,0.14105461966467314,-0.17348661966467313,-0.174298,-0.09323,0.05,1.0,0.0,0.02,1e-09
22.580325262999395,-1,0.14105461966467314,0.17684461966467313,-0.174298,0.096588,0.14105461966467314,-0.17348661966467313,-0.174298,-0.09323,0.05,1.0,0.0,0.02,1e-09
22.622655040999234,-1,0.14105461966467314,0.17684461966467313,-0.174298,0.096588,0.14105461966467314,-0.17348661966467313,-0.174298,-0.09323,0.05,1.0,0.0,0.02,1e-09
22.67193722400043,-1,0.14105461966467314,0.17684461966467313,-0.174298,0.096588,0.14105461966467314,-0.17348661966467313,-0.174298,-0.09323,0.05,1.0,0.0,0.02,1e-09
22.720027622999623,-1,0.14105461966467314,0.17684461966467313,-0.174298,0.096588,0.14105461966467314,-0.17348661966467313,-0.174298,-0.09323,0.05,1.0,0.0,0.02,1e-09
22.77031606899982,-1,0.14105461966467314,0.17684461966467313,-0.174298,0.096588,0.14105461966467314,-0.17348661966467313,-0.174298,-0.09323,0.05,1.0,0.0,0.02,1e-09
22.82232254599876,-1,0.14105461966467314,0.17684461966467313,-0.174298,0.096588,0.14105461966467314,-0.17348661966467313,-0.174298,-0.09323,0.05,1.0,0.0,0.02,1e-09
22.87169336199804,-1,0.14105461966467314,0.17684461966467313,-0.174298,0.096588,0.14105461966467314,-0.17348661966467313,-0.174298,-0.09323,0.05,1.0,0.0,0.02,1e-09
22.921364653000637,-1,0.14105461966467314,0.17684461966467313,-0.174298,0.096588,0.14105461966467314,-0.17348661966467313,-0.174298,-0.09323,0.05,1.0,0.0,0.02,1e-09
22.970355907997146,-1,0.14105461966467314,0.17684461966467313,-0.174298,0.096588,0.14105461966467314,-0.17348661966467313,-0.174298,-0.09323,0.05,1.0,0.0,0.02,1e-09
23.020105642997805,-1,0.14105461966467314,0.17684461966467313,-0.174298,0.096588,0.14105461966467314,-0.17348661966467313,-0.174298,-0.09323,0.05,1.0,0.0,0.02,1e-09
23.079135061998386,-1,0.14105461966467314,0.17684461966467313,-0.174298,0.096588,0.14105461966467314,-0.17348661966467313,-0.174298,-0.09323,0.05,1.0,0.0,0.02,1e-09
23.126977997999347,-1,0.14105461966467314,0.17684461966467313,-0.174298,0.096588,0.14105461966467314,-0.17348661966467313,-0.174298,-0.09323,0.05,1.0,0.0,0.02,1e-09
23.171483532998536,-1,0.14105461966467314,0.17684461966467313,-0.174298,0.096588,0.14105461966467314,-0.17348661966467313,-0.174298,-0.09323,0.05,1.0,0.0,0.02,1e-09
23.2302729969997,-1,0.14105461966467314,0.17684461966467313,-0.174298,0.096588,0.14105461966467314,-0.17348661966467313,-0.174298,-0.09323,0.05,1.0,0.0,0.02,1e-09
23.273429566997947,-1,0.14105461966467314,0.17684461966467313,-0.174298,0.096588,0.14105461966467314,-0.17348661966467313,-0.174298,-0.09323,0.05,1.0,0.0,0.02,1e-09
23.325379802998214,-1,0.14105461966467314,0.17684461966467313,-0.174298,0.096588,0.14105461966467314,-0.17348661966467313,-0.174298,-0.09323,0.05,1.0,0.0,0.02,1e-09
23.370487483000034,-1,0.14105461966467314,0.17684461966467313,-0.174298,0.096588,0.14105461966467314,-0.17348661966467313,-0.174298,-0.09323,0.05,1.0,0.0,0.02,1e-09
23.42316957499861,-1,0.14105461966467314,0.17684461966467313,-0.174298,0.096588,0.14105461966467314,-0.17348661966467313,-0.174298,-0.09323,0.05,1.0,0.0,0.02,1e-09
23.47930481199728,-1,0.14105461966467314,0.17684461966467313,-0.174298,0.096588,0.14105461966467314,-0.17348661966467313,-0.174298,-0.09323,0.05,1.0,0.0,0.02,1e-09
23.52429359999951,-1,0.14105461966467314,0.17684461966467313,-0.174298,0.096588,0.14105461966467314,-0.17348661966467313,-0.174298,-0.09323,0.05,1.0,0.0,0.02,1e-09
23.56995122399894,-1,0.14105461966467314,0.17684461966467313,-0.174298,0.096588,0.14105461966467314,-0.17348661966467313,-0.174298,-0.09323,0.05,1.0,0.0,0.02,1e-09
23.618232714998157,-1,0.14105461966467314,0.17684461966467313,-0.174298,0.096588,0.14105461966467314,-0.17348661966467313,-0.174298,-0.09323,0.05,1.0,0.0,0.02,1e-09
23.67049165299977,-1,0.14105461966467314,0.17684461966467313,-0.174298,0.096588,0.14105461966467314,-0.17348661966467313,-0.174298,-0.09323,0.05,1.0,0.0,0.02,1e-09
23.72344779500054,-1,0.14105461966467314,0.17684461966467313,-0.174298,0.096588,0.14105461966467314,-0.17348661966467313,-0.174298,-0.09323,0.05,1.0,0.0,0.02,1e-09
23.77173119299914,-1,0.14105461966467314,0.17684461966467313,-0.174298,0.096588,0.14105461966467314,-0.17348661966467313,-0.174298,-0.09323,0.05,1.0,0.0,0.02,1e-09
23.825007958999777,-1,0.14105461966467314,0.17684461966467313,-0.174298,0.096588,0.14105461966467314,-0.17348661966467313,-0.174298,-0.09323,0.05,1.0,0.0,0.02,1e-09
23.869162273997063,-1,0.14105461966467314,0.17684461966467313,-0.174298,0.096588,0.14105461966467314,-0.17348661966467313,-0.174298,-0.09323,0.05,1.0,0.0,0.02,1e-09
23.924543148998055,-1,0.14105461966467314,0.17684461966467313,-0.174298,0.096588,0.14105461966467314,-0.17348661966467313,-0.174298,-0.09323,0.05,1.0,0.0,0.02,1e-09
23.974179321998236,-1,0.14105461966467314,0.17684461966467313,-0.174298,0.096588,0.14105461966467314,-0.17348661966467313,-0.174298,-0.09323,0.05,1.0,0.0,0.02,1e-09
24.02386752899838,-1,0.14105461966467314,0.17684461966467313,-0.174298,0.096588,0.14105461966467314,-0.17348661966467313,-0.174298,-0.09323,0.05,1.0,0.0,0.02,1e-09
24.073459666997223,-1,0.14105461966467314,0.17684461966467313,-0.174298,0.096588,0.14105461966467314,-0.17348661966467313,-0.174298,-0.09323,0.05,1.0,0.0,0.02,1e-09
24.126701261000562,-1,0.14105461966467314,0.17684461966467313,-0.174298,0.096588,0.14105461966467314,-0.17348661966467313,-0.174298,-0.09323,0.05,1.0,0.0,0.02,1e-09
24.173001848997956,-1,0.14105461966467314,0.17684461966467313,-0.174298,0.096588,0.14105461966467314,-0.17348661966467313,-0.174298,-0.09323,0.05,1.0,0.0,0.02,1e-09
24.222293830000126,-1,0.14105461966467314,0.17684461966467313,-0.174298,0.096588,0.14105461966467314,-0.17348661966467313,-0.174298,-0.09323,0.05,1.0,0.0,0.02,1e-09
24.272059082999476,-1,0.14105461966467314,0.17684461966467313,-0.174298,0.096588,0.14105461966467314,-0.17348661966467313,-0.174298,-0.09323,0.05,1.0,0.0,0.02,1e-09
24.324412284000573,-1,0.14105461966467314,0.17684461966467313,-0.174298,0.096588,0.14105461966467314,-0.17348661966467313,-0.174298,-0.09323,0.05,1.0,0.0,0.02,1e-09
24.37379784999939,-1,0.14105461966467314,0.17684461966467313,-0.174298,0.096588,0.14105461966467314,-0.17348661966467313,-0.174298,-0.09323,0.05,1.0,0.0,0.02,1e-09
24.42071910699815,-1,0.14105461966467314,0.17684461966467313,-0.174298,0.096588,0.14105461966467314,-0.17348661966467313,-0.174298,-0.09323,0.05,1.0,0.0,0.02,1e-09
24.47151507200033,-1,0.14105461966467314,0.17684461966467313,-0.174298,0.096588,0.14105461966467314,-0.17348661966467313,-0.174298,-0.09323,0.05,1.0,0.0,0.02,1e-09
24.527063199999247,-1,0.14105461966467314,0.17684461966467313,-0.174298,0.096588,0.14105461966467314,-0.17348661966467313,-0.174298,-0.09323,0.05,1.0,0.0,0.02,1e-09
24.570524529997783,-1,0.14105461966467314,0.17684461966467313,-0.174298,0.096588,0.14105461966467314,-0.17348661966467313,-0.174298,-0.09323,0.05,1.0,0.0,0.02,1e-09
24.618598539997038,-1,0.14105461966467314,0.17684461966467313,-0.174298,0.096588,0.14105461966467314,-0.17348661966467313,-0.174298,-0.09323,0.05,1.0,0.0,0.02,1e-09
24.66992526899776,-1,0.14105461966467314,0.17684461966467313,-0.174298,0.096588,0.14105461966467314,-0.17348661966467313,-0.174298,-0.09323,0.05,1.0,0.0,0.02,1e-09
24.720177142997272,-1,0.14105461966467314,0.17684461966467313,-0.174298,0.096588,0.14105461966467314,-0.17348661966467313,-0.174298,-0.09323,0.05,1.0,0.0,0.02,1e-09
24.770750693998707,-1,0.14105461966467314,0.17684461966467313,-0.174298,0.096588,0.14105461966467314,-0.17348661966467313,-0.174298,-0.09323,0.05,1.0,0.0,0.02,1e-09
24.848772556997574,-1,0.14105461966467314,0.17684461966467313,-0.174298,0.096588,0.14105461966467314,-0.17348661966467313,-0.174298,-0.09323,0.05,1.0,0.0,0.02,1e-09
24.870565847999387,-1,0.14105461966467314,0.17684461966467313,-0.174298,0.096588,0.14105461966467314,-0.17348661966467313,-0.174298,-0.09323,0.05,1.0,0.0,0.02,1e-09
24.9209114089972,-1,0.14105461966467314,0.17684461966467313,-0.174298,0.096588,0.14105461966467314,-0.17348661966467313,-0.174298,-0.09323,0.05,1.0,0.0,0.02,1e-09
24.993293978997826,-1,0.14105461966467314,0.17684461966467313,-0.174298,0.096588,0.14105461966467314,-0.17348661966467313,-0.174298,-0.09323,0.05,1.0,0.0,0.02,1e-09
25.042225879999023,-1,0.14105461966467314,0.17684461966467313,-0.174298,0.096588,0.14105461966467314,-0.17348661966467313,-0.174298,-0.09323,0.05,1.0,0.0,0.02,1e-09
25.071881138999743,-1,0.14105461966467314,0.17684461966467313,-0.174298,0.096588,0.14105461966467314,-0.17348661966467313,-0.174298,-0.09323,0.05,1.0,0.0,0.02,1e-09
25.12479222500042,-1,0.14105461966467314,0.17684461966467313,-0.174298,0.096588,0.14105461966467314,-0.17348661966467313,-0.174298,-0.09323,0.05,1.0,0.0,0.02,1e-09
25.169363676999637,-1,0.14105461966467314,0.17684461966467313,-0.174298,0.096588,0.14105461966467314,-0.17348661966467313,-0.174298,-0.09323,0.05,1.0,0.0,0.02,1e-09
25.22941722500036,-1,0.14105461966467314,0.17684461966467313,-0.174298,0.096588,0.14105461966467314,-0.17348661966467313,-0.174298,-0.09323,0.05,1.0,0.0,0.02,1e-09
25.272383822997654,-1,0.14105461966467314,0.17684461966467313,-0.174298,0.096588,0.14105461966467314,-0.17348661966467313,-0.174298,-0.09323,0.05,1.0,0.0,0.02,1e-09
25.31847781399847,-1,0.14105461966467314,0.17684461966467313,-0.174298,0.096588,0.14105461966467314,-0.17348661966467313,-0.174298,-0.09323,0.05,1.0,0.0,0.02,1e-09
25.37604790700061,-1,0.14105461966467314,0.17684461966467313,-0.174298,0.096588,0.14105461966467314,-0.17348661966467313,-0.174298,-0.09323,0.05,1.0,0.0,0.02,1e-09
25.424017489000107,-1,0.14105461966467314,0.17684461966467313,-0.174298,0.096588,0.14105461966467314,-0.17348661966467313,-0.174298,-0.09323,0.05,1.0,0.0,0.02,1e-09
25.477610425998137,-1,0.14105461966467314,0.17684461966467313,-0.174298,0.096588,0.14105461966467314,-0.17348661966467313,-0.174298,-0.09323,0.05,1.0,0.0,0.02,1e-09
25.521070217997476,-1,0.14105461966467314,0.17684461966467313,-0.174298,0.096588,0.14105461966467314,-0.17348661966467313,-0.174298,-0.09323,0.05,1.0,0.0,0.02,1e-09
25.57895767199807,-1,0.14105461966467314,0.17684461966467313,-0.174298,0.096588,0.14105461966467314,-0.17348661966467313,-0.174298,-0.09323,0.05,1.0,0.0,0.02,1e-09
25.621031167000183,-1,0.14105461966467314,0.17684461966467313,-0.174298,0.096588,0.14105461966467314,-0.17348661966467313,-0.174298,-0.09323,0.05,1.0,0.0,0.02,1e-09
25.67299090099914,-1,0.14105461966467314,0.17684461966467313,-0.174298,0.096588,0.14105461966467314,-0.17348661966467313,-0.174298,-0.09323,0.05,1.0,0.0,0.02,1e-09
25.72627431499859,-1,0.14105461966467314,0.17684461966467313,-0.174298,0.096588,0.14105461966467314,-0.17348661966467313,-0.174298,-0.09323,0.05,1.0,0.0,0.02,1e-09
25.770644839998567,-1,0.14105461966467314,0.17684461966467313,-0.174298,0.096588,0.14105461966467314,-0.17348661966467313,-0.174298,-0.09323,0.05,1.0,0.0,0.02,1e-09
25.812553007999668,-1,0.14105461966467314,0.17684461966467313,-0.174298,0.096588,0.14105461966467314,-0.17348661966467313,-0.174298,-0.09323,0.05,1.0,0.0,0.02,1e-09
25.813929175998055,-1,0.14105461966467314,0.17684461966467313,-0.174298,0.096588,0.14105461966467314,-0.17348661966467313,-0.174298,-0.09323,0.05,1.0,0.0,0.02,1e-09
25.88231994599846,-1,0.14105461966467314,0.17684461966467313,-0.174298,0.096588,0.14105461966467314,-0.17348661966467313,-0.174298,-0.09323,0.05,1.0,0.0,0.02,1e-09
25.92053726499944,-1,0.14105461966467314,0.17684461966467313,-0.174298,0.096588,0.14105461966467314,-0.17348661966467313,-0.174298,-0.09323,0.05,1.0,0.0,0.02,1e-09
25.970589497999754,-1,0.14105461966467314,0.17684461966467313,-0.174298,0.096588,0.14105461966467314,-0.17348661966467313,-0.174298,-0.09323,0.05,1.0,0.0,0.02,1e-09
26.014311179998913,-1,0.14105461966467314,0.17684461966467313,-0.174298,0.096588,0.14105461966467314,-0.17348661966467313,-0.174298,-0.09323,0.05,1.0,0.0,0.02,1e-09
26.063675335997686,-1,0.14105461966467314,0.17684461966467313,-0.174298,0.096588,0.14105461966467314,-0.17348661966467313,-0.174298,-0.09323,0.05,1.0,0.0,0.02,1e-09
26.1162678269975,-1,0.14105461966467314,0.17684461966467313,-0.174298,0.096588,0.14105461966467314,-0.17348661966467313,-0.174298,-0.09323,0.05,1.0,0.0,0.02,1e-09
26.166816401997494,-1,0.14105461966467314,0.17684461966467313,-0.174298,0.096588,0.14105461966467314,-0.17348661966467313,-0.174298,-0.09323,0.05,1.0,0.0,0.02,1e-09
26.21637967499919,-1,0.14105461966467314,0.17684461966467313,-0.174298,0.096588,0.14105461966467314,-0.17348661966467313,-0.174298,-0.09323,0.05,1.0,0.0,0.02,1e-09
26.278330875000393,-1,0.14105461966467314,0.17684461966467313,-0.174298,0.096588,0.14105461966467314,-0.17348661966467313,-0.174298,-0.09323,0.05,1.0,0.0,0.02,1e-09
26.3174671759989,-1,0.14105461966467314,0.17684461966467313,-0.174298,0.096588,0.14105461966467314,-0.17348661966467313,-0.174298,-0.09323,0.05,1.0,0.0,0.02,1e-09
26.37825636100024,-1,0.14105461966467314,0.17684461966467313,-0.174298,0.096588,0.14105461966467314,-0.17348661966467313,-0.174298,-0.09323,0.05,1.0,0.0,0.02,1e-09
26.418757633000496,-1,0.14105461966467314,0.17684461966467313,-0.174298,0.096588,0.14105461966467314,-0.17348661966467313,-0.174298,-0.09323,0.05,1.0,0.0,0.02,1e-09
26.471260721998988,-1,0.14105461966467314,0.17684461966467313,-0.174298,0.096588,0.14105461966467314,-0.17348661966467313,-0.174298,-0.09323,0.05,1.0,0.0,0.02,1e-09
26.518375898998784,-1,0.14105461966467314,0.17684461966467313,-0.174298,0.096588,0.14105461966467314,-0.17348661966467313,-0.174298,-0.09323,0.05,1.0,0.0,0.02,1e-09
26.568444657998043,-1,0.14105461966467314,0.17684461966467313,-0.174298,0.096588,0.14105461966467314,-0.17348661966467313,-0.174298,-0.09323,0.05,1.0,0.0,0.02,1e-09
26.615507804999652,-1,0.14105461966467314,0.17684461966467313,-0.174298,0.096588,0.14105461966467314,-0.17348661966467313,-0.174298,-0.09323,0.05,1.0,0.0,0.02,1e-09
26.668884433998755,-1,0.14105461966467314,0.17684461966467313,-0.174298,0.096588,0.14105461966467314,-0.17348661966467313,-0.174298,-0.09323,0.05,1.0,0.0,0.02,1e-09
26.714395483999397,-1,0.14105461966467314,0.17684461966467313,-0.174298,0.096588,0.14105461966467314,-0.17348661966467313,-0.174298,-0.09323,0.05,1.0,0.0,0.02,1e-09
26.770828281998547,-1,0.14105461966467314,0.17684461966467313,-0.174298,0.096588,0.14105461966467314,-0.17348661966467313,-0.174298,-0.09323,0.05,1.0,0.0,0.02,1e-09
26.819677805000538,-1,0.14105461966467314,0.17684461966467313,-0.174298,0.096588,0.14105461966467314,-0.17348661966467313,-0.174298,-0.09323,0.05,1.0,0.0,0.02,1e-09
26.865399553997122,-1,0.14105461966467314,0.17684461966467313,-0.174298,0.096588,0.14105461966467314,-0.17348661966467313,-0.174298,-0.09323,0.05,1.0,0.0,0.02,1e-09
26.91451399699872,-1,0.14105461966467314,0.17684461966467313,-0.174298,0.096588,0.14105461966467314,-0.17348661966467313,-0.174298,-0.09323,0.05,1.0,0.0,0.02,1e-09
26.974796856000467,-1,0.14105461966467314,0.17684461966467313,-0.174298,0.096588,0.14105461966467314,-0.17348661966467313,-0.174298,-0.09323,0.05,1.0,0.0,0.02,1e-09
27.022937256999285,-1,0.14105461966467314,0.17684461966467313,-0.174298,0.096588,0.14105461966467314,-0.17348661966467313,-0.174298,-0.09323,0.05,1.0,0.0,0.02,1e-09
27.073618929000077,-1,0.14105461966467314,0.17684461966467313,-0.174298,0.096588,0.14105461966467314,-0.17348661966467313,-0.174298,-0.09323,0.05,1.0,0.0,0.02,1e-09
27.118872207000095,-1,0.14105461966467314,0.17684461966467313,-0.174298,0.096588,0.14105461966467314,-0.17348661966467313,-0.174298,-0.09323,0.05,1.0,0.0,0.02,1e-09
27.16421630699915,-1,0.14105461966467314,0.17684461966467313,-0.174298,0.096588,0.14105461966467314,-0.17348661966467313,-0.174298,-0.09323,0.05,1.0,0.0,0.02,1e-09
27.232264321999537,-1,0.14105461966467314,0.17684461966467313,-0.174298,0.096588,0.14105461966467314,-0.17348661966467313,-0.174298,-0.09323,0.05,1.0,0.0,0.02,1e-09
27.270931142000336,-1,0.14105461966467314,0.17684461966467313,-0.174298,0.096588,0.14105461966467314,-0.17348661966467313,-0.174298,-0.09323,0.05,1.0,0.0,0.02,1e-09
27.31693536400053,-1,0.14105461966467314,0.17684461966467313,-0.174298,0.096588,0.14105461966467314,-0.17348661966467313,-0.174298,-0.09323,0.05,1.0,0.0,0.02,1e-09
27.373268376999476,-1,0.14105461966467314,0.17684461966467313,-0.174298,0.096588,0.14105461966467314,-0.17348661966467313,-0.174298,-0.09323,0.05,1.0,0.0,0.02,1e-09
27.41484829199908,-1,0.14105461966467314,0.17684461966467313,-0.174298,0.096588,0.14105461966467314,-0.17348661966467313,-0.174298,-0.09323,0.05,1.0,0.0,0.02,1e-09
27.47108833099992,-1,0.14105461966467314,0.17684461966467313,-0.174298,0.096588,0.14105461966467314,-0.17348661966467313,-0.174298,-0.09323,0.05,1.0,0.0,0.02,1e-09
27.519427011997323,-1,0.14105461966467314,0.17684461966467313,-0.174298,0.096588,0.14105461966467314,-0.17348661966467313,-0.174298,-0.09323,0.05,1.0,0.0,0.02,1e-09
27.568566736998037,-1,0.14105461966467314,0.17684461966467313,-0.174298,0.096588,0.14105461966467314,-0.17348661966467313,-0.174298,-0.09323,0.05,1.0,0.0,0.02,1e-09
27.622734295000555,-1,0.14105461966467314,0.17684461966467313,-0.174298,0.096588,0.14105461966467314,-0.17348661966467313,-0.174298,-0.09323,0.05,1.0,0.0,0.02,1e-09
27.665674449999642,-1,0.14105461966467314,0.17684461966467313,-0.174298,0.096588,0.14105461966467314,-0.17348661966467313,-0.174298,-0.09323,0.05,1.0,0.0,0.02,1e-09
27.726528085997415,-1,0.14105461966467314,0.17684461966467313,-0.174298,0.096588,0.14105461966467314,-0.17348661966467313,-0.174298,-0.09323,0.05,1.0,0.0,0.02,1e-09
27.77163818599729,-1,0.14105461966467314,0.17684461966467313,-0.174298,0.096588,0.14105461966467314,-0.17348661966467313,-0.174298,-0.09323,0.05,1.0,0.0,0.02,1e-09
27.818505687999277,-1,0.14105461966467314,0.17684461966467313,-0.174298,0.096588,0.14105461966467314,-0.17348661966467313,-0.174298,-0.09323,0.05,1.0,0.0,0.02,1e-09
27.87088170899733,-1,0.14105461966467314,0.17684461966467313,-0.174298,0.096588,0.14105461966467314,-0.17348661966467313,-0.174298,-0.09323,0.05,1.0,0.0,0.02,1e-09
27.916828337998595,-1,0.14105461966467314,0.17684461966467313,-0.174298,0.096588,0.14105461966467314,-0.17348661966467313,-0.174298,-0.09323,0.05,1.0,0.0,0.02,1e-09
27.964002559998335,-1,0.14105461966467314,0.17684461966467313,-0.174298,0.096588,0.14105461966467314,-0.17348661966467313,-0.174298,-0.09323,0.05,1.0,0.0,0.02,1e-09
28.01737030499862,-1,0.14105461966467314,0.17684461966467313,-0.174298,0.096588,0.14105461966467314,-0.17348661966467313,-0.174298,-0.09323,0.05,1.0,0.0,0.02,1e-09
28.072422143999574,-1,0.14105461966467314,0.17684461966467313,-0.174298,0.096588,0.14105461966467314,-0.17348661966467313,-0.174298,-0.09323,0.05,1.0,0.0,0.02,1e-09
28.12169868300043,-1,0.14105461966467314,0.17684461966467313,-0.174298,0.096588,0.14105461966467314,-0.17348661966467313,-0.174298,-0.09323,0.05,1.0,0.0,0.02,1e-09
28.166837862998364,-1,0.14105461966467314,0.17684461966467313,-0.174298,0.096588,0.14105461966467314,-0.17348661966467313,-0.174298,-0.09323,0.05,1.0,0.0,0.02,1e-09
28.232729927000037,-1,0.14105461966467314,0.17684461966467313,-0.174298,0.096588,0.14105461966467314,-0.17348661966467313,-0.174298,-0.09323,0.05,1.0,0.0,0.02,1e-09
28.26690254300047,-1,0.14105461966467314,0.17684461966467313,-0.174298,0.096588,0.14105461966467314,-0.17348661966467313,-0.174298,-0.09323,0.05,1.0,0.0,0.02,1e-09
28.31837341299979,-1,0.14105461966467314,0.17684461966467313,-0.174298,0.096588,0.14105461966467314,-0.17348661966467313,-0.174298,-0.09323,0.05,1.0,0.0,0.02,1e-09
28.367526510999596,-1,0.14105461966467314,0.17684461966467313,-0.174298,0.096588,0.14105461966467314,-0.17348661966467313,-0.174298,-0.09323,0.05,1.0,0.0,0.02,1e-09
28.41482645100041,-1,0.14105461966467314,0.17684461966467313,-0.174298,0.096588,0.14105461966467314,-0.17348661966467313,-0.174298,-0.09323,0.05,1.0,0.0,0.02,1e-09
28.46821907299818,-1,0.14105461966467314,0.17684461966467313,-0.174298,0.096588,0.14105461966467314,-0.17348661966467313,-0.174298,-0.09323,0.05,1.0,0.0,0.02,1e-09
28.529458638000506,-1,0.14105461966467314,0.17684461966467313,-0.174298,0.096588,0.14105461966467314,-0.17348661966467313,-0.174298,-0.09323,0.05,1.0,0.0,0.02,1e-09
28.56638959100019,-1,0.14105461966467314,0.17684461966467313,-0.174298,0.096588,0.14105461966467314,-0.17348661966467313,-0.174298,-0.09323,0.05,1.0,0.0,0.02,1e-09
28.61521984099818,-1,0.14105461966467314,0.17684461966467313,-0.174298,0.096588,0.14105461966467314,-0.17348661966467313,-0.174298,-0.09323,0.05,1.0,0.0,0.02,1e-09
28.664314752997598,-1,0.14105461966467314,0.17684461966467313,-0.174298,0.096588,0.14105461966467314,-0.17348661966467313,-0.174298,-0.09323,0.05,1.0,0.0,0.02,1e-09
28.719327787999646,-1,0.14105461966467314,0.17684461966467313,-0.174298,0.096588,0.14105461966467314,-0.17348661966467313,-0.174298,-0.09323,0.05,1.0,0.0,0.02,1e-09
28.775055596997845,-1,0.14105461966467314,0.17684461966467313,-0.174298,0.096588,0.14105461966467314,-0.17348661966467313,-0.174298,-0.09323,0.05,1.0,0.0,0.02,1e-09
28.815520239997568,-1,0.14105461966467314,0.17684461966467313,-0.174298,0.096588,0.14105461966467314,-0.17348661966467313,-0.174298,-0.09323,0.05,1.0,0.0,0.02,1e-09
28.86640275699756,-1,0.14105461966467314,0.17684461966467313,-0.174298,0.096588,0.14105461966467314,-0.17348661966467313,-0.174298,-0.09323,0.05,1.0,0.0,0.02,1e-09
28.914945993998117,-1,0.14105461966467314,0.17684461966467313,-0.174298,0.096588,0.14105461966467314,-0.17348661966467313,-0.174298,-0.09323,0.05,1.0,0.0,0.02,1e-09
28.983664406998287,-1,0.14105461966467314,0.17684461966467313,-0.174298,0.096588,0.14105461966467314,-0.17348661966467313,-0.174298,-0.09323,0.05,1.0,0.0,0.02,1e-09
29.025221272000636,-1,0.14105461966467314,0.17684461966467313,-0.174298,0.096588,0.14105461966467314,-0.17348661966467313,-0.174298,-0.09323,0.05,1.0,0.0,0.02,1e-09
29.06691857199985,-1,0.14105461966467314,0.17684461966467313,-0.174298,0.096588,0.14105461966467314,-0.17348661966467313,-0.174298,-0.09323,0.05,1.0,0.0,0.02,1e-09
29.11698207399968,-1,0.14105461966467314,0.17684461966467313,-0.174298,0.096588,0.14105461966467314,-0.17348661966467313,-0.174298,-0.09323,0.05,1.0,0.0,0.02,1e-09
29.168251821000013,-1,0.14105461966467314,0.17684461966467313,-0.174298,0.096588,0.14105461966467314,-0.17348661966467313,-0.174298,-0.09323,0.05,1.0,0.0,0.02,1e-09
29.21778081999946,-1,0.14105461966467314,0.17684461966467313,-0.174298,0.096588,0.14105461966467314,-0.17348661966467313,-0.174298,-0.09323,0.05,1.0,0.0,0.02,1e-09
29.270104891998926,-1,0.14105461966467314,0.17684461966467313,-0.174298,0.096588,0.14105461966467314,-0.17348661966467313,-0.174298,-0.09323,0.05,1.0,0.0,0.02,1e-09
29.314126340999792,-1,0.14105461966467314,0.17684461966467313,-0.174298,0.096588,0.14105461966467314,-0.17348661966467313,-0.174298,-0.09323,0.05,1.0,0.0,0.02,1e-09
29.372264472000097,-1,0.14105461966467314,0.17684461966467313,-0.174298,0.096588,0.14105461966467314,-0.17348661966467313,-0.174298,-0.09323,0.05,1.0,0.0,0.02,1e-09
29.418685884997103,-1,0.14105461966467314,0.17684461966467313,-0.174298,0.096588,0.14105461966467314,-0.17348661966467313,-0.174298,-0.09323,0.05,1.0,0.0,0.02,1e-09
29.464591910997115,-1,0.14105461966467314,0.17684461966467313,-0.174298,0.096588,0.14105461966467314,-0.17348661966467313,-0.174298,-0.09323,0.05,1.0,0.0,0.02,1e-09
29.517812889000197,-1,0.14105461966467314,0.17684461966467313,-0.174298,0.096588,0.14105461966467314,-0.17348661966467313,-0.174298,-0.09323,0.05,1.0,0.0,0.02,1e-09
29.571834016998764,-1,0.14105461966467314,0.17684461966467313,-0.174298,0.096588,0.14105461966467314,-0.17348661966467313,-0.174298,-0.09323,0.05,1.0,0.0,0.02,1e-09
29.714335434997338,-1,0.14105461966467314,0.17684461966467313,-0.174298,0.096588,0.14105461966467314,-0.17348661966467313,-0.174298,-0.09323,0.05,1.0,0.0,0.02,1e-09
29.723704542000633,-1,0.14105461966467314,0.17684461966467313,-0.174298,0.096588,0.14105461966467314,-0.17348661966467313,-0.174298,-0.09323,0.05,1.0,0.0,0.02,1e-09
29.725249376999272,-1,0.14105461966467314,0.17684461966467313,-0.174298,0.096588,0.14105461966467314,-0.17348661966467313,-0.174298,-0.09323,0.05,1.0,0.0,0.02,1e-09
29.769599265997385,-1,0.14105461966467314,0.17684461966467313,-0.174298,0.096588,0.14105461966467314,-0.17348661966467313,-0.174298,-0.09323,0.05,1.0,0.0,0.02,1e-09
29.82015459899776,-1,0.14105461966467314,0.17684461966467313,-0.174298,0.096588,0.14105461966467314,-0.17348661966467313,-0.174298,-0.09323,0.05,1.0,0.0,0.02,1e-09
29.870321376998618,-1,0.14105461966467314,0.17684461966467313,-0.174298,0.096588,0.14105461966467314,-0.17348661966467313,-0.174298,-0.09323,0.05,1.0,0.0,0.02,1e-09
29.915028709998296,-1,0.14105461966467314,0.17684461966467313,-0.174298,0.096588,0.14105461966467314,-0.17348661966467313,-0.174298,-0.09323,0.05,1.0,0.0,0.02,1e-09
29.968196288999025,-1,0.14105461966467314,0.17684461966467313,-0.174298,0.096588,0.14105461966467314,-0.17348661966467313,-0.174298,-0.09323,0.05,1.0,0.0,0.02,1e-09
30.01750506299868,-1,0.14105461966467314,0.17684461966467313,-0.174298,0.096588,0.14105461966467314,-0.17348661966467313,-0.174298,-0.09323,0.05,1.0,0.0,0.02,1e-09
30.065524259000085,-1,0.14105461966467314,0.17684461966467313,-0.174298,0.096588,0.14105461966467314,-0.17348661966467313,-0.174298,-0.09323,0.05,1.0,0.0,0.02,1e-09
30.1136771700003,-1,0.14105461966467314,0.17684461966467313,-0.174298,0.096588,0.14105461966467314,-0.17348661966467313,-0.174298,-0.09323,0.05,1.0,0.0,0.02,1e-09
30.165546959000494,-1,0.14105461966467314,0.17684461966467313,-0.174298,0.096588,0.14105461966467314,-0.17348661966467313,-0.174298,-0.09323,0.05,1.0,0.0,0.02,1e-09
30.2160082349983,-1,0.14105461966467314,0.17684461966467313,-0.174298,0.096588,0.14105461966467314,-0.17348661966467313,-0.174298,-0.09323,0.05,1.0,0.0,0.02,1e-09
30.274425054998574,-1,0.14105461966467314,0.17684461966467313,-0.174298,0.096588,0.14105461966467314,-0.17348661966467313,-0.174298,-0.09323,0.05,1.0,0.0,0.02,1e-09
30.315009883997845,-1,0.14105461966467314,0.17684461966467313,-0.174298,0.096588,0.14105461966467314,-0.17348661966467313,-0.174298,-0.09323,0.05,1.0,0.0,0.02,1e-09
30.370463761999417,-1,0.14105461966467314,0.17684461966467313,-0.174298,0.096588,0.14105461966467314,-0.17348661966467313,-0.174298,-0.09323,0.05,1.0,0.0,0.02,1e-09
30.439711383998656,-1,0.14105461966467314,0.17684461966467313,-0.174298,0.096588,0.14105461966467314,-0.17348661966467313,-0.174298,-0.09323,0.05,1.0,0.0,0.02,1e-09
30.471370109000418,-1,0.14105461966467314,0.17684461966467313,-0.174298,0.096588,0.14105461966467314,-0.17348661966467313,-0.174298,-0.09323,0.05,1.0,0.0,0.02,1e-09
30.52538106099746,-1,0.14105461966467314,0.17684461966467313,-0.174298,0.096588,0.14105461966467314,-0.17348661966467313,-0.174298,-0.09323,0.05,1.0,0.0,0.02,1e-09
30.57148019200031,-1,0.14105461966467314,0.17684461966467313,-0.174298,0.096588,0.14105461966467314,-0.17348661966467313,-0.174298,-0.09323,0.05,1.0,0.0,0.02,1e-09
30.636465433999547,-1,0.14105461966467314,0.17684461966467313,-0.174298,0.096588,0.14105461966467314,-0.17348661966467313,-0.174298,-0.09323,0.05,1.0,0.0,0.02,1e-09
30.670600983998156,-1,0.14105461966467314,0.17684461966467313,-0.174298,0.096588,0.14105461966467314,-0.17348661966467313,-0.174298,-0.09323,0.05,1.0,0.0,0.02,1e-09
30.717085986998427,-1,0.14105461966467314,0.17684461966467313,-0.174298,0.096588,0.14105461966467314,-0.17348661966467313,-0.174298,-0.09323,0.05,1.0,0.0,0.02,1e-09
30.7787559089993,-1,0.14105461966467314,0.17684461966467313,-0.174298,0.096588,0.14105461966467314,-0.17348661966467313,-0.174298,-0.09323,0.05,1.0,0.0,0.02,1e-09
30.817353754999203,-1,0.14105461966467314,0.17684461966467313,-0.174298,0.096588,0.14105461966467314,-0.17348661966467313,-0.174298,-0.09323,0.05,1.0,0.0,0.02,1e-09
30.868274380998628,-1,0.14105461966467314,0.17684461966467313,-0.174298,0.096588,0.14105461966467314,-0.17348661966467313,-0.174298,-0.09323,0.05,1.0,0.0,0.02,1e-09
30.917720827997982,-1,0.14105461966467314,0.17684461966467313,-0.174298,0.096588,0.14105461966467314,-0.17348661966467313,-0.174298,-0.09323,0.05,1.0,0.0,0.02,1e-09
30.966741046999232,-1,0.14105461966467314,0.17684461966467313,-0.174298,0.096588,0.14105461966467314,-0.17348661966467313,-0.174298,-0.09323,0.05,1.0,0.0,0.02,1e-09
31.01626774199758,-1,0.14105461966467314,0.17684461966467313,-0.174298,0.096588,0.14105461966467314,-0.17348661966467313,-0.174298,-0.09323,0.05,1.0,0.0,0.02,1e-09
31.065666294998664,-1,0.14105461966467314,0.17684461966467313,-0.174298,0.096588,0.14105461966467314,-0.17348661966467313,-0.174298,-0.09323,0.05,1.0,0.0,0.02,1e-09
31.1223871459988,-1,0.14105461966467314,0.17684461966467313,-0.174298,0.096588,0.14105461966467314,-0.17348661966467313,-0.174298,-0.09323,0.05,1.0,0.0,0.02,1e-09
31.168564657997194,-1,0.14105461966467314,0.17684461966467313,-0.174298,0.096588,0.14105461966467314,-0.17348661966467313,-0.174298,-0.09323,0.05,1.0,0.0,0.02,1e-09
31.21993606199976,-1,0.14105461966467314,0.17684461966467313,-0.174298,0.096588,0.14105461966467314,-0.17348661966467313,-0.174298,-0.09323,0.05,1.0,0.0,0.02,1e-09
31.27735299199776,-1,0.14105461966467314,0.17684461966467313,-0.174298,0.096588,0.14105461966467314,-0.17348661966467313,-0.174298,-0.09323,0.05,1.0,0.0,0.02,1e-09
31.315213485999266,-1,0.14105461966467314,0.17684461966467313,-0.174298,0.096588,0.14105461966467314,-0.17348661966467313,-0.174298,-0.09323,0.05,1.0,0.0,0.02,1e-09
31.3725074569993,-1,0.14105461966467314,0.17684461966467313,-0.174298,0.096588,0.14105461966467314,-0.17348661966467313,-0.174298,-0.09323,0.05,1.0,0.0,0.02,1e-09
31.416538796998793,-1,0.14105461966467314,0.17684461966467313,-0.174298,0.096588,0.14105461966467314,-0.17348661966467313,-0.174298,-0.09323,0.05,1.0,0.0,0.02,1e-09
31.470868455999153,-1,0.14105461966467314,0.17684461966467313,-0.174298,0.096588,0.14105461966467314,-0.17348661966467313,-0.174298,-0.09323,0.05,1.0,0.0,0.02,1e-09
31.51812511800017,-1,0.14105461966467314,0.17684461966467313,-0.174298,0.096588,0.14105461966467314,-0.17348661966467313,-0.174298,-0.09323,0.05,1.0,0.0,0.02,1e-09
31.567201776997535,-1,0.14105461966467314,0.17684461966467313,-0.174298,0.096588,0.14105461966467314,-0.17348661966467313,-0.174298,-0.09323,0.05,1.0,0.0,0.02,1e-09
31.62747853700057,-1,0.14105461966467314,0.17684461966467313,-0.174298,0.096588,0.14105461966467314,-0.17348661966467313,-0.174298,-0.09323,0.05,1.0,0.0,0.02,1e-09
31.667236220997438,-1,0.14105461966467314,0.17684461966467313,-0.174298,0.096588,0.14105461966467314,-0.17348661966467313,-0.174298,-0.09323,0.05,1.0,0.0,0.02,1e-09
31.72322042199812,-1,0.14105461966467314,0.17684461966467313,-0.174298,0.096588,0.14105461966467314,-0.17348661966467313,-0.174298,-0.09323,0.05,1.0,0.0,0.02,1e-09
31.765519053999014,-1,0.14105461966467314,0.17684461966467313,-0.174298,0.096588,0.14105461966467314,-0.17348661966467313,-0.174298,-0.09323,0.05,1.0,0.0,0.02,1e-09
31.815919661999942,-1,0.14105461966467314,0.17684461966467313,-0.174298,0.096588,0.14105461966467314,-0.17348661966467313,-0.174298,-0.09323,0.05,1.0,0.0,0.02,1e-09
31.865489327999967,-1,0.14105461966467314,0.17684461966467313,-0.174298,0.096588,0.14105461966467314,-0.17348661966467313,-0.174298,-0.09323,0.05,1.0,0.0,0.02,1e-09
31.91749908699785,-1,0.14105461966467314,0.17684461966467313,-0.174298,0.096588,0.14105461966467314,-0.17348661966467313,-0.174298,-0.09323,0.05,1.0,0.0,0.02,1e-09
31.968772513999284,-1,0.14105461966467314,0.17684461966467313,-0.174298,0.096588,0.14105461966467314,-0.17348661966467313,-0.174298,-0.09323,0.05,1.0,0.0,0.02,1e-09
32.022158142997796,-1,0.14105461966467314,0.17684461966467313,-0.174298,0.096588,0.14105461966467314,-0.17348661966467313,-0.174298,-0.09323,0.05,1.0,0.0,0.02,1e-09
32.0824636819998,-1,0.14105461966467314,0.17684461966467313,-0.174298,0.096588,0.14105461966467314,-0.17348661966467313,-0.174298,-0.09323,0.05,1.0,0.0,0.02,1e-09
32.1275417020006,-1,0.14105461966467314,0.17684461966467313,-0.174298,0.096588,0.14105461966467314,-0.17348661966467313,-0.174298,-0.09323,0.05,1.0,0.0,0.02,1e-09
32.16578428899811,-1,0.14105461966467314,0.17684461966467313,-0.174298,0.096588,0.14105461966467314,-0.17348661966467313,-0.174298,-0.09323,0.05,1.0,0.0,0.02,1e-09
32.21899195600054,-1,0.14105461966467314,0.17684461966467313,-0.174298,0.096588,0.14105461966467314,-0.17348661966467313,-0.174298,-0.09323,0.05,1.0,0.0,0.02,1e-09
32.272795618999226,-1,0.14105461966467314,0.17684461966467313,-0.174298,0.096588,0.14105461966467314,-0.17348661966467313,-0.174298,-0.09323,0.05,1.0,0.0,0.02,1e-09
32.316432511997846,-1,0.14105461966467314,0.17684461966467313,-0.174298,0.096588,0.14105461966467314,-0.17348661966467313,-0.174298,-0.09323,0.05,1.0,0.0,0.02,1e-09
32.368938906998665,-1,0.14105461966467314,0.17684461966467313,-0.174298,0.096588,0.14105461966467314,-0.17348661966467313,-0.174298,-0.09323,0.05,1.0,0.0,0.02,1e-09
32.419647478000115,-1,0.14105461966467314,0.17684461966467313,-0.174298,0.096588,0.14105461966467314,-0.17348661966467313,-0.174298,-0.09323,0.05,1.0,0.0,0.02,1e-09
32.47130399899834,-1,0.14105461966467314,0.17684461966467313,-0.174298,0.096588,0.14105461966467314,-0.17348661966467313,-0.174298,-0.09323,0.05,1.0,0.0,0.02,1e-09
32.517619671998546,-1,0.14105461966467314,0.17684461966467313,-0.174298,0.096588,0.14105461966467314,-0.17348661966467313,-0.174298,-0.09323,0.05,1.0,0.0,0.02,1e-09
32.57210272500015,-1,0.14105461966467314,0.17684461966467313,-0.174298,0.096588,0.14105461966467314,-0.17348661966467313,-0.174298,-0.09323,0.05,1.0,0.0,0.02,1e-09
32.62756008999713,-1,0.14105461966467314,0.17684461966467313,-0.174298,0.096588,0.14105461966467314,-0.17348661966467313,-0.174298,-0.09323,0.05,1.0,0.0,0.02,1e-09
32.667802575997484,-1,0.14105461966467314,0.17684461966467313,-0.174298,0.096588,0.14105461966467314,-0.17348661966467313,-0.174298,-0.09323,0.05,1.0,0.0,0.02,1e-09
32.71691659499993,-1,0.14105461966467314,0.17684461966467313,-0.174298,0.096588,0.14105461966467314,-0.17348661966467313,-0.174298,-0.09323,0.05,1.0,0.0,0.02,1e-09
32.76499609500024,-1,0.14105461966467314,0.17684461966467313,-0.174298,0.096588,0.14105461966467314,-0.17348661966467313,-0.174298,-0.09323,0.05,1.0,0.0,0.02,1e-09
32.81482093699742,-1,0.14105461966467314,0.17684461966467313,-0.174298,0.096588,0.14105461966467314,-0.17348661966467313,-0.174298,-0.09323,0.05,1.0,0.0,0.02,1e-09
32.8696920379989,-1,0.14105461966467314,0.17684461966467313,-0.174298,0.096588,0.14105461966467314,-0.17348661966467313,-0.174298,-0.09323,0.05,1.0,0.0,0.02,1e-09
32.919244849999814,-1,0.14105461966467314,0.17684461966467313,-0.174298,0.096588,0.14105461966467314,-0.17348661966467313,-0.174298,-0.09323,0.05,1.0,0.0,0.02,1e-09
32.976490383000055,-1,0.14105461966467314,0.17684461966467313,-0.174298,0.096588,0.14105461966467314,-0.17348661966467313,-0.174298,-0.09323,0.05,1.0,0.0,0.02,1e-09
33.01809097200021,-1,0.14105461966467314,0.17684461966467313,-0.174298,0.096588,0.14105461966467314,-0.17348661966467313,-0.174298,-0.09323,0.05,1.0,0.0,0.02,1e-09
33.07432594599959,-1,0.14105461966467314,0.17684461966467313,-0.174298,0.096588,0.14105461966467314,-0.17348661966467313,-0.174298,-0.09323,0.05,1.0,0.0,0.02,1e-09
33.115286397998716,-1,0.14105461966467314,0.17684461966467313,-0.174298,0.096588,0.14105461966467314,-0.17348661966467313,-0.174298,-0.09323,0.05,1.0,0.0,0.02,1e-09
33.170045725997625,-1,0.14105461966467314,0.17684461966467313,-0.174298,0.096588,0.14105461966467314,-0.17348661966467313,-0.174298,-0.09323,0.05,1.0,0.0,0.02,1e-09
33.2186665779991,-1,0.14105461966467314,0.17684461966467313,-0.174298,0.096588,0.14105461966467314,-0.17348661966467313,-0.174298,-0.09323,0.05,1.0,0.0,0.02,1e-09
33.2731686579973,-1,0.14105461966467314,0.17684461966467313,-0.174298,0.096588,0.14105461966467314,-0.17348661966467313,-0.174298,-0.09323,0.05,1.0,0.0,0.02,1e-09
33.3164476819984,-1,0.14105461966467314,0.17684461966467313,-0.174298,0.096588,0.14105461966467314,-0.17348661966467313,-0.174298,-0.09323,0.05,1.0,0.0,0.02,1e-09
33.36777005899785,-1,0.14105461966467314,0.17684461966467313,-0.174298,0.096588,0.14105461966467314,-0.17348661966467313,-0.174298,-0.09323,0.05,1.0,0.0,0.02,1e-09
33.41946789400026,-1,0.14105461966467314,0.17684461966467313,-0.174298,0.096588,0.14105461966467314,-0.17348661966467313,-0.174298,-0.09323,0.05,1.0,0.0,0.02,1e-09
33.46600898599718,-1,0.14105461966467314,0.17684461966467313,-0.174298,0.096588,0.14105461966467314,-0.17348661966467313,-0.174298,-0.09323,0.05,1.0,0.0,0.02,1e-09
33.527352327997505,-1,0.14105461966467314,0.17684461966467313,-0.174298,0.096588,0.14105461966467314,-0.17348661966467313,-0.174298,-0.09323,0.05,1.0,0.0,0.02,1e-09
33.56840072699924,-1,0.14105461966467314,0.17684461966467313,-0.174298,0.096588,0.14105461966467314,-0.17348661966467313,-0.174298,-0.09323,0.05,1.0,0.0,0.02,1e-09
33.6222103580003,-1,0.14105461966467314,0.17684461966467313,-0.174298,0.096588,0.14105461966467314,-0.17348661966467313,-0.174298,-0.09323,0.05,1.0,0.0,0.02,1e-09
33.67283028199745,-1,0.14105461966467314,0.17684461966467313,-0.174298,0.096588,0.14105461966467314,-0.17348661966467313,-0.174298,-0.09323,0.05,1.0,0.0,0.02,1e-09
33.72201551299804,-1,0.14105461966467314,0.17684461966467313,-0.174298,0.096588,0.14105461966467314,-0.17348661966467313,-0.174298,-0.09323,0.05,1.0,0.0,0.02,1e-09
33.77082551099738,-1,0.14105461966467314,0.17684461966467313,-0.174298,0.096588,0.14105461966467314,-0.17348661966467313,-0.174298,-0.09323,0.05,1.0,0.0,0.02,1e-09
33.82222736999756,-1,0.14105461966467314,0.17684461966467313,-0.174298,0.096588,0.14105461966467314,-0.17348661966467313,-0.174298,-0.09323,0.05,1.0,0.0,0.02,1e-09
33.863373315998615,-1,0.14105461966467314,0.17684461966467313,-0.174298,0.096588,0.14105461966467314,-0.17348661966467313,-0.174298,-0.09323,0.05,1.0,0.0,0.02,1e-09
33.91396849699959,-1,0.14105461966467314,0.17684461966467313,-0.174298,0.096588,0.14105461966467314,-0.17348661966467313,-0.174298,-0.09323,0.05,1.0,0.0,0.02,1e-09
33.97892331099865,-1,0.14105461966467314,0.17684461966467313,-0.174298,0.096588,0.14105461966467314,-0.17348661966467313,-0.174298,-0.09323,0.05,1.0,0.0,0.02,1e-09
34.03137837699978,-1,0.14105461966467314,0.17684461966467313,-0.174298,0.096588,0.14105461966467314,-0.17348661966467313,-0.174298,-0.09323,0.05,1.0,0.0,0.02,1e-09
34.069371622998005,-1,0.14105461966467314,0.17684461966467313,-0.174298,0.096588,0.14105461966467314,-0.17348661966467313,-0.174298,-0.09323,0.05,1.0,0.0,0.02,1e-09
34.11859116800042,-1,0.14105461966467314,0.17684461966467313,-0.174298,0.096588,0.14105461966467314,-0.17348661966467313,-0.174298,-0.09323,0.05,1.0,0.0,0.02,1e-09
34.1672624419989,-1,0.14105461966467314,0.17684461966467313,-0.174298,0.096588,0.14105461966467314,-0.17348661966467313,-0.174298,-0.09323,0.05,1.0,0.0,0.02,1e-09
34.21828192400062,-1,0.14105461966467314,0.17684461966467313,-0.174298,0.096588,0.14105461966467314,-0.17348661966467313,-0.174298,-0.09323,0.05,1.0,0.0,0.02,1e-09
34.267930254998646,-1,0.14105461966467314,0.17684461966467313,-0.174298,0.096588,0.14105461966467314,-0.17348661966467313,-0.174298,-0.09323,0.05,1.0,0.0,0.02,1e-09
34.31771383699743,-1,0.14105461966467314,0.17684461966467313,-0.174298,0.096588,0.14105461966467314,-0.17348661966467313,-0.174298,-0.09323,0.05,1.0,0.0,0.02,1e-09
34.369235677997494,-1,0.14105461966467314,0.17684461966467313,-0.174298,0.096588,0.14105461966467314,-0.17348661966467313,-0.174298,-0.09323,0.05,1.0,0.0,0.02,1e-09
34.42099744299776,-1,0.14105461966467314,0.17684461966467313,-0.174298,0.096588,0.14105461966467314,-0.17348661966467313,-0.174298,-0.09323,0.05,1.0,0.0,0.02,1e-09
34.566120593997766,-1,0.14105461966467314,0.17684461966467313,-0.174298,0.096588,0.14105461966467314,-0.17348661966467313,-0.174298,-0.09323,0.05,1.0,0.0,0.02,1e-09
34.58847682799751,-1,0.14105461966467314,0.17684461966467313,-0.174298,0.096588,0.14105461966467314,-0.17348661966467313,-0.174298,-0.09323,0.05,1.0,0.0,0.02,1e-09
34.591382316997624,-1,0.14105461966467314,0.17684461966467313,-0.174298,0.096588,0.14105461966467314,-0.17348661966467313,-0.174298,-0.09323,0.05,1.0,0.0,0.02,1e-09
34.61875883099856,-1,0.14105461966467314,0.17684461966467313,-0.174298,0.096588,0.14105461966467314,-0.17348661966467313,-0.174298,-0.09323,0.05,1.0,0.0,0.02,1e-09
34.66989604399714,-1,0.14105461966467314,0.17684461966467313,-0.174298,0.096588,0.14105461966467314,-0.17348661966467313,-0.174298,-0.09323,0.05,1.0,0.0,0.02,1e-09
34.715106808998826,-1,0.14105461966467314,0.17684461966467313,-0.174298,0.096588,0.14105461966467314,-0.17348661966467313,-0.174298,-0.09323,0.05,1.0,0.0,0.02,1e-09
34.76801225199961,-1,0.14105461966467314,0.17684461966467313,-0.174298,0.096588,0.14105461966467314,-0.17348661966467313,-0.174298,-0.09323,0.05,1.0,0.0,0.02,1e-09
34.81440961499902,-1,0.14105461966467314,0.17684461966467313,-0.174298,0.096588,0.14105461966467314,-0.17348661966467313,-0.174298,-0.09323,0.05,1.0,0.0,0.02,1e-09
34.87529693399847,-1,0.14105461966467314,0.17684461966467313,-0.174298,0.096588,0.14105461966467314,-0.17348661966467313,-0.174298,-0.09323,0.05,1.0,0.0,0.02,1e-09
34.914694937000604,-1,0.14105461966467314,0.17684461966467313,-0.174298,0.096588,0.14105461966467314,-0.17348661966467313,-0.174298,-0.09323,0.05,1.0,0.0,0.02,1e-09
34.97152306799762,-1,0.14105461966467314,0.17684461966467313,-0.174298,0.096588,0.14105461966467314,-0.17348661966467313,-0.174298,-0.09323,0.05,1.0,0.0,0.02,1e-09
35.02753925700017,-1,0.14105461966467314,0.17684461966467313,-0.174298,0.096588,0.14105461966467314,-0.17348661966467313,-0.174298,-0.09323,0.05,1.0,0.0,0.02,1e-09
35.06962825399751,-1,0.14105461966467314,0.17684461966467313,-0.174298,0.096588,0.14105461966467314,-0.17348661966467313,-0.174298,-0.09323,0.05,1.0,0.0,0.02,1e-09
35.11782481299815,-1,0.14105461966467314,0.17684461966467313,-0.174298,0.096588,0.14105461966467314,-0.17348661966467313,-0.174298,-0.09323,0.05,1.0,0.0,0.02,1e-09
35.16683871499845,-1,0.14105461966467314,0.17684461966467313,-0.174298,0.096588,0.14105461966467314,-0.17348661966467313,-0.174298,-0.09323,0.05,1.0,0.0,0.02,1e-09
35.21334662599838,-1,0.14105461966467314,0.17684461966467313,-0.174298,0.096588,0.14105461966467314,-0.17348661966467313,-0.174298,-0.09323,0.05,1.0,0.0,0.02,1e-09
35.267110110999056,-1,0.14105461966467314,0.17684461966467313,-0.174298,0.096588,0.14105461966467314,-0.17348661966467313,-0.174298,-0.09323,0.05,1.0,0.0,0.02,1e-09
35.32141060899812,-1,0.14105461966467314,0.17684461966467313,-0.174298,0.096588,0.14105461966467314,-0.17348661966467313,-0.174298,-0.09323,0.05,1.0,0.0,0.02,1e-09
35.36762403899775,-1,0.14105461966467314,0.17684461966467313,-0.174298,0.096588,0.14105461966467314,-0.17348661966467313,-0.174298,-0.09323,0.05,1.0,0.0,0.02,1e-09
35.42058079900016,-1,0.14105461966467314,0.17684461966467313,-0.174298,0.096588,0.14105461966467314,-0.17348661966467313,-0.174298,-0.09323,0.05,1.0,0.0,0.02,1e-09
35.464570257998275,-1,0.14105461966467314,0.17684461966467313,-0.174298,0.096588,0.14105461966467314,-0.17348661966467313,-0.174298,-0.09323,0.05,1.0,0.0,0.02,1e-09
35.51584954699865,-1,0.14105461966467314,0.17684461966467313,-0.174298,0.096588,0.14105461966467314,-0.17348661966467313,-0.174298,-0.09323,0.05,1.0,0.0,0.02,1e-09
35.56705518799936,-1,0.14105461966467314,0.17684461966467313,-0.174298,0.096588,0.14105461966467314,-0.17348661966467313,-0.174298,-0.09323,0.05,1.0,0.0,0.02,1e-09
35.621459104997484,-1,0.14105461966467314,0.17684461966467313,-0.174298,0.096588,0.14105461966467314,-0.17348661966467313,-0.174298,-0.09323,0.05,1.0,0.0,0.02,1e-09
35.66682092100018,-1,0.14105461966467314,0.17684461966467313,-0.174298,0.096588,0.14105461966467314,-0.17348661966467313,-0.174298,-0.09323,0.05,1.0,0.0,0.02,1e-09
35.71609033099958,-1,0.14105461966467314,0.17684461966467313,-0.174298,0.096588,0.14105461966467314,-0.17348661966467313,-0.174298,-0.09323,0.05,1.0,0.0,0.02,1e-09
35.78895440499764,-1,0.14105461966467314,0.17684461966467313,-0.174298,0.096588,0.14105461966467314,-0.17348661966467313,-0.174298,-0.09323,0.05,1.0,0.0,0.02,1e-09
35.82152279799993,-1,0.14105461966467314,0.17684461966467313,-0.174298,0.096588,0.14105461966467314,-0.17348661966467313,-0.174298,-0.09323,0.05,1.0,0.0,0.02,1e-09
35.873385323997354,-1,0.14105461966467314,0.17684461966467313,-0.174298,0.096588,0.14105461966467314,-0.17348661966467313,-0.174298,-0.09323,0.05,1.0,0.0,0.02,1e-09
35.92632997799956,-1,0.14105461966467314,0.17684461966467313,-0.174298,0.096588,0.14105461966467314,-0.17348661966467313,-0.174298,-0.09323,0.05,1.0,0.0,0.02,1e-09
35.97911887599912,-1,0.14105461966467314,0.17684461966467313,-0.174298,0.096588,0.14105461966467314,-0.17348661966467313,-0.174298,-0.09323,0.05,1.0,0.0,0.02,1e-09
36.02598890700028,-1,0.14105461966467314,0.17684461966467313,-0.174298,0.096588,0.14105461966467314,-0.17348661966467313,-0.174298,-0.09323,0.05,1.0,0.0,0.02,1e-09
36.066536704998725,-1,0.14105461966467314,0.17684461966467313,-0.174298,0.096588,0.14105461966467314,-0.17348661966467313,-0.174298,-0.09323,0.05,1.0,0.0,0.02,1e-09
36.116049226999166,-1,0.14105461966467314,0.17684461966467313,-0.174298,0.096588,0.14105461966467314,-0.17348661966467313,-0.174298,-0.09323,0.05,1.0,0.0,0.02,1e-09
36.177994866997324,-1,0.14105461966467314,0.17684461966467313,-0.174298,0.096588,0.14105461966467314,-0.17348661966467313,-0.174298,-0.09323,0.05,1.0,0.0,0.02,1e-09
36.21356697900046,-1,0.14105461966467314,0.17684461966467313,-0.174298,0.096588,0.14105461966467314,-0.17348661966467313,-0.174298,-0.09323,0.05,1.0,0.0,0.02,1e-09
36.26578593600061,-1,0.14105461966467314,0.17684461966467313,-0.174298,0.096588,0.14105461966467314,-0.17348661966467313,-0.174298,-0.09323,0.05,1.0,0.0,0.02,1e-09
36.319378898999275,-1,0.14105461966467314,0.17684461966467313,-0.174298,0.096588,0.14105461966467314,-0.17348661966467313,-0.174298,-0.09323,0.05,1.0,0.0,0.02,1e-09
36.3648819379996,-1,0.14105461966467314,0.17684461966467313,-0.174298,0.096588,0.14105461966467314,-0.17348661966467313,-0.174298,-0.09323,0.05,1.0,0.0,0.02,1e-09
36.42142340999999,-1,0.14105461966467314,0.17684461966467313,-0.174298,0.096588,0.14105461966467314,-0.17348661966467313,-0.174298,-0.09323,0.05,1.0,0.0,0.02,1e-09
36.46418980499948,-1,0.14105461966467314,0.17684461966467313,-0.174298,0.096588,0.14105461966467314,-0.17348661966467313,-0.174298,-0.09323,0.05,1.0,0.0,0.02,1e-09
36.518562450997706,-1,0.14105461966467314,0.17684461966467313,-0.174298,0.096588,0.14105461966467314,-0.17348661966467313,-0.174298,-0.09323,0.05,1.0,0.0,0.02,1e-09
36.57516031900013,-1,0.14105461966467314,0.17684461966467313,-0.174298,0.096588,0.14105461966467314,-0.17348661966467313,-0.174298,-0.09323,0.05,1.0,0.0,0.02,1e-09
36.62679841099816,-1,0.14105461966467314,0.17684461966467313,-0.174298,0.096588,0.14105461966467314,-0.17348661966467313,-0.174298,-0.09323,0.05,1.0,0.0,0.02,1e-09
36.66741540899966,-1,0.14105461966467314,0.17684461966467313,-0.174298,0.096588,0.14105461966467314,-0.17348661966467313,-0.174298,-0.09323,0.05,1.0,0.0,0.02,1e-09
36.7223164729985,-1,0.14105461966467314,0.17684461966467313,-0.174298,0.096588,0.14105461966467314,-0.17348661966467313,-0.174298,-0.09323,0.05,1.0,0.0,0.02,1e-09
36.77870089499993,-1,0.14105461966467314,0.17684461966467313,-0.174298,0.096588,0.14105461966467314,-0.17348661966467313,-0.174298,-0.09323,0.05,1.0,0.0,0.02,1e-09
36.815225753998675,-1,0.14105461966467314,0.17684461966467313,-0.174298,0.096588,0.14105461966467314,-0.17348661966467313,-0.174298,-0.09323,0.05,1.0,0.0,0.02,1e-09
36.866357826998865,-1,0.14105461966467314,0.17684461966467313,-0.174298,0.096588,0.14105461966467314,-0.17348661966467313,-0.174298,-0.09323,0.05,1.0,0.0,0.02,1e-09
36.923472950998985,-1,0.14105461966467314,0.17684461966467313,-0.174298,0.096588,0.14105461966467314,-0.17348661966467313,-0.174298,-0.09323,0.05,1.0,0.0,0.02,1e-09
36.96884423799929,-1,0.14105461966467314,0.17684461966467313,-0.174298,0.096588,0.14105461966467314,-0.17348661966467313,-0.174298,-0.09323,0.05,1.0,0.0,0.02,1e-09
37.02459588700003,-1,0.14105461966467314,0.17684461966467313,-0.174298,0.096588,0.14105461966467314,-0.17348661966467313,-0.174298,-0.09323,0.05,1.0,0.0,0.02,1e-09
37.06645279700024,-1,0.14105461966467314,0.17684461966467313,-0.174298,0.096588,0.14105461966467314,-0.17348661966467313,-0.174298,-0.09323,0.05,1.0,0.0,0.02,1e-09
37.11900205499842,-1,0.14105461966467314,0.17684461966467313,-0.174298,0.096588,0.14105461966467314,-0.17348661966467313,-0.174298,-0.09323,0.05,1.0,0.0,0.02,1e-09
37.16572264199931,-1,0.14105461966467314,0.17684461966467313,-0.174298,0.096588,0.14105461966467314,-0.17348661966467313,-0.174298,-0.09323,0.05,1.0,0.0,0.02,1e-09
37.22157341699858,-1,0.14105461966467314,0.17684461966467313,-0.174298,0.096588,0.14105461966467314,-0.17348661966467313,-0.174298,-0.09323,0.05,1.0,0.0,0.02,1e-09
37.27130432699778,-1,0.14105461966467314,0.17684461966467313,-0.174298,0.096588,0.14105461966467314,-0.17348661966467313,-0.174298,-0.09323,0.05,1.0,0.0,0.02,1e-09
37.31656356399981,-1,0.14105461966467314,0.17684461966467313,-0.174298,0.096588,0.14105461966467314,-0.17348661966467313,-0.174298,-0.09323,0.05,1.0,0.0,0.02,1e-09
37.369375129997934,-1,0.14105461966467314,0.17684461966467313,-0.174298,0.096588,0.14105461966467314,-0.17348661966467313,-0.174298,-0.09323,0.05,1.0,0.0,0.02,1e-09
37.4209950129989,-1,0.14105461966467314,0.17684461966467313,-0.174298,0.096588,0.14105461966467314,-0.17348661966467313,-0.174298,-0.09323,0.05,1.0,0.0,0.02,1e-09
37.46860516299785,-1,0.14105461966467314,0.17684461966467313,-0.174298,0.096588,0.14105461966467314,-0.17348661966467313,-0.174298,-0.09323,0.05,1.0,0.0,0.02,1e-09
37.515587619000144,-1,0.14105461966467314,0.17684461966467313,-0.174298,0.096588,0.14105461966467314,-0.17348661966467313,-0.174298,-0.09323,0.05,1.0,0.0,0.02,1e-09
37.566741154998454,-1,0.14105461966467314,0.17684461966467313,-0.174298,0.096588,0.14105461966467314,-0.17348661966467313,-0.174298,-0.09323,0.05,1.0,0.0,0.02,1e-09
37.61528672499844,-1,0.14105461966467314,0.17684461966467313,-0.174298,0.096588,0.14105461966467314,-0.17348661966467313,-0.174298,-0.09323,0.05,1.0,0.0,0.02,1e-09
37.67543924100028,-1,0.14105461966467314,0.17684461966467313,-0.174298,0.096588,0.14105461966467314,-0.17348661966467313,-0.174298,-0.09323,0.05,1.0,0.0,0.02,1e-09
37.7173985829977,-1,0.14105461966467314,0.17684461966467313,-0.174298,0.096588,0.14105461966467314,-0.17348661966467313,-0.174298,-0.09323,0.05,1.0,0.0,0.02,1e-09
37.78579373200046,-1,0.14105461966467314,0.17684461966467313,-0.174298,0.096588,0.14105461966467314,-0.17348661966467313,-0.174298,-0.09323,0.05,1.0,0.0,0.02,1e-09
37.81741796099959,-1,0.14105461966467314,0.17684461966467313,-0.174298,0.096588,0.14105461966467314,-0.17348661966467313,-0.174298,-0.09323,0.05,1.0,0.0,0.02,1e-09
37.86727401600001,-1,0.14105461966467314,0.17684461966467313,-0.174298,0.096588,0.14105461966467314,-0.17348661966467313,-0.174298,-0.09323,0.05,1.0,0.0,0.02,1e-09
37.91544122099731,-1,0.14105461966467314,0.17684461966467313,-0.174298,0.096588,0.14105461966467314,-0.17348661966467313,-0.174298,-0.09323,0.05,1.0,0.0,0.02,1e-09
37.973953403998166,-1,0.14105461966467314,0.17684461966467313,-0.174298,0.096588,0.14105461966467314,-0.17348661966467313,-0.174298,-0.09323,0.05,1.0,0.0,0.02,1e-09
38.02345088599759,-1,0.14105461966467314,0.17684461966467313,-0.174298,0.096588,0.14105461966467314,-0.17348661966467313,-0.174298,-0.09323,0.05,1.0,0.0,0.02,1e-09
38.06797047099826,-1,0.14105461966467314,0.17684461966467313,-0.174298,0.096588,0.14105461966467314,-0.17348661966467313,-0.174298,-0.09323,0.05,1.0,0.0,0.02,1e-09
38.11839100100042,-1,0.14105461966467314,0.17684461966467313,-0.174298,0.096588,0.14105461966467314,-0.17348661966467313,-0.174298,-0.09323,0.05,1.0,0.0,0.02,1e-09
38.17623079599798,-1,0.14105461966467314,0.17684461966467313,-0.174298,0.096588,0.14105461966467314,-0.17348661966467313,-0.174298,-0.09323,0.05,1.0,0.0,0.02,1e-09
38.2190809959975,-1,0.14105461966467314,0.17684461966467313,-0.174298,0.096588,0.14105461966467314,-0.17348661966467313,-0.174298,-0.09323,0.05,1.0,0.0,0.02,1e-09
38.270664224997745,-1,0.14105461966467314,0.17684461966467313,-0.174298,0.096588,0.14105461966467314,-0.17348661966467313,-0.174298,-0.09323,0.05,1.0,0.0,0.02,1e-09
38.323542838999856,-1,0.14105461966467314,0.17684461966467313,-0.174298,0.096588,0.14105461966467314,-0.17348661966467313,-0.174298,-0.09323,0.05,1.0,0.0,0.02,1e-09
38.37067245399885,-1,0.14105461966467314,0.17684461966467313,-0.174298,0.096588,0.14105461966467314,-0.17348661966467313,-0.174298,-0.09323,0.05,1.0,0.0,0.02,1e-09
38.416536961998645,-1,0.14105461966467314,0.17684461966467313,-0.174298,0.096588,0.14105461966467314,-0.17348661966467313,-0.174298,-0.09323,0.05,1.0,0.0,0.02,1e-09
38.46793661399715,-1,0.14105461966467314,0.17684461966467313,-0.174298,0.096588,0.14105461966467314,-0.17348661966467313,-0.174298,-0.09323,0.05,1.0,0.0,0.02,1e-09
38.516751307997765,-1,0.14105461966467314,0.17684461966467313,-0.174298,0.096588,0.14105461966467314,-0.17348661966467313,-0.174298,-0.09323,0.05,1.0,0.0,0.02,1e-09
38.57821971299927,-1,0.14105461966467314,0.17684461966467313,-0.174298,0.096588,0.14105461966467314,-0.17348661966467313,-0.174298,-0.09323,0.05,1.0,0.0,0.02,1e-09
38.61696001100063,-1,0.14105461966467314,0.17684461966467313,-0.174298,0.096588,0.14105461966467314,-0.17348661966467313,-0.174298,-0.09323,0.05,1.0,0.0,0.02,1e-09
38.677833010999166,-1,0.14105461966467314,0.17684461966467313,-0.174298,0.096588,0.14105461966467314,-0.17348661966467313,-0.174298,-0.09323,0.05,1.0,0.0,0.02,1e-09
38.71881502799806,-1,0.14105461966467314,0.17684461966467313,-0.174298,0.096588,0.14105461966467314,-0.17348661966467313,-0.174298,-0.09323,0.05,1.0,0.0,0.02,1e-09
38.82708721100062,-1,0.14105461966467314,0.17684461966467313,-0.174298,0.096588,0.14105461966467314,-0.17348661966467313,-0.174298,-0.09323,0.05,1.0,0.0,0.02,1e-09
38.8387412009979,-1,0.14105461966467314,0.17684461966467313,-0.174298,0.096588,0.14105461966467314,-0.17348661966467313,-0.174298,-0.09323,0.05,1.0,0.0,0.02,1e-09
38.86493338499713,-1,0.14105461966467314,0.17684461966467313,-0.174298,0.096588,0.14105461966467314,-0.17348661966467313,-0.174298,-0.09323,0.05,1.0,0.0,0.02,1e-09
38.9244775829975,-1,0.14105461966467314,0.17684461966467313,-0.174298,0.096588,0.14105461966467314,-0.17348661966467313,-0.174298,-0.09323,0.05,1.0,0.0,0.02,1e-09
38.96881850199861,-1,0.14105461966467314,0.17684461966467313,-0.174298,0.096588,0.14105461966467314,-0.17348661966467313,-0.174298,-0.09323,0.05,1.0,0.0,0.02,1e-09
39.0192288090002,-1,0.14105461966467314,0.17684461966467313,-0.174298,0.096588,0.14105461966467314,-0.17348661966467313,-0.174298,-0.09323,0.05,1.0,0.0,0.02,1e-09
39.06622110099852,-1,0.14105461966467314,0.17684461966467313,-0.174298,0.096588,0.14105461966467314,-0.17348661966467313,-0.174298,-0.09323,0.05,1.0,0.0,0.02,1e-09
39.13073142899884,-1,0.14105461966467314,0.17684461966467313,-0.174298,0.096588,0.14105461966467314,-0.17348661966467313,-0.174298,-0.09323,0.05,1.0,0.0,0.02,1e-09
39.17848691999825,-1,0.14105461966467314,0.17684461966467313,-0.174298,0.096588,0.14105461966467314,-0.17348661966467313,-0.174298,-0.09323,0.05,1.0,0.0,0.02,1e-09
39.235773503998644,-1,0.14105461966467314,0.17684461966467313,-0.174298,0.096588,0.14105461966467314,-0.17348661966467313,-0.174298,-0.09323,0.05,1.0,0.0,0.02,1e-09
39.27612974099975,-1,0.14105461966467314,0.17684461966467313,-0.174298,0.096588,0.14105461966467314,-0.17348661966467313,-0.174298,-0.09323,0.05,1.0,0.0,0.02,1e-09
39.32664282099722,-1,0.14105461966467314,0.17684461966467313,-0.174298,0.096588,0.14105461966467314,-0.17348661966467313,-0.174298,-0.09323,0.05,1.0,0.0,0.02,1e-09
39.37143574599759,-1,0.14105461966467314,0.17684461966467313,-0.174298,0.096588,0.14105461966467314,-0.17348661966467313,-0.174298,-0.09323,0.05,1.0,0.0,0.02,1e-09
39.41978500099867,-1,0.14105461966467314,0.17684461966467313,-0.174298,0.096588,0.14105461966467314,-0.17348661966467313,-0.174298,-0.09323,0.05,1.0,0.0,0.02,1e-09
39.470480951000354,-1,0.14105461966467314,0.17684461966467313,-0.174298,0.096588,0.14105461966467314,-0.17348661966467313,-0.174298,-0.09323,0.05,1.0,0.0,0.02,1e-09
39.51740999499816,-1,0.14105461966467314,0.17684461966467313,-0.174298,0.096588,0.14105461966467314,-0.17348661966467313,-0.174298,-0.09323,0.05,1.0,0.0,0.02,1e-09
39.57650424199892,-1,0.14105461966467314,0.17684461966467313,-0.174298,0.096588,0.14105461966467314,-0.17348661966467313,-0.174298,-0.09323,0.05,1.0,0.0,0.02,1e-09
39.61710494699946,-1,0.14105461966467314,0.17684461966467313,-0.174298,0.096588,0.14105461966467314,-0.17348661966467313,-0.174298,-0.09323,0.05,1.0,0.0,0.02,1e-09
39.667784905999724,-1,0.14105461966467314,0.17684461966467313,-0.174298,0.096588,0.14105461966467314,-0.17348661966467313,-0.174298,-0.09323,0.05,1.0,0.0,0.02,1e-09
39.71845139300058,-1,0.14105461966467314,0.17684461966467313,-0.174298,0.096588,0.14105461966467314,-0.17348661966467313,-0.174298,-0.09323,0.05,1.0,0.0,0.02,1e-09
39.77506508999795,-1,0.14105461966467314,0.17684461966467313,-0.174298,0.096588,0.14105461966467314,-0.17348661966467313,-0.174298,-0.09323,0.05,1.0,0.0,0.02,1e-09
39.8184002559974,-1,0.14105461966467314,0.17684461966467313,-0.174298,0.096588,0.14105461966467314,-0.17348661966467313,-0.174298,-0.09323,0.05,1.0,0.0,0.02,1e-09
39.870660471999145,-1,0.14105461966467314,0.17684461966467313,-0.174298,0.096588,0.14105461966467314,-0.17348661966467313,-0.174298,-0.09323,0.05,1.0,0.0,0.02,1e-09
39.91656216000047,-1,0.14105461966467314,0.17684461966467313,-0.174298,0.096588,0.14105461966467314,-0.17348661966467313,-0.174298,-0.09323,0.05,1.0,0.0,0.02,1e-09
39.96488752299774,-1,0.14105461966467314,0.17684461966467313,-0.174298,0.096588,0.14105461966467314,-0.17348661966467313,-0.174298,-0.09323,0.05,1.0,0.0,0.02,1e-09
40.02000304899775,-1,0.14105461966467314,0.17684461966467313,-0.174298,0.096588,0.14105461966467314,-0.17348661966467313,-0.174298,-0.09323,0.05,1.0,0.0,0.02,1e-09
40.066176065000036,-1,0.14105461966467314,0.17684461966467313,-0.174298,0.096588,0.14105461966467314,-0.17348661966467313,-0.174298,-0.09323,0.05,1.0,0.0,0.02,1e-09
40.12083256599726,-1,0.14105461966467314,0.17684461966467313,-0.174298,0.096588,0.14105461966467314,-0.17348661966467313,-0.174298,-0.09323,0.05,1.0,0.0,0.02,1e-09
40.168889474000025,-1,0.14105461966467314,0.17684461966467313,-0.174298,0.096588,0.14105461966467314,-0.17348661966467313,-0.174298,-0.09323,0.05,1.0,0.0,0.02,1e-09
40.216090311998414,-1,0.14105461966467314,0.17684461966467313,-0.174298,0.096588,0.14105461966467314,-0.17348661966467313,-0.174298,-0.09323,0.05,1.0,0.0,0.02,1e-09
40.27182892500059,-1,0.14105461966467314,0.17684461966467313,-0.174298,0.096588,0.14105461966467314,-0.17348661966467313,-0.174298,-0.09323,0.05,1.0,0.0,0.02,1e-09
40.31764945800023,-1,0.14105461966467314,0.17684461966467313,-0.174298,0.096588,0.14105461966467314,-0.17348661966467313,-0.174298,-0.09323,0.05,1.0,0.0,0.02,1e-09
40.372535992999474,-1,0.14105461966467314,0.17684461966467313,-0.174298,0.096588,0.14105461966467314,-0.17348661966467313,-0.174298,-0.09323,0.05,1.0,0.0,0.02,1e-09
40.41929168199931,-1,0.14105461966467314,0.17684461966467313,-0.174298,0.096588,0.14105461966467314,-0.17348661966467313,-0.174298,-0.09323,0.05,1.0,0.0,0.02,1e-09
40.47494218599968,-1,0.14105461966467314,0.17684461966467313,-0.174298,0.096588,0.14105461966467314,-0.17348661966467313,-0.174298,-0.09323,0.05,1.0,0.0,0.02,1e-09
40.52065173799929,-1,0.14105461966467314,0.17684461966467313,-0.174298,0.096588,0.14105461966467314,-0.17348661966467313,-0.174298,-0.09323,0.05,1.0,0.0,0.02,1e-09
40.57093650599927,-1,0.14105461966467314,0.17684461966467313,-0.174298,0.096588,0.14105461966467314,-0.17348661966467313,-0.174298,-0.09323,0.05,1.0,0.0,0.02,1e-09
40.62288149699816,-1,0.14105461966467314,0.17684461966467313,-0.174298,0.096588,0.14105461966467314,-0.17348661966467313,-0.174298,-0.09323,0.05,1.0,0.0,0.02,1e-09
40.68051279299834,-1,0.14105461966467314,0.17684461966467313,-0.174298,0.096588,0.14105461966467314,-0.17348661966467313,-0.174298,-0.09323,0.05,1.0,0.0,0.02,1e-09
40.72346851399925,-1,0.14105461966467314,0.17684461966467313,-0.174298,0.096588,0.14105461966467314,-0.17348661966467313,-0.174298,-0.09323,0.05,1.0,0.0,0.02,1e-09
40.77849483599857,-1,0.14105461966467314,0.17684461966467313,-0.174298,0.096588,0.14105461966467314,-0.17348661966467313,-0.174298,-0.09323,0.05,1.0,0.0,0.02,1e-09
40.821794568997575,-1,0.14105461966467314,0.17684461966467313,-0.174298,0.096588,0.14105461966467314,-0.17348661966467313,-0.174298,-0.09323,0.05,1.0,0.0,0.02,1e-09
40.870950237000216,-1,0.14105461966467314,0.17684461966467313,-0.174298,0.096588,0.14105461966467314,-0.17348661966467313,-0.174298,-0.09323,0.05,1.0,0.0,0.02,1e-09
40.92407114699745,-1,0.14105461966467314,0.17684461966467313,-0.174298,0.096588,0.14105461966467314,-0.17348661966467313,-0.174298,-0.09323,0.05,1.0,0.0,0.02,1e-09
40.97038491700005,-1,0.14105461966467314,0.17684461966467313,-0.174298,0.096588,0.14105461966467314,-0.17348661966467313,-0.174298,-0.09323,0.05,1.0,0.0,0.02,1e-09
41.02560072899723,-1,0.14105461966467314,0.17684461966467313,-0.174298,0.096588,0.14105461966467314,-0.17348661966467313,-0.174298,-0.09323,0.05,1.0,0.0,0.02,1e-09
41.06853291099833,-1,0.14105461966467314,0.17684461966467313,-0.174298,0.096588,0.14105461966467314,-0.17348661966467313,-0.174298,-0.09323,0.05,1.0,0.0,0.02,1e-09
41.119579279999016,-1,0.14105461966467314,0.17684461966467313,-0.174298,0.096588,0.14105461966467314,-0.17348661966467313,-0.174298,-0.09323,0.05,1.0,0.0,0.02,1e-09
41.17624925599739,-1,0.14105461966467314,0.17684461966467313,-0.174298,0.096588,0.14105461966467314,-0.17348661966467313,-0.174298,-0.09323,0.05,1.0,0.0,0.02,1e-09
41.232797549997485,-1,0.14105461966467314,0.17684461966467313,-0.174298,0.096588,0.14105461966467314,-0.17348661966467313,-0.174298,-0.09323,0.05,1.0,0.0,0.02,1e-09
41.27326849999736,-1,0.14105461966467314,0.17684461966467313,-0.174298,0.096588,0.14105461966467314,-0.17348661966467313,-0.174298,-0.09323,0.05,1.0,0.0,0.02,1e-09
41.328448754997225,-1,0.14105461966467314,0.17684461966467313,-0.174298,0.096588,0.14105461966467314,-0.17348661966467313,-0.174298,-0.09323,0.05,1.0,0.0,0.02,1e-09
41.379458477997105,-1,0.14105461966467314,0.17684461966467313,-0.174298,0.096588,0.14105461966467314,-0.17348661966467313,-0.174298,-0.09323,0.05,1.0,0.0,0.02,1e-09
41.417985526997654,-1,0.14105461966467314,0.17684461966467313,-0.174298,0.096588,0.14105461966467314,-0.17348661966467313,-0.174298,-0.09323,0.05,1.0,0.0,0.02,1e-09
41.46834279799805,-1,0.14105461966467314,0.17684461966467313,-0.174298,0.096588,0.14105461966467314,-0.17348661966467313,-0.174298,-0.09323,0.05,1.0,0.0,0.02,1e-09
41.52300262499921,-1,0.14105461966467314,0.17684461966467313,-0.174298,0.096588,0.14105461966467314,-0.17348661966467313,-0.174298,-0.09323,0.05,1.0,0.0,0.02,1e-09
41.56912419699802,-1,0.14105461966467314,0.17684461966467313,-0.174298,0.096588,0.14105461966467314,-0.17348661966467313,-0.174298,-0.09323,0.05,1.0,0.0,0.02,1e-09
41.61861547099761,-1,0.14105461966467314,0.17684461966467313,-0.174298,0.096588,0.14105461966467314,-0.17348661966467313,-0.174298,-0.09323,0.05,1.0,0.0,0.02,1e-09
41.67199159699885,-1,0.14105461966467314,0.17684461966467313,-0.174298,0.096588,0.14105461966467314,-0.17348661966467313,-0.174298,-0.09323,0.05,1.0,0.0,0.02,1e-09
41.72249210799782,-1,0.14105461966467314,0.17684461966467313,-0.174298,0.096588,0.14105461966467314,-0.17348661966467313,-0.174298,-0.09323,0.05,1.0,0.0,0.02,1e-09
41.77230838700052,-1,0.14105461966467314,0.17684461966467313,-0.174298,0.096588,0.14105461966467314,-0.17348661966467313,-0.174298,-0.09323,0.05,1.0,0.0,0.02,1e-09
41.82428325199726,-1,0.14105461966467314,0.17684461966467313,-0.174298,0.096588,0.14105461966467314,-0.17348661966467313,-0.174298,-0.09323,0.05,1.0,0.0,0.02,1e-09
41.8714779189977,-1,0.14105461966467314,0.17684461966467313,-0.174298,0.096588,0.14105461966467314,-0.17348661966467313,-0.174298,-0.09323,0.05,1.0,0.0,0.02,1e-09
41.91705941499822,-1,0.14105461966467314,0.17684461966467313,-0.174298,0.096588,0.14105461966467314,-0.17348661966467313,-0.174298,-0.09323,0.05,1.0,0.0,0.02,1e-09
41.96621622999737,-1,0.14105461966467314,0.17684461966467313,-0.174298,0.096588,0.14105461966467314,-0.17348661966467313,-0.174298,-0.09323,0.05,1.0,0.0,0.02,1e-09
42.03061930399781,-1,0.14105461966467314,0.17684461966467313,-0.174298,0.096588,0.14105461966467314,-0.17348661966467313,-0.174298,-0.09323,0.05,1.0,0.0,0.02,1e-09
42.066971947999264,-1,0.14105461966467314,0.17684461966467313,-0.174298,0.096588,0.14105461966467314,-0.17348661966467313,-0.174298,-0.09323,0.05,1.0,0.0,0.02,1e-09
42.116157475000364,-1,0.14105461966467314,0.17684461966467313,-0.174298,0.096588,0.14105461966467314,-0.17348661966467313,-0.174298,-0.09323,0.05,1.0,0.0,0.02,1e-09
42.17125963199942,-1,0.14105461966467314,0.17684461966467313,-0.174298,0.096588,0.14105461966467314,-0.17348661966467313,-0.174298,-0.09323,0.05,1.0,0.0,0.02,1e-09
42.218518313999084,-1,0.14105461966467314,0.17684461966467313,-0.174298,0.096588,0.14105461966467314,-0.17348661966467313,-0.174298,-0.09323,0.05,1.0,0.0,0.02,1e-09
42.279349569998885,-1,0.14105461966467314,0.17684461966467313,-0.174298,0.096588,0.14105461966467314,-0.17348661966467313,-0.174298,-0.09323,0.05,1.0,0.0,0.02,1e-09
42.32430398299766,-1,0.14105461966467314,0.17684461966467313,-0.174298,0.096588,0.14105461966467314,-0.17348661966467313,-0.174298,-0.09323,0.05,1.0,0.0,0.02,1e-09
42.379360569997516,-1,0.14105461966467314,0.17684461966467313,-0.174298,0.096588,0.14105461966467314,-0.17348661966467313,-0.174298,-0.09323,0.05,1.0,0.0,0.02,1e-09
42.41857875200003,-1,0.14105461966467314,0.17684461966467313,-0.174298,0.096588,0.14105461966467314,-0.17348661966467313,-0.174298,-0.09323,0.05,1.0,0.0,0.02,1e-09
42.477560471998004,-1,0.14105461966467314,0.17684461966467313,-0.174298,0.096588,0.14105461966467314,-0.17348661966467313,-0.174298,-0.09323,0.05,1.0,0.0,0.02,1e-09
42.51961995799866,-1,0.14105461966467314,0.17684461966467313,-0.174298,0.096588,0.14105461966467314,-0.17348661966467313,-0.174298,-0.09323,0.05,1.0,0.0,0.02,1e-09
42.57719380799972,-1,0.14105461966467314,0.17684461966467313,-0.174298,0.096588,0.14105461966467314,-0.17348661966467313,-0.174298,-0.09323,0.05,1.0,0.0,0.02,1e-09
42.616914291000285,-1,0.14105461966467314,0.17684461966467313,-0.174298,0.096588,0.14105461966467314,-0.17348661966467313,-0.174298,-0.09323,0.05,1.0,0.0,0.02,1e-09
42.664854763999756,-1,0.14105461966467314,0.17684461966467313,-0.174298,0.096588,0.14105461966467314,-0.17348661966467313,-0.174298,-0.09323,0.05,1.0,0.0,0.02,1e-09
42.71774690999882,-1,0.14105461966467314,0.17684461966467313,-0.174298,0.096588,0.14105461966467314,-0.17348661966467313,-0.174298,-0.09323,0.05,1.0,0.0,0.02,1e-09
42.773047541999404,-1,0.14105461966467314,0.17684461966467313,-0.174298,0.096588,0.14105461966467314,-0.17348661966467313,-0.174298,-0.09323,0.05,1.0,0.0,0.02,1e-09
42.82228681400011,-1,0.14105461966467314,0.17684461966467313,-0.174298,0.096588,0.14105461966467314,-0.17348661966467313,-0.174298,-0.09323,0.05,1.0,0.0,0.02,1e-09
42.88299974799884,-1,0.14105461966467314,0.17684461966467313,-0.174298,0.096588,0.14105461966467314,-0.17348661966467313,-0.174298,-0.09323,0.05,1.0,0.0,0.02,1e-09
42.91800698099905,-1,0.14105461966467314,0.17684461966467313,-0.174298,0.096588,0.14105461966467314,-0.17348661966467313,-0.174298,-0.09323,0.05,1.0,0.0,0.02,1e-09
42.972617406998324,-1,0.14105461966467314,0.17684461966467313,-0.174298,0.096588,0.14105461966467314,-0.17348661966467313,-0.174298,-0.09323,0.05,1.0,0.0,0.02,1e-09
43.02023239399932,-1,0.14105461966467314,0.17684461966467313,-0.174298,0.096588,0.14105461966467314,-0.17348661966467313,-0.174298,-0.09323,0.05,1.0,0.0,0.02,1e-09
43.07463858799747,-1,0.14105461966467314,0.17684461966467313,-0.174298,0.096588,0.14105461966467314,-0.17348661966467313,-0.174298,-0.09323,0.05,1.0,0.0,0.02,1e-09
43.125193248997675,-1,0.14105461966467314,0.17684461966467313,-0.174298,0.096588,0.14105461966467314,-0.17348661966467313,-0.174298,-0.09323,0.05,1.0,0.0,0.02,1e-09
43.16732895200039,-1,0.14105461966467314,0.17684461966467313,-0.174298,0.096588,0.14105461966467314,-0.17348661966467313,-0.174298,-0.09323,0.05,1.0,0.0,0.02,1e-09
43.218844801998785,-1,0.14105461966467314,0.17684461966467313,-0.174298,0.096588,0.14105461966467314,-0.17348661966467313,-0.174298,-0.09323,0.05,1.0,0.0,0.02,1e-09
43.27815996799836,-1,0.14105461966467314,0.17684461966467313,-0.174298,0.096588,0.14105461966467314,-0.17348661966467313,-0.174298,-0.09323,0.05,1.0,0.0,0.02,1e-09
43.327019113999995,-1,0.14105461966467314,0.17684461966467313,-0.174298,0.096588,0.14105461966467314,-0.17348661966467313,-0.174298,-0.09323,0.05,1.0,0.0,0.02,1e-09
43.36574805499913,-1,0.14105461966467314,0.17684461966467313,-0.174298,0.096588,0.14105461966467314,-0.17348661966467313,-0.174298,-0.09323,0.05,1.0,0.0,0.02,1e-09
43.415711874997214,-1,0.14105461966467314,0.17684461966467313,-0.174298,0.096588,0.14105461966467314,-0.17348661966467313,-0.174298,-0.09323,0.05,1.0,0.0,0.02,1e-09
43.471179020998534,-1,0.14105461966467314,0.17684461966467313,-0.174298,0.096588,0.14105461966467314,-0.17348661966467313,-0.174298,-0.09323,0.05,1.0,0.0,0.02,1e-09
43.52279435299715,-1,0.14105461966467314,0.17684461966467313,-0.174298,0.096588,0.14105461966467314,-0.17348661966467313,-0.174298,-0.09323,0.05,1.0,0.0,0.02,1e-09
43.56867733099716,-1,0.14105461966467314,0.17684461966467313,-0.174298,0.096588,0.14105461966467314,-0.17348661966467313,-0.174298,-0.09323,0.05,1.0,0.0,0.02,1e-09
43.627087779997964,-1,0.14105461966467314,0.17684461966467313,-0.174298,0.096588,0.14105461966467314,-0.17348661966467313,-0.174298,-0.09323,0.05,1.0,0.0,0.02,1e-09
43.6694625559976,-1,0.14105461966467314,0.17684461966467313,-0.174298,0.096588,0.14105461966467314,-0.17348661966467313,-0.174298,-0.09323,0.05,1.0,0.0,0.02,1e-09
43.71784420199765,-1,0.14105461966467314,0.17684461966467313,-0.174298,0.096588,0.14105461966467314,-0.17348661966467313,-0.174298,-0.09323,0.05,1.0,0.0,0.02,1e-09
43.7659191169987,-1,0.14105461966467314,0.17684461966467313,-0.174298,0.096588,0.14105461966467314,-0.17348661966467313,-0.174298,-0.09323,0.05,1.0,0.0,0.02,1e-09
43.81899489999705,-1,0.14105461966467314,0.17684461966467313,-0.174298,0.096588,0.14105461966467314,-0.17348661966467313,-0.174298,-0.09323,0.05,1.0,0.0,0.02,1e-09
43.87049055999887,-1,0.14105461966467314,0.17684461966467313,-0.174298,0.096588,0.14105461966467314,-0.17348661966467313,-0.174298,-0.09323,0.05,1.0,0.0,0.02,1e-09
43.92222150999805,-1,0.14105461966467314,0.17684461966467313,-0.174298,0.096588,0.14105461966467314,-0.17348661966467313,-0.174298,-0.09323,0.05,1.0,0.0,0.02,1e-09
44.03831922899917,-1,0.14105461966467314,0.17684461966467313,-0.174298,0.096588,0.14105461966467314,-0.17348661966467313,-0.174298,-0.09323,0.05,1.0,0.0,0.02,1e-09
44.0545633820002,-1,0.14105461966467314,0.17684461966467313,-0.174298,0.096588,0.14105461966467314,-0.17348661966467313,-0.174298,-0.09323,0.05,1.0,0.0,0.02,1e-09
44.06534095199822,-1,0.14105461966467314,0.17684461966467313,-0.174298,0.096588,0.14105461966467314,-0.17348661966467313,-0.174298,-0.09323,0.05,1.0,0.0,0.02,1e-09
44.11751435000042,-1,0.14105461966467314,0.17684461966467313,-0.174298,0.096588,0.14105461966467314,-0.17348661966467313,-0.174298,-0.09323,0.05,1.0,0.0,0.02,1e-09
44.16700578699965,-1,0.14105461966467314,0.17684461966467313,-0.174298,0.096588,0.14105461966467314,-0.17348661966467313,-0.174298,-0.09323,0.05,1.0,0.0,0.02,1e-09
44.2203610079996,-1,0.14105461966467314,0.17684461966467313,-0.174298,0.096588,0.14105461966467314,-0.17348661966467313,-0.174298,-0.09323,0.05,1.0,0.0,0.02,1e-09
44.27047262199994,-1,0.14105461966467314,0.17684461966467313,-0.174298,0.096588,0.14105461966467314,-0.17348661966467313,-0.174298,-0.09323,0.05,1.0,0.0,0.02,1e-09
44.315916699997615,-1,0.14105461966467314,0.17684461966467313,-0.174298,0.096588,0.14105461966467314,-0.17348661966467313,-0.174298,-0.09323,0.05,1.0,0.0,0.02,1e-09
44.37502030500036,-1,0.14105461966467314,0.17684461966467313,-0.174298,0.096588,0.14105461966467314,-0.17348661966467313,-0.174298,-0.09323,0.05,1.0,0.0,0.02,1e-09
44.43407810099961,-1,0.14105461966467314,0.17684461966467313,-0.174298,0.096588,0.14105461966467314,-0.17348661966467313,-0.174298,-0.09323,0.05,1.0,0.0,0.02,1e-09
44.4709760179976,-1,0.14105461966467314,0.17684461966467313,-0.174298,0.096588,0.14105461966467314,-0.17348661966467313,-0.174298,-0.09323,0.05,1.0,0.0,0.02,1e-09
44.52372177600046,-1,0.14105461966467314,0.17684461966467313,-0.174298,0.096588,0.14105461966467314,-0.17348661966467313,-0.174298,-0.09323,0.05,1.0,0.0,0.02,1e-09
44.566685939997114,-1,0.14105461966467314,0.17684461966467313,-0.174298,0.096588,0.14105461966467314,-0.17348661966467313,-0.174298,-0.09323,0.05,1.0,0.0,0.02,1e-09
44.61931204099892,-1,0.14105461966467314,0.17684461966467313,-0.174298,0.096588,0.14105461966467314,-0.17348661966467313,-0.174298,-0.09323,0.05,1.0,0.0,0.02,1e-09
44.676691988999664,-1,0.14105461966467314,0.17684461966467313,-0.174298,0.096588,0.14105461966467314,-0.17348661966467313,-0.174298,-0.09323,0.05,1.0,0.0,0.02,1e-09
44.7166751199984,-1,0.14105461966467314,0.17684461966467313,-0.174298,0.096588,0.14105461966467314,-0.17348661966467313,-0.174298,-0.09323,0.05,1.0,0.0,0.02,1e-09
44.76804641999843,-1,0.14105461966467314,0.17684461966467313,-0.174298,0.096588,0.14105461966467314,-0.17348661966467313,-0.174298,-0.09323,0.05,1.0,0.0,0.02,1e-09
44.823105990999466,-1,0.14105461966467314,0.17684461966467313,-0.174298,0.096588,0.14105461966467314,-0.17348661966467313,-0.174298,-0.09323,0.05,1.0,0.0,0.02,1e-09
44.86786977799784,-1,0.14105461966467314,0.17684461966467313,-0.174298,0.096588,0.14105461966467314,-0.17348661966467313,-0.174298,-0.09323,0.05,1.0,0.0,0.02,1e-09
44.91873969600056,-1,0.14105461966467314,0.17684461966467313,-0.174298,0.096588,0.14105461966467314,-0.17348661966467313,-0.174298,-0.09323,0.05,1.0,0.0,0.02,1e-09
44.96889699299936,-1,0.14105461966467314,0.17684461966467313,-0.174298,0.096588,0.14105461966467314,-0.17348661966467313,-0.174298,-0.09323,0.05,1.0,0.0,0.02,1e-09
45.03293207800016,-1,0.14105461966467314,0.17684461966467313,-0.174298,0.096588,0.14105461966467314,-0.17348661966467313,-0.174298,-0.09323,0.05,1.0,0.0,0.02,1e-09
45.07639873899825,-1,0.14105461966467314,0.17684461966467313,-0.174298,0.096588,0.14105461966467314,-0.17348661966467313,-0.174298,-0.09323,0.05,1.0,0.0,0.02,1e-09
45.119114758999785,-1,0.14105461966467314,0.17684461966467313,-0.174298,0.096588,0.14105461966467314,-0.17348661966467313,-0.174298,-0.09323,0.05,1.0,0.0,0.02,1e-09
45.16929484699722,-1,0.14105461966467314,0.17684461966467313,-0.174298,0.096588,0.14105461966467314,-0.17348661966467313,-0.174298,-0.09323,0.05,1.0,0.0,0.02,1e-09
45.21763554499921,-1,0.14105461966467314,0.17684461966467313,-0.174298,0.096588,0.14105461966467314,-0.17348661966467313,-0.174298,-0.09323,0.05,1.0,0.0,0.02,1e-09
45.272597151997616,-1,0.14105461966467314,0.17684461966467313,-0.174298,0.096588,0.14105461966467314,-0.17348661966467313,-0.174298,-0.09323,0.05,1.0,0.0,0.02,1e-09
45.32240480799737,-1,0.14105461966467314,0.17684461966467313,-0.174298,0.096588,0.14105461966467314,-0.17348661966467313,-0.174298,-0.09323,0.05,1.0,0.0,0.02,1e-09
45.37870024899894,-1,0.14105461966467314,0.17684461966467313,-0.174298,0.096588,0.14105461966467314,-0.17348661966467313,-0.174298,-0.09323,0.05,1.0,0.0,0.02,1e-09
45.42269240099995,-1,0.14105461966467314,0.17684461966467313,-0.174298,0.096588,0.14105461966467314,-0.17348661966467313,-0.174298,-0.09323,0.05,1.0,0.0,0.02,1e-09
45.46547551399999,-1,0.14105461966467314,0.17684461966467313,-0.174298,0.096588,0.14105461966467314,-0.17348661966467313,-0.174298,-0.09323,0.05,1.0,0.0,0.02,1e-09
45.517609170998185,-1,0.14105461966467314,0.17684461966467313,-0.174298,0.096588,0.14105461966467314,-0.17348661966467313,-0.174298,-0.09323,0.05,1.0,0.0,0.02,1e-09
45.56821531300011,-1,0.14105461966467314,0.17684461966467313,-0.174298,0.096588,0.14105461966467314,-0.17348661966467313,-0.174298,-0.09323,0.05,1.0,0.0,0.02,1e-09
45.62633007399927,-1,0.14105461966467314,0.17684461966467313,-0.174298,0.096588,0.14105461966467314,-0.17348661966467313,-0.174298,-0.09323,0.05,1.0,0.0,0.02,1e-09
45.66727297699981,-1,0.14105461966467314,0.17684461966467313,-0.174298,0.096588,0.14105461966467314,-0.17348661966467313,-0.174298,-0.09323,0.05,1.0,0.0,0.02,1e-09
45.7161062089981,-1,0.14105461966467314,0.17684461966467313,-0.174298,0.096588,0.14105461966467314,-0.17348661966467313,-0.174298,-0.09323,0.05,1.0,0.0,0.02,1e-09
45.768558365998615,-1,0.14105461966467314,0.17684461966467313,-0.174298,0.096588,0.14105461966467314,-0.17348661966467313,-0.174298,-0.09323,0.05,1.0,0.0,0.02,1e-09
45.821393043999706,-1,0.14105461966467314,0.17684461966467313,-0.174298,0.096588,0.14105461966467314,-0.17348661966467313,-0.174298,-0.09323,0.05,1.0,0.0,0.02,1e-09
45.87045519700041,-1,0.14105461966467314,0.17684461966467313,-0.174298,0.096588,0.14105461966467314,-0.17348661966467313,-0.174298,-0.09323,0.05,1.0,0.0,0.02,1e-09
45.9154008000005,-1,0.14105461966467314,0.17684461966467313,-0.174298,0.096588,0.14105461966467314,-0.17348661966467313,-0.174298,-0.09323,0.05,1.0,0.0,0.02,1e-09
45.97054479399958,-1,0.14105461966467314,0.17684461966467313,-0.174298,0.096588,0.14105461966467314,-0.17348661966467313,-0.174298,-0.09323,0.05,1.0,0.0,0.02,1e-09
46.0162476589976,-1,0.14105461966467314,0.17684461966467313,-0.174298,0.096588,0.14105461966467314,-0.17348661966467313,-0.174298,-0.09323,0.05,1.0,0.0,0.02,1e-09
46.068436780999036,-1,0.14105461966467314,0.17684461966467313,-0.174298,0.096588,0.14105461966467314,-0.17348661966467313,-0.174298,-0.09323,0.05,1.0,0.0,0.02,1e-09
46.12191477899978,-1,0.14105461966467314,0.17684461966467313,-0.174298,0.096588,0.14105461966467314,-0.17348661966467313,-0.174298,-0.09323,0.05,1.0,0.0,0.02,1e-09
46.16697438299889,-1,0.14105461966467314,0.17684461966467313,-0.174298,0.096588,0.14105461966467314,-0.17348661966467313,-0.174298,-0.09323,0.05,1.0,0.0,0.02,1e-09
46.21963668199896,-1,0.14105461966467314,0.17684461966467313,-0.174298,0.096588,0.14105461966467314,-0.17348661966467313,-0.174298,-0.09323,0.05,1.0,0.0,0.02,1e-09
46.268884233999415,-1,0.14105461966467314,0.17684461966467313,-0.174298,0.096588,0.14105461966467314,-0.17348661966467313,-0.174298,-0.09323,0.05,1.0,0.0,0.02,1e-09
46.31431820299986,-1,0.14105461966467314,0.17684461966467313,-0.174298,0.096588,0.14105461966467314,-0.17348661966467313,-0.174298,-0.09323,0.05,1.0,0.0,0.02,1e-09
46.37869612299983,-1,0.14105461966467314,0.17684461966467313,-0.174298,0.096588,0.14105461966467314,-0.17348661966467313,-0.174298,-0.09323,0.05,1.0,0.0,0.02,1e-09
46.41678749899802,-1,0.14105461966467314,0.17684461966467313,-0.174298,0.096588,0.14105461966467314,-0.17348661966467313,-0.174298,-0.09323,0.05,1.0,0.0,0.02,1e-09
46.470222812997235,-1,0.14105461966467314,0.17684461966467313,-0.174298,0.096588,0.14105461966467314,-0.17348661966467313,-0.174298,-0.09323,0.05,1.0,0.0,0.02,1e-09
46.52246351699796,-1,0.14105461966467314,0.17684461966467313,-0.174298,0.096588,0.14105461966467314,-0.17348661966467313,-0.174298,-0.09323,0.05,1.0,0.0,0.02,1e-09
46.56916969699887,-1,0.14105461966467314,0.17684461966467313,-0.174298,0.096588,0.14105461966467314,-0.17348661966467313,-0.174298,-0.09323,0.05,1.0,0.0,0.02,1e-09
46.61738505299945,-1,0.14105461966467314,0.17684461966467313,-0.174298,0.096588,0.14105461966467314,-0.17348661966467313,-0.174298,-0.09323,0.05,1.0,0.0,0.02,1e-09
46.67081464099829,-1,0.14105461966467314,0.17684461966467313,-0.174298,0.096588,0.14105461966467314,-0.17348661966467313,-0.174298,-0.09323,0.05,1.0,0.0,0.02,1e-09
46.71837810099896,-1,0.14105461966467314,0.17684461966467313,-0.174298,0.096588,0.14105461966467314,-0.17348661966467313,-0.174298,-0.09323,0.05,1.0,0.0,0.02,1e-09
46.768998415998794,-1,0.14105461966467314,0.17684461966467313,-0.174298,0.096588,0.14105461966467314,-0.17348661966467313,-0.174298,-0.09323,0.05,1.0,0.0,0.02,1e-09
46.81804991699755,-1,0.14105461966467314,0.17684461966467313,-0.174298,0.096588,0.14105461966467314,-0.17348661966467313,-0.174298,-0.09323,0.05,1.0,0.0,0.02,1e-09
46.866427409997414,-1,0.14105461966467314,0.17684461966467313,-0.174298,0.096588,0.14105461966467314,-0.17348661966467313,-0.174298,-0.09323,0.05,1.0,0.0,0.02,1e-09
46.916410902998905,-1,0.14105461966467314,0.17684461966467313,-0.174298,0.096588,0.14105461966467314,-0.17348661966467313,-0.174298,-0.09323,0.05,1.0,0.0,0.02,1e-09
46.96616702999745,-1,0.14105461966467314,0.17684461966467313,-0.174298,0.096588,0.14105461966467314,-0.17348661966467313,-0.174298,-0.09323,0.05,1.0,0.0,0.02,1e-09
47.01858523699775,-1,0.14105461966467314,0.17684461966467313,-0.174298,0.096588,0.14105461966467314,-0.17348661966467313,-0.174298,-0.09323,0.05,1.0,0.0,0.02,1e-09
47.069254310998076,-1,0.14105461966467314,0.17684461966467313,-0.174298,0.096588,0.14105461966467314,-0.17348661966467313,-0.174298,-0.09323,0.05,1.0,0.0,0.02,1e-09
47.11880915099755,-1,0.14105461966467314,0.17684461966467313,-0.174298,0.096588,0.14105461966467314,-0.17348661966467313,-0.174298,-0.09323,0.05,1.0,0.0,0.02,1e-09
47.16953757900046,-1,0.14105461966467314,0.17684461966467313,-0.174298,0.096588,0.14105461966467314,-0.17348661966467313,-0.174298,-0.09323,0.05,1.0,0.0,0.02,1e-09
47.21794884599876,-1,0.14105461966467314,0.17684461966467313,-0.174298,0.096588,0.14105461966467314,-0.17348661966467313,-0.174298,-0.09323,0.05,1.0,0.0,0.02,1e-09
47.271102257000166,-1,0.14105461966467314,0.17684461966467313,-0.174298,0.096588,0.14105461966467314,-0.17348661966467313,-0.174298,-0.09323,0.05,1.0,0.0,0.02,1e-09
47.31730285899903,-1,0.14105461966467314,0.17684461966467313,-0.174298,0.096588,0.14105461966467314,-0.17348661966467313,-0.174298,-0.09323,0.05,1.0,0.0,0.02,1e-09
47.38057655399825,-1,0.14105461966467314,0.17684461966467313,-0.174298,0.096588,0.14105461966467314,-0.17348661966467313,-0.174298,-0.09323,0.05,1.0,0.0,0.02,1e-09
47.4226347349977,-1,0.14105461966467314,0.17684461966467313,-0.174298,0.096588,0.14105461966467314,-0.17348661966467313,-0.174298,-0.09323,0.05,1.0,0.0,0.02,1e-09
47.471626303999074,-1,0.14105461966467314,0.17684461966467313,-0.174298,0.096588,0.14105461966467314,-0.17348661966467313,-0.174298,-0.09323,0.05,1.0,0.0,0.02,1e-09
47.52062544799992,-1,0.14105461966467314,0.17684461966467313,-0.174298,0.096588,0.14105461966467314,-0.17348661966467313,-0.174298,-0.09323,0.05,1.0,0.0,0.02,1e-09
47.57043386099758,-1,0.14105461966467314,0.17684461966467313,-0.174298,0.096588,0.14105461966467314,-0.17348661966467313,-0.174298,-0.09323,0.05,1.0,0.0,0.02,1e-09
47.624298646998795,-1,0.14105461966467314,0.17684461966467313,-0.174298,0.096588,0.14105461966467314,-0.17348661966467313,-0.174298,-0.09323,0.05,1.0,0.0,0.02,1e-09
47.66604275899954,-1,0.14105461966467314,0.17684461966467313,-0.174298,0.096588,0.14105461966467314,-0.17348661966467313,-0.174298,-0.09323,0.05,1.0,0.0,0.02,1e-09
47.71961728899987,-1,0.14105461966467314,0.17684461966467313,-0.174298,0.096588,0.14105461966467314,-0.17348661966467313,-0.174298,-0.09323,0.05,1.0,0.0,0.02,1e-09
47.76731969299726,-1,0.14105461966467314,0.17684461966467313,-0.174298,0.096588,0.14105461966467314,-0.17348661966467313,-0.174298,-0.09323,0.05,1.0,0.0,0.02,1e-09
47.82676618899859,-1,0.14105461966467314,0.17684461966467313,-0.174298,0.096588,0.14105461966467314,-0.17348661966467313,-0.174298,-0.09323,0.05,1.0,0.0,0.02,1e-09
47.870647944000666,-1,0.14105461966467314,0.17684461966467313,-0.174298,0.096588,0.14105461966467314,-0.17348661966467313,-0.174298,-0.09323,0.05,1.0,0.0,0.02,1e-09
47.91851705799854,-1,0.14105461966467314,0.17684461966467313,-0.174298,0.096588,0.14105461966467314,-0.17348661966467313,-0.174298,-0.09323,0.05,1.0,0.0,0.02,1e-09
47.966466768997634,-1,0.14105461966467314,0.17684461966467313,-0.174298,0.096588,0.14105461966467314,-0.17348661966467313,-0.174298,-0.09323,0.05,1.0,0.0,0.02,1e-09
48.020270187997085,-1,0.14105461966467314,0.17684461966467313,-0.174298,0.096588,0.14105461966467314,-0.17348661966467313,-0.174298,-0.09323,0.05,1.0,0.0,0.02,1e-09
48.06933644599849,-1,0.14105461966467314,0.17684461966467313,-0.174298,0.096588,0.14105461966467314,-0.17348661966467313,-0.174298,-0.09323,0.05,1.0,0.0,0.02,1e-09
48.12025280299713,-1,0.14105461966467314,0.17684461966467313,-0.174298,0.096588,0.14105461966467314,-0.17348661966467313,-0.174298,-0.09323,0.05,1.0,0.0,0.02,1e-09
48.166163609999785,-1,0.14105461966467314,0.17684461966467313,-0.174298,0.096588,0.14105461966467314,-0.17348661966467313,-0.174298,-0.09323,0.05,1.0,0.0,0.02,1e-09
48.23807970800044,-1,0.14105461966467314,0.17684461966467313,-0.174298,0.096588,0.14105461966467314,-0.17348661966467313,-0.174298,-0.09323,0.05,1.0,0.0,0.02,1e-09
48.31844287599961,-1,0.14105461966467314,0.17684461966467313,-0.174298,0.096588,0.14105461966467314,-0.17348661966467313,-0.174298,-0.09323,0.05,1.0,0.0,0.02,1e-09
48.321038712998416,-1,0.14105461966467314,0.17684461966467313,-0.174298,0.096588,0.14105461966467314,-0.17348661966467313,-0.174298,-0.09323,0.05,1.0,0.0,0.02,1e-09
48.369122416999744,-1,0.14105461966467314,0.17684461966467313,-0.174298,0.096588,0.14105461966467314,-0.17348661966467313,-0.174298,-0.09323,0.05,1.0,0.0,0.02,1e-09
48.41922026499742,-1,0.14105461966467314,0.17684461966467313,-0.174298,0.096588,0.14105461966467314,-0.17348661966467313,-0.174298,-0.09323,0.05,1.0,0.0,0.02,1e-09
48.472447255997395,-1,0.14105461966467314,0.17684461966467313,-0.174298,0.096588,0.14105461966467314,-0.17348661966467313,-0.174298,-0.09323,0.05,1.0,0.0,0.02,1e-09
48.51853342299728,-1,0.14105461966467314,0.17684461966467313,-0.174298,0.096588,0.14105461966467314,-0.17348661966467313,-0.174298,-0.09323,0.05,1.0,0.0,0.02,1e-09
48.57052229599867,-1,0.14105461966467314,0.17684461966467313,-0.174298,0.096588,0.14105461966467314,-0.17348661966467313,-0.174298,-0.09323,0.05,1.0,0.0,0.02,1e-09
48.61559636399761,-1,0.14105461966467314,0.17684461966467313,-0.174298,0.096588,0.14105461966467314,-0.17348661966467313,-0.174298,-0.09323,0.05,1.0,0.0,0.02,1e-09
48.6724256569978,-1,0.14105461966467314,0.17684461966467313,-0.174298,0.096588,0.14105461966467314,-0.17348661966467313,-0.174298,-0.09323,0.05,1.0,0.0,0.02,1e-09
48.72137971399934,-1,0.14105461966467314,0.17684461966467313,-0.174298,0.096588,0.14105461966467314,-0.17348661966467313,-0.174298,-0.09323,0.05,1.0,0.0,0.02,1e-09
48.774909294999816,-1,0.14105461966467314,0.17684461966467313,-0.174298,0.096588,0.14105461966467314,-0.17348661966467313,-0.174298,-0.09323,0.05,1.0,0.0,0.02,1e-09
48.81863860099838,-1,0.14105461966467314,0.17684461966467313,-0.174298,0.096588,0.14105461966467314,-0.17348661966467313,-0.174298,-0.09323,0.05,1.0,0.0,0.02,1e-09
48.8682265110001,-1,0.14105461966467314,0.17684461966467313,-0.174298,0.096588,0.14105461966467314,-0.17348661966467313,-0.174298,-0.09323,0.05,1.0,0.0,0.02,1e-09
48.919990662998316,-1,0.14105461966467314,0.17684461966467313,-0.174298,0.096588,0.14105461966467314,-0.17348661966467313,-0.174298,-0.09323,0.05,1.0,0.0,0.02,1e-09
48.96480984699883,-1,0.14105461966467314,0.17684461966467313,-0.174298,0.096588,0.14105461966467314,-0.17348661966467313,-0.174298,-0.09323,0.05,1.0,0.0,0.02,1e-09
49.01926597700003,-1,0.14105461966467314,0.17684461966467313,-0.174298,0.096588,0.14105461966467314,-0.17348661966467313,-0.174298,-0.09323,0.05,1.0,0.0,0.02,1e-09
49.069611121998605,-1,0.14105461966467314,0.17684461966467313,-0.174298,0.096588,0.14105461966467314,-0.17348661966467313,-0.174298,-0.09323,0.05,1.0,0.0,0.02,1e-09
49.11781446199893,-1,0.14105461966467314,0.17684461966467313,-0.174298,0.096588,0.14105461966467314,-0.17348661966467313,-0.174298,-0.09323,0.05,1.0,0.0,0.02,1e-09
49.17544211600034,-1,0.14105461966467314,0.17684461966467313,-0.174298,0.096588,0.14105461966467314,-0.17348661966467313,-0.174298,-0.09323,0.05,1.0,0.0,0.02,1e-09
49.2247447310001,-1,0.14105461966467314,0.17684461966467313,-0.174298,0.096588,0.14105461966467314,-0.17348661966467313,-0.174298,-0.09323,0.05,1.0,0.0,0.02,1e-09
49.26940322699738,-1,0.14105461966467314,0.17684461966467313,-0.174298,0.096588,0.14105461966467314,-0.17348661966467313,-0.174298,-0.09323,0.05,1.0,0.0,0.02,1e-09
49.32081414999993,-1,0.14105461966467314,0.17684461966467313,-0.174298,0.096588,0.14105461966467314,-0.17348661966467313,-0.174298,-0.09323,0.05,1.0,0.0,0.02,1e-09
49.3648048799987,-1,0.14105461966467314,0.17684461966467313,-0.174298,0.096588,0.14105461966467314,-0.17348661966467313,-0.174298,-0.09323,0.05,1.0,0.0,0.02,1e-09
49.41923416899954,-1,0.14105461966467314,0.17684461966467313,-0.174298,0.096588,0.14105461966467314,-0.17348661966467313,-0.174298,-0.09323,0.05,1.0,0.0,0.02,1e-09
49.468004210997606,-1,0.14105461966467314,0.17684461966467313,-0.174298,0.096588,0.14105461966467314,-0.17348661966467313,-0.174298,-0.09323,0.05,1.0,0.0,0.02,1e-09
49.51705915899947,-1,0.14105461966467314,0.17684461966467313,-0.174298,0.096588,0.14105461966467314,-0.17348661966467313,-0.174298,-0.09323,0.05,1.0,0.0,0.02,1e-09
49.569440732997464,-1,0.14105461966467314,0.17684461966467313,-0.174298,0.096588,0.14105461966467314,-0.17348661966467313,-0.174298,-0.09323,0.05,1.0,0.0,0.02,1e-09
49.614755430000514,-1,0.14105461966467314,0.17684461966467313,-0.174298,0.096588,0.14105461966467314,-0.17348661966467313,-0.174298,-0.09323,0.05,1.0,0.0,0.02,1e-09
49.670649443,-1,0.14105461966467314,0.17684461966467313,-0.174298,0.096588,0.14105461966467314,-0.17348661966467313,-0.174298,-0.09323,0.05,1.0,0.0,0.02,1e-09
49.715287117000116,-1,0.14105461966467314,0.17684461966467313,-0.174298,0.096588,0.14105461966467314,-0.17348661966467313,-0.174298,-0.09323,0.05,1.0,0.0,0.02,1e-09
49.766291312997055,-1,0.14105461966467314,0.17684461966467313,-0.174298,0.096588,0.14105461966467314,-0.17348661966467313,-0.174298,-0.09323,0.05,1.0,0.0,0.02,1e-09
49.825515111999266,-1,0.14105461966467314,0.17684461966467313,-0.174298,0.096588,0.14105461966467314,-0.17348661966467313,-0.174298,-0.09323,0.05,1.0,0.0,0.02,1e-09
49.86689695200039,-1,0.14105461966467314,0.17684461966467313,-0.174298,0.096588,0.14105461966467314,-0.17348661966467313,-0.174298,-0.09323,0.05,1.0,0.0,0.02,1e-09
49.920047298997815,-1,0.14105461966467314,0.17684461966467313,-0.174298,0.096588,0.14105461966467314,-0.17348661966467313,-0.174298,-0.09323,0.05,1.0,0.0,0.02,1e-09
49.97895472500022,-1,0.14105461966467314,0.17684461966467313,-0.174298,0.096588,0.14105461966467314,-0.17348661966467313,-0.174298,-0.09323,0.05,1.0,0.0,0.02,1e-09
50.01651270699949,-1,0.14105461966467314,0.17684461966467313,-0.174298,0.096588,0.14105461966467314,-0.17348661966467313,-0.174298,-0.09323,0.05,1.0,0.0,0.02,1e-09
50.08389218999946,-1,0.14105461966467314,0.17684461966467313,-0.174298,0.096588,0.14105461966467314,-0.17348661966467313,-0.174298,-0.09323,0.05,1.0,0.0,0.02,1e-09
50.11783372699938,-1,0.14105461966467314,0.17684461966467313,-0.174298,0.096588,0.14105461966467314,-0.17348661966467313,-0.174298,-0.09323,0.05,1.0,0.0,0.02,1e-09
50.168108210000355,-1,0.14105461966467314,0.17684461966467313,-0.174298,0.096588,0.14105461966467314,-0.17348661966467313,-0.174298,-0.09323,0.05,1.0,0.0,0.02,1e-09
50.218647984998825,-1,0.14105461966467314,0.17684461966467313,-0.174298,0.096588,0.14105461966467314,-0.17348661966467313,-0.174298,-0.09323,0.05,1.0,0.0,0.02,1e-09
50.2732033909997,-1,0.14105461966467314,0.17684461966467313,-0.174298,0.096588,0.14105461966467314,-0.17348661966467313,-0.174298,-0.09323,0.05,1.0,0.0,0.02,1e-09
50.32240340699718,-1,0.14105461966467314,0.17684461966467313,-0.174298,0.096588,0.14105461966467314,-0.17348661966467313,-0.174298,-0.09323,0.05,1.0,0.0,0.02,1e-09
50.372536531998776,-1,0.14105461966467314,0.17684461966467313,-0.174298,0.096588,0.14105461966467314,-0.17348661966467313,-0.174298,-0.09323,0.05,1.0,0.0,0.02,1e-09
50.42151435199776,-1,0.14105461966467314,0.17684461966467313,-0.174298,0.096588,0.14105461966467314,-0.17348661966467313,-0.174298,-0.09323,0.05,1.0,0.0,0.02,1e-09
50.474866876000306,-1,0.14105461966467314,0.17684461966467313,-0.174298,0.096588,0.14105461966467314,-0.17348661966467313,-0.174298,-0.09323,0.05,1.0,0.0,0.02,1e-09
50.52732309400017,-1,0.14105461966467314,0.17684461966467313,-0.174298,0.096588,0.14105461966467314,-0.17348661966467313,-0.174298,-0.09323,0.05,1.0,0.0,0.02,1e-09
50.572086681000656,-1,0.14105461966467314,0.17684461966467313,-0.174298,0.096588,0.14105461966467314,-0.17348661966467313,-0.174298,-0.09323,0.05,1.0,0.0,0.02,1e-09
50.627122891997715,-1,0.14105461966467314,0.17684461966467313,-0.174298,0.096588,0.14105461966467314,-0.17348661966467313,-0.174298,-0.09323,0.05,1.0,0.0,0.02,1e-09
50.669188722997205,-1,0.14105461966467314,0.17684461966467313,-0.174298,0.096588,0.14105461966467314,-0.17348661966467313,-0.174298,-0.09323,0.05,1.0,0.0,0.02,1e-09
50.71994579699822,-1,0.14105461966467314,0.17684461966467313,-0.174298,0.096588,0.14105461966467314,-0.17348661966467313,-0.174298,-0.09323,0.05,1.0,0.0,0.02,1e-09
50.7669876109976,-1,0.14105461966467314,0.17684461966467313,-0.174298,0.096588,0.14105461966467314,-0.17348661966467313,-0.174298,-0.09323,0.05,1.0,0.0,0.02,1e-09
50.83514038000067,-1,0.14105461966467314,0.17684461966467313,-0.174298,0.096588,0.14105461966467314,-0.17348661966467313,-0.174298,-0.09323,0.05,1.0,0.0,0.02,1e-09
50.88040382100007,-1,0.14105461966467314,0.17684461966467313,-0.174298,0.096588,0.14105461966467314,-0.17348661966467313,-0.174298,-0.09323,0.05,1.0,0.0,0.02,1e-09
50.921516623999196,-1,0.14105461966467314,0.17684461966467313,-0.174298,0.096588,0.14105461966467314,-0.17348661966467313,-0.174298,-0.09323,0.05,1.0,0.0,0.02,1e-09
50.96798583999771,-1,0.14105461966467314,0.17684461966467313,-0.174298,0.096588,0.14105461966467314,-0.17348661966467313,-0.174298,-0.09323,0.05,1.0,0.0,0.02,1e-09
51.01606965999963,-1,0.14105461966467314,0.17684461966467313,-0.174298,0.096588,0.14105461966467314,-0.17348661966467313,-0.174298,-0.09323,0.05,1.0,0.0,0.02,1e-09
51.070764782998594,-1,0.14105461966467314,0.17684461966467313,-0.174298,0.096588,0.14105461966467314,-0.17348661966467313,-0.174298,-0.09323,0.05,1.0,0.0,0.02,1e-09
51.12741959499908,-1,0.14105461966467314,0.17684461966467313,-0.174298,0.096588,0.14105461966467314,-0.17348661966467313,-0.174298,-0.09323,0.05,1.0,0.0,0.02,1e-09
51.16904601399801,-1,0.14105461966467314,0.17684461966467313,-0.174298,0.096588,0.14105461966467314,-0.17348661966467313,-0.174298,-0.09323,0.05,1.0,0.0,0.02,1e-09
51.216713797999546,-1,0.14105461966467314,0.17684461966467313,-0.174298,0.096588,0.14105461966467314,-0.17348661966467313,-0.174298,-0.09323,0.05,1.0,0.0,0.02,1e-09
51.26634260199717,-1,0.14105461966467314,0.17684461966467313,-0.174298,0.096588,0.14105461966467314,-0.17348661966467313,-0.174298,-0.09323,0.05,1.0,0.0,0.02,1e-09
51.32645640099872,-1,0.14105461966467314,0.17684461966467313,-0.174298,0.096588,0.14105461966467314,-0.17348661966467313,-0.174298,-0.09323,0.05,1.0,0.0,0.02,1e-09
51.38424911299808,-1,0.14105461966467314,0.17684461966467313,-0.174298,0.096588,0.14105461966467314,-0.17348661966467313,-0.174298,-0.09323,0.05,1.0,0.0,0.02,1e-09
51.41643074699823,-1,0.14105461966467314,0.17684461966467313,-0.174298,0.096588,0.14105461966467314,-0.17348661966467313,-0.174298,-0.09323,0.05,1.0,0.0,0.02,1e-09
51.472753253998235,-1,0.14105461966467314,0.17684461966467313,-0.174298,0.096588,0.14105461966467314,-0.17348661966467313,-0.174298,-0.09323,0.05,1.0,0.0,0.02,1e-09
51.523172500998044,-1,0.14105461966467314,0.17684461966467313,-0.174298,0.096588,0.14105461966467314,-0.17348661966467313,-0.174298,-0.09323,0.05,1.0,0.0,0.02,1e-09
51.56827453000005,-1,0.14105461966467314,0.17684461966467313,-0.174298,0.096588,0.14105461966467314,-0.17348661966467313,-0.174298,-0.09323,0.05,1.0,0.0,0.02,1e-09
51.6194079229972,-1,0.14105461966467314,0.17684461966467313,-0.174298,0.096588,0.14105461966467314,-0.17348661966467313,-0.174298,-0.09323,0.05,1.0,0.0,0.02,1e-09
51.671584167997935,-1,0.14105461966467314,0.17684461966467313,-0.174298,0.096588,0.14105461966467314,-0.17348661966467313,-0.174298,-0.09323,0.05,1.0,0.0,0.02,1e-09
51.72351986799913,-1,0.14105461966467314,0.17684461966467313,-0.174298,0.096588,0.14105461966467314,-0.17348661966467313,-0.174298,-0.09323,0.05,1.0,0.0,0.02,1e-09
51.76729642499777,-1,0.14105461966467314,0.17684461966467313,-0.174298,0.096588,0.14105461966467314,-0.17348661966467313,-0.174298,-0.09323,0.05,1.0,0.0,0.02,1e-09
51.81945952000024,-1,0.14105461966467314,0.17684461966467313,-0.174298,0.096588,0.14105461966467314,-0.17348661966467313,-0.174298,-0.09323,0.05,1.0,0.0,0.02,1e-09
51.87004974299998,-1,0.14105461966467314,0.17684461966467313,-0.174298,0.096588,0.14105461966467314,-0.17348661966467313,-0.174298,-0.09323,0.05,1.0,0.0,0.02,1e-09
51.917847355998674,-1,0.14105461966467314,0.17684461966467313,-0.174298,0.096588,0.14105461966467314,-0.17348661966467313,-0.174298,-0.09323,0.05,1.0,0.0,0.02,1e-09
51.976598848999856,-1,0.14105461966467314,0.17684461966467313,-0.174298,0.096588,0.14105461966467314,-0.17348661966467313,-0.174298,-0.09323,0.05,1.0,0.0,0.02,1e-09
52.02091170899803,-1,0.14105461966467314,0.17684461966467313,-0.174298,0.096588,0.14105461966467314,-0.17348661966467313,-0.174298,-0.09323,0.05,1.0,0.0,0.02,1e-09
52.06680031599899,-1,0.14105461966467314,0.17684461966467313,-0.174298,0.096588,0.14105461966467314,-0.17348661966467313,-0.174298,-0.09323,0.05,1.0,0.0,0.02,1e-09
52.11908853299974,-1,0.14105461966467314,0.17684461966467313,-0.174298,0.096588,0.14105461966467314,-0.17348661966467313,-0.174298,-0.09323,0.05,1.0,0.0,0.02,1e-09
52.176356108997425,-1,0.14105461966467314,0.17684461966467313,-0.174298,0.096588,0.14105461966467314,-0.17348661966467313,-0.174298,-0.09323,0.05,1.0,0.0,0.02,1e-09
52.21455145099753,-1,0.14105461966467314,0.17684461966467313,-0.174298,0.096588,0.14105461966467314,-0.17348661966467313,-0.174298,-0.09323,0.05,1.0,0.0,0.02,1e-09
52.27555778799797,-1,0.14105461966467314,0.17684461966467313,-0.174298,0.096588,0.14105461966467314,-0.17348661966467313,-0.174298,-0.09323,0.05,1.0,0.0,0.02,1e-09
52.32008531400061,-1,0.14105461966467314,0.17684461966467313,-0.174298,0.096588,0.14105461966467314,-0.17348661966467313,-0.174298,-0.09323,0.05,1.0,0.0,0.02,1e-09
52.382200692998595,-1,0.14105461966467314,0.17684461966467313,-0.174298,0.096588,0.14105461966467314,-0.17348661966467313,-0.174298,-0.09323,0.05,1.0,0.0,0.02,1e-09
52.41796502199941,-1,0.14105461966467314,0.17684461966467313,-0.174298,0.096588,0.14105461966467314,-0.17348661966467313,-0.174298,-0.09323,0.05,1.0,0.0,0.02,1e-09
52.46656170499773,-1,0.14105461966467314,0.17684461966467313,-0.174298,0.096588,0.14105461966467314,-0.17348661966467313,-0.174298,-0.09323,0.05,1.0,0.0,0.02,1e-09
52.52777421800056,-1,0.14105461966467314,0.17684461966467313,-0.174298,0.096588,0.14105461966467314,-0.17348661966467313,-0.174298,-0.09323,0.05,1.0,0.0,0.02,1e-09
52.61937958099952,-1,0.14105461966467314,0.17684461966467313,-0.174298,0.096588,0.14105461966467314,-0.17348661966467313,-0.174298,-0.09323,0.05,1.0,0.0,0.02,1e-09
52.65791493999859,-1,0.14105461966467314,0.17684461966467313,-0.174298,0.096588,0.14105461966467314,-0.17348661966467313,-0.174298,-0.09323,0.05,1.0,0.0,0.02,1e-09
52.66776199100059,-1,0.14105461966467314,0.17684461966467313,-0.174298,0.096588,0.14105461966467314,-0.17348661966467313,-0.174298,-0.09323,0.05,1.0,0.0,0.02,1e-09
52.72689500499837,-1,0.14105461966467314,0.17684461966467313,-0.174298,0.096588,0.14105461966467314,-0.17348661966467313,-0.174298,-0.09323,0.05,1.0,0.0,0.02,1e-09
52.77454594899973,-1,0.14105461966467314,0.17684461966467313,-0.174298,0.096588,0.14105461966467314,-0.17348661966467313,-0.174298,-0.09323,0.05,1.0,0.0,0.02,1e-09
52.82665888699921,-1,0.14105461966467314,0.17684461966467313,-0.174298,0.096588,0.14105461966467314,-0.17348661966467313,-0.174298,-0.09323,0.05,1.0,0.0,0.02,1e-09
52.878977431999374,-1,0.14105461966467314,0.17684461966467313,-0.174298,0.096588,0.14105461966467314,-0.17348661966467313,-0.174298,-0.09323,0.05,1.0,0.0,0.02,1e-09
52.92009208499803,-1,0.14105461966467314,0.17684461966467313,-0.174298,0.096588,0.14105461966467314,-0.17348661966467313,-0.174298,-0.09323,0.05,1.0,0.0,0.02,1e-09
52.96663935899778,-1,0.14105461966467314,0.17684461966467313,-0.174298,0.096588,0.14105461966467314,-0.17348661966467313,-0.174298,-0.09323,0.05,1.0,0.0,0.02,1e-09
53.01959514199916,-1,0.14105461966467314,0.17684461966467313,-0.174298,0.096588,0.14105461966467314,-0.17348661966467313,-0.174298,-0.09323,0.05,1.0,0.0,0.02,1e-09
53.077322689998255,-1,0.14105461966467314,0.17684461966467313,-0.174298,0.096588,0.14105461966467314,-0.17348661966467313,-0.174298,-0.09323,0.05,1.0,0.0,0.02,1e-09
53.121998663998966,-1,0.14105461966467314,0.17684461966467313,-0.174298,0.096588,0.14105461966467314,-0.17348661966467313,-0.174298,-0.09323,0.05,1.0,0.0,0.02,1e-09
53.1739425559972,-1,0.14105461966467314,0.17684461966467313,-0.174298,0.096588,0.14105461966467314,-0.17348661966467313,-0.174298,-0.09323,0.05,1.0,0.0,0.02,1e-09
53.22772004899889,-1,0.14105461966467314,0.17684461966467313,-0.174298,0.096588,0.14105461966467314,-0.17348661966467313,-0.174298,-0.09323,0.05,1.0,0.0,0.02,1e-09
53.26585130699823,-1,0.14105461966467314,0.17684461966467313,-0.174298,0.096588,0.14105461966467314,-0.17348661966467313,-0.174298,-0.09323,0.05,1.0,0.0,0.02,1e-09
53.3188272519983,-1,0.14105461966467314,0.17684461966467313,-0.174298,0.096588,0.14105461966467314,-0.17348661966467313,-0.174298,-0.09323,0.05,1.0,0.0,0.02,1e-09
53.36956419099806,-1,0.14105461966467314,0.17684461966467313,-0.174298,0.096588,0.14105461966467314,-0.17348661966467313,-0.174298,-0.09323,0.05,1.0,0.0,0.02,1e-09
53.420086778998666,-1,0.14105461966467314,0.17684461966467313,-0.174298,0.096588,0.14105461966467314,-0.17348661966467313,-0.174298,-0.09323,0.05,1.0,0.0,0.02,1e-09
53.48282920999918,-1,0.14105461966467314,0.17684461966467313,-0.174298,0.096588,0.14105461966467314,-0.17348661966467313,-0.174298,-0.09323,0.05,1.0,0.0,0.02,1e-09
53.52220529799888,-1,0.14105461966467314,0.17684461966467313,-0.174298,0.096588,0.14105461966467314,-0.17348661966467313,-0.174298,-0.09323,0.05,1.0,0.0,0.02,1e-09
53.57970051299708,-1,0.14105461966467314,0.17684461966467313,-0.174298,0.096588,0.14105461966467314,-0.17348661966467313,-0.174298,-0.09323,0.05,1.0,0.0,0.02,1e-09
53.62196305299949,-1,0.14105461966467314,0.17684461966467313,-0.174298,0.096588,0.14105461966467314,-0.17348661966467313,-0.174298,-0.09323,0.05,1.0,0.0,0.02,1e-09
53.668495961999724,-1,0.14105461966467314,0.17684461966467313,-0.174298,0.096588,0.14105461966467314,-0.17348661966467313,-0.174298,-0.09323,0.05,1.0,0.0,0.02,1e-09
53.72087699199983,-1,0.14105461966467314,0.17684461966467313,-0.174298,0.096588,0.14105461966467314,-0.17348661966467313,-0.174298,-0.09323,0.05,1.0,0.0,0.02,1e-09
53.76886047999869,-1,0.14105461966467314,0.17684461966467313,-0.174298,0.096588,0.14105461966467314,-0.17348661966467313,-0.174298,-0.09323,0.05,1.0,0.0,0.02,1e-09
53.822623973999725,-1,0.14105461966467314,0.17684461966467313,-0.174298,0.096588,0.14105461966467314,-0.17348661966467313,-0.174298,-0.09323,0.05,1.0,0.0,0.02,1e-09
53.871000465998804,-1,0.14105461966467314,0.17684461966467313,-0.174298,0.096588,0.14105461966467314,-0.17348661966467313,-0.174298,-0.09323,0.05,1.0,0.0,0.02,1e-09
53.91825559999779,-1,0.14105461966467314,0.17684461966467313,-0.174298,0.096588,0.14105461966467314,-0.17348661966467313,-0.174298,-0.09323,0.05,1.0,0.0,0.02,1e-09
53.98040679899714,-1,0.14105461966467314,0.17684461966467313,-0.174298,0.096588,0.14105461966467314,-0.17348661966467313,-0.174298,-0.09323,0.05,1.0,0.0,0.02,1e-09
54.01625561999754,-1,0.14105461966467314,0.17684461966467313,-0.174298,0.096588,0.14105461966467314,-0.17348661966467313,-0.174298,-0.09323,0.05,1.0,0.0,0.02,1e-09
54.07442748500034,-1,0.14105461966467314,0.17684461966467313,-0.174298,0.096588,0.14105461966467314,-0.17348661966467313,-0.174298,-0.09323,0.05,1.0,0.0,0.02,1e-09
54.11623735499961,-1,0.14105461966467314,0.17684461966467313,-0.174298,0.096588,0.14105461966467314,-0.17348661966467313,-0.174298,-0.09323,0.05,1.0,0.0,0.02,1e-09
54.18069229200046,-1,0.14105461966467314,0.17684461966467313,-0.174298,0.096588,0.14105461966467314,-0.17348661966467313,-0.174298,-0.09323,0.05,1.0,0.0,0.02,1e-09
54.220236711000325,-1,0.14105461966467314,0.17684461966467313,-0.174298,0.096588,0.14105461966467314,-0.17348661966467313,-0.174298,-0.09323,0.05,1.0,0.0,0.02,1e-09
54.271954050000204,-1,0.14105461966467314,0.17684461966467313,-0.174298,0.096588,0.14105461966467314,-0.17348661966467313,-0.174298,-0.09323,0.05,1.0,0.0,0.02,1e-09
54.320116050999786,-1,0.14105461966467314,0.17684461966467313,-0.174298,0.096588,0.14105461966467314,-0.17348661966467313,-0.174298,-0.09323,0.05,1.0,0.0,0.02,1e-09
54.37096852399918,-1,0.14105461966467314,0.17684461966467313,-0.174298,0.096588,0.14105461966467314,-0.17348661966467313,-0.174298,-0.09323,0.05,1.0,0.0,0.02,1e-09
54.41596145499716,-1,0.14105461966467314,0.17684461966467313,-0.174298,0.096588,0.14105461966467314,-0.17348661966467313,-0.174298,-0.09323,0.05,1.0,0.0,0.02,1e-09
54.47873468800026,-1,0.14105461966467314,0.17684461966467313,-0.174298,0.096588,0.14105461966467314,-0.17348661966467313,-0.174298,-0.09323,0.05,1.0,0.0,0.02,1e-09
54.522783106000134,-1,0.14105461966467314,0.17684461966467313,-0.174298,0.096588,0.14105461966467314,-0.17348661966467313,-0.174298,-0.09323,0.05,1.0,0.0,0.02,1e-09
54.5664856259973,-1,0.14105461966467314,0.17684461966467313,-0.174298,0.096588,0.14105461966467314,-0.17348661966467313,-0.174298,-0.09323,0.05,1.0,0.0,0.02,1e-09
54.618235730999004,-1,0.14105461966467314,0.17684461966467313,-0.174298,0.096588,0.14105461966467314,-0.17348661966467313,-0.174298,-0.09323,0.05,1.0,0.0,0.02,1e-09
54.66874295899834,-1,0.14105461966467314,0.17684461966467313,-0.174298,0.096588,0.14105461966467314,-0.17348661966467313,-0.174298,-0.09323,0.05,1.0,0.0,0.02,1e-09
54.71959928599972,-1,0.14105461966467314,0.17684461966467313,-0.174298,0.096588,0.14105461966467314,-0.17348661966467313,-0.174298,-0.09323,0.05,1.0,0.0,0.02,1e-09
54.7720295049985,-1,0.14105461966467314,0.17684461966467313,-0.174298,0.096588,0.14105461966467314,-0.17348661966467313,-0.174298,-0.09323,0.05,1.0,0.0,0.02,1e-09
54.824354754000524,-1,0.14105461966467314,0.17684461966467313,-0.174298,0.096588,0.14105461966467314,-0.17348661966467313,-0.174298,-0.09323,0.05,1.0,0.0,0.02,1e-09
54.8724146200002,-1,0.14105461966467314,0.17684461966467313,-0.174298,0.096588,0.14105461966467314,-0.17348661966467313,-0.174298,-0.09323,0.05,1.0,0.0,0.02,1e-09
54.92662344999917,-1,0.14105461966467314,0.17684461966467313,-0.174298,0.096588,0.14105461966467314,-0.17348661966467313,-0.174298,-0.09323,0.05,1.0,0.0,0.02,1e-09
54.9705577709974,-1,0.14105461966467314,0.17684461966467313,-0.174298,0.096588,0.14105461966467314,-0.17348661966467313,-0.174298,-0.09323,0.05,1.0,0.0,0.02,1e-09
55.01812199000051,-1,0.14105461966467314,0.17684461966467313,-0.174298,0.096588,0.14105461966467314,-0.17348661966467313,-0.174298,-0.09323,0.05,1.0,0.0,0.02,1e-09
55.07245929999772,-1,0.14105461966467314,0.17684461966467313,-0.174298,0.096588,0.14105461966467314,-0.17348661966467313,-0.174298,-0.09323,0.05,1.0,0.0,0.02,1e-09
55.11676695599817,-1,0.14105461966467314,0.17684461966467313,-0.174298,0.096588,0.14105461966467314,-0.17348661966467313,-0.174298,-0.09323,0.05,1.0,0.0,0.02,1e-09
55.17127461799828,-1,0.14105461966467314,0.17684461966467313,-0.174298,0.096588,0.14105461966467314,-0.17348661966467313,-0.174298,-0.09323,0.05,1.0,0.0,0.02,1e-09
55.21978654999839,-1,0.14105461966467314,0.17684461966467313,-0.174298,0.096588,0.14105461966467314,-0.17348661966467313,-0.174298,-0.09323,0.05,1.0,0.0,0.02,1e-09
55.26752118699733,-1,0.14105461966467314,0.17684461966467313,-0.174298,0.096588,0.14105461966467314,-0.17348661966467313,-0.174298,-0.09323,0.05,1.0,0.0,0.02,1e-09
55.31886153300002,-1,0.14105461966467314,0.17684461966467313,-0.174298,0.096588,0.14105461966467314,-0.17348661966467313,-0.174298,-0.09323,0.05,1.0,0.0,0.02,1e-09
55.374259838998114,-1,0.14105461966467314,0.17684461966467313,-0.174298,0.096588,0.14105461966467314,-0.17348661966467313,-0.174298,-0.09323,0.05,1.0,0.0,0.02,1e-09
55.41962762699768,-1,0.14105461966467314,0.17684461966467313,-0.174298,0.096588,0.14105461966467314,-0.17348661966467313,-0.174298,-0.09323,0.05,1.0,0.0,0.02,1e-09
55.46436054699734,-1,0.14105461966467314,0.17684461966467313,-0.174298,0.096588,0.14105461966467314,-0.17348661966467313,-0.174298,-0.09323,0.05,1.0,0.0,0.02,1e-09
55.52353212299931,-1,0.14105461966467314,0.17684461966467313,-0.174298,0.096588,0.14105461966467314,-0.17348661966467313,-0.174298,-0.09323,0.05,1.0,0.0,0.02,1e-09
55.570839263997186,-1,0.14105461966467314,0.17684461966467313,-0.174298,0.096588,0.14105461966467314,-0.17348661966467313,-0.174298,-0.09323,0.05,1.0,0.0,0.02,1e-09
55.622665282000526,-1,0.14105461966467314,0.17684461966467313,-0.174298,0.096588,0.14105461966467314,-0.17348661966467313,-0.174298,-0.09323,0.05,1.0,0.0,0.02,1e-09
55.67596407999736,-1,0.14105461966467314,0.17684461966467313,-0.174298,0.096588,0.14105461966467314,-0.17348661966467313,-0.174298,-0.09323,0.05,1.0,0.0,0.02,1e-09
55.71625564699934,-1,0.14105461966467314,0.17684461966467313,-0.174298,0.096588,0.14105461966467314,-0.17348661966467313,-0.174298,-0.09323,0.05,1.0,0.0,0.02,1e-09
55.77209554900037,-1,0.14105461966467314,0.17684461966467313,-0.174298,0.096588,0.14105461966467314,-0.17348661966467313,-0.174298,-0.09323,0.05,1.0,0.0,0.02,1e-09
55.83428003899826,-1,0.14105461966467314,0.17684461966467313,-0.174298,0.096588,0.14105461966467314,-0.17348661966467313,-0.174298,-0.09323,0.05,1.0,0.0,0.02,1e-09
55.857689543998276,-1,0.14105461966467314,0.17684461966467313,-0.174298,0.096588,0.14105461966467314,-0.17348661966467313,-0.174298,-0.09323,0.05,1.0,0.0,0.02,1e-09
55.916895971000486,-1,0.14105461966467314,0.17684461966467313,-0.174298,0.096588,0.14105461966467314,-0.17348661966467313,-0.174298,-0.09323,0.05,1.0,0.0,0.02,1e-09
55.96389996200014,-1,0.14105461966467314,0.17684461966467313,-0.174298,0.096588,0.14105461966467314,-0.17348661966467313,-0.174298,-0.09323,0.05,1.0,0.0,0.02,1e-09
56.01308615999733,-1,0.14105461966467314,0.17684461966467313,-0.174298,0.096588,0.14105461966467314,-0.17348661966467313,-0.174298,-0.09323,0.05,1.0,0.0,0.02,1e-09
56.06049590799739,-1,0.14105461966467314,0.17684461966467313,-0.174298,0.096588,0.14105461966467314,-0.17348661966467313,-0.174298,-0.09323,0.05,1.0,0.0,0.02,1e-09
56.11763275799967,-1,0.14105461966467314,0.17684461966467313,-0.174298,0.096588,0.14105461966467314,-0.17348661966467313,-0.174298,-0.09323,0.05,1.0,0.0,0.02,1e-09
56.172768405998795,-1,0.14105461966467314,0.17684461966467313,-0.174298,0.096588,0.14105461966467314,-0.17348661966467313,-0.174298,-0.09323,0.05,1.0,0.0,0.02,1e-09
56.2109918999995,-1,0.14105461966467314,0.17684461966467313,-0.174298,0.096588,0.14105461966467314,-0.17348661966467313,-0.174298,-0.09323,0.05,1.0,0.0,0.02,1e-09
56.25787237499753,-1,0.14105461966467314,0.17684461966467313,-0.174298,0.096588,0.14105461966467314,-0.17348661966467313,-0.174298,-0.09323,0.05,1.0,0.0,0.02,1e-09
56.31164962099865,-1,0.14105461966467314,0.17684461966467313,-0.174298,0.096588,0.14105461966467314,-0.17348661966467313,-0.174298,-0.09323,0.05,1.0,0.0,0.02,1e-09
56.36021921599968,-1,0.14105461966467314,0.17684461966467313,-0.174298,0.096588,0.14105461966467314,-0.17348661966467313,-0.174298,-0.09323,0.05,1.0,0.0,0.02,1e-09
56.40936932199838,-1,0.14105461966467314,0.17684461966467313,-0.174298,0.096588,0.14105461966467314,-0.17348661966467313,-0.174298,-0.09323,0.05,1.0,0.0,0.02,1e-09
56.46348836600009,-1,0.14105461966467314,0.17684461966467313,-0.174298,0.096588,0.14105461966467314,-0.17348661966467313,-0.174298,-0.09323,0.05,1.0,0.0,0.02,1e-09
56.51027861499824,-1,0.14105461966467314,0.17684461966467313,-0.174298,0.096588,0.14105461966467314,-0.17348661966467313,-0.174298,-0.09323,0.05,1.0,0.0,0.02,1e-09
56.5594897560004,-1,0.14105461966467314,0.17684461966467313,-0.174298,0.096588,0.14105461966467314,-0.17348661966467313,-0.174298,-0.09323,0.05,1.0,0.0,0.02,1e-09
56.62229917999866,-1,0.14105461966467314,0.17684461966467313,-0.174298,0.096588,0.14105461966467314,-0.17348661966467313,-0.174298,-0.09323,0.05,1.0,0.0,0.02,1e-09
56.65728757899706,-1,0.14105461966467314,0.17684461966467313,-0.174298,0.096588,0.14105461966467314,-0.17348661966467313,-0.174298,-0.09323,0.05,1.0,0.0,0.02,1e-09
56.712846283000545,-1,0.14105461966467314,0.17684461966467313,-0.174298,0.096588,0.14105461966467314,-0.17348661966467313,-0.174298,-0.09323,0.05,1.0,0.0,0.02,1e-09
56.76150086499911,-1,0.14105461966467314,0.17684461966467313,-0.174298,0.096588,0.14105461966467314,-0.17348661966467313,-0.174298,-0.09323,0.05,1.0,0.0,0.02,1e-09
56.89699103100065,-1,0.14105461966467314,0.17684461966467313,-0.174298,0.096588,0.14105461966467314,-0.17348661966467313,-0.174298,-0.09323,0.05,1.0,0.0,0.02,1e-09
56.899144498998794,-1,0.14105461966467314,0.17684461966467313,-0.174298,0.096588,0.14105461966467314,-0.17348661966467313,-0.174298,-0.09323,0.05,1.0,0.0,0.02,1e-09
56.90978411899778,-1,0.14105461966467314,0.17684461966467313,-0.174298,0.096588,0.14105461966467314,-0.17348661966467313,-0.174298,-0.09323,0.05,1.0,0.0,0.02,1e-09
56.97140345599837,-1,0.14105461966467314,0.17684461966467313,-0.174298,0.096588,0.14105461966467314,-0.17348661966467313,-0.174298,-0.09323,0.05,1.0,0.0,0.02,1e-09
57.02050515600058,-1,0.14105461966467314,0.17684461966467313,-0.174298,0.096588,0.14105461966467314,-0.17348661966467313,-0.174298,-0.09323,0.05,1.0,0.0,0.02,1e-09
57.06362639999861,-1,0.14105461966467314,0.17684461966467313,-0.174298,0.096588,0.14105461966467314,-0.17348661966467313,-0.174298,-0.09323,0.05,1.0,0.0,0.02,1e-09
57.11150226099926,-1,0.14105461966467314,0.17684461966467313,-0.174298,0.096588,0.14105461966467314,-0.17348661966467313,-0.174298,-0.09323,0.05,1.0,0.0,0.02,1e-09
57.162455387999216,-1,0.14105461966467314,0.17684461966467313,-0.174298,0.096588,0.14105461966467314,-0.17348661966467313,-0.174298,-0.09323,0.05,1.0,0.0,0.02,1e-09
57.21321323899974,-1,0.14105461966467314,0.17684461966467313,-0.174298,0.096588,0.14105461966467314,-0.17348661966467313,-0.174298,-0.09323,0.05,1.0,0.0,0.02,1e-09
57.26361914899826,-1,0.14105461966467314,0.17684461966467313,-0.174298,0.096588,0.14105461966467314,-0.17348661966467313,-0.174298,-0.09323,0.05,1.0,0.0,0.02,1e-09
57.30939061800018,-1,0.14105461966467314,0.17684461966467313,-0.174298,0.096588,0.14105461966467314,-0.17348661966467313,-0.174298,-0.09323,0.05,1.0,0.0,0.02,1e-09
57.35847433299932,-1,0.14105461966467314,0.17684461966467313,-0.174298,0.096588,0.14105461966467314,-0.17348661966467313,-0.174298,-0.09323,0.05,1.0,0.0,0.02,1e-09
57.41137179299767,-1,0.14105461966467314,0.17684461966467313,-0.174298,0.096588,0.14105461966467314,-0.17348661966467313,-0.174298,-0.09323,0.05,1.0,0.0,0.02,1e-09
57.46042389399736,-1,0.14105461966467314,0.17684461966467313,-0.174298,0.096588,0.14105461966467314,-0.17348661966467313,-0.174298,-0.09323,0.05,1.0,0.0,0.02,1e-09
57.51664852400063,-1,0.14105461966467314,0.17684461966467313,-0.174298,0.096588,0.14105461966467314,-0.17348661966467313,-0.174298,-0.09323,0.05,1.0,0.0,0.02,1e-09
57.56254943800013,-1,0.14105461966467314,0.17684461966467313,-0.174298,0.096588,0.14105461966467314,-0.17348661966467313,-0.174298,-0.09323,0.05,1.0,0.0,0.02,1e-09
57.60884562099818,-1,0.14105461966467314,0.17684461966467313,-0.174298,0.096588,0.14105461966467314,-0.17348661966467313,-0.174298,-0.09323,0.05,1.0,0.0,0.02,1e-09
57.66481467899939,-1,0.14105461966467314,0.17684461966467313,-0.174298,0.096588,0.14105461966467314,-0.17348661966467313,-0.174298,-0.09323,0.05,1.0,0.0,0.02,1e-09
57.7099815549991,-1,0.14105461966467314,0.17684461966467313,-0.174298,0.096588,0.14105461966467314,-0.17348661966467313,-0.174298,-0.09323,0.05,1.0,0.0,0.02,1e-09
57.7590195039993,-1,0.14105461966467314,0.17684461966467313,-0.174298,0.096588,0.14105461966467314,-0.17348661966467313,-0.174298,-0.09323,0.05,1.0,0.0,0.02,1e-09
57.809303153000656,-1,0.14105461966467314,0.17684461966467313,-0.174298,0.096588,0.14105461966467314,-0.17348661966467313,-0.174298,-0.09323,0.05,1.0,0.0,0.02,1e-09
57.85969811999894,-1,0.14105461966467314,0.17684461966467313,-0.174298,0.096588,0.14105461966467314,-0.17348661966467313,-0.174298,-0.09323,0.05,1.0,0.0,0.02,1e-09
57.911691664998216,-1,0.14105461966467314,0.17684461966467313,-0.174298,0.096588,0.14105461966467314,-0.17348661966467313,-0.174298,-0.09323,0.05,1.0,0.0,0.02,1e-09
57.96328278600049,-1,0.14105461966467314,0.17684461966467313,-0.174298,0.096588,0.14105461966467314,-0.17348661966467313,-0.174298,-0.09323,0.05,1.0,0.0,0.02,1e-09
58.01200377299756,-1,0.14105461966467314,0.17684461966467313,-0.174298,0.096588,0.14105461966467314,-0.17348661966467313,-0.174298,-0.09323,0.05,1.0,0.0,0.02,1e-09
58.0599272019972,-1,0.14105461966467314,0.17684461966467313,-0.174298,0.096588,0.14105461966467314,-0.17348661966467313,-0.174298,-0.09323,0.05,1.0,0.0,0.02,1e-09
58.11096117699708,-1,0.14105461966467314,0.17684461966467313,-0.174298,0.096588,0.14105461966467314,-0.17348661966467313,-0.174298,-0.09323,0.05,1.0,0.0,0.02,1e-09
58.16626377599823,-1,0.14105461966467314,0.17684461966467313,-0.174298,0.096588,0.14105461966467314,-0.17348661966467313,-0.174298,-0.09323,0.05,1.0,0.0,0.02,1e-09
58.21282128999883,-1,0.14105461966467314,0.17684461966467313,-0.174298,0.096588,0.14105461966467314,-0.17348661966467313,-0.174298,-0.09323,0.05,1.0,0.0,0.02,1e-09
58.27107602199976,-1,0.14105461966467314,0.17684461966467313,-0.174298,0.096588,0.14105461966467314,-0.17348661966467313,-0.174298,-0.09323,0.05,1.0,0.0,0.02,1e-09
58.31366936599807,-1,0.14105461966467314,0.17684461966467313,-0.174298,0.096588,0.14105461966467314,-0.17348661966467313,-0.174298,-0.09323,0.05,1.0,0.0,0.02,1e-09
58.36604154499946,-1,0.14105461966467314,0.17684461966467313,-0.174298,0.096588,0.14105461966467314,-0.17348661966467313,-0.174298,-0.09323,0.05,1.0,0.0,0.02,1e-09
58.418407179000496,-1,0.14105461966467314,0.17684461966467313,-0.174298,0.096588,0.14105461966467314,-0.17348661966467313,-0.174298,-0.09323,0.05,1.0,0.0,0.02,1e-09
58.46189034299823,-1,0.14105461966467314,0.17684461966467313,-0.174298,0.096588,0.14105461966467314,-0.17348661966467313,-0.174298,-0.09323,0.05,1.0,0.0,0.02,1e-09
58.50874316399859,-1,0.14105461966467314,0.17684461966467313,-0.174298,0.096588,0.14105461966467314,-0.17348661966467313,-0.174298,-0.09323,0.05,1.0,0.0,0.02,1e-09
58.559067715999845,-1,0.14105461966467314,0.17684461966467313,-0.174298,0.096588,0.14105461966467314,-0.17348661966467313,-0.174298,-0.09323,0.05,1.0,0.0,0.02,1e-09
58.61132311699839,-1,0.14105461966467314,0.17684461966467313,-0.174298,0.096588,0.14105461966467314,-0.17348661966467313,-0.174298,-0.09323,0.05,1.0,0.0,0.02,1e-09
58.668404355998064,-1,0.14105461966467314,0.17684461966467313,-0.174298,0.096588,0.14105461966467314,-0.17348661966467313,-0.174298,-0.09323,0.05,1.0,0.0,0.02,1e-09
58.7119337419972,-1,0.14105461966467314,0.17684461966467313,-0.174298,0.096588,0.14105461966467314,-0.17348661966467313,-0.174298,-0.09323,0.05,1.0,0.0,0.02,1e-09
58.76242978699884,-1,0.14105461966467314,0.17684461966467313,-0.174298,0.096588,0.14105461966467314,-0.17348661966467313,-0.174298,-0.09323,0.05,1.0,0.0,0.02,1e-09
58.81451383499734,-1,0.14105461966467314,0.17684461966467313,-0.174298,0.096588,0.14105461966467314,-0.17348661966467313,-0.174298,-0.09323,0.05,1.0,0.0,0.02,1e-09
58.859856822997244,-1,0.14105461966467314,0.17684461966467313,-0.174298,0.096588,0.14105461966467314,-0.17348661966467313,-0.174298,-0.09323,0.05,1.0,0.0,0.02,1e-09
58.91035533299873,-1,0.14105461966467314,0.17684461966467313,-0.174298,0.096588,0.14105461966467314,-0.17348661966467313,-0.174298,-0.09323,0.05,1.0,0.0,0.02,1e-09
58.96304997699917,-1,0.14105461966467314,0.17684461966467313,-0.174298,0.096588,0.14105461966467314,-0.17348661966467313,-0.174298,-0.09323,0.05,1.0,0.0,0.02,1e-09
59.010152015998756,-1,0.14105461966467314,0.17684461966467313,-0.174298,0.096588,0.14105461966467314,-0.17348661966467313,-0.174298,-0.09323,0.05,1.0,0.0,0.02,1e-09
59.063028838998434,-1,0.14105461966467314,0.17684461966467313,-0.174298,0.096588,0.14105461966467314,-0.17348661966467313,-0.174298,-0.09323,0.05,1.0,0.0,0.02,1e-09
59.11489507599981,-1,0.14105461966467314,0.17684461966467313,-0.174298,0.096588,0.14105461966467314,-0.17348661966467313,-0.174298,-0.09323,0.05,1.0,0.0,0.02,1e-09
59.16070004499852,-1,0.14105461966467314,0.17684461966467313,-0.174298,0.096588,0.14105461966467314,-0.17348661966467313,-0.174298,-0.09323,0.05,1.0,0.0,0.02,1e-09
59.21034206499826,-1,0.14105461966467314,0.17684461966467313,-0.174298,0.096588,0.14105461966467314,-0.17348661966467313,-0.174298,-0.09323,0.05,1.0,0.0,0.02,1e-09
59.26460524999857,-1,0.14105461966467314,0.17684461966467313,-0.174298,0.096588,0.14105461966467314,-0.17348661966467313,-0.174298,-0.09323,0.05,1.0,0.0,0.02,1e-09
59.31563463999919,-1,0.14105461966467314,0.17684461966467313,-0.174298,0.096588,0.14105461966467314,-0.17348661966467313,-0.174298,-0.09323,0.05,1.0,0.0,0.02,1e-09
59.36576016699837,-1,0.14105461966467314,0.17684461966467313,-0.174298,0.096588,0.14105461966467314,-0.17348661966467313,-0.174298,-0.09323,0.05,1.0,0.0,0.02,1e-09
59.408175350999954,-1,0.14105461966467314,0.17684461966467313,-0.174298,0.096588,0.14105461966467314,-0.17348661966467313,-0.174298,-0.09323,0.05,1.0,0.0,0.02,1e-09
59.45938498599935,-1,0.14105461966467314,0.17684461966467313,-0.174298,0.096588,0.14105461966467314,-0.17348661966467313,-0.174298,-0.09323,0.05,1.0,0.0,0.02,1e-09
59.50912978799897,-1,0.14105461966467314,0.17684461966467313,-0.174298,0.096588,0.14105461966467314,-0.17348661966467313,-0.174298,-0.09323,0.05,1.0,0.0,0.02,1e-09
59.57051459300055,-1,0.14105461966467314,0.17684461966467313,-0.174298,0.096588,0.14105461966467314,-0.17348661966467313,-0.174298,-0.09323,0.05,1.0,0.0,0.02,1e-09
59.61213850099739,-1,0.14105461966467314,0.17684461966467313,-0.174298,0.096588,0.14105461966467314,-0.17348661966467313,-0.174298,-0.09323,0.05,1.0,0.0,0.02,1e-09
59.66312737000044,-1,0.14105461966467314,0.17684461966467313,-0.174298,0.096588,0.14105461966467314,-0.17348661966467313,-0.174298,-0.09323,0.05,1.0,0.0,0.02,1e-09
59.719887455998105,-1,0.14105461966467314,0.17684461966467313,-0.174298,0.096588,0.14105461966467314,-0.17348661966467313,-0.174298,-0.09323,0.05,1.0,0.0,0.02,1e-09
59.75872027600053,-1,0.14105461966467314,0.17684461966467313,-0.174298,0.096588,0.14105461966467314,-0.17348661966467313,-0.174298,-0.09323,0.05,1.0,0.0,0.02,1e-09
59.81105101600042,-1,0.14105461966467314,0.17684461966467313,-0.174298,0.096588,0.14105461966467314,-0.17348661966467313,-0.174298,-0.09323,0.05,1.0,0.0,0.02,1e-09
59.87435906999963,-1,0.14105461966467314,0.17684461966467313,-0.174298,0.096588,0.14105461966467314,-0.17348661966467313,-0.174298,-0.09323,0.05,1.0,0.0,0.02,1e-09
59.91018169900053,-1,0.14105461966467314,0.17684461966467313,-0.174298,0.096588,0.14105461966467314,-0.17348661966467313,-0.174298,-0.09323,0.05,1.0,0.0,0.02,1e-09
59.964877522997995,-1,0.14105461966467314,0.17684461966467313,-0.174298,0.096588,0.14105461966467314,-0.17348661966467313,-0.174298,-0.09323,0.05,1.0,0.0,0.02,1e-09
60.018570812997496,-1,0.14105461966467314,0.17684461966467313,-0.174298,0.096588,0.14105461966467314,-0.17348661966467313,-0.174298,-0.09323,0.05,1.0,0.0,0.02,1e-09
60.070570298998064,-1,0.14105461966467314,0.17684461966467313,-0.174298,0.096588,0.14105461966467314,-0.17348661966467313,-0.174298,-0.09323,0.05,1.0,0.0,0.02,1e-09
60.11570958199809,-1,0.14105461966467314,0.17684461966467313,-0.174298,0.096588,0.14105461966467314,-0.17348661966467313,-0.174298,-0.09323,0.05,1.0,0.0,0.02,1e-09
60.158052838,-1,0.14105461966467314,0.17684461966467313,-0.174298,0.096588,0.14105461966467314,-0.17348661966467313,-0.174298,-0.09323,0.05,1.0,0.0,0.02,1e-09
60.21532466399731,-1,0.14105461966467314,0.17684461966467313,-0.174298,0.096588,0.14105461966467314,-0.17348661966467313,-0.174298,-0.09323,0.05,1.0,0.0,0.02,1e-09
60.26312806399801,-1,0.14105461966467314,0.17684461966467313,-0.174298,0.096588,0.14105461966467314,-0.17348661966467313,-0.174298,-0.09323,0.05,1.0,0.0,0.02,1e-09
60.3183367620004,-1,0.14105461966467314,0.17684461966467313,-0.174298,0.096588,0.14105461966467314,-0.17348661966467313,-0.174298,-0.09323,0.05,1.0,0.0,0.02,1e-09
60.365762204997736,-1,0.14105461966467314,0.17684461966467313,-0.174298,0.096588,0.14105461966467314,-0.17348661966467313,-0.174298,-0.09323,0.05,1.0,0.0,0.02,1e-09
60.41044037699976,-1,0.14105461966467314,0.17684461966467313,-0.174298,0.096588,0.14105461966467314,-0.17348661966467313,-0.174298,-0.09323,0.05,1.0,0.0,0.02,1e-09
60.463405000999046,-1,0.14105461966467314,0.17684461966467313,-0.174298,0.096588,0.14105461966467314,-0.17348661966467313,-0.174298,-0.09323,0.05,1.0,0.0,0.02,1e-09
60.51327746199968,-1,0.14105461966467314,0.17684461966467313,-0.174298,0.096588,0.14105461966467314,-0.17348661966467313,-0.174298,-0.09323,0.05,1.0,0.0,0.02,1e-09
60.56749605100049,-1,0.14105461966467314,0.17684461966467313,-0.174298,0.096588,0.14105461966467314,-0.17348661966467313,-0.174298,-0.09323,0.05,1.0,0.0,0.02,1e-09
60.611195512999984,-1,0.14105461966467314,0.17684461966467313,-0.174298,0.096588,0.14105461966467314,-0.17348661966467313,-0.174298,-0.09323,0.05,1.0,0.0,0.02,1e-09
60.66828172699752,-1,0.14105461966467314,0.17684461966467313,-0.174298,0.096588,0.14105461966467314,-0.17348661966467313,-0.174298,-0.09323,0.05,1.0,0.0,0.02,1e-09
60.71044068599804,-1,0.14105461966467314,0.17684461966467313,-0.174298,0.096588,0.14105461966467314,-0.17348661966467313,-0.174298,-0.09323,0.05,1.0,0.0,0.02,1e-09
60.76239310500023,-1,0.14105461966467314,0.17684461966467313,-0.174298,0.096588,0.14105461966467314,-0.17348661966467313,-0.174298,-0.09323,0.05,1.0,0.0,0.02,1e-09
60.81479517600019,-1,0.14105461966467314,0.17684461966467313,-0.174298,0.096588,0.14105461966467314,-0.17348661966467313,-0.174298,-0.09323,0.05,1.0,0.0,0.02,1e-09
60.86297560299863,-1,0.14105461966467314,0.17684461966467313,-0.174298,0.096588,0.14105461966467314,-0.17348661966467313,-0.174298,-0.09323,0.05,1.0,0.0,0.02,1e-09
60.911386207997566,-1,0.14105461966467314,0.17684461966467313,-0.174298,0.096588,0.14105461966467314,-0.17348661966467313,-0.174298,-0.09323,0.05,1.0,0.0,0.02,1e-09
60.966413815000124,-1,0.14105461966467314,0.17684461966467313,-0.174298,0.096588,0.14105461966467314,-0.17348661966467313,-0.174298,-0.09323,0.05,1.0,0.0,0.02,1e-09
61.017402024997864,-1,0.14105461966467314,0.17684461966467313,-0.174298,0.096588,0.14105461966467314,-0.17348661966467313,-0.174298,-0.09323,0.05,1.0,0.0,0.02,1e-09
61.07365600299818,-1,0.14105461966467314,0.17684461966467313,-0.174298,0.096588,0.14105461966467314,-0.17348661966467313,-0.174298,-0.09323,0.05,1.0,0.0,0.02,1e-09
61.115112059997045,-1,0.14105461966467314,0.17684461966467313,-0.174298,0.096588,0.14105461966467314,-0.17348661966467313,-0.174298,-0.09323,0.05,1.0,0.0,0.02,1e-09
61.193701768999745,-1,0.14105461966467314,0.17684461966467313,-0.174298,0.096588,0.14105461966467314,-0.17348661966467313,-0.174298,-0.09323,0.05,1.0,0.0,0.02,1e-09
61.23572581999906,-1,0.14105461966467314,0.17684461966467313,-0.174298,0.096588,0.14105461966467314,-0.17348661966467313,-0.174298,-0.09323,0.05,1.0,0.0,0.02,1e-09
61.266396096998506,-1,0.14105461966467314,0.17684461966467313,-0.174298,0.096588,0.14105461966467314,-0.17348661966467313,-0.174298,-0.09323,0.05,1.0,0.0,0.02,1e-09
61.31879472400033,-1,0.14105461966467314,0.17684461966467313,-0.174298,0.096588,0.14105461966467314,-0.17348661966467313,-0.174298,-0.09323,0.05,1.0,0.0,0.02,1e-09
61.36701993099996,-1,0.14105461966467314,0.17684461966467313,-0.174298,0.096588,0.14105461966467314,-0.17348661966467313,-0.174298,-0.09323,0.05,1.0,0.0,0.02,1e-09
61.40885862099822,-1,0.14105461966467314,0.17684461966467313,-0.174298,0.096588,0.14105461966467314,-0.17348661966467313,-0.174298,-0.09323,0.05,1.0,0.0,0.02,1e-09
61.458287875997485,-1,0.14105461966467314,0.17684461966467313,-0.174298,0.096588,0.14105461966467314,-0.17348661966467313,-0.174298,-0.09323,0.05,1.0,0.0,0.02,1e-09
61.51018591599859,-1,0.14105461966467314,0.17684461966467313,-0.174298,0.096588,0.14105461966467314,-0.17348661966467313,-0.174298,-0.09323,0.05,1.0,0.0,0.02,1e-09
61.55987891499899,-1,0.14105461966467314,0.17684461966467313,-0.174298,0.096588,0.14105461966467314,-0.17348661966467313,-0.174298,-0.09323,0.05,1.0,0.0,0.02,1e-09
61.61476524799946,-1,0.14105461966467314,0.17684461966467313,-0.174298,0.096588,0.14105461966467314,-0.17348661966467313,-0.174298,-0.09323,0.05,1.0,0.0,0.02,1e-09
61.6704120789982,-1,0.14105461966467314,0.17684461966467313,-0.174298,0.096588,0.14105461966467314,-0.17348661966467313,-0.174298,-0.09323,0.05,1.0,0.0,0.02,1e-09
61.712138617000164,-1,0.14105461966467314,0.17684461966467313,-0.174298,0.096588,0.14105461966467314,-0.17348661966467313,-0.174298,-0.09323,0.05,1.0,0.0,0.02,1e-09
61.773787092999555,-1,0.14105461966467314,0.17684461966467313,-0.174298,0.096588,0.14105461966467314,-0.17348661966467313,-0.174298,-0.09323,0.05,1.0,0.0,0.02,1e-09
61.81262717299978,-1,0.14105461966467314,0.17684461966467313,-0.174298,0.096588,0.14105461966467314,-0.17348661966467313,-0.174298,-0.09323,0.05,1.0,0.0,0.02,1e-09
61.859169269999256,-1,0.14105461966467314,0.17684461966467313,-0.174298,0.096588,0.14105461966467314,-0.17348661966467313,-0.174298,-0.09323,0.05,1.0,0.0,0.02,1e-09
61.908317837998766,-1,0.14105461966467314,0.17684461966467313,-0.174298,0.096588,0.14105461966467314,-0.17348661966467313,-0.174298,-0.09323,0.05,1.0,0.0,0.02,1e-09
61.96407211699989,-1,0.14105461966467314,0.17684461966467313,-0.174298,0.096588,0.14105461966467314,-0.17348661966467313,-0.174298,-0.09323,0.05,1.0,0.0,0.02,1e-09
62.02081478599939,-1,0.14105461966467314,0.17684461966467313,-0.174298,0.096588,0.14105461966467314,-0.17348661966467313,-0.174298,-0.09323,0.05,1.0,0.0,0.02,1e-09
62.0755863259983,-1,0.14105461966467314,0.17684461966467313,-0.174298,0.096588,0.14105461966467314,-0.17348661966467313,-0.174298,-0.09323,0.05,1.0,0.0,0.02,1e-09
62.11034289699819,-1,0.14105461966467314,0.17684461966467313,-0.174298,0.096588,0.14105461966467314,-0.17348661966467313,-0.174298,-0.09323,0.05,1.0,0.0,0.02,1e-09
62.16695523499948,-1,0.14105461966467314,0.17684461966467313,-0.174298,0.096588,0.14105461966467314,-0.17348661966467313,-0.174298,-0.09323,0.05,1.0,0.0,0.02,1e-09
62.21473615499781,-1,0.14105461966467314,0.17684461966467313,-0.174298,0.096588,0.14105461966467314,-0.17348661966467313,-0.174298,-0.09323,0.05,1.0,0.0,0.02,1e-09
62.2671302359995,-1,0.14105461966467314,0.17684461966467313,-0.174298,0.096588,0.14105461966467314,-0.17348661966467313,-0.174298,-0.09323,0.05,1.0,0.0,0.02,1e-09
62.309581448000245,-1,0.14105461966467314,0.17684461966467313,-0.174298,0.096588,0.14105461966467314,-0.17348661966467313,-0.174298,-0.09323,0.05,1.0,0.0,0.02,1e-09
62.363495099998545,-1,0.14105461966467314,0.17684461966467313,-0.174298,0.096588,0.14105461966467314,-0.17348661966467313,-0.174298,-0.09323,0.05,1.0,0.0,0.02,1e-09
62.40831510699718,-1,0.14105461966467314,0.17684461966467313,-0.174298,0.096588,0.14105461966467314,-0.17348661966467313,-0.174298,-0.09323,0.05,1.0,0.0,0.02,1e-09
62.46029825699952,-1,0.14105461966467314,0.17684461966467313,-0.174298,0.096588,0.14105461966467314,-0.17348661966467313,-0.174298,-0.09323,0.05,1.0,0.0,0.02,1e-09
62.50907885799825,-1,0.14105461966467314,0.17684461966467313,-0.174298,0.096588,0.14105461966467314,-0.17348661966467313,-0.174298,-0.09323,0.05,1.0,0.0,0.02,1e-09
62.56689702699805,-1,0.14105461966467314,0.17684461966467313,-0.174298,0.096588,0.14105461966467314,-0.17348661966467313,-0.174298,-0.09323,0.05,1.0,0.0,0.02,1e-09
62.60977262499728,-1,0.14105461966467314,0.17684461966467313,-0.174298,0.096588,0.14105461966467314,-0.17348661966467313,-0.174298,-0.09323,0.05,1.0,0.0,0.02,1e-09
62.66361290599889,-1,0.14105461966467314,0.17684461966467313,-0.174298,0.096588,0.14105461966467314,-0.17348661966467313,-0.174298,-0.09323,0.05,1.0,0.0,0.02,1e-09
62.72266299900002,-1,0.14105461966467314,0.17684461966467313,-0.174298,0.096588,0.14105461966467314,-0.17348661966467313,-0.174298,-0.09323,0.05,1.0,0.0,0.02,1e-09
62.7617389320003,-1,0.14105461966467314,0.17684461966467313,-0.174298,0.096588,0.14105461966467314,-0.17348661966467313,-0.174298,-0.09323,0.05,1.0,0.0,0.02,1e-09
62.812533443000575,-1,0.14105461966467314,0.17684461966467313,-0.174298,0.096588,0.14105461966467314,-0.17348661966467313,-0.174298,-0.09323,0.05,1.0,0.0,0.02,1e-09
62.86361944300006,-1,0.14105461966467314,0.17684461966467313,-0.174298,0.096588,0.14105461966467314,-0.17348661966467313,-0.174298,-0.09323,0.05,1.0,0.0,0.02,1e-09
62.910117015999276,-1,0.14105461966467314,0.17684461966467313,-0.174298,0.096588,0.14105461966467314,-0.17348661966467313,-0.174298,-0.09323,0.05,1.0,0.0,0.02,1e-09
62.960164788997645,-1,0.14105461966467314,0.17684461966467313,-0.174298,0.096588,0.14105461966467314,-0.17348661966467313,-0.174298,-0.09323,0.05,1.0,0.0,0.02,1e-09
63.04237015099716,-1,0.14105461966467314,0.17684461966467313,-0.174298,0.096588,0.14105461966467314,-0.17348661966467313,-0.174298,-0.09323,0.05,1.0,0.0,0.02,1e-09
63.061723509999865,-1,0.14105461966467314,0.17684461966467313,-0.174298,0.096588,0.14105461966467314,-0.17348661966467313,-0.174298,-0.09323,0.05,1.0,0.0,0.02,1e-09
63.11526052299814,-1,0.14105461966467314,0.17684461966467313,-0.174298,0.096588,0.14105461966467314,-0.17348661966467313,-0.174298,-0.09323,0.05,1.0,0.0,0.02,1e-09
63.16508368299765,-1,0.14105461966467314,0.17684461966467313,-0.174298,0.096588,0.14105461966467314,-0.17348661966467313,-0.174298,-0.09323,0.05,1.0,0.0,0.02,1e-09
63.215413175999856,-1,0.14105461966467314,0.17684461966467313,-0.174298,0.096588,0.14105461966467314,-0.17348661966467313,-0.174298,-0.09323,0.05,1.0,0.0,0.02,1e-09
63.26292440599718,-1,0.14105461966467314,0.17684461966467313,-0.174298,0.096588,0.14105461966467314,-0.17348661966467313,-0.174298,-0.09323,0.05,1.0,0.0,0.02,1e-09
63.31514698799947,-1,0.14105461966467314,0.17684461966467313,-0.174298,0.096588,0.14105461966467314,-0.17348661966467313,-0.174298,-0.09323,0.05,1.0,0.0,0.02,1e-09
63.359940763999475,-1,0.14105461966467314,0.17684461966467313,-0.174298,0.096588,0.14105461966467314,-0.17348661966467313,-0.174298,-0.09323,0.05,1.0,0.0,0.02,1e-09
63.409443062999344,-1,0.14105461966467314,0.17684461966467313,-0.174298,0.096588,0.14105461966467314,-0.17348661966467313,-0.174298,-0.09323,0.05,1.0,0.0,0.02,1e-09
63.47124174599958,-1,0.14105461966467314,0.17684461966467313,-0.174298,0.096588,0.14105461966467314,-0.17348661966467313,-0.174298,-0.09323,0.05,1.0,0.0,0.02,1e-09
63.51072111099711,-1,0.14105461966467314,0.17684461966467313,-0.174298,0.096588,0.14105461966467314,-0.17348661966467313,-0.174298,-0.09323,0.05,1.0,0.0,0.02,1e-09
63.56123528099852,-1,0.14105461966467314,0.17684461966467313,-0.174298,0.096588,0.14105461966467314,-0.17348661966467313,-0.174298,-0.09323,0.05,1.0,0.0,0.02,1e-09
63.61568620300022,-1,0.14105461966467314,0.17684461966467313,-0.174298,0.096588,0.14105461966467314,-0.17348661966467313,-0.174298,-0.09323,0.05,1.0,0.0,0.02,1e-09
63.65947574999882,-1,0.14105461966467314,0.17684461966467313,-0.174298,0.096588,0.14105461966467314,-0.17348661966467313,-0.174298,-0.09323,0.05,1.0,0.0,0.02,1e-09
63.708780271997966,-1,0.14105461966467314,0.17684461966467313,-0.174298,0.096588,0.14105461966467314,-0.17348661966467313,-0.174298,-0.09323,0.05,1.0,0.0,0.02,1e-09
63.762531385997136,-1,0.14105461966467314,0.17684461966467313,-0.174298,0.096588,0.14105461966467314,-0.17348661966467313,-0.174298,-0.09323,0.05,1.0,0.0,0.02,1e-09
63.812160608998965,-1,0.14105461966467314,0.17684461966467313,-0.174298,0.096588,0.14105461966467314,-0.17348661966467313,-0.174298,-0.09323,0.05,1.0,0.0,0.02,1e-09
63.864866864998476,-1,0.14105461966467314,0.17684461966467313,-0.174298,0.096588,0.14105461966467314,-0.17348661966467313,-0.174298,-0.09323,0.05,1.0,0.0,0.02,1e-09
63.91735754099864,-1,0.14105461966467314,0.17684461966467313,-0.174298,0.096588,0.14105461966467314,-0.17348661966467313,-0.174298,-0.09323,0.05,1.0,0.0,0.02,1e-09
63.95891014799781,-1,0.14105461966467314,0.17684461966467313,-0.174298,0.096588,0.14105461966467314,-0.17348661966467313,-0.174298,-0.09323,0.05,1.0,0.0,0.02,1e-09
64.01536327400026,-1,0.14105461966467314,0.17684461966467313,-0.174298,0.096588,0.14105461966467314,-0.17348661966467313,-0.174298,-0.09323,0.05,1.0,0.0,0.02,1e-09
64.06517179599905,-1,0.14105461966467314,0.17684461966467313,-0.174298,0.096588,0.14105461966467314,-0.17348661966467313,-0.174298,-0.09323,0.05,1.0,0.0,0.02,1e-09
64.1185265690001,-1,0.14105461966467314,0.17684461966467313,-0.174298,0.096588,0.14105461966467314,-0.17348661966467313,-0.174298,-0.09323,0.05,1.0,0.0,0.02,1e-09
64.16030021199913,-1,0.14105461966467314,0.17684461966467313,-0.174298,0.096588,0.14105461966467314,-0.17348661966467313,-0.174298,-0.09323,0.05,1.0,0.0,0.02,1e-09
64.2120816860006,-1,0.14105461966467314,0.17684461966467313,-0.174298,0.096588,0.14105461966467314,-0.17348661966467313,-0.174298,-0.09323,0.05,1.0,0.0,0.02,1e-09
64.26366994499767,-1,0.14105461966467314,0.17684461966467313,-0.174298,0.096588,0.14105461966467314,-0.17348661966467313,-0.174298,-0.09323,0.05,1.0,0.0,0.02,1e-09
64.31310920399847,-1,0.14105461966467314,0.17684461966467313,-0.174298,0.096588,0.14105461966467314,-0.17348661966467313,-0.174298,-0.09323,0.05,1.0,0.0,0.02,1e-09
64.36434302099951,-1,0.14105461966467314,0.17684461966467313,-0.174298,0.096588,0.14105461966467314,-0.17348661966467313,-0.174298,-0.09323,0.05,1.0,0.0,0.02,1e-09
64.41543765299866,-1,0.14105461966467314,0.17684461966467313,-0.174298,0.096588,0.14105461966467314,-0.17348661966467313,-0.174298,-0.09323,0.05,1.0,0.0,0.02,1e-09
64.46127395199801,-1,0.14105461966467314,0.17684461966467313,-0.174298,0.096588,0.14105461966467314,-0.17348661966467313,-0.174298,-0.09323,0.05,1.0,0.0,0.02,1e-09
64.510372722998,-1,0.14105461966467314,0.17684461966467313,-0.174298,0.096588,0.14105461966467314,-0.17348661966467313,-0.174298,-0.09323,0.05,1.0,0.0,0.02,1e-09
64.56257751799785,-1,0.14105461966467314,0.17684461966467313,-0.174298,0.096588,0.14105461966467314,-0.17348661966467313,-0.174298,-0.09323,0.05,1.0,0.0,0.02,1e-09
64.61107387299853,-1,0.14105461966467314,0.17684461966467313,-0.174298,0.096588,0.14105461966467314,-0.17348661966467313,-0.174298,-0.09323,0.05,1.0,0.0,0.02,1e-09
64.65850013099771,-1,0.14105461966467314,0.17684461966467313,-0.174298,0.096588,0.14105461966467314,-0.17348661966467313,-0.174298,-0.09323,0.05,1.0,0.0,0.02,1e-09
64.71078561099785,-1,0.14105461966467314,0.17684461966467313,-0.174298,0.096588,0.14105461966467314,-0.17348661966467313,-0.174298,-0.09323,0.05,1.0,0.0,0.02,1e-09
64.76458550799725,-1,0.14105461966467314,0.17684461966467313,-0.174298,0.096588,0.14105461966467314,-0.17348661966467313,-0.174298,-0.09323,0.05,1.0,0.0,0.02,1e-09
64.82186732699847,-1,0.14105461966467314,0.17684461966467313,-0.174298,0.096588,0.14105461966467314,-0.17348661966467313,-0.174298,-0.09323,0.05,1.0,0.0,0.02,1e-09
64.8647170209988,-1,0.14105461966467314,0.17684461966467313,-0.174298,0.096588,0.14105461966467314,-0.17348661966467313,-0.174298,-0.09323,0.05,1.0,0.0,0.02,1e-09
64.91083966499718,-1,0.14105461966467314,0.17684461966467313,-0.174298,0.096588,0.14105461966467314,-0.17348661966467313,-0.174298,-0.09323,0.05,1.0,0.0,0.02,1e-09
64.96370501199999,-1,0.14105461966467314,0.17684461966467313,-0.174298,0.096588,0.14105461966467314,-0.17348661966467313,-0.174298,-0.09323,0.05,1.0,0.0,0.02,1e-09
65.01449157299794,-1,0.14105461966467314,0.17684461966467313,-0.174298,0.096588,0.14105461966467314,-0.17348661966467313,-0.174298,-0.09323,0.05,1.0,0.0,0.02,1e-09
65.06301312299911,-1,0.14105461966467314,0.17684461966467313,-0.174298,0.096588,0.14105461966467314,-0.17348661966467313,-0.174298,-0.09323,0.05,1.0,0.0,0.02,1e-09
65.11040485199919,-1,0.14105461966467314,0.17684461966467313,-0.174298,0.096588,0.14105461966467314,-0.17348661966467313,-0.174298,-0.09323,0.05,1.0,0.0,0.02,1e-09
65.16349192199777,-1,0.14105461966467314,0.17684461966467313,-0.174298,0.096588,0.14105461966467314,-0.17348661966467313,-0.174298,-0.09323,0.05,1.0,0.0,0.02,1e-09
65.22103157899983,-1,0.14105461966467314,0.17684461966467313,-0.174298,0.096588,0.14105461966467314,-0.17348661966467313,-0.174298,-0.09323,0.05,1.0,0.0,0.02,1e-09
65.26236525000058,-1,0.14105461966467314,0.17684461966467313,-0.174298,0.096588,0.14105461966467314,-0.17348661966467313,-0.174298,-0.09323,0.05,1.0,0.0,0.02,1e-09
65.31514813099784,-1,0.14105461966467314,0.17684461966467313,-0.174298,0.096588,0.14105461966467314,-0.17348661966467313,-0.174298,-0.09323,0.05,1.0,0.0,0.02,1e-09
65.35908088599899,-1,0.14105461966467314,0.17684461966467313,-0.174298,0.096588,0.14105461966467314,-0.17348661966467313,-0.174298,-0.09323,0.05,1.0,0.0,0.02,1e-09
65.41019830499863,-1,0.14105461966467314,0.17684461966467313,-0.174298,0.096588,0.14105461966467314,-0.17348661966467313,-0.174298,-0.09323,0.05,1.0,0.0,0.02,1e-09
65.45862350300013,-1,0.14105461966467314,0.17684461966467313,-0.174298,0.096588,0.14105461966467314,-0.17348661966467313,-0.174298,-0.09323,0.05,1.0,0.0,0.02,1e-09
65.51238733799983,-1,0.14105461966467314,0.17684461966467313,-0.174298,0.096588,0.14105461966467314,-0.17348661966467313,-0.174298,-0.09323,0.05,1.0,0.0,0.02,1e-09
65.56237268800032,-1,0.14105461966467314,0.17684461966467313,-0.174298,0.096588,0.14105461966467314,-0.17348661966467313,-0.174298,-0.09323,0.05,1.0,0.0,0.02,1e-09
65.61192433199903,-1,0.14105461966467314,0.17684461966467313,-0.174298,0.096588,0.14105461966467314,-0.17348661966467313,-0.174298,-0.09323,0.05,1.0,0.0,0.02,1e-09
65.71880254599819,-1,0.14105461966467314,0.17684461966467313,-0.174298,0.096588,0.14105461966467314,-0.17348661966467313,-0.174298,-0.09323,0.05,1.0,0.0,0.02,1e-09
65.7295452349972,-1,0.14105461966467314,0.17684461966467313,-0.174298,0.096588,0.14105461966467314,-0.17348661966467313,-0.174298,-0.09323,0.05,1.0,0.0,0.02,1e-09
65.7606491339975,-1,0.14105461966467314,0.17684461966467313,-0.174298,0.096588,0.14105461966467314,-0.17348661966467313,-0.174298,-0.09323,0.05,1.0,0.0,0.02,1e-09
65.81313616699845,-1,0.14105461966467314,0.17684461966467313,-0.174298,0.096588,0.14105461966467314,-0.17348661966467313,-0.174298,-0.09323,0.05,1.0,0.0,0.02,1e-09
65.86747236199881,-1,0.14105461966467314,0.17684461966467313,-0.174298,0.096588,0.14105461966467314,-0.17348661966467313,-0.174298,-0.09323,0.05,1.0,0.0,0.02,1e-09
65.90800586299883,-1,0.14105461966467314,0.17684461966467313,-0.174298,0.096588,0.14105461966467314,-0.17348661966467313,-0.174298,-0.09323,0.05,1.0,0.0,0.02,1e-09
65.96247253299953,-1,0.14105461966467314,0.17684461966467313,-0.174298,0.096588,0.14105461966467314,-0.17348661966467313,-0.174298,-0.09323,0.05,1.0,0.0,0.02,1e-09
66.01213605399971,-1,0.14105461966467314,0.17684461966467313,-0.174298,0.096588,0.14105461966467314,-0.17348661966467313,-0.174298,-0.09323,0.05,1.0,0.0,0.02,1e-09
66.06327425699783,-1,0.14105461966467314,0.17684461966467313,-0.174298,0.096588,0.14105461966467314,-0.17348661966467313,-0.174298,-0.09323,0.05,1.0,0.0,0.02,1e-09
66.11866626899791,-1,0.14105461966467314,0.17684461966467313,-0.174298,0.096588,0.14105461966467314,-0.17348661966467313,-0.174298,-0.09323,0.05,1.0,0.0,0.02,1e-09
66.16239426299944,-1,0.14105461966467314,0.17684461966467313,-0.174298,0.096588,0.14105461966467314,-0.17348661966467313,-0.174298,-0.09323,0.05,1.0,0.0,0.02,1e-09
66.21348093399865,-1,0.14105461966467314,0.17684461966467313,-0.174298,0.096588,0.14105461966467314,-0.17348661966467313,-0.174298,-0.09323,0.05,1.0,0.0,0.02,1e-09
66.27133890099867,-1,0.14105461966467314,0.17684461966467313,-0.174298,0.096588,0.14105461966467314,-0.17348661966467313,-0.174298,-0.09323,0.05,1.0,0.0,0.02,1e-09
66.31204473599792,-1,0.14105461966467314,0.17684461966467313,-0.174298,0.096588,0.14105461966467314,-0.17348661966467313,-0.174298,-0.09323,0.05,1.0,0.0,0.02,1e-09
66.36006732199894,-1,0.14105461966467314,0.17684461966467313,-0.174298,0.096588,0.14105461966467314,-0.17348661966467313,-0.174298,-0.09323,0.05,1.0,0.0,0.02,1e-09
66.41239103099724,-1,0.14105461966467314,0.17684461966467313,-0.174298,0.096588,0.14105461966467314,-0.17348661966467313,-0.174298,-0.09323,0.05,1.0,0.0,0.02,1e-09
66.4592266389991,-1,0.14105461966467314,0.17684461966467313,-0.174298,0.096588,0.14105461966467314,-0.17348661966467313,-0.174298,-0.09323,0.05,1.0,0.0,0.02,1e-09
66.51188014599757,-1,0.14105461966467314,0.17684461966467313,-0.174298,0.096588,0.14105461966467314,-0.17348661966467313,-0.174298,-0.09323,0.05,1.0,0.0,0.02,1e-09
66.55998054099837,-1,0.14105461966467314,0.17684461966467313,-0.174298,0.096588,0.14105461966467314,-0.17348661966467313,-0.174298,-0.09323,0.05,1.0,0.0,0.02,1e-09
66.61161846100003,-1,0.14105461966467314,0.17684461966467313,-0.174298,0.096588,0.14105461966467314,-0.17348661966467313,-0.174298,-0.09323,0.05,1.0,0.0,0.02,1e-09
66.66261334199953,-1,0.14105461966467314,0.17684461966467313,-0.174298,0.096588,0.14105461966467314,-0.17348661966467313,-0.174298,-0.09323,0.05,1.0,0.0,0.02,1e-09
66.7119340499994,-1,0.14105461966467314,0.17684461966467313,-0.174298,0.096588,0.14105461966467314,-0.17348661966467313,-0.174298,-0.09323,0.05,1.0,0.0,0.02,1e-09
66.76543150900034,-1,0.14105461966467314,0.17684461966467313,-0.174298,0.096588,0.14105461966467314,-0.17348661966467313,-0.174298,-0.09323,0.05,1.0,0.0,0.02,1e-09
66.81284233000042,-1,0.14105461966467314,0.17684461966467313,-0.174298,0.096588,0.14105461966467314,-0.17348661966467313,-0.174298,-0.09323,0.05,1.0,0.0,0.02,1e-09
66.86596131899933,-1,0.14105461966467314,0.17684461966467313,-0.174298,0.096588,0.14105461966467314,-0.17348661966467313,-0.174298,-0.09323,0.05,1.0,0.0,0.02,1e-09
66.91169543499927,-1,0.14105461966467314,0.17684461966467313,-0.174298,0.096588,0.14105461966467314,-0.17348661966467313,-0.174298,-0.09323,0.05,1.0,0.0,0.02,1e-09
66.96359081899936,-1,0.14105461966467314,0.17684461966467313,-0.174298,0.096588,0.14105461966467314,-0.17348661966467313,-0.174298,-0.09323,0.05,1.0,0.0,0.02,1e-09
67.00772020399745,-1,0.14105461966467314,0.17684461966467313,-0.174298,0.096588,0.14105461966467314,-0.17348661966467313,-0.174298,-0.09323,0.05,1.0,0.0,0.02,1e-09
67.06032589899769,-1,0.14105461966467314,0.17684461966467313,-0.174298,0.096588,0.14105461966467314,-0.17348661966467313,-0.174298,-0.09323,0.05,1.0,0.0,0.02,1e-09
67.11249259099714,-1,0.14105461966467314,0.17684461966467313,-0.174298,0.096588,0.14105461966467314,-0.17348661966467313,-0.174298,-0.09323,0.05,1.0,0.0,0.02,1e-09
67.16318043099818,-1,0.14105461966467314,0.17684461966467313,-0.174298,0.096588,0.14105461966467314,-0.17348661966467313,-0.174298,-0.09323,0.05,1.0,0.0,0.02,1e-09
67.20943184499993,-1,0.14105461966467314,0.17684461966467313,-0.174298,0.096588,0.14105461966467314,-0.17348661966467313,-0.174298,-0.09323,0.05,1.0,0.0,0.02,1e-09
67.27392577499995,-1,0.14105461966467314,0.17684461966467313,-0.174298,0.096588,0.14105461966467314,-0.17348661966467313,-0.174298,-0.09323,0.05,1.0,0.0,0.02,1e-09
67.3133929579999,-1,0.14105461966467314,0.17684461966467313,-0.174298,0.096588,0.14105461966467314,-0.17348661966467313,-0.174298,-0.09323,0.05,1.0,0.0,0.02,1e-09
67.36747563499739,-1,0.14105461966467314,0.17684461966467313,-0.174298,0.096588,0.14105461966467314,-0.17348661966467313,-0.174298,-0.09323,0.05,1.0,0.0,0.02,1e-09
67.40963445099987,-1,0.14105461966467314,0.17684461966467313,-0.174298,0.096588,0.14105461966467314,-0.17348661966467313,-0.174298,-0.09323,0.05,1.0,0.0,0.02,1e-09
67.4594532939991,-1,0.14105461966467314,0.17684461966467313,-0.174298,0.096588,0.14105461966467314,-0.17348661966467313,-0.174298,-0.09323,0.05,1.0,0.0,0.02,1e-09
67.51158459499857,-1,0.14105461966467314,0.17684461966467313,-0.174298,0.096588,0.14105461966467314,-0.17348661966467313,-0.174298,-0.09323,0.05,1.0,0.0,0.02,1e-09
67.56421011999919,-1,0.14105461966467314,0.17684461966467313,-0.174298,0.096588,0.14105461966467314,-0.17348661966467313,-0.174298,-0.09323,0.05,1.0,0.0,0.02,1e-09
67.61898662100066,-1,0.14105461966467314,0.17684461966467313,-0.174298,0.096588,0.14105461966467314,-0.17348661966467313,-0.174298,-0.09323,0.05,1.0,0.0,0.02,1e-09
67.66694311899846,-1,0.14105461966467314,0.17684461966467313,-0.174298,0.096588,0.14105461966467314,-0.17348661966467313,-0.174298,-0.09323,0.05,1.0,0.0,0.02,1e-09
67.71183106999888,-1,0.14105461966467314,0.17684461966467313,-0.174298,0.096588,0.14105461966467314,-0.17348661966467313,-0.174298,-0.09323,0.05,1.0,0.0,0.02,1e-09
67.76243996599806,-1,0.14105461966467314,0.17684461966467313,-0.174298,0.096588,0.14105461966467314,-0.17348661966467313,-0.174298,-0.09323,0.05,1.0,0.0,0.02,1e-09
67.81333271699987,-1,0.14105461966467314,0.17684461966467313,-0.174298,0.096588,0.14105461966467314,-0.17348661966467313,-0.174298,-0.09323,0.05,1.0,0.0,0.02,1e-09
67.86065194099865,-1,0.14105461966467314,0.17684461966467313,-0.174298,0.096588,0.14105461966467314,-0.17348661966467313,-0.174298,-0.09323,0.05,1.0,0.0,0.02,1e-09
67.91289185999995,-1,0.14105461966467314,0.17684461966467313,-0.174298,0.096588,0.14105461966467314,-0.17348661966467313,-0.174298,-0.09323,0.05,1.0,0.0,0.02,1e-09
67.95888678899792,-1,0.14105461966467314,0.17684461966467313,-0.174298,0.096588,0.14105461966467314,-0.17348661966467313,-0.174298,-0.09323,0.05,1.0,0.0,0.02,1e-09
68.00931695499821,-1,0.14105461966467314,0.17684461966467313,-0.174298,0.096588,0.14105461966467314,-0.17348661966467313,-0.174298,-0.09323,0.05,1.0,0.0,0.02,1e-09
68.06681666999793,-1,0.14105461966467314,0.17684461966467313,-0.174298,0.096588,0.14105461966467314,-0.17348661966467313,-0.174298,-0.09323,0.05,1.0,0.0,0.02,1e-09
68.10709556800066,-1,0.14105461966467314,0.17684461966467313,-0.174298,0.096588,0.14105461966467314,-0.17348661966467313,-0.174298,-0.09323,0.05,1.0,0.0,0.02,1e-09
68.16297677499824,-1,0.14105461966467314,0.17684461966467313,-0.174298,0.096588,0.14105461966467314,-0.17348661966467313,-0.174298,-0.09323,0.05,1.0,0.0,0.02,1e-09
68.21081012799914,-1,0.14105461966467314,0.17684461966467313,-0.174298,0.096588,0.14105461966467314,-0.17348661966467313,-0.174298,-0.09323,0.05,1.0,0.0,0.02,1e-09
68.26259527299771,-1,0.14105461966467314,0.17684461966467313,-0.174298,0.096588,0.14105461966467314,-0.17348661966467313,-0.174298,-0.09323,0.05,1.0,0.0,0.02,1e-09
68.31273316799707,-1,0.14105461966467314,0.17684461966467313,-0.174298,0.096588,0.14105461966467314,-0.17348661966467313,-0.174298,-0.09323,0.05,1.0,0.0,0.02,1e-09
68.36457223099933,-1,0.14105461966467314,0.17684461966467313,-0.174298,0.096588,0.14105461966467314,-0.17348661966467313,-0.174298,-0.09323,0.05,1.0,0.0,0.02,1e-09
68.41495593400032,-1,0.14105461966467314,0.17684461966467313,-0.174298,0.096588,0.14105461966467314,-0.17348661966467313,-0.174298,-0.09323,0.05,1.0,0.0,0.02,1e-09
68.46300415799851,-1,0.14105461966467314,0.17684461966467313,-0.174298,0.096588,0.14105461966467314,-0.17348661966467313,-0.174298,-0.09323,0.05,1.0,0.0,0.02,1e-09
68.50948628200058,-1,0.14105461966467314,0.17684461966467313,-0.174298,0.096588,0.14105461966467314,-0.17348661966467313,-0.174298,-0.09323,0.05,1.0,0.0,0.02,1e-09
68.5617389479994,-1,0.14105461966467314,0.17684461966467313,-0.174298,0.096588,0.14105461966467314,-0.17348661966467313,-0.174298,-0.09323,0.05,1.0,0.0,0.02,1e-09
68.60970008199729,-1,0.14105461966467314,0.17684461966467313,-0.174298,0.096588,0.14105461966467314,-0.17348661966467313,-0.174298,-0.09323,0.05,1.0,0.0,0.02,1e-09
68.66023207499893,-1,0.14105461966467314,0.17684461966467313,-0.174298,0.096588,0.14105461966467314,-0.17348661966467313,-0.174298,-0.09323,0.05,1.0,0.0,0.02,1e-09
68.71488890299952,-1,0.14105461966467314,0.17684461966467313,-0.174298,0.096588,0.14105461966467314,-0.17348661966467313,-0.174298,-0.09323,0.05,1.0,0.0,0.02,1e-09
68.7703327249983,-1,0.14105461966467314,0.17684461966467313,-0.174298,0.096588,0.14105461966467314,-0.17348661966467313,-0.174298,-0.09323,0.05,1.0,0.0,0.02,1e-09
68.8124567349987,-1,0.14105461966467314,0.17684461966467313,-0.174298,0.096588,0.14105461966467314,-0.17348661966467313,-0.174298,-0.09323,0.05,1.0,0.0,0.02,1e-09
68.85818901499806,-1,0.14105461966467314,0.17684461966467313,-0.174298,0.096588,0.14105461966467314,-0.17348661966467313,-0.174298,-0.09323,0.05,1.0,0.0,0.02,1e-09
68.91230678899956,-1,0.14105461966467314,0.17684461966467313,-0.174298,0.096588,0.14105461966467314,-0.17348661966467313,-0.174298,-0.09323,0.05,1.0,0.0,0.02,1e-09
68.96004056499805,-1,0.14105461966467314,0.17684461966467313,-0.174298,0.096588,0.14105461966467314,-0.17348661966467313,-0.174298,-0.09323,0.05,1.0,0.0,0.02,1e-09
69.01372791999893,-1,0.14105461966467314,0.17684461966467313,-0.174298,0.096588,0.14105461966467314,-0.17348661966467313,-0.174298,-0.09323,0.05,1.0,0.0,0.02,1e-09
69.06459185899803,-1,0.14105461966467314,0.17684461966467313,-0.174298,0.096588,0.14105461966467314,-0.17348661966467313,-0.174298,-0.09323,0.05,1.0,0.0,0.02,1e-09
69.1246058459983,-1,0.14105461966467314,0.17684461966467313,-0.174298,0.096588,0.14105461966467314,-0.17348661966467313,-0.174298,-0.09323,0.05,1.0,0.0,0.02,1e-09
69.16164512999967,-1,0.14105461966467314,0.17684461966467313,-0.174298,0.096588,0.14105461966467314,-0.17348661966467313,-0.174298,-0.09323,0.05,1.0,0.0,0.02,1e-09
69.21442720999767,-1,0.14105461966467314,0.17684461966467313,-0.174298,0.096588,0.14105461966467314,-0.17348661966467313,-0.174298,-0.09323,0.05,1.0,0.0,0.02,1e-09
69.28352509400065,-1,0.14105461966467314,0.17684461966467313,-0.174298,0.096588,0.14105461966467314,-0.17348661966467313,-0.174298,-0.09323,0.05,1.0,0.0,0.02,1e-09
69.31898187799743,-1,0.14105461966467314,0.17684461966467313,-0.174298,0.096588,0.14105461966467314,-0.17348661966467313,-0.174298,-0.09323,0.05,1.0,0.0,0.02,1e-09
69.37090863499907,-1,0.14105461966467314,0.17684461966467313,-0.174298,0.096588,0.14105461966467314,-0.17348661966467313,-0.174298,-0.09323,0.05,1.0,0.0,0.02,1e-09
69.41081275399847,-1,0.14105461966467314,0.17684461966467313,-0.174298,0.096588,0.14105461966467314,-0.17348661966467313,-0.174298,-0.09323,0.05,1.0,0.0,0.02,1e-09
69.46528828499868,-1,0.14105461966467314,0.17684461966467313,-0.174298,0.096588,0.14105461966467314,-0.17348661966467313,-0.174298,-0.09323,0.05,1.0,0.0,0.02,1e-09
69.51073897099923,-1,0.14105461966467314,0.17684461966467313,-0.174298,0.096588,0.14105461966467314,-0.17348661966467313,-0.174298,-0.09323,0.05,1.0,0.0,0.02,1e-09
69.57066237199979,-1,0.14105461966467314,0.17684461966467313,-0.174298,0.096588,0.14105461966467314,-0.17348661966467313,-0.174298,-0.09323,0.05,1.0,0.0,0.02,1e-09
69.61414906299979,-1,0.14105461966467314,0.17684461966467313,-0.174298,0.096588,0.14105461966467314,-0.17348661966467313,-0.174298,-0.09323,0.05,1.0,0.0,0.02,1e-09
69.6610480829986,-1,0.14105461966467314,0.17684461966467313,-0.174298,0.096588,0.14105461966467314,-0.17348661966467313,-0.174298,-0.09323,0.05,1.0,0.0,0.02,1e-09
69.72042975699878,-1,0.14105461966467314,0.17684461966467313,-0.174298,0.096588,0.14105461966467314,-0.17348661966467313,-0.174298,-0.09323,0.05,1.0,0.0,0.02,1e-09
69.76269412299735,-1,0.14105461966467314,0.17684461966467313,-0.174298,0.096588,0.14105461966467314,-0.17348661966467313,-0.174298,-0.09323,0.05,1.0,0.0,0.02,1e-09
69.81316325199805,-1,0.14105461966467314,0.17684461966467313,-0.174298,0.096588,0.14105461966467314,-0.17348661966467313,-0.174298,-0.09323,0.05,1.0,0.0,0.02,1e-09
69.86288989699824,-1,0.14105461966467314,0.17684461966467313,-0.174298,0.096588,0.14105461966467314,-0.17348661966467313,-0.174298,-0.09323,0.05,1.0,0.0,0.02,1e-09
69.91192463499829,-1,0.14105461966467314,0.17684461966467313,-0.174298,0.096588,0.14105461966467314,-0.17348661966467313,-0.174298,-0.09323,0.05,1.0,0.0,0.02,1e-09
69.96162227499735,-1,0.14105461966467314,0.17684461966467313,-0.174298,0.096588,0.14105461966467314,-0.17348661966467313,-0.174298,-0.09323,0.05,1.0,0.0,0.02,1e-09
70.01184631999786,-1,0.14105461966467314,0.17684461966467313,-0.174298,0.096588,0.14105461966467314,-0.17348661966467313,-0.174298,-0.09323,0.05,1.0,0.0,0.02,1e-09
70.10361678399931,-1,0.14105461966467314,0.17684461966467313,-0.174298,0.096588,0.14105461966467314,-0.17348661966467313,-0.174298,-0.09323,0.05,1.0,0.0,0.02,1e-09
70.11720862400034,-1,0.14105461966467314,0.17684461966467313,-0.174298,0.096588,0.14105461966467314,-0.17348661966467313,-0.174298,-0.09323,0.05,1.0,0.0,0.02,1e-09
70.17032140899755,-1,0.14105461966467314,0.17684461966467313,-0.174298,0.096588,0.14105461966467314,-0.17348661966467313,-0.174298,-0.09323,0.05,1.0,0.0,0.02,1e-09
70.21354915499978,-1,0.14105461966467314,0.17684461966467313,-0.174298,0.096588,0.14105461966467314,-0.17348661966467313,-0.174298,-0.09323,0.05,1.0,0.0,0.02,1e-09
70.27029088999916,-1,0.14105461966467314,0.17684461966467313,-0.174298,0.096588,0.14105461966467314,-0.17348661966467313,-0.174298,-0.09323,0.05,1.0,0.0,0.02,1e-09
70.31647361999785,-1,0.14105461966467314,0.17684461966467313,-0.174298,0.096588,0.14105461966467314,-0.17348661966467313,-0.174298,-0.09323,0.05,1.0,0.0,0.02,1e-09
70.36795850899944,-1,0.14105461966467314,0.17684461966467313,-0.174298,0.096588,0.14105461966467314,-0.17348661966467313,-0.174298,-0.09323,0.05,1.0,0.0,0.02,1e-09
70.41486407499906,-1,0.14105461966467314,0.17684461966467313,-0.174298,0.096588,0.14105461966467314,-0.17348661966467313,-0.174298,-0.09323,0.05,1.0,0.0,0.02,1e-09
70.46051029299997,-1,0.14105461966467314,0.17684461966467313,-0.174298,0.096588,0.14105461966467314,-0.17348661966467313,-0.174298,-0.09323,0.05,1.0,0.0,0.02,1e-09
70.51230387299802,-1,0.14105461966467314,0.17684461966467313,-0.174298,0.096588,0.14105461966467314,-0.17348661966467313,-0.174298,-0.09323,0.05,1.0,0.0,0.02,1e-09
70.5682236199973,-1,0.14105461966467314,0.17684461966467313,-0.174298,0.096588,0.14105461966467314,-0.17348661966467313,-0.174298,-0.09323,0.05,1.0,0.0,0.02,1e-09
70.61434602699956,-1,0.14105461966467314,0.17684461966467313,-0.174298,0.096588,0.14105461966467314,-0.17348661966467313,-0.174298,-0.09323,0.05,1.0,0.0,0.02,1e-09
70.67364369399729,-1,0.14105461966467314,0.17684461966467313,-0.174298,0.096588,0.14105461966467314,-0.17348661966467313,-0.174298,-0.09323,0.05,1.0,0.0,0.02,1e-09
70.71116968599745,-1,0.14105461966467314,0.17684461966467313,-0.174298,0.096588,0.14105461966467314,-0.17348661966467313,-0.174298,-0.09323,0.05,1.0,0.0,0.02,1e-09
70.7617322240003,-1,0.14105461966467314,0.17684461966467313,-0.174298,0.096588,0.14105461966467314,-0.17348661966467313,-0.174298,-0.09323,0.05,1.0,0.0,0.02,1e-09
70.81503224900007,-1,0.14105461966467314,0.17684461966467313,-0.174298,0.096588,0.14105461966467314,-0.17348661966467313,-0.174298,-0.09323,0.05,1.0,0.0,0.02,1e-09
70.8615915579976,-1,0.14105461966467314,0.17684461966467313,-0.174298,0.096588,0.14105461966467314,-0.17348661966467313,-0.174298,-0.09323,0.05,1.0,0.0,0.02,1e-09
70.91871509799967,-1,0.14105461966467314,0.17684461966467313,-0.174298,0.096588,0.14105461966467314,-0.17348661966467313,-0.174298,-0.09323,0.05,1.0,0.0,0.02,1e-09
70.95998455699737,-1,0.14105461966467314,0.17684461966467313,-0.174298,0.096588,0.14105461966467314,-0.17348661966467313,-0.174298,-0.09323,0.05,1.0,0.0,0.02,1e-09
71.02371095899798,-1,0.14105461966467314,0.17684461966467313,-0.174298,0.096588,0.14105461966467314,-0.17348661966467313,-0.174298,-0.09323,0.05,1.0,0.0,0.02,1e-09
71.0663056989979,-1,0.14105461966467314,0.17684461966467313,-0.174298,0.096588,0.14105461966467314,-0.17348661966467313,-0.174298,-0.09323,0.05,1.0,0.0,0.02,1e-09
71.11540344899913,-1,0.14105461966467314,0.17684461966467313,-0.174298,0.096588,0.14105461966467314,-0.17348661966467313,-0.174298,-0.09323,0.05,1.0,0.0,0.02,1e-09
71.15698830899782,-1,0.14105461966467314,0.17684461966467313,-0.174298,0.096588,0.14105461966467314,-0.17348661966467313,-0.174298,-0.09323,0.05,1.0,0.0,0.02,1e-09
71.2112045670001,-1,0.14105461966467314,0.17684461966467313,-0.174298,0.096588,0.14105461966467314,-0.17348661966467313,-0.174298,-0.09323,0.05,1.0,0.0,0.02,1e-09
71.27031367499876,-1,0.14105461966467314,0.17684461966467313,-0.174298,0.096588,0.14105461966467314,-0.17348661966467313,-0.174298,-0.09323,0.05,1.0,0.0,0.02,1e-09
71.30984419900051,-1,0.14105461966467314,0.17684461966467313,-0.174298,0.096588,0.14105461966467314,-0.17348661966467313,-0.174298,-0.09323,0.05,1.0,0.0,0.02,1e-09
71.36650097999882,-1,0.14105461966467314,0.17684461966467313,-0.174298,0.096588,0.14105461966467314,-0.17348661966467313,-0.174298,-0.09323,0.05,1.0,0.0,0.02,1e-09
71.41106615099852,-1,0.14105461966467314,0.17684461966467313,-0.174298,0.096588,0.14105461966467314,-0.17348661966467313,-0.174298,-0.09323,0.05,1.0,0.0,0.02,1e-09
71.45961066100062,-1,0.14105461966467314,0.17684461966467313,-0.174298,0.096588,0.14105461966467314,-0.17348661966467313,-0.174298,-0.09323,0.05,1.0,0.0,0.02,1e-09
71.51069817199823,-1,0.14105461966467314,0.17684461966467313,-0.174298,0.096588,0.14105461966467314,-0.17348661966467313,-0.174298,-0.09323,0.05,1.0,0.0,0.02,1e-09
71.55922564099819,-1,0.14105461966467314,0.17684461966467313,-0.174298,0.096588,0.14105461966467314,-0.17348661966467313,-0.174298,-0.09323,0.05,1.0,0.0,0.02,1e-09
71.61020066699712,-1,0.14105461966467314,0.17684461966467313,-0.174298,0.096588,0.14105461966467314,-0.17348661966467313,-0.174298,-0.09323,0.05,1.0,0.0,0.02,1e-09
71.66035143000045,-1,0.14105461966467314,0.17684461966467313,-0.174298,0.096588,0.14105461966467314,-0.17348661966467313,-0.174298,-0.09323,0.05,1.0,0.0,0.02,1e-09
71.71130927099875,-1,0.14105461966467314,0.17684461966467313,-0.174298,0.096588,0.14105461966467314,-0.17348661966467313,-0.174298,-0.09323,0.05,1.0,0.0,0.02,1e-09
71.76337377299933,-1,0.14105461966467314,0.17684461966467313,-0.174298,0.096588,0.14105461966467314,-0.17348661966467313,-0.174298,-0.09323,0.05,1.0,0.0,0.02,1e-09
71.83118812099929,-1,0.14105461966467314,0.17684461966467313,-0.174298,0.096588,0.14105461966467314,-0.17348661966467313,-0.174298,-0.09323,0.05,1.0,0.0,0.02,1e-09
71.86194885099758,-1,0.14105461966467314,0.17684461966467313,-0.174298,0.096588,0.14105461966467314,-0.17348661966467313,-0.174298,-0.09323,0.05,1.0,0.0,0.02,1e-09
71.91247554099755,-1,0.14105461966467314,0.17684461966467313,-0.174298,0.096588,0.14105461966467314,-0.17348661966467313,-0.174298,-0.09323,0.05,1.0,0.0,0.02,1e-09
71.96205569499944,-1,0.14105461966467314,0.17684461966467313,-0.174298,0.096588,0.14105461966467314,-0.17348661966467313,-0.174298,-0.09323,0.05,1.0,0.0,0.02,1e-09
72.01978140899882,-1,0.14105461966467314,0.17684461966467313,-0.174298,0.096588,0.14105461966467314,-0.17348661966467313,-0.174298,-0.09323,0.05,1.0,0.0,0.02,1e-09
72.06657366400032,-1,0.14105461966467314,0.17684461966467313,-0.174298,0.096588,0.14105461966467314,-0.17348661966467313,-0.174298,-0.09323,0.05,1.0,0.0,0.02,1e-09
72.11144634899756,-1,0.14105461966467314,0.17684461966467313,-0.174298,0.096588,0.14105461966467314,-0.17348661966467313,-0.174298,-0.09323,0.05,1.0,0.0,0.02,1e-09
72.17147089999708,-1,0.14105461966467314,0.17684461966467313,-0.174298,0.096588,0.14105461966467314,-0.17348661966467313,-0.174298,-0.09323,0.05,1.0,0.0,0.02,1e-09
72.21293019599761,-1,0.14105461966467314,0.17684461966467313,-0.174298,0.096588,0.14105461966467314,-0.17348661966467313,-0.174298,-0.09323,0.05,1.0,0.0,0.02,1e-09
72.26635518299736,-1,0.14105461966467314,0.17684461966467313,-0.174298,0.096588,0.14105461966467314,-0.17348661966467313,-0.174298,-0.09323,0.05,1.0,0.0,0.02,1e-09
72.31103708699811,-1,0.14105461966467314,0.17684461966467313,-0.174298,0.096588,0.14105461966467314,-0.17348661966467313,-0.174298,-0.09323,0.05,1.0,0.0,0.02,1e-09
72.37440870299906,-1,0.14105461966467314,0.17684461966467313,-0.174298,0.096588,0.14105461966467314,-0.17348661966467313,-0.174298,-0.09323,0.05,1.0,0.0,0.02,1e-09
72.41857777199766,-1,0.14105461966467314,0.17684461966467313,-0.174298,0.096588,0.14105461966467314,-0.17348661966467313,-0.174298,-0.09323,0.05,1.0,0.0,0.02,1e-09
72.46680834799918,-1,0.14105461966467314,0.17684461966467313,-0.174298,0.096588,0.14105461966467314,-0.17348661966467313,-0.174298,-0.09323,0.05,1.0,0.0,0.02,1e-09
72.51831391499945,-1,0.14105461966467314,0.17684461966467313,-0.174298,0.096588,0.14105461966467314,-0.17348661966467313,-0.174298,-0.09323,0.05,1.0,0.0,0.02,1e-09
72.56150403999709,-1,0.14105461966467314,0.17684461966467313,-0.174298,0.096588,0.14105461966467314,-0.17348661966467313,-0.174298,-0.09323,0.05,1.0,0.0,0.02,1e-09
72.60843088599722,-1,0.14105461966467314,0.17684461966467313,-0.174298,0.096588,0.14105461966467314,-0.17348661966467313,-0.174298,-0.09323,0.05,1.0,0.0,0.02,1e-09
72.65783717699742,-1,0.14105461966467314,0.17684461966467313,-0.174298,0.096588,0.14105461966467314,-0.17348661966467313,-0.174298,-0.09323,0.05,1.0,0.0,0.02,1e-09
72.70929723099835,-1,0.14105461966467314,0.17684461966467313,-0.174298,0.096588,0.14105461966467314,-0.17348661966467313,-0.174298,-0.09323,0.05,1.0,0.0,0.02,1e-09
72.76350098599869,-1,0.14105461966467314,0.17684461966467313,-0.174298,0.096588,0.14105461966467314,-0.17348661966467313,-0.174298,-0.09323,0.05,1.0,0.0,0.02,1e-09
72.81530985599966,-1,0.14105461966467314,0.17684461966467313,-0.174298,0.096588,0.14105461966467314,-0.17348661966467313,-0.174298,-0.09323,0.05,1.0,0.0,0.02,1e-09
72.86317210199923,-1,0.14105461966467314,0.17684461966467313,-0.174298,0.096588,0.14105461966467314,-0.17348661966467313,-0.174298,-0.09323,0.05,1.0,0.0,0.02,1e-09
72.91768021700045,-1,0.14105461966467314,0.17684461966467313,-0.174298,0.096588,0.14105461966467314,-0.17348661966467313,-0.174298,-0.09323,0.05,1.0,0.0,0.02,1e-09
72.96295834400007,-1,0.14105461966467314,0.17684461966467313,-0.174298,0.096588,0.14105461966467314,-0.17348661966467313,-0.174298,-0.09323,0.05,1.0,0.0,0.02,1e-09
73.02343879399996,-1,0.14105461966467314,0.17684461966467313,-0.174298,0.096588,0.14105461966467314,-0.17348661966467313,-0.174298,-0.09323,0.05,1.0,0.0,0.02,1e-09
73.05941191699822,-1,0.14105461966467314,0.17684461966467313,-0.174298,0.096588,0.14105461966467314,-0.17348661966467313,-0.174298,-0.09323,0.05,1.0,0.0,0.02,1e-09
73.1120027979996,-1,0.14105461966467314,0.17684461966467313,-0.174298,0.096588,0.14105461966467314,-0.17348661966467313,-0.174298,-0.09323,0.05,1.0,0.0,0.02,1e-09
73.16893322199758,-1,0.14105461966467314,0.17684461966467313,-0.174298,0.096588,0.14105461966467314,-0.17348661966467313,-0.174298,-0.09323,0.05,1.0,0.0,0.02,1e-09
73.21125897999809,-1,0.14105461966467314,0.17684461966467313,-0.174298,0.096588,0.14105461966467314,-0.17348661966467313,-0.174298,-0.09323,0.05,1.0,0.0,0.02,1e-09
73.26224172399816,-1,0.14105461966467314,0.17684461966467313,-0.174298,0.096588,0.14105461966467314,-0.17348661966467313,-0.174298,-0.09323,0.05,1.0,0.0,0.02,1e-09
73.31261641499805,-1,0.14105461966467314,0.17684461966467313,-0.174298,0.096588,0.14105461966467314,-0.17348661966467313,-0.174298,-0.09323,0.05,1.0,0.0,0.02,1e-09
73.36213879899879,-1,0.14105461966467314,0.17684461966467313,-0.174298,0.096588,0.14105461966467314,-0.17348661966467313,-0.174298,-0.09323,0.05,1.0,0.0,0.02,1e-09
73.40972016600062,-1,0.14105461966467314,0.17684461966467313,-0.174298,0.096588,0.14105461966467314,-0.17348661966467313,-0.174298,-0.09323,0.05,1.0,0.0,0.02,1e-09
73.46399463999842,-1,0.14105461966467314,0.17684461966467313,-0.174298,0.096588,0.14105461966467314,-0.17348661966467313,-0.174298,-0.09323,0.05,1.0,0.0,0.02,1e-09
73.51837111499844,-1,0.14105461966467314,0.17684461966467313,-0.174298,0.096588,0.14105461966467314,-0.17348661966467313,-0.174298,-0.09323,0.05,1.0,0.0,0.02,1e-09
73.56653630199798,-1,0.14105461966467314,0.17684461966467313,-0.174298,0.096588,0.14105461966467314,-0.17348661966467313,-0.174298,-0.09323,0.05,1.0,0.0,0.02,1e-09
73.62005458400017,-1,0.14105461966467314,0.17684461966467313,-0.174298,0.096588,0.14105461966467314,-0.17348661966467313,-0.174298,-0.09323,0.05,1.0,0.0,0.02,1e-09
73.65956901000027,-1,0.14105461966467314,0.17684461966467313,-0.174298,0.096588,0.14105461966467314,-0.17348661966467313,-0.174298,-0.09323,0.05,1.0,0.0,0.02,1e-09
73.71099395499914,-1,0.14105461966467314,0.17684461966467313,-0.174298,0.096588,0.14105461966467314,-0.17348661966467313,-0.174298,-0.09323,0.05,1.0,0.0,0.02,1e-09
73.76436067299801,-1,0.14105461966467314,0.17684461966467313,-0.174298,0.096588,0.14105461966467314,-0.17348661966467313,-0.174298,-0.09323,0.05,1.0,0.0,0.02,1e-09
73.81303598699742,-1,0.14105461966467314,0.17684461966467313,-0.174298,0.096588,0.14105461966467314,-0.17348661966467313,-0.174298,-0.09323,0.05,1.0,0.0,0.02,1e-09
73.86390310799834,-1,0.14105461966467314,0.17684461966467313,-0.174298,0.096588,0.14105461966467314,-0.17348661966467313,-0.174298,-0.09323,0.05,1.0,0.0,0.02,1e-09
73.9091579349988,-1,0.14105461966467314,0.17684461966467313,-0.174298,0.096588,0.14105461966467314,-0.17348661966467313,-0.174298,-0.09323,0.05,1.0,0.0,0.02,1e-09
73.96222647099785,-1,0.14105461966467314,0.17684461966467313,-0.174298,0.096588,0.14105461966467314,-0.17348661966467313,-0.174298,-0.09323,0.05,1.0,0.0,0.02,1e-09
74.0160063589974,-1,0.14105461966467314,0.17684461966467313,-0.174298,0.096588,0.14105461966467314,-0.17348661966467313,-0.174298,-0.09323,0.05,1.0,0.0,0.02,1e-09
74.06673968699761,-1,0.14105461966467314,0.17684461966467313,-0.174298,0.096588,0.14105461966467314,-0.17348661966467313,-0.174298,-0.09323,0.05,1.0,0.0,0.02,1e-09
74.19886772699829,-1,0.14105461966467314,0.17684461966467313,-0.174298,0.096588,0.14105461966467314,-0.17348661966467313,-0.174298,-0.09323,0.05,1.0,0.0,0.02,1e-09
74.20696625599885,-1,0.14105461966467314,0.17684461966467313,-0.174298,0.096588,0.14105461966467314,-0.17348661966467313,-0.174298,-0.09323,0.05,1.0,0.0,0.02,1e-09
74.2112937109996,-1,0.14105461966467314,0.17684461966467313,-0.174298,0.096588,0.14105461966467314,-0.17348661966467313,-0.174298,-0.09323,0.05,1.0,0.0,0.02,1e-09
74.26299939299861,-1,0.14105461966467314,0.17684461966467313,-0.174298,0.096588,0.14105461966467314,-0.17348661966467313,-0.174298,-0.09323,0.05,1.0,0.0,0.02,1e-09
74.31439549199786,-1,0.14105461966467314,0.17684461966467313,-0.174298,0.096588,0.14105461966467314,-0.17348661966467313,-0.174298,-0.09323,0.05,1.0,0.0,0.02,1e-09
74.36222972699761,-1,0.14105461966467314,0.17684461966467313,-0.174298,0.096588,0.14105461966467314,-0.17348661966467313,-0.174298,-0.09323,0.05,1.0,0.0,0.02,1e-09
74.4109518869991,-1,0.14105461966467314,0.17684461966467313,-0.174298,0.096588,0.14105461966467314,-0.17348661966467313,-0.174298,-0.09323,0.05,1.0,0.0,0.02,1e-09
74.45997542499754,-1,0.14105461966467314,0.17684461966467313,-0.174298,0.096588,0.14105461966467314,-0.17348661966467313,-0.174298,-0.09323,0.05,1.0,0.0,0.02,1e-09
74.51492655699985,-1,0.14105461966467314,0.17684461966467313,-0.174298,0.096588,0.14105461966467314,-0.17348661966467313,-0.174298,-0.09323,0.05,1.0,0.0,0.02,1e-09
74.56907815899831,-1,0.14105461966467314,0.17684461966467313,-0.174298,0.096588,0.14105461966467314,-0.17348661966467313,-0.174298,-0.09323,0.05,1.0,0.0,0.02,1e-09
74.61756079999759,-1,0.14105461966467314,0.17684461966467313,-0.174298,0.096588,0.14105461966467314,-0.17348661966467313,-0.174298,-0.09323,0.05,1.0,0.0,0.02,1e-09
74.66664170299919,-1,0.14105461966467314,0.17684461966467313,-0.174298,0.096588,0.14105461966467314,-0.17348661966467313,-0.174298,-0.09323,0.05,1.0,0.0,0.02,1e-09
74.71452582799975,-1,0.14105461966467314,0.17684461966467313,-0.174298,0.096588,0.14105461966467314,-0.17348661966467313,-0.174298,-0.09323,0.05,1.0,0.0,0.02,1e-09
74.77053975399758,-1,0.14105461966467314,0.17684461966467313,-0.174298,0.096588,0.14105461966467314,-0.17348661966467313,-0.174298,-0.09323,0.05,1.0,0.0,0.02,1e-09
74.8100859719998,-1,0.14105461966467314,0.17684461966467313,-0.174298,0.096588,0.14105461966467314,-0.17348661966467313,-0.174298,-0.09323,0.05,1.0,0.0,0.02,1e-09
