# Blender 5.1.2
# www.blender.org
mtllib mapa_gazebo.mtl
o Rugoso2
v 3.109745 1.109745 0.008859
v 0.916171 1.116171 0.014701
v 3.093801 -1.106200 -0.005636
v 0.896692 -1.103307 -0.003007
v 3.104472 -1.026778 0.004065
v 3.099174 -0.963326 -0.000751
v 3.092654 -0.901096 -0.006678
v 3.101365 -0.823636 0.001240
v 3.112806 -0.743443 0.011642
v 3.093656 -0.693844 -0.005767
v 3.091043 -0.627707 -0.008142
v 3.086842 -0.563158 -0.011962
v 3.103097 -0.478153 0.002816
v 3.092961 -0.419540 -0.006399
v 3.086345 -0.357405 -0.012413
v 3.106523 -0.268477 0.005930
v 3.092413 -0.213837 -0.006898
v 3.102128 -0.135372 0.001934
v 3.105303 -0.063447 0.004821
v 3.087784 -0.012216 -0.011105
v 3.109870 0.078620 0.008973
v 3.092670 0.130170 -0.006664
v 3.083055 0.189305 -0.015405
v 3.086423 0.261423 -0.012343
v 3.101077 0.344826 0.000979
v 3.119057 0.431557 0.017325
v 3.093196 0.474446 -0.006185
v 3.100543 0.550542 0.000493
v 3.119798 0.638548 0.017998
v 3.109665 0.697165 0.008786
v 3.098116 0.754366 -0.001713
v 3.096261 0.821260 -0.003400
v 3.101216 0.894966 0.001105
v 3.102353 0.964853 0.002139
v 3.111217 1.042467 0.010197
v 3.028193 1.096942 -0.002780
v 2.948403 1.085903 -0.012815
v 2.903212 1.109462 0.008602
v 2.842747 1.117747 0.016133
v 2.749238 1.092987 -0.006375
v 2.685405 1.097904 -0.001905
v 2.624810 1.106060 0.005509
v 2.563690 1.113690 0.012445
v 2.469472 1.088222 -0.010707
v 2.419877 1.107377 0.006706
v 2.360959 1.117209 0.015644
v 2.264141 1.089141 -0.009872
v 2.198477 1.092227 -0.007066
v 2.135432 1.097932 -0.001880
v 2.080216 1.111466 0.010424
v 1.991007 1.091007 -0.008175
v 1.928904 1.097654 -0.002132
v 1.848689 1.086189 -0.012556
v 1.790016 1.096266 -0.003394
v 1.724812 1.099812 -0.000171
v 1.656894 1.100644 0.000585
v 1.579143 1.091642 -0.007598
v 1.513152 1.094402 -0.005089
v 1.447125 1.097125 -0.002613
v 1.378052 1.096802 -0.002907
v 1.334807 1.122307 0.020279
v 1.251139 1.107389 0.006717
v 1.175384 1.100384 0.000349
v 1.106381 1.100131 0.000119
v 1.028529 1.091029 -0.008155
v 0.963604 1.094854 -0.004679
v 0.897971 1.029221 -0.001844
v 0.897748 0.960248 -0.002048
v 0.881376 0.875126 -0.016931
v 0.910077 0.835077 0.009161
v 0.890411 0.746661 -0.008718
v 0.910235 0.697735 0.009304
v 0.881647 0.600397 -0.016684
v 0.902988 0.552988 0.002716
v 0.887266 0.468516 -0.011576
v 0.895901 0.408401 -0.003726
v 0.897463 0.341213 -0.002306
v 0.902003 0.277003 0.001821
v 0.894141 0.200392 -0.005326
v 0.917306 0.154806 0.015733
v 0.908110 0.076860 0.007373
v 0.895960 -0.004040 -0.003673
v 0.893621 -0.075129 -0.005799
v 0.902279 -0.135221 0.002072
v 0.902458 -0.203792 0.002234
v 0.906490 -0.268510 0.005900
v 0.901442 -0.342308 0.001311
v 0.896140 -0.416360 -0.003509
v 0.904073 -0.477177 0.003702
v 0.896967 -0.553033 -0.002758
v 0.898489 -0.620261 -0.001374
v 0.900590 -0.686910 0.000536
v 0.904395 -0.751855 0.003995
v 0.878652 -0.846348 -0.019407
v 0.910292 -0.883457 0.009357
v 0.897167 -0.965333 -0.002576
v 0.901790 -1.029459 0.001628
v 0.963490 -1.105260 -0.004782
v 1.034497 -1.103003 -0.002730
v 1.118905 -1.087345 0.011504
v 1.169846 -1.105153 -0.004685
v 1.222716 -1.121034 -0.019122
v 1.312864 -1.099636 0.000331
v 1.367949 -1.113301 -0.012092
v 1.459561 -1.090439 0.008692
v 1.508484 -1.110266 -0.009332
v 1.598912 -1.088588 0.010374
v 1.637110 -1.119140 -0.017400
v 1.708945 -1.116055 -0.014596
v 1.812327 -1.081423 0.016888
v 1.872827 -1.089673 0.009388
v 1.929598 -1.101652 -0.001502
v 1.988554 -1.111446 -0.010406
v 2.068607 -1.100143 -0.000130
v 2.132984 -1.104516 -0.004106
v 2.205978 -1.100272 -0.000248
v 2.267145 -1.107855 -0.007141
v 2.349067 -1.094683 0.004834
v 2.391001 -1.121499 -0.019545
v 2.466542 -1.114708 -0.013371
v 2.545665 -1.104335 -0.003941
v 2.624263 -1.094486 0.005012
v 2.673932 -1.113568 -0.012334
v 2.749709 -1.106541 -0.005947
v 2.824273 -1.100727 -0.000661
v 2.890012 -1.103738 -0.003398
v 2.948275 -1.114225 -0.012932
v 3.047309 -1.083941 0.014599
v 3.005244 1.005244 -0.023642
v 2.955387 1.024137 -0.006466
v 2.896995 1.034495 0.002950
v 2.825655 1.031905 0.000596
v 2.753549 1.028549 -0.002456
v 2.691660 1.035410 0.003782
v 2.618709 1.031209 -0.000037
v 2.565396 1.046646 0.013997
v 2.491030 1.041030 0.008891
v 2.407513 1.026262 -0.004534
v 2.349095 1.036595 0.004859
v 2.258112 1.014362 -0.015352
v 2.194613 1.019613 -0.010579
v 2.131662 1.025412 -0.005307
v 2.077873 1.040373 0.008294
v 2.013522 1.044771 0.012292
v 1.922407 1.022406 -0.008040
v 1.879903 1.048653 0.015821
v 1.787624 1.025124 -0.005569
v 1.710685 1.016935 -0.013014
v 1.650046 1.025046 -0.005640
v 1.585037 1.028787 -0.002239
v 1.519131 1.031631 0.000346
v 1.450382 1.031632 0.000347
v 1.384822 1.034822 0.003247
v 1.309718 1.028468 -0.002529
v 1.245549 1.033049 0.001635
v 1.166269 1.022519 -0.007937
v 1.111644 1.036644 0.004903
v 1.041833 1.035583 0.003939
v 0.973318 1.035818 0.004152
v 3.034346 0.965596 0.002815
v 2.942980 0.942979 -0.017746
v 2.897640 0.966390 0.003536
v 2.832258 0.969758 0.006598
v 2.749204 0.955454 -0.006406
v 2.692426 0.967426 0.004479
v 2.627766 0.971516 0.008196
v 2.532852 0.945352 -0.015589
v 2.479564 0.960814 -0.001533
v 2.410873 0.960873 -0.001479
v 2.345593 0.964343 0.001676
v 2.275685 0.963185 0.000623
v 2.227796 0.984046 0.019587
v 2.132488 0.957488 -0.004557
v 2.065698 0.959448 -0.002775
v 1.989940 0.952439 -0.009146
v 1.911276 0.942526 -0.018158
v 1.855544 0.955544 -0.006324
v 1.802101 0.970851 0.007592
v 1.714954 0.952454 -0.009133
v 1.664295 0.970545 0.007313
v 1.590806 0.965806 0.003006
v 1.519399 0.963149 0.000590
v 1.444992 0.957492 -0.004553
v 1.384103 0.965353 0.002594
v 1.307832 0.957832 -0.004244
v 1.225417 0.944167 -0.016667
v 1.168499 0.955999 -0.005910
v 1.123044 0.979294 0.015267
v 1.024342 0.949342 -0.011962
v 0.966177 0.959927 -0.002339
v 3.041196 0.903696 0.009042
v 2.957242 0.888492 -0.004780
v 2.893881 0.893881 0.000119
v 2.825856 0.894606 0.000778
v 2.749134 0.886634 -0.006469
v 2.692230 0.898480 0.004300
v 2.605199 0.880199 -0.012319
v 2.544959 0.888709 -0.004583
v 2.457961 0.870461 -0.021172
v 2.415021 0.896271 0.002292
v 2.349168 0.899168 0.004925
v 2.272267 0.891017 -0.002485
v 2.224620 0.912120 0.016700
v 2.135459 0.891709 -0.001855
v 2.080591 0.905591 0.010764
v 2.003276 0.897026 0.002978
v 1.924486 0.886985 -0.006149
v 1.851170 0.882420 -0.010300
v 1.795868 0.895868 0.001925
v 1.708198 0.876948 -0.015274
v 1.641601 0.879101 -0.013317
v 1.589076 0.895326 0.001433
v 1.520279 0.895279 0.001390
v 1.450758 0.894508 0.000689
v 1.364161 0.876661 -0.015536
v 1.303628 0.884878 -0.008065
v 1.230982 0.880982 -0.011607
v 1.185146 0.903896 0.009224
v 1.111483 0.898983 0.004758
v 1.047047 0.903297 0.008679
v 0.978094 0.903094 0.008494
v 3.047551 0.841301 0.014819
v 2.972142 0.834642 0.008766
v 2.897144 0.828394 0.003086
v 2.828360 0.828360 0.003055
v 2.756737 0.825487 0.000442
v 2.679353 0.816853 -0.007407
v 2.613326 0.819576 -0.004931
v 2.562593 0.837593 0.011448
v 2.474527 0.818276 -0.006112
v 2.408102 0.820602 -0.003998
v 2.338094 0.819344 -0.005141
v 2.269413 0.819412 -0.005080
v 2.195564 0.814314 -0.009715
v 2.149295 0.836795 0.010723
v 2.077020 0.833270 0.007518
v 1.999394 0.824394 -0.000551
v 1.919139 0.812889 -0.011010
v 1.856977 0.819477 -0.005021
v 1.788510 0.819760 -0.004764
v 1.735916 0.835916 0.009923
v 1.651970 0.820720 -0.003891
v 1.591352 0.828852 0.003502
v 1.510175 0.816425 -0.007795
v 1.448729 0.823729 -0.001155
v 1.379617 0.823367 -0.001485
v 1.295985 0.808485 -0.015014
v 1.257515 0.838765 0.012514
v 1.170760 0.820760 -0.003854
v 1.111619 0.830369 0.004881
v 1.032673 0.820172 -0.004389
v 0.983921 0.840171 0.013792
v 3.027545 0.752545 -0.003368
v 2.958865 0.752615 -0.003305
v 2.885274 0.747774 -0.007705
v 2.816615 0.747865 -0.007623
v 2.762410 0.762409 0.005600
v 2.685132 0.753882 -0.002153
v 2.623430 0.760930 0.004255
v 2.551179 0.757429 0.001072
v 2.480093 0.755093 -0.001052
v 2.422865 0.766614 0.009422
v 2.337350 0.749850 -0.005818
v 2.272894 0.754144 -0.001915
v 2.189792 0.739792 -0.014962
v 2.138438 0.757188 0.000853
v 2.073293 0.760793 0.004130
v 1.991932 0.748182 -0.007335
v 1.926923 0.751923 -0.003934
v 1.874032 0.767782 0.010484
v 1.802439 0.764939 0.007899
v 1.732028 0.763278 0.006389
v 1.654406 0.754406 -0.001677
v 1.585233 0.753983 -0.002061
v 1.522048 0.759548 0.002998
v 1.443761 0.750011 -0.005672
v 1.377306 0.752306 -0.003585
v 1.320561 0.764311 0.007328
v 1.245792 0.758292 0.001857
v 1.187516 0.768766 0.011378
v 1.097587 0.747587 -0.007875
v 1.032644 0.751394 -0.004415
v 0.972727 0.760227 0.003615
v 3.016562 0.672811 -0.013353
v 2.966060 0.691059 0.003236
v 2.903500 0.697250 0.008864
v 2.824049 0.686549 -0.000864
v 2.743244 0.674494 -0.011824
v 2.675551 0.675551 -0.010862
v 2.615804 0.684554 -0.002678
v 2.554518 0.692018 0.004107
v 2.473916 0.680166 -0.006668
v 2.410495 0.685495 -0.001822
v 2.347965 0.691715 0.003832
v 2.257427 0.669927 -0.015976
v 2.200606 0.681856 -0.005131
v 2.140172 0.690172 0.002429
v 2.068250 0.687000 -0.000454
v 1.996026 0.683526 -0.003612
v 1.939365 0.695615 0.007378
v 1.854637 0.679637 -0.007148
v 1.790107 0.683857 -0.003311
v 1.719793 0.682293 -0.004734
v 1.647305 0.678555 -0.008132
v 1.584923 0.684923 -0.002342
v 1.524563 0.693313 0.005284
v 1.455968 0.693468 0.005426
v 1.382565 0.688815 0.001196
v 1.319560 0.694560 0.006418
v 1.258993 0.702743 0.013857
v 1.172726 0.685226 -0.002067
v 1.116676 0.697926 0.009478
v 1.048508 0.698508 0.010007
v 0.955361 0.674111 -0.012172
v 3.014694 0.602194 -0.015051
v 2.963886 0.620136 0.001260
v 2.888829 0.613828 -0.004474
v 2.824527 0.618277 -0.000430
v 2.756525 0.619025 0.000250
v 2.686510 0.617759 -0.000900
v 2.610003 0.610003 -0.007952
v 2.555361 0.624111 0.004874
v 2.489111 0.626611 0.007146
v 2.406056 0.612306 -0.005858
v 2.344203 0.619203 0.000412
v 2.284027 0.627776 0.008206
v 2.216424 0.628923 0.009249
v 2.122269 0.603519 -0.013846
v 2.071927 0.621927 0.002888
v 1.995210 0.613960 -0.004354
v 1.932379 0.619879 0.001026
v 1.873876 0.630126 0.010342
v 1.788759 0.613759 -0.004537
v 1.741116 0.634866 0.014651
v 1.648735 0.611235 -0.006832
v 1.600929 0.632179 0.012208
v 1.509268 0.609268 -0.008620
v 1.451426 0.620176 0.001296
v 1.385987 0.623487 0.004307
v 1.326692 0.632942 0.012902
v 1.248110 0.623110 0.003964
v 1.178099 0.621849 0.002817
v 1.118533 0.631033 0.011167
v 1.045458 0.626707 0.007234
v 0.969957 0.619957 0.001097
v 3.027078 0.545828 -0.003792
v 2.966959 0.554459 0.004054
v 2.894632 0.550882 0.000802
v 2.840404 0.565404 0.014003
v 2.762489 0.556239 0.005672
v 2.687628 0.550127 0.000116
v 2.611154 0.542404 -0.006905
v 2.551280 0.551279 0.001163
v 2.480824 0.549574 -0.000388
v 2.408063 0.545563 -0.004033
v 2.363259 0.569509 0.017735
v 2.283383 0.558383 0.007621
v 2.203097 0.546847 -0.002866
v 2.140326 0.552826 0.002569
v 2.066646 0.547896 -0.001913
v 2.006150 0.556150 0.005591
v 1.931579 0.550329 0.000299
v 1.874763 0.562263 0.011148
v 1.790496 0.546746 -0.002958
v 1.727192 0.552192 0.001992
v 1.682403 0.576153 0.023776
v 1.571113 0.533613 -0.014898
v 1.514146 0.545396 -0.004186
v 1.463165 0.563165 0.011968
v 1.378705 0.547455 -0.002314
v 1.299159 0.536659 -0.012128
v 1.255655 0.561905 0.010822
v 1.161581 0.536581 -0.012199
v 1.097352 0.541102 -0.008089
v 1.038818 0.551318 0.001198
v 0.956968 0.538218 -0.010711
v 3.022196 0.472196 -0.008231
v 2.964178 0.482928 0.001525
v 2.894213 0.481713 0.000421
v 2.822944 0.479193 -0.001870
v 2.757519 0.482518 0.001153
v 2.688514 0.482264 0.000922
v 2.624382 0.486882 0.005120
v 2.550746 0.481996 0.000678
v 2.482723 0.482723 0.001339
v 2.446440 0.515190 0.030855
v 2.350433 0.487933 0.006076
v 2.274098 0.480348 -0.000820
v 2.199978 0.474978 -0.005702
v 2.136992 0.480742 -0.000461
v 2.064427 0.476927 -0.003930
v 1.984171 0.465421 -0.014390
v 1.917197 0.467197 -0.012775
v 1.864327 0.483077 0.001661
v 1.778875 0.466375 -0.013523
v 1.748589 0.504839 0.021444
v 1.647139 0.472139 -0.008283
v 1.595666 0.489416 0.007423
v 1.521856 0.484356 0.002824
v 1.462486 0.493736 0.011351
v 1.380102 0.480102 -0.001044
v 1.299020 0.467770 -0.012254
v 1.236408 0.473908 -0.006675
v 1.180542 0.486792 0.005038
v 1.102138 0.477138 -0.003738
v 1.043581 0.487331 0.005528
v 0.978414 0.490914 0.008786
v 3.044563 0.425813 0.012103
v 2.967381 0.417381 0.004438
v 2.899925 0.418675 0.005614
v 2.828114 0.415614 0.002831
v 2.761073 0.417323 0.004385
v 2.678734 0.403734 -0.007969
v 2.620540 0.414290 0.001627
v 2.535984 0.398484 -0.012742
v 2.479599 0.410849 -0.001501
v 2.408815 0.408815 -0.003350
v 2.329466 0.398216 -0.012986
v 2.271645 0.409145 -0.003050
v 2.216631 0.422881 0.009437
v 2.139866 0.414866 0.002151
v 2.077417 0.421167 0.007879
v 1.992796 0.405296 -0.006549
v 1.937456 0.418706 0.005642
v 1.869338 0.419338 0.006216
v 1.800657 0.419407 0.006279
v 1.720914 0.408414 -0.003715
v 1.665608 0.421858 0.008507
v 1.599524 0.424524 0.010931
v 1.514886 0.408636 -0.003513
v 1.450146 0.412646 0.000133
v 1.366374 0.397624 -0.013523
v 1.330046 0.430046 0.015951
v 1.239323 0.408073 -0.004024
v 1.164593 0.402093 -0.009461
v 1.105450 0.411700 -0.000727
v 1.040214 0.415214 0.002468
v 0.964030 0.407780 -0.004291
v 3.035098 0.347597 0.003498
v 2.976781 0.358031 0.012982
v 2.907044 0.357044 0.012086
v 2.826395 0.345145 0.001268
v 2.766736 0.354235 0.009532
v 2.690566 0.346816 0.002787
v 2.614064 0.339064 -0.004260
v 2.555086 0.348836 0.004623
v 2.479798 0.342298 -0.001320
v 2.412611 0.343861 0.000101
v 2.352113 0.352113 0.007602
v 2.268503 0.337253 -0.005906
v 2.192271 0.329771 -0.012708
v 2.143742 0.349992 0.005675
v 2.059280 0.334280 -0.008609
v 1.992141 0.335891 -0.007144
v 1.921444 0.333944 -0.008915
v 1.840952 0.322202 -0.019589
v 1.803494 0.353494 0.008858
v 1.727665 0.346415 0.002423
v 1.660245 0.347745 0.003632
v 1.587529 0.343779 0.000027
v 1.519187 0.344187 0.000397
v 1.431295 0.325045 -0.017005
v 1.363811 0.326311 -0.015854
v 1.326678 0.357928 0.012889
v 1.243700 0.343700 -0.000045
v 1.167079 0.335829 -0.007201
v 1.106562 0.344062 0.000284
v 1.041516 0.347766 0.003651
v 0.969281 0.344281 0.000483
v 3.011705 0.255455 -0.017768
v 2.964345 0.276845 0.001677
v 2.907233 0.288483 0.012257
v 2.816735 0.266734 -0.007514
v 2.760092 0.278841 0.003492
v 2.696208 0.283708 0.007916
v 2.623534 0.279784 0.004349
v 2.552562 0.277562 0.002329
v 2.476470 0.270220 -0.004345
v 2.407833 0.270333 -0.004243
v 2.350245 0.281495 0.005905
v 2.279197 0.279197 0.003815
v 2.209321 0.278071 0.002792
v 2.129043 0.266543 -0.007688
v 2.075203 0.281453 0.005866
v 2.001538 0.276538 0.001398
v 1.925714 0.269464 -0.005033
v 1.859302 0.271802 -0.002907
v 1.804358 0.285608 0.009644
v 1.726205 0.276205 0.001095
v 1.673044 0.291794 0.015268
v 1.580598 0.268098 -0.006275
v 1.521784 0.278034 0.002758
v 1.453680 0.278680 0.003345
v 1.394025 0.287775 0.011614
v 1.321292 0.283792 0.007993
v 1.236333 0.267583 -0.006743
v 1.172781 0.272781 -0.002018
v 1.125477 0.294227 0.017479
v 1.043062 0.280562 0.005056
v 0.977499 0.283749 0.007953
v 3.028208 0.203208 -0.002765
v 2.961484 0.205234 -0.000923
v 2.893088 0.205588 -0.000602
v 2.817985 0.199235 -0.006377
v 2.757189 0.207189 0.000854
v 2.680616 0.199366 -0.006258
v 2.627547 0.215047 0.007998
v 2.547013 0.203263 -0.002715
v 2.495852 0.220852 0.013275
v 2.422073 0.215823 0.008703
v 2.340950 0.203451 -0.002545
v 2.265506 0.196755 -0.008631
v 2.221187 0.221187 0.013579
v 2.138183 0.206933 0.000621
v 2.066857 0.204357 -0.001721
v 2.011231 0.217481 0.010210
v 1.927015 0.202015 -0.003850
v 1.868388 0.212138 0.005352
v 1.783981 0.196481 -0.008881
v 1.719503 0.200753 -0.004997
v 1.664716 0.214716 0.007697
v 1.584208 0.202958 -0.002993
v 1.515728 0.203228 -0.002747
v 1.446038 0.202288 -0.003602
v 1.379898 0.204898 -0.001229
v 1.310858 0.204608 -0.001493
v 1.249007 0.211507 0.004779
v 1.170553 0.201803 -0.004043
v 1.115603 0.215603 0.008503
v 1.035392 0.204142 -0.001917
v 0.973613 0.211113 0.004421
v 3.037951 0.144201 0.006092
v 2.952585 0.127585 -0.009014
v 2.880788 0.124538 -0.011783
v 2.811383 0.123883 -0.012379
v 2.756490 0.137740 0.000218
v 2.693571 0.143571 0.005519
v 2.627287 0.146037 0.007761
v 2.547844 0.135344 -0.001960
v 2.478340 0.134590 -0.002646
v 2.410240 0.135240 -0.002055
v 2.336859 0.130609 -0.006265
v 2.261109 0.123609 -0.012628
v 2.198894 0.130144 -0.006687
v 2.153725 0.153725 0.014750
v 2.058979 0.127729 -0.008883
v 1.988019 0.125519 -0.010892
v 1.941331 0.147581 0.009165
v 1.862348 0.137348 -0.000138
v 1.784193 0.127943 -0.008688
v 1.723415 0.135915 -0.001441
v 1.643225 0.124475 -0.011841
v 1.592396 0.142396 0.004451
v 1.501157 0.119907 -0.015994
v 1.442312 0.129812 -0.006989
v 1.364480 0.120730 -0.015246
v 1.321231 0.146231 0.007937
v 1.252275 0.146025 0.007750
v 1.179599 0.142099 0.004181
v 1.114033 0.145284 0.007076
v 1.023723 0.123723 -0.012525
v 0.965237 0.133988 -0.003193
v 3.021435 0.058935 -0.008923
v 2.972055 0.078305 0.008687
v 2.887406 0.062405 -0.005768
v 2.833812 0.077562 0.008011
v 2.758115 0.070615 0.001695
v 2.694028 0.075278 0.005934
v 2.628948 0.078948 0.009271
v 2.549860 0.068609 -0.000128
v 2.486321 0.073821 0.004610
v 2.410896 0.067146 -0.001459
v 2.352143 0.077143 0.007630
v 2.267987 0.061737 -0.006375
v 2.211081 0.073581 0.004392
v 2.132017 0.063267 -0.004985
v 2.066951 0.066951 -0.001635
v 1.995012 0.063762 -0.004534
v 1.949891 0.087391 0.016946
v 1.855946 0.062196 -0.005958
v 1.794385 0.069385 0.000577
v 1.735950 0.079700 0.009954
v 1.674779 0.087279 0.016845
v 1.597585 0.078835 0.009168
v 1.522099 0.072100 0.003045
v 1.434606 0.053356 -0.013995
v 1.384305 0.071805 0.002777
v 1.312959 0.069209 0.000417
v 1.240969 0.065969 -0.002528
v 1.166718 0.060468 -0.007529
v 1.100150 0.062650 -0.005546
v 1.030572 0.061823 -0.006298
v 0.964957 0.064957 -0.003448
v 3.017766 -0.013484 -0.012258
v 2.970778 0.008278 0.007526
v 2.898260 0.004510 0.004100
v 2.823409 -0.001591 -0.001447
v 2.744256 -0.011994 -0.010904
v 2.692857 0.005356 0.004870
v 2.620973 0.002223 0.002021
v 2.533312 -0.016688 -0.015171
v 2.489522 0.008272 0.007520
v 2.409145 -0.003355 -0.003050
v 2.354895 0.011145 0.010132
v 2.262349 -0.012651 -0.011501
v 2.202552 -0.003698 -0.003362
v 2.135123 -0.002376 -0.002160
v 2.078579 0.009829 0.008935
v 1.995940 -0.004060 -0.003691
v 1.935123 0.003873 0.003521
v 1.864238 0.001738 0.001580
v 1.790032 -0.003718 -0.003380
v 1.730578 0.005578 0.005071
v 1.661890 0.005640 0.005127
v 1.588889 0.001389 0.001263
v 1.511751 -0.006999 -0.006363
v 1.452805 0.002805 0.002550
v 1.392908 0.011658 0.010598
v 1.305650 -0.006849 -0.006227
v 1.247241 0.003491 0.003174
v 1.170322 -0.004678 -0.004253
v 1.098991 -0.007259 -0.006599
v 1.030145 -0.007355 -0.006687
v 0.969524 0.000774 0.000704
v 3.045202 -0.054799 0.012683
v 2.952646 -0.078604 -0.008958
v 2.907383 -0.055117 0.012394
v 2.831851 -0.061899 0.006229
v 2.750891 -0.074109 -0.004872
v 2.683201 -0.073049 -0.003908
v 2.603840 -0.083660 -0.013555
v 2.561245 -0.057505 0.010223
v 2.470788 -0.079212 -0.009511
v 2.398067 -0.083183 -0.013121
v 2.340206 -0.072294 -0.003222
v 2.258517 -0.085233 -0.014985
v 2.216651 -0.058349 0.009456
v 2.146389 -0.059862 0.008080
v 2.072935 -0.064565 0.003805
v 2.005952 -0.062798 0.005411
v 1.928621 -0.071379 -0.002390
v 1.858269 -0.072981 -0.003846
v 1.811269 -0.051231 0.015927
v 1.725328 -0.068422 0.000298
v 1.650024 -0.074976 -0.005660
v 1.580412 -0.075838 -0.006443
v 1.516230 -0.071270 -0.002291
v 1.454361 -0.064389 0.003964
v 1.363409 -0.086591 -0.016219
v 1.314825 -0.066425 0.002113
v 1.244826 -0.067674 0.000978
v 1.188817 -0.054933 0.012561
v 1.118007 -0.056993 0.010688
v 1.043588 -0.062662 0.005535
v 0.961764 -0.075736 -0.006351
v 3.034061 -0.134689 0.002555
v 2.956087 -0.143913 -0.005830
v 2.893179 -0.138071 -0.000519
v 2.823066 -0.139434 -0.001758
v 2.736565 -0.157185 -0.017896
v 2.672926 -0.152074 -0.013249
v 2.601164 -0.155086 -0.015987
v 2.532072 -0.155428 -0.016298
v 2.504875 -0.113875 0.021477
v 2.418992 -0.131009 0.005901
v 2.335271 -0.145979 -0.007708
v 2.279479 -0.133021 0.004072
v 2.199686 -0.144064 -0.005967
v 2.135112 -0.139888 -0.002171
v 2.079697 -0.126553 0.009952
v 2.003348 -0.134152 0.003044
v 1.935922 -0.132828 0.004247
v 1.870858 -0.129142 0.007598
v 1.797789 -0.133461 0.003672
v 1.733565 -0.128935 0.007787
v 1.656152 -0.137598 -0.000089
v 1.575176 -0.149824 -0.011204
v 1.523840 -0.132410 0.004627
v 1.460843 -0.126657 0.009857
v 1.368692 -0.150058 -0.011417
v 1.302774 -0.147226 -0.008842
v 1.241906 -0.139344 -0.001676
v 1.175621 -0.136879 0.000564
v 1.115566 -0.128184 0.008469
v 1.037670 -0.137330 0.000155
v 0.961213 -0.145037 -0.006852
v 3.036832 -0.200668 0.005074
v 2.957165 -0.211585 -0.004850
v 2.883861 -0.216139 -0.008990
v 2.809948 -0.221302 -0.013684
v 2.752078 -0.210422 -0.003793
v 2.681490 -0.212260 -0.005464
v 2.615247 -0.209753 -0.003184
v 2.542594 -0.213656 -0.006733
v 2.491332 -0.196168 0.009165
v 2.412304 -0.206446 -0.000178
v 2.345231 -0.204769 0.001346
v 2.272560 -0.208690 -0.002218
v 2.220051 -0.192450 0.012546
v 2.123595 -0.220155 -0.012641
v 2.054513 -0.220487 -0.012943
v 1.997500 -0.208750 -0.002272
v 1.914601 -0.222898 -0.015135
v 1.860715 -0.208035 -0.001622
v 1.792978 -0.207022 -0.000702
v 1.718682 -0.212568 -0.005744
v 1.665504 -0.196996 0.008413
v 1.576708 -0.217042 -0.009811
v 1.512996 -0.212004 -0.005231
v 1.449419 -0.206831 -0.000529
v 1.372019 -0.215481 -0.008392
v 1.307312 -0.211438 -0.004717
v 1.226331 -0.223669 -0.015835
v 1.173570 -0.207680 -0.001300
v 1.104236 -0.208264 -0.001831
v 1.030455 -0.213295 -0.006404
v 0.963137 -0.211863 -0.005102
v 3.040444 -0.265806 0.008358
v 2.977519 -0.259981 0.013654
v 2.892141 -0.276609 -0.001463
v 2.814886 -0.285115 -0.009195
v 2.761653 -0.269597 0.004912
v 2.689166 -0.273334 0.001514
v 2.619330 -0.274420 0.000527
v 2.557783 -0.267217 0.007075
v 2.472991 -0.283259 -0.007508
v 2.421295 -0.266205 0.007996
v 2.364406 -0.254344 0.018778
v 2.264016 -0.285984 -0.009985
v 2.213036 -0.268214 0.006169
v 2.134024 -0.278476 -0.003160
v 2.063106 -0.280644 -0.005131
v 1.986964 -0.288036 -0.011851
v 1.921165 -0.285085 -0.009168
v 1.869255 -0.268245 0.006141
v 1.784926 -0.283824 -0.008022
v 1.710527 -0.289473 -0.013157
v 1.669279 -0.261971 0.011845
v 1.595351 -0.267149 0.007137
v 1.516650 -0.277100 -0.001909
v 1.446924 -0.278076 -0.002797
v 1.372461 -0.283789 -0.007990
v 1.314975 -0.272525 0.002250
v 1.237506 -0.281244 -0.005677
v 1.173676 -0.276324 -0.001204
v 1.101893 -0.279357 -0.003961
v 1.032149 -0.280351 -0.004865
v 0.964607 -0.279143 -0.003767
v 3.039519 -0.335481 0.007518
v 2.966629 -0.339621 0.003754
v 2.890492 -0.347008 -0.002962
v 2.829347 -0.339403 0.003952
v 2.760101 -0.339899 0.003501
v 2.680750 -0.350500 -0.006136
v 2.623252 -0.339248 0.004093
v 2.552825 -0.340925 0.002569
v 2.488183 -0.336817 0.006303
v 2.409621 -0.346629 -0.002617
v 2.356129 -0.331371 0.011254
v 2.275371 -0.343379 0.000337
v 2.214256 -0.335744 0.007279
v 2.152916 -0.328333 0.014015
v 2.073191 -0.339309 0.004037
v 2.003636 -0.340114 0.003306
v 1.934028 -0.340972 0.002525
v 1.866848 -0.339402 0.003952
v 1.800784 -0.336716 0.006394
v 1.721816 -0.346934 -0.002895
v 1.662896 -0.337103 0.006042
v 1.592697 -0.338553 0.004724
v 1.515276 -0.347224 -0.003158
v 1.460120 -0.333630 0.009200
v 1.376012 -0.348988 -0.004761
v 1.339625 -0.316625 0.024659
v 1.237575 -0.349925 -0.005614
v 1.180442 -0.338308 0.004947
v 1.122545 -0.327455 0.014814
v 1.042622 -0.338628 0.004657
v 0.950756 -0.361744 -0.016358
v 3.049215 -0.394535 0.016332
v 2.964176 -0.410824 0.001524
v 2.898985 -0.407265 0.004760
v 2.830060 -0.407439 0.004601
v 2.744350 -0.424400 -0.010818
v 2.688171 -0.411829 0.000610
v 2.616245 -0.415005 -0.002277
v 2.570159 -0.392341 0.018327
v 2.483327 -0.410423 0.001889
v 2.402503 -0.422497 -0.009088
v 2.335029 -0.421221 -0.007928
v 2.281346 -0.406154 0.005769
v 2.209696 -0.409054 0.003133
v 2.130300 -0.419700 -0.006545
v 2.080272 -0.400978 0.010475
v 2.006185 -0.406315 0.005623
v 1.936456 -0.407294 0.004733
v 1.859902 -0.415098 -0.002362
v 1.796570 -0.409680 0.002564
v 1.723405 -0.414095 -0.001450
v 1.664058 -0.404692 0.007098
v 1.587149 -0.412851 -0.000319
v 1.516078 -0.415172 -0.002429
v 1.443167 -0.419333 -0.006212
v 1.377926 -0.415823 -0.003021
v 1.315307 -0.409693 0.002552
v 1.238553 -0.417697 -0.004725
v 1.169465 -0.418035 -0.005032
v 1.108671 -0.410078 0.002201
v 1.039719 -0.410281 0.002017
v 0.966829 -0.414421 -0.001746
v 3.031507 -0.480993 0.000233
v 2.968327 -0.475423 0.005297
v 2.887790 -0.487210 -0.005418
v 2.815009 -0.491241 -0.009083
v 2.749615 -0.487885 -0.006032
v 2.696176 -0.472574 0.007888
v 2.612950 -0.487050 -0.005273
v 2.549940 -0.481310 -0.000055
v 2.477148 -0.485352 -0.003729
v 2.424916 -0.468835 0.011287
v 2.338526 -0.486473 -0.004749
v 2.260101 -0.496149 -0.013545
v 2.209672 -0.477828 0.003111
v 2.146638 -0.472112 0.008308
v 2.073912 -0.476088 0.004693
v 1.991521 -0.489729 -0.007708
v 1.929543 -0.482957 -0.001552
v 1.846288 -0.497462 -0.014738
v 1.774031 -0.500969 -0.017927
v 1.724599 -0.481651 -0.000364
v 1.665665 -0.471835 0.008559
v 1.586190 -0.482560 -0.001191
v 1.525703 -0.474297 0.006321
v 1.444778 -0.486472 -0.004747
v 1.377905 -0.484594 -0.003040
v 1.308496 -0.485254 -0.003640
v 1.224955 -0.500045 -0.017086
v 1.173470 -0.482780 -0.001391
v 1.110016 -0.477484 0.003424
v 1.028946 -0.489804 -0.007777
v 0.980282 -0.469718 0.010483
v 3.033668 -0.547582 0.002198
v 2.942675 -0.569825 -0.018022
v 2.893800 -0.549950 0.000045
v 2.826746 -0.548254 0.001587
v 2.756323 -0.549927 0.000066
v 2.686930 -0.550570 -0.000518
v 2.607966 -0.560784 -0.009804
v 2.551239 -0.548761 0.001126
v 2.474920 -0.556330 -0.005754
v 2.418565 -0.543935 0.005514
v 2.365472 -0.528278 0.019747
v 2.277165 -0.547835 0.001968
v 2.191397 -0.564853 -0.013503
v 2.134413 -0.553086 -0.002806
v 2.056429 -0.562321 -0.011201
v 2.013958 -0.536042 0.012689
v 1.935506 -0.545744 0.003869
v 1.869813 -0.542687 0.006648
v 1.792199 -0.551551 -0.001410
v 1.723532 -0.551468 -0.001334
v 1.643798 -0.562452 -0.011320
v 1.600181 -0.537319 0.011528
v 1.509140 -0.559610 -0.008737
v 1.464405 -0.535595 0.013095
v 1.388685 -0.542565 0.006759
v 1.302638 -0.559862 -0.008965
v 1.237477 -0.556273 -0.005703
v 1.162517 -0.562482 -0.011348
v 1.114604 -0.541645 0.007595
v 1.040671 -0.546829 0.002882
v 0.959843 -0.558907 -0.008097
v 3.038567 -0.611433 0.006652
v 2.975624 -0.605626 0.011931
v 2.907189 -0.605311 0.012217
v 2.824857 -0.618893 -0.000130
v 2.766958 -0.608042 0.009735
v 2.694387 -0.611863 0.006261
v 2.617518 -0.619982 -0.001120
v 2.561727 -0.607023 0.010661
v 2.485901 -0.614099 0.004228
v 2.406651 -0.624599 -0.005317
v 2.338943 -0.623557 -0.004370
v 2.279356 -0.614394 0.003960
v 2.202677 -0.622322 -0.003248
v 2.150862 -0.605388 0.012147
v 2.072239 -0.615261 0.003172
v 1.987121 -0.631629 -0.011708
v 1.932766 -0.617234 0.001378
v 1.855739 -0.625511 -0.006146
v 1.795380 -0.617120 0.001482
v 1.722059 -0.621691 -0.002674
v 1.641279 -0.633721 -0.013610
v 1.606211 -0.600038 0.017011
v 1.524200 -0.613300 0.004955
v 1.438777 -0.629973 -0.010203
v 1.392641 -0.607359 0.010355
v 1.306471 -0.624779 -0.005481
v 1.248996 -0.613504 0.004769
v 1.175624 -0.618126 0.000567
v 1.116215 -0.608785 0.009059
v 1.034689 -0.621560 -0.002555
v 0.967942 -0.619557 -0.000734
v 3.041777 -0.676973 0.009570
v 2.961725 -0.688275 -0.000705
v 2.899570 -0.681680 0.005291
v 2.831059 -0.681440 0.005509
v 2.758920 -0.684830 0.002427
v 2.696482 -0.678518 0.008165
v 2.634950 -0.671300 0.014727
v 2.538949 -0.698550 -0.010046
v 2.486712 -0.682038 0.004966
v 2.419743 -0.680257 0.006585
v 2.359318 -0.671932 0.014152
v 2.273613 -0.688887 -0.001261
v 2.186697 -0.707053 -0.017776
v 2.123231 -0.701769 -0.012972
v 2.065786 -0.690464 -0.002694
v 2.001764 -0.685736 0.001603
v 1.917590 -0.701160 -0.012418
v 1.863731 -0.686269 0.001119
v 1.796452 -0.684798 0.002457
v 1.733077 -0.679423 0.007343
v 1.644351 -0.699399 -0.010817
v 1.584640 -0.690360 -0.002600
v 1.526880 -0.679370 0.007391
v 1.457875 -0.679625 0.007159
v 1.380857 -0.687893 -0.000358
v 1.321354 -0.678646 0.008049
v 1.236721 -0.694529 -0.006390
v 1.183138 -0.679362 0.007398
v 1.098663 -0.695087 -0.006897
v 1.036252 -0.688748 -0.001134
v 0.970559 -0.685691 0.001644
v 3.047230 -0.740270 0.014527
v 2.956218 -0.762532 -0.005711
v 2.888766 -0.761234 -0.004531
v 2.828815 -0.752435 0.003469
v 2.760636 -0.751864 0.003988
v 2.694915 -0.748835 0.006741
v 2.616506 -0.758494 -0.002040
v 2.550572 -0.755678 0.000520
v 2.490012 -0.747488 0.007965
v 2.403396 -0.765354 -0.008276
v 2.345003 -0.754997 0.001139
v 2.284169 -0.747081 0.008336
v 2.211755 -0.750745 0.005005
v 2.140436 -0.753314 0.002669
v 2.079120 -0.745880 0.009427
v 1.981942 -0.774308 -0.016417
v 1.924591 -0.762908 -0.006053
v 1.876953 -0.741797 0.013139
v 1.804510 -0.745490 0.009782
v 1.727513 -0.753736 0.002285
v 1.646209 -0.766291 -0.009128
v 1.575499 -0.768251 -0.010910
v 1.514050 -0.760949 -0.004272
v 1.452924 -0.753326 0.002658
v 1.395636 -0.741864 0.013078
v 1.302988 -0.765762 -0.008647
v 1.253467 -0.746533 0.008833
v 1.184363 -0.746887 0.008512
v 1.111754 -0.750746 0.005003
v 1.042422 -0.751328 0.004475
v 0.967224 -0.757775 -0.001387
v 3.030506 -0.825744 -0.000676
v 2.957458 -0.830041 -0.004583
v 2.898249 -0.820501 0.004090
v 2.822356 -0.827644 -0.002403
v 2.766137 -0.815113 0.008988
v 2.673747 -0.838753 -0.012503
v 2.612861 -0.830889 -0.005354
v 2.535801 -0.839199 -0.012908
v 2.478110 -0.828140 -0.002855
v 2.401573 -0.835927 -0.009933
v 2.340350 -0.828400 -0.003091
v 2.270759 -0.829241 -0.003855
v 2.208855 -0.822395 0.002369
v 2.130321 -0.832179 -0.006527
v 2.060328 -0.833422 -0.007657
v 2.013910 -0.811090 0.012645
v 1.929310 -0.826940 -0.001764
v 1.841875 -0.845625 -0.018750
v 1.795309 -0.823440 0.001418
v 1.717940 -0.832060 -0.006418
v 1.655282 -0.825968 -0.000880
v 1.584527 -0.827973 -0.002703
v 1.517038 -0.826712 -0.001556
v 1.436281 -0.838719 -0.012472
v 1.383335 -0.822915 0.001896
v 1.308367 -0.829132 -0.003757
v 1.247475 -0.821274 0.003387
v 1.173252 -0.826748 -0.001589
v 1.115293 -0.815957 0.008221
v 1.047140 -0.815360 0.008764
v 0.989293 -0.804457 0.018675
v 3.028066 -0.896935 -0.002895
v 2.977127 -0.879123 0.013297
v 2.891183 -0.896317 -0.002334
v 2.832813 -0.885937 0.007103
v 2.761783 -0.888217 0.005030
v 2.687955 -0.893295 0.000414
v 2.619851 -0.892649 0.001001
v 2.563486 -0.880264 0.012260
v 2.472294 -0.902706 -0.008142
v 2.403329 -0.902921 -0.008337
v 2.332738 -0.904762 -0.010011
v 2.276665 -0.892084 0.001514
v 2.218252 -0.881748 0.010911
v 2.128144 -0.903106 -0.008505
v 2.076827 -0.885673 0.007342
v 2.003556 -0.890194 0.003233
v 1.925925 -0.899074 -0.004840
v 1.850867 -0.905383 -0.010575
v 1.789790 -0.897710 -0.003600
v 1.720305 -0.898445 -0.004268
v 1.665220 -0.884780 0.008155
v 1.587258 -0.893992 -0.000220
v 1.520986 -0.891513 0.002033
v 1.437739 -0.906011 -0.011146
v 1.394488 -0.880512 0.012034
v 1.301138 -0.905112 -0.010329
v 1.261088 -0.876412 0.015762
v 1.164930 -0.903819 -0.009154
v 1.096146 -0.903854 -0.009185
v 1.036536 -0.894714 -0.000876
v 0.977314 -0.885186 0.007785
v 3.010258 -0.983492 -0.019084
v 2.954679 -0.970321 -0.007110
v 2.884233 -0.972018 -0.008652
v 2.833141 -0.954359 0.007401
v 2.755107 -0.963643 -0.001039
v 2.693390 -0.956610 0.005354
v 2.609083 -0.972167 -0.008788
v 2.543373 -0.969127 -0.006025
v 2.513424 -0.930326 0.029249
v 2.428406 -0.946594 0.014460
v 2.336982 -0.969268 -0.006153
v 2.266858 -0.970642 -0.007402
v 2.212090 -0.956660 0.005309
v 2.131199 -0.968801 -0.005728
v 2.069001 -0.962249 0.000228
v 1.992284 -0.970215 -0.007014
v 1.928322 -0.965428 -0.002662
v 1.873957 -0.951043 0.010416
v 1.798757 -0.957493 0.004552
v 1.721720 -0.965780 -0.002982
v 1.644325 -0.974425 -0.010841
v 1.597790 -0.952209 0.009355
v 1.508953 -0.972297 -0.008907
v 1.453531 -0.958969 0.003210
v 1.366662 -0.977088 -0.013262
v 1.319777 -0.955222 0.006616
v 1.233718 -0.972532 -0.009120
v 1.171327 -0.966173 -0.003339
v 1.123254 -0.945496 0.015458
v 1.032775 -0.967225 -0.004295
v 0.956634 -0.974616 -0.011015
v 3.043882 -1.018618 0.011484
v 2.952706 -1.041044 -0.008903
v 2.894345 -1.030655 0.000541
v 2.827812 -1.028438 0.002556
v 2.756084 -1.031416 -0.000151
v 2.682574 -1.036176 -0.004478
v 2.615646 -1.034354 -0.002822
v 2.538828 -1.042422 -0.010157
v 2.481425 -1.031075 0.000159
v 2.406407 -1.037342 -0.005539
v 2.346419 -1.028581 0.002426
v 2.259172 -1.047078 -0.014389
v 2.200383 -1.037117 -0.005334
v 2.132040 -1.036710 -0.004964
v 2.079951 -1.020049 0.010183
v 2.014218 -1.017032 0.012926
v 1.933889 -1.028611 0.002399
v 1.871717 -1.022033 0.008379
v 1.800879 -1.024121 0.006481
v 1.722893 -1.033357 -0.001916
v 1.648310 -1.039190 -0.007218
v 1.588175 -1.030575 0.000613
v 1.524918 -1.025082 0.005607
v 1.441853 -1.039397 -0.007406
v 1.377599 -1.034901 -0.003319
v 1.307154 -1.036596 -0.004860
v 1.239174 -1.035826 -0.004160
v 1.175304 -1.030946 0.000277
v 1.097893 -1.039606 -0.007597
v 1.035509 -1.033241 -0.001810
v 0.970399 -1.029600 0.001500
v 3.120332 1.114290 -0.039796
v 0.911108 1.119089 -0.034956
v 3.082064 -1.103404 -0.054158
v 0.896049 -1.099615 -0.052866
v 3.100202 -1.032465 -0.045426
v 3.103776 -0.968817 -0.050235
v 3.094624 -0.897826 -0.056532
v 3.100918 -0.817851 -0.048422
v 3.108373 -0.744321 -0.038153
v 3.082277 -0.702054 -0.053758
v 3.076553 -0.630875 -0.055892
v 3.076829 -0.563511 -0.060948
v 3.096917 -0.474512 -0.046667
v 3.079110 -0.420572 -0.054432
v 3.067710 -0.359944 -0.058741
v 3.098949 -0.268491 -0.043493
v 3.086437 -0.217236 -0.056423
v 3.098293 -0.131849 -0.047794
v 3.101990 -0.069835 -0.044658
v 3.088541 -0.020417 -0.060422
v 3.113113 0.081224 -0.040854
v 3.088782 0.126541 -0.056380
v 3.073921 0.181742 -0.063978
v 3.085505 0.264531 -0.062238
v 3.101874 0.353157 -0.048316
v 3.121152 0.425677 -0.032284
v 3.096051 0.464568 -0.055116
v 3.107043 0.553013 -0.049021
v 3.132240 0.637968 -0.030426
v 3.120204 0.696152 -0.040080
v 3.099117 0.757114 -0.051627
v 3.087995 0.824664 -0.052594
v 3.093227 0.893668 -0.048235
v 3.106103 0.960786 -0.047554
v 3.121814 1.043156 -0.038662
v 3.034000 1.101676 -0.052215
v 2.939138 1.087885 -0.061909
v 2.896166 1.113299 -0.040750
v 2.844631 1.123100 -0.033543
v 2.750539 1.092558 -0.056356
v 2.682620 1.096055 -0.051793
v 2.619648 1.106893 -0.044217
v 2.563811 1.111054 -0.037485
v 2.472156 1.083395 -0.060401
v 2.415643 1.110056 -0.043042
v 2.361892 1.123328 -0.033971
v 2.269014 1.092745 -0.059503
v 2.195164 1.095127 -0.056872
v 2.127729 1.100399 -0.051221
v 2.077223 1.109304 -0.039440
v 1.996251 1.085169 -0.057556
v 1.928591 1.089633 -0.051484
v 1.849877 1.075484 -0.061382
v 1.793056 1.093776 -0.053240
v 1.724295 1.105263 -0.049870
v 1.656167 1.104251 -0.049279
v 1.578849 1.089466 -0.057549
v 1.511652 1.090544 -0.054917
v 1.446111 1.093627 -0.052481
v 1.373909 1.098840 -0.052694
v 1.332734 1.129145 -0.029207
v 1.254634 1.113456 -0.042790
v 1.175753 1.103166 -0.049572
v 1.105760 1.097494 -0.049808
v 1.029153 1.082951 -0.057495
v 0.959876 1.092883 -0.054501
v 0.896846 1.031745 -0.051768
v 0.902509 0.961918 -0.051792
v 0.890434 0.869952 -0.065831
v 0.917890 0.832718 -0.040169
v 0.890585 0.749687 -0.058625
v 0.907488 0.698802 -0.040609
v 0.882002 0.600718 -0.066682
v 0.904962 0.550555 -0.047186
v 0.891812 0.468691 -0.061369
v 0.899444 0.408133 -0.053600
v 0.899524 0.337911 -0.052155
v 0.906074 0.276688 -0.048012
v 0.894686 0.199218 -0.055309
v 0.910056 0.152417 -0.033681
v 0.900319 0.079977 -0.041918
v 0.895613 -0.001255 -0.053594
v 0.892375 -0.075031 -0.055783
v 0.897066 -0.137323 -0.047611
v 0.895353 -0.205214 -0.047238
v 0.897669 -0.266773 -0.043285
v 0.892228 -0.340124 -0.047784
v 0.894210 -0.422421 -0.053103
v 0.905919 -0.476932 -0.046263
v 0.896268 -0.550863 -0.052706
v 0.897844 -0.622844 -0.051303
v 0.900127 -0.687799 -0.049454
v 0.908146 -0.751470 -0.045862
v 0.888920 -0.848969 -0.068271
v 0.915329 -0.882379 -0.040377
v 0.893693 -0.963704 -0.052428
v 0.899525 -1.031394 -0.048284
v 0.962943 -1.102130 -0.054681
v 1.035779 -1.104915 -0.052677
v 1.117897 -1.093897 -0.038054
v 1.164391 -1.103651 -0.054364
v 1.221390 -1.115781 -0.068828
v 1.313278 -1.097540 -0.049623
v 1.368211 -1.113668 -0.062090
v 1.460689 -1.091701 -0.041280
v 1.509546 -1.109766 -0.059319
v 1.590861 -1.087771 -0.038967
v 1.631029 -1.115211 -0.066873
v 1.714389 -1.111670 -0.064104
v 1.816063 -1.083711 -0.032920
v 1.867965 -1.091140 -0.040353
v 1.926718 -1.096777 -0.051180
v 1.989668 -1.103047 -0.059683
v 2.066391 -1.093460 -0.049632
v 2.129951 -1.103812 -0.054008
v 2.202619 -1.104363 -0.049967
v 2.268575 -1.112151 -0.056935
v 2.345458 -1.093293 -0.045016
v 2.386272 -1.115154 -0.068915
v 2.468352 -1.109201 -0.063034
v 2.548389 -1.105544 -0.053852
v 2.622191 -1.096659 -0.044898
v 2.671651 -1.111433 -0.062237
v 2.752644 -1.102968 -0.055732
v 2.824788 -1.098005 -0.050584
v 2.885323 -1.100881 -0.053096
v 2.949782 -1.112377 -0.062875
v 3.046817 -1.082306 -0.035371
v 3.009150 1.003704 -0.073465
v 2.948494 1.025528 -0.055969
v 2.889766 1.036609 -0.046479
v 2.828657 1.033501 -0.049289
v 2.753917 1.028605 -0.052454
v 2.688428 1.033681 -0.046084
v 2.617383 1.032676 -0.049998
v 2.565469 1.049023 -0.035947
v 2.493756 1.041888 -0.041027
v 2.405304 1.028113 -0.054451
v 2.351181 1.038932 -0.045042
v 2.256458 1.005238 -0.064485
v 2.193236 1.012232 -0.060012
v 2.128259 1.024917 -0.055189
v 2.074830 1.042479 -0.041569
v 2.017852 1.045298 -0.037517
v 1.920394 1.025458 -0.057906
v 1.875847 1.045247 -0.033898
v 1.791876 1.023342 -0.055356
v 1.708875 1.015564 -0.062962
v 1.647479 1.022798 -0.055523
v 1.585076 1.025548 -0.052134
v 1.518744 1.029515 -0.049607
v 1.449404 1.030840 -0.049637
v 1.383024 1.035989 -0.046707
v 1.310951 1.033528 -0.052257
v 1.248119 1.038713 -0.047976
v 1.160550 1.023113 -0.057605
v 1.109793 1.034667 -0.045023
v 1.044076 1.033788 -0.045978
v 0.971209 1.036362 -0.045800
v 3.039982 0.960519 -0.046607
v 2.938741 0.939468 -0.067442
v 2.890682 0.967156 -0.045971
v 2.834475 0.970074 -0.043352
v 2.747772 0.956133 -0.056380
v 2.689360 0.968526 -0.045415
v 2.630365 0.974292 -0.041659
v 2.534196 0.950902 -0.065262
v 2.478277 0.966587 -0.051182
v 2.407987 0.962163 -0.051379
v 2.346383 0.962556 -0.048286
v 2.270646 0.957854 -0.048836
v 2.221768 0.970403 -0.028136
v 2.134065 0.953850 -0.054399
v 2.064698 0.958593 -0.052757
v 1.995412 0.951867 -0.058842
v 1.910324 0.943663 -0.068136
v 1.849090 0.959545 -0.055744
v 1.804355 0.971942 -0.042346
v 1.715352 0.953016 -0.059128
v 1.658018 0.969479 -0.042280
v 1.590187 0.965355 -0.046988
v 1.520568 0.962590 -0.049393
v 1.445797 0.958938 -0.054526
v 1.384876 0.968515 -0.047300
v 1.310511 0.961446 -0.054041
v 1.221745 0.943071 -0.066519
v 1.159166 0.953501 -0.054968
v 1.118706 0.976326 -0.034456
v 1.024922 0.945144 -0.061782
v 0.966964 0.959650 -0.052332
v 3.042161 0.899692 -0.040788
v 2.959316 0.882217 -0.054341
v 2.890252 0.891410 -0.049687
v 2.828043 0.894585 -0.049174
v 2.749067 0.886768 -0.056469
v 2.691217 0.900875 -0.045632
v 2.604394 0.878544 -0.062285
v 2.547414 0.884926 -0.054379
v 2.454482 0.868081 -0.070994
v 2.409061 0.898160 -0.047316
v 2.349645 0.900637 -0.045051
v 2.268698 0.895533 -0.052152
v 2.221282 0.915913 -0.033044
v 2.135151 0.889936 -0.051823
v 2.079846 0.900389 -0.038959
v 2.008991 0.893328 -0.046556
v 1.927095 0.884472 -0.056018
v 1.846393 0.882652 -0.060071
v 1.794635 0.896495 -0.048055
v 1.710366 0.873404 -0.065102
v 1.637012 0.877747 -0.063088
v 1.587054 0.897005 -0.048498
v 1.521528 0.896284 -0.048584
v 1.452767 0.895066 -0.049268
v 1.366692 0.877360 -0.065467
v 1.302698 0.883908 -0.058047
v 1.226062 0.875395 -0.061050
v 1.176423 0.899388 -0.039803
v 1.111962 0.899912 -0.045231
v 1.047500 0.901007 -0.041267
v 0.979336 0.896950 -0.041111
v 3.044462 0.842414 -0.035073
v 2.975320 0.835046 -0.041131
v 2.897992 0.829620 -0.046892
v 2.828301 0.829288 -0.046937
v 2.757792 0.824643 -0.049539
v 2.680641 0.814916 -0.057353
v 2.609534 0.816304 -0.054680
v 2.560678 0.830962 -0.038073
v 2.475187 0.812573 -0.055781
v 2.405390 0.817882 -0.053850
v 2.339698 0.820241 -0.055108
v 2.269733 0.822801 -0.054964
v 2.191288 0.819314 -0.059280
v 2.145095 0.839764 -0.039012
v 2.078698 0.834740 -0.042432
v 2.004239 0.826378 -0.050276
v 1.917740 0.809917 -0.060902
v 1.853871 0.813526 -0.054568
v 1.785867 0.814199 -0.054383
v 1.737466 0.829506 -0.039640
v 1.652134 0.816276 -0.053693
v 1.589179 0.827812 -0.046440
v 1.511164 0.816696 -0.057785
v 1.449695 0.823644 -0.051146
v 1.381912 0.820262 -0.051335
v 1.290378 0.802287 -0.064310
v 1.250835 0.832932 -0.036693
v 1.171763 0.820349 -0.053843
v 1.112942 0.833305 -0.045015
v 1.028678 0.824065 -0.054077
v 0.983008 0.840916 -0.036194
v 3.027224 0.756492 -0.053211
v 2.958365 0.754065 -0.053281
v 2.886976 0.746033 -0.057646
v 2.816352 0.748809 -0.057613
v 2.762769 0.764485 -0.044356
v 2.684866 0.755133 -0.052136
v 2.619454 0.760868 -0.045586
v 2.552401 0.758545 -0.048901
v 2.480040 0.755534 -0.051050
v 2.421603 0.764288 -0.040508
v 2.340470 0.749170 -0.055716
v 2.275447 0.754711 -0.051846
v 2.184166 0.739822 -0.064644
v 2.131832 0.759305 -0.048663
v 2.075877 0.763058 -0.045752
v 1.993190 0.746948 -0.057304
v 1.924119 0.748811 -0.053758
v 1.870504 0.763396 -0.039198
v 1.801572 0.764390 -0.042091
v 1.733449 0.765379 -0.043547
v 1.655851 0.756842 -0.051596
v 1.583309 0.754205 -0.052023
v 1.522451 0.757042 -0.046937
v 1.444775 0.747039 -0.055573
v 1.375553 0.749009 -0.053445
v 1.317163 0.758846 -0.042256
v 1.244581 0.755792 -0.048066
v 1.190214 0.767904 -0.038542
v 1.098765 0.743269 -0.057675
v 1.031716 0.750440 -0.054397
v 0.971825 0.763480 -0.046271
v 3.016095 0.673025 -0.063351
v 2.960754 0.690892 -0.046481
v 2.904543 0.694079 -0.041025
v 2.826180 0.685170 -0.050800
v 2.744567 0.673429 -0.061795
v 2.674612 0.676034 -0.060851
v 2.611953 0.686405 -0.052495
v 2.554158 0.691781 -0.045891
v 2.475099 0.679490 -0.056649
v 2.409586 0.686918 -0.051794
v 2.350040 0.691262 -0.046123
v 2.257143 0.661196 -0.065207
v 2.198821 0.677400 -0.054900
v 2.137166 0.690051 -0.047481
v 2.069136 0.688267 -0.050430
v 1.994937 0.682671 -0.053593
v 1.936167 0.693692 -0.042483
v 1.856308 0.679520 -0.057120
v 1.789119 0.684070 -0.053301
v 1.721935 0.681341 -0.054679
v 1.646302 0.676269 -0.058070
v 1.582066 0.683722 -0.052246
v 1.524244 0.693161 -0.044715
v 1.456291 0.692253 -0.044559
v 1.379677 0.685739 -0.048626
v 1.316362 0.692495 -0.043437
v 1.260451 0.702086 -0.036117
v 1.172510 0.684506 -0.052062
v 1.115557 0.693867 -0.040344
v 1.051169 0.693372 -0.039657
v 0.957249 0.674702 -0.062133
v 3.012938 0.600194 -0.064980
v 2.957823 0.619877 -0.048371
v 2.887732 0.612491 -0.054444
v 2.825139 0.613900 -0.050235
v 2.758983 0.613178 -0.049346
v 2.688148 0.613936 -0.050727
v 2.606780 0.610161 -0.057848
v 2.551815 0.624484 -0.044999
v 2.491767 0.625472 -0.042770
v 2.402784 0.609810 -0.055689
v 2.341582 0.613882 -0.049235
v 2.285473 0.620727 -0.041274
v 2.217534 0.623381 -0.040431
v 2.121468 0.602562 -0.063830
v 2.070125 0.621657 -0.047079
v 1.994484 0.612887 -0.054337
v 1.928837 0.618705 -0.048834
v 1.875448 0.627207 -0.039548
v 1.787302 0.611881 -0.054480
v 1.737700 0.629424 -0.034935
v 1.650512 0.606025 -0.056528
v 1.599406 0.630040 -0.037723
v 1.506013 0.610273 -0.058504
v 1.449090 0.620002 -0.048649
v 1.385851 0.624656 -0.045679
v 1.324193 0.635578 -0.036966
v 1.250312 0.625993 -0.045905
v 1.178562 0.624857 -0.047090
v 1.114972 0.634615 -0.038577
v 1.048824 0.629172 -0.042591
v 0.973958 0.620986 -0.048732
v 3.026101 0.546566 -0.053777
v 2.963069 0.552611 -0.045760
v 2.893042 0.550065 -0.049166
v 2.837614 0.562928 -0.035857
v 2.764739 0.555698 -0.044274
v 2.690208 0.548521 -0.049792
v 2.610073 0.539871 -0.056829
v 2.548622 0.551371 -0.048766
v 2.478292 0.545158 -0.050128
v 2.404384 0.536571 -0.053081
v 2.359146 0.563275 -0.031704
v 2.286737 0.560245 -0.042231
v 2.205424 0.548790 -0.052774
v 2.140643 0.552238 -0.047427
v 2.066313 0.548465 -0.051909
v 2.006553 0.558316 -0.044361
v 1.927589 0.554260 -0.049386
v 1.874009 0.565053 -0.038768
v 1.787198 0.548058 -0.052832
v 1.721494 0.552272 -0.047682
v 1.685260 0.574309 -0.026108
v 1.573269 0.530689 -0.064765
v 1.508048 0.541896 -0.053689
v 1.459055 0.559553 -0.037732
v 1.383321 0.549631 -0.052053
v 1.296361 0.541832 -0.061781
v 1.254338 0.566155 -0.038979
v 1.163281 0.537002 -0.062168
v 1.094019 0.542293 -0.057963
v 1.038876 0.551704 -0.048801
v 0.960003 0.535881 -0.060564
v 3.021369 0.466169 -0.057859
v 2.962458 0.480896 -0.048404
v 2.894103 0.481684 -0.049579
v 2.822537 0.480287 -0.051856
v 2.759022 0.484076 -0.048800
v 2.689124 0.482968 -0.049069
v 2.624354 0.486538 -0.044878
v 2.551067 0.483397 -0.049301
v 2.476101 0.484825 -0.048176
v 2.439193 0.508624 -0.018180
v 2.354274 0.492852 -0.043533
v 2.275382 0.483028 -0.050731
v 2.199625 0.472837 -0.055655
v 2.136609 0.478578 -0.050413
v 2.067371 0.476033 -0.053835
v 1.984797 0.463825 -0.064360
v 1.911242 0.464626 -0.062353
v 1.863933 0.482456 -0.048333
v 1.774240 0.465413 -0.063298
v 1.739556 0.504773 -0.027733
v 1.647234 0.470412 -0.058253
v 1.597110 0.485804 -0.042425
v 1.519149 0.481819 -0.047039
v 1.461785 0.495590 -0.038610
v 1.384005 0.480305 -0.050891
v 1.298425 0.463499 -0.062068
v 1.235409 0.473878 -0.056665
v 1.181690 0.486697 -0.044948
v 1.099368 0.475105 -0.053620
v 1.041052 0.485220 -0.044364
v 0.981516 0.489026 -0.041082
v 3.045544 0.419355 -0.037468
v 2.966955 0.412396 -0.045311
v 2.901562 0.415079 -0.044230
v 2.828377 0.413110 -0.047106
v 2.762330 0.415279 -0.045558
v 2.679657 0.403260 -0.057958
v 2.620899 0.415554 -0.048355
v 2.535673 0.397243 -0.062726
v 2.475602 0.413586 -0.051266
v 2.409694 0.411963 -0.053243
v 2.331323 0.397546 -0.062947
v 2.270490 0.410359 -0.053022
v 2.214525 0.422613 -0.040517
v 2.139613 0.414452 -0.047847
v 2.080624 0.419722 -0.041997
v 1.993539 0.403906 -0.056524
v 1.933223 0.415477 -0.044074
v 1.867258 0.418802 -0.043738
v 1.799122 0.418253 -0.043684
v 1.720042 0.408544 -0.053707
v 1.664390 0.421818 -0.041478
v 1.599615 0.423781 -0.039063
v 1.517303 0.412019 -0.053340
v 1.452970 0.418058 -0.049493
v 1.356322 0.400290 -0.062430
v 1.324447 0.424839 -0.033461
v 1.243747 0.405739 -0.053773
v 1.163304 0.402962 -0.059437
v 1.102067 0.412249 -0.050609
v 1.039472 0.415898 -0.047522
v 0.967008 0.408112 -0.054201
v 3.032950 0.354749 -0.045942
v 2.973345 0.360235 -0.036851
v 2.909221 0.356512 -0.037864
v 2.827131 0.346554 -0.048706
v 2.765726 0.353805 -0.040456
v 2.693328 0.343690 -0.047038
v 2.614456 0.335611 -0.054139
v 2.555574 0.345604 -0.045270
v 2.480243 0.341224 -0.051307
v 2.410877 0.342496 -0.049850
v 2.352237 0.347085 -0.042144
v 2.270516 0.334363 -0.055782
v 2.190670 0.330170 -0.062681
v 2.142641 0.352862 -0.044231
v 2.061298 0.333380 -0.058560
v 1.993290 0.335058 -0.057124
v 1.923015 0.335134 -0.058876
v 1.830682 0.319954 -0.068471
v 1.798558 0.354137 -0.040893
v 1.727374 0.344418 -0.047537
v 1.659706 0.347531 -0.046365
v 1.590101 0.345369 -0.049882
v 1.521995 0.344287 -0.049524
v 1.432722 0.316482 -0.066246
v 1.352970 0.318558 -0.064045
v 1.317994 0.357461 -0.036349
v 1.249423 0.344139 -0.049715
v 1.162458 0.331533 -0.056801
v 1.102397 0.338934 -0.049278
v 1.042596 0.344434 -0.046226
v 0.971277 0.341227 -0.049384
v 3.005303 0.256635 -0.067342
v 2.957560 0.281439 -0.047647
v 2.909049 0.292221 -0.037570
v 2.816498 0.269616 -0.057430
v 2.756878 0.281911 -0.046310
v 2.696801 0.284767 -0.042069
v 2.624046 0.278895 -0.045640
v 2.553188 0.276303 -0.047651
v 2.477028 0.265926 -0.054157
v 2.406627 0.268087 -0.054178
v 2.350325 0.282441 -0.044086
v 2.280072 0.277985 -0.046162
v 2.209755 0.273156 -0.046964
v 2.129082 0.264531 -0.057648
v 2.073888 0.279011 -0.044057
v 2.003724 0.271832 -0.048332
v 1.927780 0.264470 -0.054740
v 1.855186 0.267592 -0.052559
v 1.798827 0.284863 -0.040044
v 1.723209 0.278866 -0.048744
v 1.672105 0.291293 -0.034721
v 1.582774 0.268712 -0.056223
v 1.521481 0.277576 -0.047239
v 1.453860 0.274085 -0.046443
v 1.388908 0.278846 -0.037316
v 1.321254 0.283611 -0.042007
v 1.239280 0.267124 -0.056654
v 1.166474 0.271253 -0.051595
v 1.119291 0.289973 -0.031954
v 1.044936 0.280282 -0.044908
v 0.978576 0.283415 -0.042034
v 3.023747 0.198444 -0.052338
v 2.959255 0.206444 -0.050859
v 2.894920 0.210477 -0.050328
v 2.816442 0.202312 -0.056259
v 2.753726 0.208398 -0.049011
v 2.677554 0.198593 -0.056158
v 2.627337 0.215183 -0.042002
v 2.547116 0.203829 -0.052712
v 2.493800 0.219013 -0.036649
v 2.423989 0.214654 -0.041247
v 2.343878 0.206590 -0.052360
v 2.262049 0.201705 -0.058266
v 2.217284 0.222051 -0.036261
v 2.140826 0.205087 -0.049275
v 2.066531 0.206012 -0.051693
v 2.010885 0.219234 -0.039758
v 1.926977 0.200108 -0.053814
v 1.868469 0.211411 -0.044642
v 1.785137 0.199118 -0.058798
v 1.716173 0.204956 -0.054708
v 1.663843 0.218646 -0.042141
v 1.586640 0.204967 -0.052893
v 1.515965 0.206246 -0.052655
v 1.444861 0.207742 -0.053290
v 1.377759 0.210157 -0.050905
v 1.308942 0.204846 -0.051456
v 1.250730 0.208299 -0.045088
v 1.166939 0.200066 -0.053882
v 1.114114 0.218267 -0.041404
v 1.036935 0.208557 -0.051697
v 0.971854 0.213350 -0.045498
v 3.035090 0.140941 -0.043719
v 2.955458 0.126243 -0.058913
v 2.881262 0.121530 -0.061690
v 2.807729 0.119713 -0.062071
v 2.752733 0.135160 -0.049574
v 2.690727 0.140779 -0.044322
v 2.627990 0.144194 -0.042200
v 2.549161 0.135454 -0.051942
v 2.477635 0.136296 -0.052612
v 2.411787 0.135990 -0.052025
v 2.340578 0.128885 -0.056096
v 2.258949 0.122097 -0.062559
v 2.192517 0.132068 -0.056242
v 2.154711 0.155313 -0.035215
v 2.061766 0.129278 -0.058781
v 1.979218 0.123987 -0.060088
v 1.938788 0.146300 -0.040754
v 1.867071 0.136725 -0.049911
v 1.782400 0.124552 -0.058541
v 1.720689 0.129633 -0.050970
v 1.641185 0.116546 -0.061166
v 1.594673 0.138965 -0.045379
v 1.504642 0.118334 -0.065847
v 1.441997 0.130725 -0.056980
v 1.358485 0.119396 -0.064867
v 1.315675 0.146076 -0.041753
v 1.253536 0.146566 -0.042231
v 1.179646 0.143969 -0.045784
v 1.115375 0.147874 -0.042839
v 1.024007 0.125689 -0.062485
v 0.957854 0.135068 -0.052633
v 3.017739 0.061211 -0.058734
v 2.970973 0.075697 -0.041233
v 2.888129 0.056792 -0.055446
v 2.831086 0.072122 -0.041618
v 2.756000 0.071035 -0.048258
v 2.690642 0.076874 -0.043925
v 2.631434 0.080421 -0.040645
v 2.550405 0.070402 -0.050093
v 2.485109 0.073090 -0.045370
v 2.409680 0.064844 -0.051391
v 2.353286 0.073562 -0.042228
v 2.268996 0.059801 -0.056327
v 2.206326 0.073195 -0.045380
v 2.131697 0.063650 -0.054982
v 2.069116 0.064282 -0.051517
v 1.989000 0.061578 -0.054123
v 1.942981 0.085747 -0.032547
v 1.859699 0.061832 -0.055816
v 1.790917 0.067534 -0.049268
v 1.731428 0.074846 -0.039603
v 1.674743 0.080024 -0.032626
v 1.600674 0.075184 -0.040603
v 1.527280 0.069574 -0.046622
v 1.430282 0.046026 -0.063265
v 1.380123 0.066512 -0.046766
v 1.312068 0.069579 -0.049573
v 1.242420 0.068284 -0.052453
v 1.167986 0.062858 -0.057456
v 1.101595 0.064846 -0.055477
v 1.030019 0.061493 -0.056294
v 0.959211 0.065476 -0.053114
v 3.015100 -0.016621 -0.062088
v 2.965466 0.008158 -0.042191
v 2.898669 0.002846 -0.045871
v 2.826832 -0.002451 -0.051322
v 2.743094 -0.010427 -0.060866
v 2.689857 0.009415 -0.044875
v 2.623523 0.005833 -0.047784
v 2.531319 -0.016576 -0.065131
v 2.487757 0.010595 -0.042395
v 2.407162 0.000923 -0.052827
v 2.354374 0.013997 -0.039784
v 2.260622 -0.011314 -0.061453
v 2.198167 -0.005900 -0.053121
v 2.133583 -0.006105 -0.051997
v 2.078000 0.006148 -0.040926
v 1.995516 -0.004495 -0.053687
v 1.934607 0.006188 -0.046423
v 1.864767 0.001402 -0.048416
v 1.787787 -0.006358 -0.053260
v 1.729218 0.007788 -0.044862
v 1.663119 0.011044 -0.044565
v 1.591417 0.005914 -0.048468
v 1.511732 -0.006922 -0.056363
v 1.450662 0.000899 -0.047368
v 1.391180 0.010411 -0.039356
v 1.305145 -0.006079 -0.056218
v 1.246443 0.000803 -0.046747
v 1.171638 -0.011653 -0.053746
v 1.100191 -0.014408 -0.056070
v 1.030245 -0.010931 -0.056559
v 0.968444 0.001178 -0.049283
v 3.044919 -0.061744 -0.036831
v 2.950065 -0.076618 -0.058852
v 2.904312 -0.053354 -0.037481
v 2.836836 -0.061738 -0.043522
v 2.752779 -0.071732 -0.054779
v 2.682929 -0.068153 -0.053667
v 2.602434 -0.078819 -0.063300
v 2.556699 -0.057971 -0.039568
v 2.473469 -0.085845 -0.058997
v 2.399084 -0.085781 -0.063043
v 2.341063 -0.071452 -0.053207
v 2.255105 -0.087020 -0.064836
v 2.209211 -0.060899 -0.039922
v 2.144931 -0.060650 -0.041892
v 2.073093 -0.065381 -0.046188
v 2.008082 -0.064153 -0.044526
v 1.929334 -0.073091 -0.052355
v 1.854767 -0.075006 -0.053682
v 1.808723 -0.054434 -0.033906
v 1.728650 -0.069070 -0.049587
v 1.653087 -0.073626 -0.055548
v 1.579903 -0.074518 -0.056423
v 1.511701 -0.073303 -0.052044
v 1.455156 -0.064999 -0.046026
v 1.364386 -0.084081 -0.066146
v 1.311613 -0.063485 -0.047697
v 1.241691 -0.066971 -0.048918
v 1.186948 -0.057843 -0.037320
v 1.119515 -0.062592 -0.038975
v 1.046994 -0.065682 -0.044258
v 0.963025 -0.075609 -0.056335
v 3.036068 -0.132760 -0.047367
v 2.957075 -0.142128 -0.055788
v 2.891464 -0.133325 -0.050264
v 2.826610 -0.134827 -0.051419
v 2.737551 -0.157439 -0.067885
v 2.673303 -0.153818 -0.063217
v 2.600520 -0.156359 -0.065967
v 2.518307 -0.155265 -0.064366
v 2.500152 -0.117709 -0.028152
v 2.424638 -0.137347 -0.043373
v 2.335595 -0.149151 -0.057606
v 2.277014 -0.136746 -0.045728
v 2.200108 -0.144144 -0.055965
v 2.135111 -0.135601 -0.051987
v 2.078157 -0.122233 -0.039837
v 2.004850 -0.130815 -0.046822
v 1.936070 -0.130923 -0.045716
v 1.867911 -0.127932 -0.042301
v 1.797703 -0.130385 -0.046233
v 1.735446 -0.127771 -0.042164
v 1.660166 -0.139171 -0.049903
v 1.574196 -0.149889 -0.061194
v 1.517363 -0.131569 -0.044945
v 1.463284 -0.126976 -0.040082
v 1.371015 -0.150372 -0.061362
v 1.300025 -0.145222 -0.058726
v 1.239064 -0.134635 -0.051373
v 1.171763 -0.131875 -0.049035
v 1.116311 -0.124158 -0.041363
v 1.041659 -0.134569 -0.049610
v 0.960220 -0.145124 -0.056842
v 3.036042 -0.204016 -0.044807
v 2.961044 -0.216021 -0.054501
v 2.887171 -0.217307 -0.058867
v 2.808475 -0.223210 -0.063626
v 2.750621 -0.215766 -0.053485
v 2.681502 -0.219464 -0.054942
v 2.615210 -0.217299 -0.052611
v 2.537412 -0.217350 -0.056326
v 2.484751 -0.193370 -0.040321
v 2.412549 -0.208508 -0.050135
v 2.347381 -0.208672 -0.048455
v 2.270522 -0.209233 -0.052174
v 2.220104 -0.193744 -0.037437
v 2.126754 -0.220050 -0.062541
v 2.053230 -0.217606 -0.062843
v 1.998464 -0.204039 -0.052041
v 1.910021 -0.221241 -0.064897
v 1.857754 -0.205706 -0.051480
v 1.795120 -0.203487 -0.050531
v 1.713804 -0.209140 -0.055387
v 1.665230 -0.198482 -0.041564
v 1.579204 -0.221197 -0.059575
v 1.510193 -0.211472 -0.055149
v 1.451594 -0.204561 -0.050430
v 1.372935 -0.216342 -0.058376
v 1.307291 -0.213587 -0.054671
v 1.223944 -0.224714 -0.065767
v 1.169605 -0.205699 -0.051104
v 1.105461 -0.205675 -0.051749
v 1.032051 -0.212001 -0.056362
v 0.959824 -0.212493 -0.054988
v 3.036901 -0.267215 -0.041496
v 2.980823 -0.263442 -0.036117
v 2.896850 -0.280188 -0.051112
v 2.811659 -0.290304 -0.058820
v 2.757985 -0.273602 -0.044792
v 2.689874 -0.274832 -0.048458
v 2.617533 -0.276734 -0.049387
v 2.557630 -0.269942 -0.042850
v 2.472436 -0.283575 -0.057504
v 2.416306 -0.266298 -0.041755
v 2.364482 -0.257949 -0.031092
v 2.262280 -0.287363 -0.059936
v 2.210209 -0.269675 -0.043729
v 2.138494 -0.285107 -0.052516
v 2.064906 -0.287446 -0.054633
v 1.987936 -0.293535 -0.061538
v 1.916508 -0.290177 -0.058690
v 1.864892 -0.272480 -0.043488
v 1.789271 -0.286372 -0.057768
v 1.703079 -0.291218 -0.062569
v 1.662323 -0.262951 -0.037659
v 1.599842 -0.270052 -0.042576
v 1.516947 -0.280047 -0.051821
v 1.448471 -0.280496 -0.052714
v 1.366507 -0.290555 -0.057171
v 1.314527 -0.279889 -0.047203
v 1.238907 -0.286476 -0.055383
v 1.169299 -0.281103 -0.050782
v 1.103416 -0.285058 -0.053611
v 1.035141 -0.282910 -0.054709
v 0.961705 -0.277949 -0.053668
v 3.034161 -0.334374 -0.042182
v 2.970228 -0.338928 -0.046112
v 2.891515 -0.348842 -0.052917
v 2.828668 -0.341738 -0.045989
v 2.760877 -0.338783 -0.046480
v 2.679767 -0.348920 -0.056101
v 2.619059 -0.339757 -0.045729
v 2.552954 -0.343826 -0.047347
v 2.491200 -0.338437 -0.043580
v 2.407248 -0.342040 -0.052349
v 2.355376 -0.326762 -0.038528
v 2.275222 -0.343679 -0.049662
v 2.211239 -0.337215 -0.042609
v 2.154075 -0.330151 -0.035938
v 2.075076 -0.343967 -0.045709
v 2.005040 -0.346838 -0.046220
v 1.932814 -0.345459 -0.047258
v 1.865878 -0.340349 -0.046029
v 1.803607 -0.339105 -0.043469
v 1.718971 -0.350013 -0.052719
v 1.657988 -0.336879 -0.043716
v 1.596089 -0.336940 -0.045134
v 1.515411 -0.346133 -0.053146
v 1.460021 -0.334416 -0.040794
v 1.369715 -0.348722 -0.054363
v 1.331149 -0.322478 -0.024268
v 1.240215 -0.349458 -0.055542
v 1.175355 -0.338753 -0.044791
v 1.121514 -0.331043 -0.035046
v 1.047908 -0.340928 -0.045010
v 0.949044 -0.362606 -0.066321
v 3.040868 -0.396888 -0.032910
v 2.967275 -0.410207 -0.048376
v 2.899611 -0.406465 -0.045230
v 2.831698 -0.404696 -0.045297
v 2.742303 -0.424057 -0.060775
v 2.686176 -0.412658 -0.049344
v 2.612300 -0.413776 -0.052106
v 2.566995 -0.391957 -0.031572
v 2.487148 -0.409793 -0.047961
v 2.403927 -0.423762 -0.059052
v 2.334597 -0.418806 -0.057868
v 2.279260 -0.402188 -0.044029
v 2.208719 -0.406731 -0.046803
v 2.128272 -0.419862 -0.056504
v 2.079882 -0.399839 -0.039511
v 2.007874 -0.404579 -0.044318
v 1.937876 -0.404539 -0.045171
v 1.861183 -0.410134 -0.052098
v 1.795984 -0.404628 -0.047177
v 1.719501 -0.412731 -0.051278
v 1.662373 -0.404930 -0.042873
v 1.589603 -0.413012 -0.050258
v 1.517006 -0.415208 -0.052420
v 1.444267 -0.418199 -0.056187
v 1.374676 -0.412413 -0.052799
v 1.315786 -0.404562 -0.047182
v 1.240134 -0.413402 -0.054515
v 1.164309 -0.415109 -0.054679
v 1.107840 -0.406678 -0.047676
v 1.042272 -0.409692 -0.047914
v 0.967287 -0.418891 -0.051544
v 3.030686 -0.476619 -0.049568
v 2.970521 -0.471083 -0.044466
v 2.888202 -0.484947 -0.055365
v 2.816301 -0.492543 -0.059049
v 2.746361 -0.489662 -0.055894
v 2.693655 -0.473889 -0.042032
v 2.611960 -0.484035 -0.055172
v 2.548664 -0.477214 -0.049870
v 2.475698 -0.484193 -0.053694
v 2.423227 -0.473937 -0.038424
v 2.342883 -0.493619 -0.054043
v 2.260782 -0.496817 -0.063536
v 2.207286 -0.474946 -0.046748
v 2.145296 -0.470785 -0.041657
v 2.074029 -0.473620 -0.045246
v 1.991438 -0.491138 -0.057688
v 1.932034 -0.484942 -0.051450
v 1.849722 -0.501269 -0.064475
v 1.770853 -0.503607 -0.067756
v 1.719893 -0.479536 -0.050097
v 1.664163 -0.470009 -0.041385
v 1.587063 -0.482489 -0.051183
v 1.526548 -0.476162 -0.043637
v 1.445233 -0.491446 -0.054497
v 1.378916 -0.487199 -0.052962
v 1.311920 -0.484070 -0.053508
v 1.224308 -0.498990 -0.067071
v 1.167206 -0.481756 -0.050986
v 1.108745 -0.478023 -0.046557
v 1.028916 -0.489795 -0.057777
v 0.978492 -0.469694 -0.039485
v 3.032156 -0.548577 -0.047769
v 2.939634 -0.579994 -0.066883
v 2.892465 -0.555046 -0.049677
v 2.826984 -0.553448 -0.048142
v 2.754577 -0.554159 -0.049724
v 2.689420 -0.552218 -0.050429
v 2.605697 -0.563958 -0.059651
v 2.549338 -0.552104 -0.048726
v 2.474284 -0.557191 -0.055743
v 2.414263 -0.541676 -0.044250
v 2.367101 -0.530339 -0.030184
v 2.282359 -0.551098 -0.047654
v 2.187185 -0.568070 -0.063221
v 2.133244 -0.554369 -0.052776
v 2.056567 -0.562489 -0.061200
v 2.011452 -0.536730 -0.037243
v 1.936791 -0.547579 -0.046081
v 1.872625 -0.547543 -0.043036
v 1.792349 -0.557152 -0.051095
v 1.723297 -0.551464 -0.051334
v 1.634707 -0.560870 -0.060462
v 1.596790 -0.537958 -0.038353
v 1.510764 -0.560024 -0.058709
v 1.461711 -0.536476 -0.036824
v 1.391524 -0.544922 -0.043105
v 1.305567 -0.563024 -0.058779
v 1.237351 -0.560805 -0.055497
v 1.155599 -0.566546 -0.060700
v 1.111418 -0.543211 -0.042279
v 1.043674 -0.547395 -0.047024
v 0.959706 -0.557533 -0.058078
v 3.032979 -0.615601 -0.042860
v 2.976099 -0.612428 -0.037602
v 2.905158 -0.611899 -0.037305
v 2.825211 -0.620181 -0.050112
v 2.765478 -0.609992 -0.040205
v 2.696155 -0.616234 -0.043516
v 2.618192 -0.624414 -0.050919
v 2.559693 -0.610081 -0.039204
v 2.487045 -0.615366 -0.045743
v 2.404671 -0.627209 -0.055210
v 2.338737 -0.624167 -0.054366
v 2.284145 -0.613708 -0.045805
v 2.202189 -0.621078 -0.053230
v 2.145603 -0.608287 -0.037491
v 2.074080 -0.615619 -0.046793
v 1.987227 -0.629497 -0.061663
v 1.932436 -0.613045 -0.048445
v 1.854441 -0.624108 -0.056110
v 1.794863 -0.618187 -0.048504
v 1.726474 -0.623576 -0.052443
v 1.634682 -0.632285 -0.063152
v 1.595044 -0.600124 -0.031726
v 1.527984 -0.614422 -0.044889
v 1.436518 -0.630559 -0.060148
v 1.393026 -0.606473 -0.039635
v 1.308431 -0.627161 -0.055386
v 1.247542 -0.617401 -0.045057
v 1.173620 -0.620708 -0.049326
v 1.114458 -0.608746 -0.040910
v 1.036611 -0.620624 -0.052509
v 0.968104 -0.621320 -0.050703
v 3.038024 -0.679177 -0.040240
v 2.963412 -0.684682 -0.050547
v 2.898824 -0.677716 -0.044546
v 2.830977 -0.680070 -0.044473
v 2.757474 -0.684180 -0.047548
v 2.695736 -0.678189 -0.041828
v 2.637369 -0.671471 -0.035214
v 2.537006 -0.698433 -0.060008
v 2.485536 -0.681621 -0.045019
v 2.419599 -0.681449 -0.043401
v 2.357543 -0.675564 -0.035684
v 2.278687 -0.691245 -0.050947
v 2.187360 -0.712003 -0.067526
v 2.118404 -0.705364 -0.062608
v 2.066796 -0.691015 -0.052681
v 2.004958 -0.685317 -0.048293
v 1.911655 -0.702806 -0.062037
v 1.859072 -0.690575 -0.048477
v 1.795877 -0.688778 -0.047381
v 1.737272 -0.681754 -0.042426
v 1.644577 -0.697807 -0.060791
v 1.578777 -0.684859 -0.051950
v 1.526547 -0.676689 -0.042536
v 1.457615 -0.681856 -0.042791
v 1.381401 -0.689225 -0.050337
v 1.323428 -0.678785 -0.041907
v 1.233788 -0.696769 -0.056254
v 1.182590 -0.680701 -0.042581
v 1.100306 -0.696749 -0.056843
v 1.036113 -0.689830 -0.051123
v 0.970138 -0.686746 -0.048343
v 3.048203 -0.740617 -0.035462
v 2.958162 -0.761177 -0.055654
v 2.886364 -0.760262 -0.054463
v 2.827005 -0.751434 -0.046489
v 2.760411 -0.750648 -0.045997
v 2.695846 -0.744846 -0.043091
v 2.618965 -0.753689 -0.051748
v 2.549153 -0.753068 -0.049391
v 2.487838 -0.745628 -0.041953
v 2.402933 -0.760739 -0.058061
v 2.342234 -0.750403 -0.048572
v 2.286017 -0.747166 -0.041630
v 2.214622 -0.756131 -0.044622
v 2.138848 -0.758842 -0.046999
v 2.077819 -0.748672 -0.040478
v 1.984492 -0.779545 -0.066076
v 1.921781 -0.764206 -0.055957
v 1.869481 -0.742957 -0.036286
v 1.804518 -0.743439 -0.040176
v 1.731823 -0.752201 -0.047505
v 1.648473 -0.767223 -0.059068
v 1.572876 -0.768855 -0.060838
v 1.511651 -0.757794 -0.054115
v 1.450184 -0.749345 -0.047108
v 1.395649 -0.740162 -0.036893
v 1.302167 -0.764870 -0.058633
v 1.249891 -0.746721 -0.041038
v 1.184297 -0.748119 -0.041473
v 1.112414 -0.753795 -0.044899
v 1.041624 -0.757084 -0.045186
v 0.969719 -0.759927 -0.051278
v 3.030886 -0.823748 -0.050635
v 2.957865 -0.832903 -0.054499
v 2.897228 -0.823293 -0.045821
v 2.819689 -0.828782 -0.052319
v 2.767000 -0.814976 -0.041004
v 2.675761 -0.839669 -0.062454
v 2.612201 -0.833424 -0.055285
v 2.535728 -0.841567 -0.062852
v 2.479945 -0.826485 -0.052794
v 2.401697 -0.833721 -0.059884
v 2.336680 -0.825740 -0.052885
v 2.266953 -0.828439 -0.053704
v 2.210249 -0.821994 -0.047610
v 2.131310 -0.831202 -0.056507
v 2.056441 -0.834737 -0.057488
v 2.014910 -0.815389 -0.037160
v 1.932937 -0.827597 -0.051628
v 1.838179 -0.842429 -0.068511
v 1.793248 -0.818426 -0.048287
v 1.717861 -0.832144 -0.056418
v 1.655454 -0.829705 -0.050740
v 1.584754 -0.832460 -0.052500
v 1.517987 -0.827800 -0.051535
v 1.430277 -0.838091 -0.062106
v 1.381663 -0.821281 -0.048050
v 1.305997 -0.829684 -0.053698
v 1.244304 -0.820848 -0.046511
v 1.174736 -0.823377 -0.051454
v 1.113236 -0.812067 -0.041585
v 1.044272 -0.814308 -0.041143
v 0.991093 -0.807287 -0.031212
v 3.025372 -0.893339 -0.052693
v 2.974340 -0.878467 -0.036621
v 2.889947 -0.894664 -0.052291
v 2.830030 -0.885790 -0.042820
v 2.763882 -0.888930 -0.044921
v 2.690515 -0.895429 -0.049475
v 2.618482 -0.895309 -0.048910
v 2.561094 -0.886776 -0.037256
v 2.475524 -0.916416 -0.056117
v 2.407434 -0.910376 -0.057608
v 2.332179 -0.906004 -0.059992
v 2.270767 -0.891387 -0.048132
v 2.218043 -0.882785 -0.039078
v 2.128193 -0.903988 -0.058497
v 2.071777 -0.886666 -0.042392
v 2.005058 -0.887692 -0.046682
v 1.928801 -0.900676 -0.054732
v 1.849241 -0.912779 -0.059999
v 1.787959 -0.901637 -0.053412
v 1.719595 -0.898461 -0.054263
v 1.662264 -0.885339 -0.041755
v 1.588240 -0.894619 -0.050206
v 1.524088 -0.892697 -0.047856
v 1.435087 -0.906430 -0.061074
v 1.388978 -0.881779 -0.037645
v 1.298605 -0.904089 -0.060254
v 1.257373 -0.876398 -0.034100
v 1.164429 -0.905035 -0.059137
v 1.094443 -0.905675 -0.059123
v 1.035099 -0.890827 -0.050704
v 0.977841 -0.880921 -0.042030
v 3.010902 -0.987125 -0.068948
v 2.953633 -0.968548 -0.057068
v 2.879683 -0.971121 -0.058437
v 2.829925 -0.953199 -0.042482
v 2.756450 -0.961964 -0.050993
v 2.694959 -0.955059 -0.044597
v 2.610243 -0.969322 -0.058694
v 2.535349 -0.963978 -0.055108
v 2.509312 -0.934403 -0.020414
v 2.434680 -0.953407 -0.034675
v 2.340463 -0.970241 -0.056022
v 2.263381 -0.967272 -0.057167
v 2.211050 -0.952730 -0.044525
v 2.129350 -0.968738 -0.055694
v 2.066085 -0.964923 -0.049615
v 1.994580 -0.974490 -0.056778
v 1.926005 -0.969745 -0.052421
v 1.871445 -0.957771 -0.039066
v 1.801294 -0.962107 -0.045170
v 1.724475 -0.965703 -0.052906
v 1.640274 -0.972217 -0.060628
v 1.596073 -0.950850 -0.040597
v 1.511223 -0.973464 -0.058841
v 1.453987 -0.958780 -0.046787
v 1.364862 -0.975511 -0.063205
v 1.318517 -0.953004 -0.043319
v 1.234545 -0.971051 -0.059092
v 1.168753 -0.966480 -0.053272
v 1.120021 -0.951052 -0.034127
v 1.034965 -0.966832 -0.054246
v 0.954802 -0.974482 -0.060981
v 3.046371 -1.025723 -0.037946
v 2.954348 -1.043367 -0.058822
v 2.889465 -1.030637 -0.049220
v 2.827020 -1.027234 -0.047423
v 2.758211 -1.028595 -0.050026
v 2.682482 -1.034012 -0.054431
v 2.616823 -1.035465 -0.052796
v 2.536649 -1.040210 -0.060060
v 2.479423 -1.022360 -0.049035
v 2.405919 -1.030746 -0.055099
v 2.348056 -1.027262 -0.047530
v 2.258546 -1.048115 -0.064375
v 2.198000 -1.036403 -0.055272
v 2.128930 -1.036400 -0.054866
v 2.075914 -1.021600 -0.039630
v 2.016094 -1.019395 -0.036983
v 1.931028 -1.028893 -0.047518
v 1.868055 -1.023288 -0.041471
v 1.805220 -1.025279 -0.043317
v 1.728933 -1.032434 -0.051541
v 1.643075 -1.037137 -0.056901
v 1.584063 -1.029993 -0.049214
v 1.527266 -1.025677 -0.044334
v 1.444330 -1.040500 -0.057333
v 1.377561 -1.035016 -0.053319
v 1.307195 -1.034801 -0.054828
v 1.239396 -1.033654 -0.054112
v 1.170670 -1.029850 -0.049496
v 1.098621 -1.040328 -0.057586
v 1.037579 -1.034100 -0.051760
v 0.969716 -1.031457 -0.048461
vn -0.0270 0.1209 0.9923
vn 0.2559 -0.0891 0.9626
vn 0.0055 0.0508 0.9987
vn -0.1044 0.0133 0.9944
vn 0.1387 -0.0263 0.9900
vn -0.0008 0.0697 0.9976
vn -0.0563 -0.1232 0.9908
vn 0.0507 -0.2267 0.9726
vn -0.0830 -0.0458 0.9955
vn 0.1008 -0.0010 0.9949
vn -0.1428 0.0859 0.9860
vn 0.2974 0.5782 0.7598
vn -0.1458 0.2389 0.9600
vn 0.1155 -0.0774 0.9903
vn -0.0133 -0.1817 0.9833
vn -0.1404 -0.1510 0.9785
vn 0.2512 -0.2270 0.9409
vn -0.0479 -0.0576 0.9972
vn -0.1630 0.1149 0.9799
vn 0.2449 0.1731 0.9540
vn -0.0076 0.1518 0.9884
vn 0.0013 0.0418 0.9991
vn -0.0346 -0.0314 0.9989
vn 0.0755 -0.0417 0.9963
vn -0.0816 -0.0153 0.9965
vn -0.0486 -0.1178 0.9919
vn 0.0076 -0.1050 0.9944
vn 0.3629 0.1322 0.9224
vn -0.1593 -0.0313 0.9867
vn 0.0642 -0.1461 0.9872
vn -0.2160 0.1206 0.9689
vn 0.2565 0.0936 0.9620
vn 0.0259 -0.0642 0.9976
vn -0.1208 -0.0351 0.9921
vn 0.1867 -0.0021 0.9824
vn -0.0732 -0.1175 0.9904
vn -0.0963 -0.0571 0.9937
vn -0.0169 -0.0575 0.9982
vn 0.1779 -0.1201 0.9767
vn 0.0468 0.0567 0.9973
vn -0.0576 0.0010 0.9983
vn 0.3494 -0.0549 0.9354
vn -0.2253 -0.0010 0.9743
vn 0.1358 0.1532 0.9788
vn -0.1104 0.2001 0.9735
vn -0.1350 0.1796 0.9744
vn 0.0636 0.0665 0.9958
vn 0.2133 -0.0787 0.9738
vn -0.1774 -0.0618 0.9822
vn 0.1225 -0.1782 0.9763
vn 0.0685 -0.1457 0.9870
vn -0.0174 -0.0055 0.9998
vn -0.0425 0.0439 0.9981
vn -0.0559 -0.0793 0.9953
vn 0.0039 -0.1351 0.9908
vn -0.1033 0.0080 0.9946
vn 0.3556 0.2273 0.9066
vn 0.1449 0.0401 0.9886
vn -0.1512 0.0657 0.9863
vn 0.0962 0.3206 0.9423
vn -0.1411 0.1372 0.9804
vn -0.0064 0.1361 0.9907
vn 0.0048 0.0400 0.9992
vn -0.0710 0.0662 0.9953
vn 0.0209 -0.0343 0.9992
vn -0.0892 -0.0273 0.9956
vn 0.2633 0.2557 0.9302
vn -0.2304 0.2097 0.9502
vn 0.2476 0.0849 0.9651
vn 0.0096 -0.1057 0.9944
vn -0.0459 -0.0790 0.9958
vn 0.0928 -0.1850 0.9783
vn 0.0124 -0.0915 0.9957
vn 0.0800 0.0793 0.9936
vn -0.0971 -0.0415 0.9944
vn -0.1155 -0.0495 0.9921
vn 0.0136 0.0031 0.9999
vn 0.0991 -0.0112 0.9950
vn -0.0207 0.1525 0.9881
vn -0.1003 0.2928 0.9509
vn 0.2138 0.1110 0.9705
vn -0.0716 -0.0449 0.9964
vn 0.0413 -0.0768 0.9962
vn -0.1152 0.0849 0.9897
vn -0.0443 0.0520 0.9977
vn 0.2477 0.1773 0.9525
vn 0.0369 0.0912 0.9951
vn 0.0289 -0.0877 0.9957
vn -0.0338 -0.0818 0.9961
vn 0.1409 -0.0608 0.9882
vn -0.0333 -0.1681 0.9852
vn -0.0574 -0.1302 0.9898
vn 0.0003 -0.1321 0.9912
vn 0.0801 -0.0417 0.9959
vn -0.1080 0.0721 0.9915
vn 0.0785 0.1276 0.9887
vn 0.1056 -0.0095 0.9944
vn -0.1184 -0.0320 0.9925
vn 0.1191 0.1748 0.9774
vn -0.1146 0.0891 0.9894
vn 0.0304 0.0191 0.9994
vn -0.1104 -0.0130 0.9938
vn 0.3001 -0.1251 0.9457
vn 0.0005 -0.0869 0.9962
vn -0.1138 -0.0593 0.9917
vn -0.0486 0.0020 0.9988
vn 0.2143 0.2372 0.9475
vn -0.0207 0.2500 0.9680
vn 0.1155 0.0800 0.9901
vn -0.1330 -0.0080 0.9911
vn 0.0524 -0.0250 0.9983
vn -0.0449 0.0377 0.9983
vn -0.0153 0.0472 0.9988
vn 0.0123 -0.0463 0.9989
vn -0.0218 0.1689 0.9854
vn 0.2132 0.1130 0.9705
vn -0.0488 0.0326 0.9983
vn -0.0717 0.0169 0.9973
vn -0.0366 -0.0806 0.9961
vn 0.2128 -0.0829 0.9736
vn 0.1341 -0.0277 0.9906
vn 0.0108 0.2043 0.9789
vn -0.0771 0.1866 0.9794
vn 0.0154 -0.0725 0.9973
vn -0.0386 -0.1486 0.9881
vn 0.1040 -0.1115 0.9883
vn 0.0261 -0.0283 0.9993
vn -0.0832 -0.0166 0.9964
vn 0.1086 -0.1195 0.9869
vn -0.0639 -0.0106 0.9979
vn -0.0990 -0.0274 0.9947
vn -0.0152 -0.0292 0.9995
vn 0.2278 0.1112 0.9673
vn 0.0028 -0.0214 0.9998
vn -0.0942 -0.0056 0.9955
vn 0.1343 0.1403 0.9810
vn -0.0007 -0.0437 0.9990
vn 0.0074 -0.1693 0.9855
vn -0.0176 -0.1339 0.9908
vn -0.0671 -0.1030 0.9924
vn 0.0388 -0.0484 0.9981
vn 0.1040 0.0164 0.9944
vn -0.0641 0.1005 0.9929
vn -0.0174 0.1286 0.9915
vn 0.1383 0.0332 0.9898
vn 0.0159 0.0897 0.9958
vn -0.0438 -0.0099 0.9990
vn -0.0543 0.0275 0.9981
vn 0.0386 0.3078 0.9507
vn -0.0912 -0.0088 0.9958
vn 0.2979 -0.0333 0.9540
vn -0.0007 -0.0987 0.9951
vn -0.0358 -0.0814 0.9960
vn -0.0756 0.0920 0.9929
vn -0.0016 0.1906 0.9817
vn 0.0086 0.0357 0.9993
vn 0.1600 -0.0368 0.9864
vn -0.0645 0.1105 0.9918
vn -0.0599 0.0717 0.9956
vn 0.0894 -0.0559 0.9944
vn -0.0923 0.1596 0.9829
vn 0.1301 0.4219 0.8973
vn -0.0987 -0.0120 0.9950
vn 0.1005 -0.0939 0.9905
vn -0.0710 0.0178 0.9973
vn 0.1274 -0.0552 0.9903
vn -0.0396 0.0847 0.9956
vn -0.0829 0.1221 0.9891
vn 0.1755 0.1794 0.9680
vn -0.1707 0.1419 0.9750
vn 0.2551 0.1629 0.9531
vn -0.0869 0.0043 0.9962
vn 0.0681 -0.1221 0.9902
vn -0.0087 -0.0073 0.9999
vn 0.1223 0.0849 0.9889
vn -0.0105 -0.0239 0.9997
vn -0.1049 -0.0308 0.9940
vn 0.1802 0.0595 0.9818
vn -0.0239 -0.0076 0.9997
vn -0.1770 0.0656 0.9820
vn 0.2428 0.1413 0.9597
vn -0.0646 0.0580 0.9962
vn 0.1719 0.1964 0.9653
vn -0.0608 0.1577 0.9856
vn -0.0486 0.0466 0.9977
vn -0.0930 0.0136 0.9956
vn 0.1751 -0.0223 0.9843
vn 0.0048 -0.0752 0.9972
vn -0.1021 -0.0350 0.9942
vn 0.3045 0.2079 0.9295
vn -0.0189 0.1363 0.9905
vn -0.0581 -0.0781 0.9953
vn -0.1152 0.0281 0.9929
vn 0.1089 0.1032 0.9887
vn 0.0020 0.0391 0.9992
vn 0.0007 0.0722 0.9974
vn 0.1724 0.0007 0.9850
vn -0.1712 0.0141 0.9851
vn 0.1916 -0.0880 0.9775
vn 0.0025 0.1511 0.9885
vn -0.1254 0.0224 0.9918
vn -0.0577 -0.1293 0.9899
vn 0.2688 0.1557 0.9505
vn -0.0772 0.0278 0.9966
vn -0.0069 -0.1793 0.9838
vn 0.0974 -0.1263 0.9872
vn -0.1382 -0.0466 0.9893
vn 0.0753 -0.2070 0.9754
vn 0.0331 -0.1566 0.9871
vn -0.1009 -0.0998 0.9899
vn 0.1384 -0.0548 0.9889
vn -0.0299 -0.0200 0.9994
vn 0.0754 -0.1123 0.9908
vn -0.0318 -0.1220 0.9920
vn -0.0391 -0.0251 0.9989
vn -0.0222 0.1009 0.9946
vn 0.0299 0.0950 0.9950
vn -0.0065 0.0091 0.9999
vn 0.3151 0.4460 0.8377
vn -0.0256 0.1975 0.9800
vn -0.0944 -0.1115 0.9893
vn -0.0915 -0.0672 0.9935
vn 0.0804 -0.0442 0.9958
vn -0.0523 -0.0332 0.9981
vn -0.0178 -0.1322 0.9911
vn -0.0203 -0.1826 0.9830
vn 0.1823 -0.1627 0.9697
vn -0.1502 -0.1028 0.9833
vn 0.4280 0.0953 0.8987
vn -0.0494 -0.0784 0.9957
vn -0.1310 -0.0556 0.9898
vn 0.0594 0.2848 0.9567
vn 0.2319 0.0601 0.9709
vn -0.1585 0.0039 0.9873
vn -0.1308 0.0071 0.9914
vn 0.2196 -0.1357 0.9661
vn -0.0751 -0.0017 0.9972
vn -0.0386 0.1785 0.9832
vn 0.1695 0.0793 0.9823
vn -0.0701 0.1930 0.9787
vn 0.0187 0.2074 0.9781
vn 0.0006 0.0629 0.9980
vn -0.0382 0.0746 0.9965
vn 0.0369 0.0639 0.9973
vn -0.0796 -0.0358 0.9962
vn 0.1005 -0.0903 0.9908
vn -0.1053 -0.0947 0.9899
vn 0.0828 -0.1131 0.9901
vn 0.1786 -0.2392 0.9544
vn -0.1420 -0.2198 0.9652
vn 0.0191 -0.1339 0.9908
vn 0.0656 0.1114 0.9916
vn -0.0168 0.1460 0.9891
vn 0.0188 0.1201 0.9926
vn -0.1696 0.1339 0.9764
vn 0.1408 0.2679 0.9531
vn 0.1507 0.2307 0.9613
vn -0.1158 0.1866 0.9756
vn 0.2104 -0.0451 0.9766
vn -0.1048 -0.0501 0.9932
vn 0.1831 0.2049 0.9615
vn -0.1170 -0.0174 0.9930
vn 0.0840 -0.1211 0.9891
vn -0.1333 -0.1213 0.9836
vn 0.1774 0.1527 0.9722
vn -0.1160 0.2485 0.9617
vn 0.0435 -0.0821 0.9957
vn -0.0003 -0.0763 0.9971
vn 0.1001 -0.0004 0.9950
vn -0.0219 -0.1009 0.9947
vn 0.0134 -0.0004 0.9999
vn 0.0023 0.1235 0.9923
vn -0.0920 0.0332 0.9952
vn 0.0797 0.0291 0.9964
vn -0.1334 0.1111 0.9848
vn 0.0197 0.0376 0.9991
vn -0.0417 0.0873 0.9953
vn 0.0465 0.1541 0.9870
vn -0.0032 0.0271 0.9996
vn -0.0184 0.2073 0.9781
vn -0.0290 0.1439 0.9892
vn 0.0354 -0.1555 0.9872
vn 0.0753 -0.1263 0.9891
vn -0.0528 -0.0801 0.9954
vn -0.0754 -0.0994 0.9922
vn 0.0724 -0.1053 0.9918
vn -0.0512 -0.2044 0.9775
vn 0.2085 -0.1699 0.9632
vn -0.1116 0.0592 0.9920
vn 0.1100 0.0103 0.9939
vn -0.0075 -0.1005 0.9949
vn -0.0872 -0.0433 0.9953
vn -0.0817 -0.0786 0.9935
vn -0.0718 -0.1118 0.9911
vn 0.5904 -0.0547 0.8052
vn -0.1872 0.0052 0.9823
vn -0.0867 0.0430 0.9953
vn 0.1383 0.0279 0.9900
vn 0.0512 0.0171 0.9985
vn -0.0697 0.0418 0.9967
vn 0.1954 -0.2200 0.9557
vn 0.0692 -0.0796 0.9944
vn -0.1668 -0.0470 0.9849
vn 0.1429 -0.1099 0.9836
vn -0.0164 -0.0065 0.9998
vn -0.0785 0.1016 0.9917
vn 0.0556 0.0512 0.9971
vn -0.0799 -0.0337 0.9962
vn 0.0106 -0.0511 0.9986
vn 0.1399 -0.0479 0.9890
vn -0.1062 0.0546 0.9928
vn -0.0645 0.2080 0.9760
vn 0.0624 0.0169 0.9979
vn -0.0053 0.0081 1.0000
vn -0.0255 0.1954 0.9804
vn -0.0613 0.0929 0.9938
vn -0.0677 0.1629 0.9843
vn 0.4785 0.2039 0.8541
vn -0.0965 -0.0035 0.9953
vn 0.1388 0.0930 0.9859
vn -0.1559 0.0331 0.9872
vn 0.0713 -0.0299 0.9970
vn -0.1255 0.1695 0.9775
vn 0.1058 0.5369 0.8370
vn 0.2746 0.2467 0.9294
vn -0.1511 -0.0633 0.9865
vn -0.0171 -0.0107 0.9998
vn 0.2988 0.2479 0.9216
vn -0.0704 0.1446 0.9870
vn -0.0021 0.0692 0.9976
vn 0.2058 0.1199 0.9712
vn 0.0758 -0.1075 0.9913
vn -0.1414 -0.0649 0.9878
vn 0.1514 -0.0125 0.9884
vn -0.0168 -0.1052 0.9943
vn 0.0774 -0.0762 0.9941
vn -0.0829 -0.0091 0.9965
vn 0.0814 0.1098 0.9906
vn -0.0395 0.2703 0.9620
vn -0.0082 0.0336 0.9994
vn -0.0478 -0.1222 0.9913
vn 0.1796 -0.0141 0.9836
vn -0.1611 0.1313 0.9782
vn 0.0898 0.0058 0.9959
vn 0.0582 0.0095 0.9983
vn -0.1359 0.0663 0.9885
vn 0.0980 0.0817 0.9918
vn -0.0111 -0.0680 0.9976
vn -0.0272 -0.1435 0.9893
vn 0.2122 -0.1079 0.9713
vn -0.1784 -0.0237 0.9837
vn 0.0713 -0.0171 0.9973
vn -0.0018 -0.0819 0.9966
vn 0.0713 -0.1326 0.9886
vn -0.0231 -0.1330 0.9908
vn -0.0584 0.0141 0.9982
vn -0.0310 0.0720 0.9969
vn 0.2687 -0.0922 0.9588
vn -0.1253 -0.0875 0.9883
vn 0.0662 -0.0753 0.9950
vn -0.0874 0.0051 0.9962
vn -0.0151 -0.1186 0.9928
vn -0.0387 -0.1045 0.9938
vn 0.1589 -0.0532 0.9859
vn -0.0142 0.0872 0.9961
vn 0.1520 0.1063 0.9826
vn -0.1271 0.0032 0.9919
vn 0.1101 -0.1091 0.9879
vn -0.0230 -0.1539 0.9878
vn -0.0900 -0.0843 0.9924
vn -0.0776 -0.0481 0.9958
vn 0.2035 -0.1754 0.9632
vn 0.0627 -0.0454 0.9970
vn -0.1617 0.0434 0.9859
vn 0.0618 -0.1761 0.9824
vn 0.0428 -0.0577 0.9974
vn -0.0008 0.0581 0.9983
vn -0.1340 -0.0312 0.9905
vn 0.0915 0.0308 0.9953
vn 0.0150 -0.1042 0.9944
vn 0.0386 -0.0833 0.9958
vn -0.1206 -0.0347 0.9921
vn 0.0551 -0.1124 0.9921
vn -0.0358 -0.1060 0.9937
vn 0.1916 -0.0383 0.9807
vn 0.0516 0.1051 0.9931
vn -0.0886 0.0801 0.9928
vn 0.1351 0.0595 0.9890
vn -0.1609 -0.0645 0.9849
vn 0.1101 -0.1280 0.9856
vn 0.0190 0.0204 0.9996
vn -0.1289 0.1775 0.9756
vn 0.1339 0.2681 0.9540
vn 0.0577 0.2007 0.9779
vn 0.0761 0.0151 0.9970
vn 0.0431 0.0149 0.9990
vn -0.1225 0.0214 0.9922
vn 0.0328 0.0736 0.9967
vn -0.0405 0.0581 0.9975
vn 0.0416 0.1236 0.9915
vn -0.1448 0.1432 0.9790
vn 0.1624 0.1684 0.9723
vn 0.0896 -0.0643 0.9939
vn -0.1158 -0.0713 0.9907
vn -0.0381 0.1057 0.9937
vn 0.4721 0.1607 0.8668
vn -0.1853 0.0113 0.9826
vn -0.0148 0.0253 0.9996
vn 0.1661 0.2065 0.9642
vn -0.0333 0.3808 0.9241
vn 0.0883 0.3423 0.9354
vn -0.1832 0.1638 0.9693
vn -0.0600 0.0899 0.9941
vn 0.0729 0.0943 0.9929
vn 0.1971 0.0994 0.9753
vn -0.0194 -0.1102 0.9937
vn -0.0496 -0.1273 0.9906
vn 0.0303 -0.1513 0.9880
vn -0.1209 -0.0380 0.9919
vn 0.1030 0.0505 0.9934
vn 0.3460 -0.0416 0.9373
vn -0.1201 0.0585 0.9910
vn 0.0642 0.0032 0.9979
vn -0.0871 -0.1218 0.9887
vn 0.1508 -0.1029 0.9832
vn 0.0033 -0.0568 0.9984
vn -0.1368 -0.1147 0.9839
vn 0.2206 -0.0976 0.9705
vn -0.1072 0.0085 0.9942
vn 0.1950 0.0080 0.9808
vn -0.1946 -0.0143 0.9808
vn 0.1423 -0.0969 0.9851
vn -0.0537 -0.0324 0.9980
vn 0.1329 0.1233 0.9834
vn -0.1083 0.0796 0.9909
vn 0.2317 -0.1016 0.9675
vn -0.1435 -0.0340 0.9891
vn 0.0120 0.0272 0.9996
vn 0.1380 -0.0685 0.9881
vn 0.0466 -0.1113 0.9927
vn -0.0666 -0.1132 0.9913
vn -0.0794 -0.1000 0.9918
vn -0.0585 0.0513 0.9970
vn 0.2747 0.2697 0.9229
vn -0.1211 0.0074 0.9926
vn 0.0491 -0.0072 0.9988
vn -0.0874 0.0632 0.9942
vn -0.0027 0.0164 0.9999
vn -0.0060 -0.0103 0.9999
vn 0.0835 0.0307 0.9960
vn -0.0142 0.0648 0.9978
vn 0.1397 -0.0638 0.9881
vn -0.0872 0.1189 0.9891
vn -0.1397 0.0932 0.9858
vn 0.1358 -0.0223 0.9905
vn -0.0694 -0.1352 0.9884
vn 0.0549 0.0818 0.9951
vn 0.0236 0.0667 0.9975
vn -0.0765 -0.1461 0.9863
vn 0.1628 -0.1653 0.9727
vn -0.1701 -0.0858 0.9817
vn 0.3342 0.0958 0.9376
vn -0.0015 0.2011 0.9796
vn 0.0547 0.0410 0.9977
vn -0.0756 0.0272 0.9968
vn -0.0044 0.0237 0.9997
vn -0.0220 -0.0735 0.9970
vn 0.1373 0.1287 0.9821
vn -0.0550 0.1114 0.9922
vn -0.0364 -0.0961 0.9947
vn -0.0283 -0.1127 0.9932
vn -0.0239 -0.0250 0.9994
vn 0.1309 0.0473 0.9903
vn -0.0670 -0.1404 0.9878
vn 0.0096 -0.1175 0.9930
vn 0.0677 0.0503 0.9964
vn 0.0353 0.1241 0.9916
vn -0.0383 0.3096 0.9501
vn -0.0457 0.2571 0.9653
vn -0.0328 0.0377 0.9987
vn -0.1660 -0.0387 0.9854
vn 0.2180 -0.0800 0.9727
vn -0.0435 -0.1229 0.9915
vn -0.1407 -0.1085 0.9841
vn 0.0356 -0.1419 0.9892
vn -0.0751 -0.0714 0.9946
vn 0.1582 -0.1952 0.9679
vn 0.1579 0.0391 0.9867
vn -0.1645 0.4288 0.8883
vn -0.0293 0.1149 0.9929
vn 0.0001 0.1191 0.9929
vn 0.1214 0.0306 0.9921
vn 0.0147 -0.1555 0.9877
vn 0.0587 -0.0307 0.9978
vn -0.0381 0.0271 0.9989
vn -0.0470 0.0304 0.9984
vn 0.0162 0.1546 0.9878
vn 0.1299 -0.0066 0.9915
vn -0.0738 -0.0306 0.9968
vn -0.0991 0.0935 0.9907
vn -0.0792 0.0054 0.9968
vn 0.1739 0.0188 0.9846
vn 0.1025 0.1143 0.9882
vn -0.2347 0.0606 0.9702
vn 0.1697 -0.0499 0.9842
vn 0.0411 -0.0928 0.9948
vn 0.0988 -0.1047 0.9896
vn 0.0409 -0.0965 0.9945
vn -0.0834 -0.0471 0.9954
vn -0.1139 -0.0354 0.9929
vn -0.1182 0.0226 0.9927
vn 0.0081 -0.0518 0.9986
vn -0.0354 -0.1215 0.9920
vn -0.0440 0.0153 0.9989
vn 0.0265 0.1948 0.9805
vn -0.0039 0.1757 0.9844
vn -0.0324 0.1875 0.9817
vn 0.5499 -0.0281 0.8348
vn -0.1327 -0.0980 0.9863
vn -0.0816 0.0201 0.9965
vn 0.0653 0.0220 0.9976
vn 0.0395 0.1022 0.9940
vn -0.1390 0.0523 0.9889
vn 0.0716 -0.2022 0.9767
vn 0.0226 -0.1691 0.9853
vn -0.0649 -0.1375 0.9884
vn 0.1095 -0.1857 0.9765
vn -0.0192 -0.0869 0.9960
vn -0.0058 -0.1124 0.9936
vn 0.0461 -0.0369 0.9983
vn -0.1812 0.0611 0.9815
vn 0.1616 -0.0670 0.9846
vn 0.0660 -0.1345 0.9887
vn -0.1617 -0.0409 0.9860
vn 0.0508 0.0581 0.9970
vn -0.0258 -0.0655 0.9975
vn 0.1210 -0.1156 0.9859
vn 0.0514 -0.0848 0.9951
vn -0.0751 -0.0983 0.9923
vn -0.0382 -0.0322 0.9987
vn -0.0383 0.1805 0.9828
vn -0.1437 0.1942 0.9704
vn -0.0894 0.0864 0.9922
vn 0.2390 0.1314 0.9621
vn -0.0399 0.1236 0.9915
vn 0.0104 0.0857 0.9963
vn 0.0258 0.1506 0.9883
vn 0.0094 -0.0206 0.9997
vn 0.0439 -0.0605 0.9972
vn 0.1232 0.2563 0.9587
vn -0.1949 0.0583 0.9791
vn 0.2497 -0.1142 0.9616
vn -0.1967 0.0177 0.9803
vn -0.0186 0.1415 0.9898
vn 0.0292 -0.0131 0.9995
vn -0.0665 -0.0236 0.9975
vn 0.2998 0.1428 0.9433
vn -0.0870 0.0029 0.9962
vn -0.0614 -0.0888 0.9942
vn 0.3682 -0.0374 0.9290
vn -0.1597 0.1419 0.9769
vn -0.0366 0.1663 0.9854
vn 0.0289 0.0080 0.9996
vn -0.0845 -0.0121 0.9963
vn 0.1208 0.0640 0.9906
vn -0.1342 0.1206 0.9836
vn 0.1768 0.0954 0.9796
vn -0.0229 -0.0142 0.9996
vn -0.0380 -0.0041 0.9993
vn 0.0182 0.0218 0.9996
vn 0.0103 -0.0726 0.9973
vn -0.1242 -0.0648 0.9901
vn -0.0065 0.0924 0.9957
vn 0.1230 0.1057 0.9868
vn -0.0802 -0.0557 0.9952
vn 0.0699 -0.0309 0.9971
vn 0.0377 -0.0071 0.9993
vn -0.0775 0.0665 0.9948
vn 0.0519 0.0252 0.9983
vn 0.1841 -0.1355 0.9735
vn -0.2175 0.0153 0.9759
vn 0.2247 0.1112 0.9681
vn -0.0213 0.1503 0.9884
vn -0.0955 0.2106 0.9729
vn -0.0613 0.2000 0.9779
vn 0.0174 0.2458 0.9692
vn 0.1517 0.0862 0.9847
vn -0.0849 0.0886 0.9924
vn -0.1115 0.1907 0.9753
vn 0.3353 0.0441 0.9411
vn -0.0393 -0.0535 0.9978
vn -0.1051 -0.0227 0.9942
vn 0.1005 0.0942 0.9905
vn -0.1331 0.1058 0.9854
vn 0.4903 0.3169 0.8119
vn -0.2372 0.1396 0.9614
vn 0.1304 0.0539 0.9900
vn 0.0674 0.2363 0.9693
vn -0.0904 0.2312 0.9687
vn -0.1214 -0.0187 0.9924
vn -0.1222 0.0433 0.9916
vn -0.0257 0.0405 0.9988
vn 0.0557 0.0690 0.9961
vn -0.0927 -0.0798 0.9925
vn 0.0124 -0.0526 0.9985
vn 0.0568 0.0029 0.9984
vn 0.1762 0.0867 0.9805
vn -0.0907 0.0810 0.9926
vn -0.1151 -0.0630 0.9914
vn 0.0988 -0.1686 0.9807
vn 0.0185 -0.0915 0.9956
vn 0.0328 0.0098 0.9994
vn -0.0173 -0.1455 0.9892
vn 0.0482 -0.0966 0.9942
vn -0.0415 0.0651 0.9970
vn -0.0124 0.0337 0.9994
vn -0.0382 -0.0277 0.9989
vn 0.0522 -0.0719 0.9960
vn -0.0856 -0.0154 0.9962
vn 0.1496 0.0214 0.9885
vn -0.0575 -0.0263 0.9980
vn -0.0650 -0.0281 0.9975
vn 0.0590 -0.1011 0.9931
vn -0.0652 -0.0827 0.9944
vn 0.2734 -0.1591 0.9486
vn -0.1817 -0.1027 0.9780
vn 0.0749 -0.0664 0.9950
vn 0.1169 -0.1544 0.9811
vn -0.0620 -0.0915 0.9939
vn -0.1608 0.0777 0.9839
vn -0.0600 -0.0758 0.9953
vn -0.0489 -0.0418 0.9979
vn -0.0225 -0.1406 0.9898
vn -0.0765 -0.0551 0.9955
vn 0.2526 0.1202 0.9601
vn -0.1060 0.0283 0.9940
vn 0.1888 -0.1563 0.9695
vn -0.1066 -0.1272 0.9861
vn 0.0343 0.1253 0.9915
vn -0.1136 0.1799 0.9771
vn 0.0325 -0.1070 0.9937
vn 0.0965 -0.1331 0.9864
vn -0.0353 0.1167 0.9925
vn 0.1177 0.0796 0.9899
vn -0.0962 -0.1066 0.9896
vn 0.0341 -0.1269 0.9913
vn -0.1112 -0.1023 0.9885
vn 0.0099 -0.1880 0.9821
vn 0.0929 -0.1330 0.9868
vn 0.1496 0.0218 0.9885
vn -0.1096 0.0038 0.9940
vn 0.0438 0.0639 0.9970
vn -0.1033 0.0711 0.9921
vn 0.0375 0.0111 0.9992
vn 0.0358 -0.0447 0.9984
vn -0.1133 -0.1015 0.9884
vn 0.1171 -0.0664 0.9909
vn 0.1007 0.0407 0.9941
vn -0.0711 -0.0535 0.9960
vn 0.1210 0.0203 0.9924
vn -0.0844 -0.1189 0.9893
vn 0.0489 -0.1188 0.9917
vn -0.0172 0.1310 0.9912
vn 0.0129 0.1414 0.9899
vn 0.1058 -0.0183 0.9942
vn -0.1259 -0.0726 0.9894
vn 0.1297 -0.0269 0.9912
vn -0.0702 -0.0056 0.9975
vn 0.2184 -0.0648 0.9737
vn -0.0150 0.1555 0.9877
vn -0.2017 0.3036 0.9312
vn 0.0086 -0.0080 0.9999
vn 0.1033 -0.1802 0.9782
vn -0.0657 -0.1477 0.9868
vn 0.0953 0.0374 0.9947
vn -0.0232 0.2245 0.9742
vn -0.0847 0.2182 0.9722
vn -0.0976 0.3291 0.9392
vn 0.1701 0.1499 0.9740
vn -0.0065 -0.1280 0.9918
vn 0.0994 -0.0543 0.9936
vn -0.0825 -0.0151 0.9965
vn 0.0874 0.0226 0.9959
vn -0.0400 0.2390 0.9702
vn -0.1078 0.0295 0.9937
vn -0.0715 0.0425 0.9965
vn 0.0802 0.0114 0.9967
vn 0.1976 -0.0481 0.9791
vn -0.1134 0.1056 0.9879
vn 0.0525 -0.0571 0.9970
vn -0.1225 0.2820 0.9516
vn 0.2171 0.4982 0.8394
vn -0.0779 0.0754 0.9941
vn 0.0695 0.0662 0.9954
vn -0.0325 0.1316 0.9908
vn -0.1185 0.1099 0.9869
vn 0.2343 0.1879 0.9538
vn -0.1003 0.1470 0.9840
vn 0.0126 -0.0062 0.9999
vn 0.0927 -0.2134 0.9725
vn -0.0543 -0.1272 0.9904
vn -0.1500 0.0810 0.9854
vn 0.2938 0.2838 0.9128
vn -0.1347 0.2274 0.9644
vn 0.0647 -0.0720 0.9953
vn 0.0259 -0.1633 0.9862
vn -0.0296 -0.0953 0.9950
vn -0.0029 -0.0664 0.9978
vn -0.0291 0.0111 0.9995
vn -0.1261 -0.0219 0.9918
vn 0.5793 0.0346 0.8144
vn -0.2065 0.1225 0.9708
vn 0.0473 -0.0680 0.9966
vn 0.0977 -0.1353 0.9860
vn -0.1883 0.0423 0.9812
vn 0.1239 0.1280 0.9840
vn -0.0781 0.1775 0.9810
vn 0.2814 0.1372 0.9497
vn -0.1016 -0.0247 0.9945
vn -0.0628 0.0132 0.9979
vn -0.0324 -0.0631 0.9975
vn 0.0409 -0.1274 0.9910
vn -0.0794 -0.0084 0.9968
vn 0.0514 -0.0126 0.9986
vn 0.0161 -0.0383 0.9991
vn -0.0068 0.1477 0.9890
vn -0.0824 -0.0308 0.9961
vn 0.0566 -0.1317 0.9897
vn -0.0595 0.0949 0.9937
vn 0.0853 0.3049 0.9486
vn -0.0539 0.1011 0.9934
vn -0.1263 -0.1051 0.9864
vn 0.1224 -0.2403 0.9630
vn 0.0075 -0.1792 0.9838
vn -0.0748 0.0526 0.9958
vn -0.0067 -0.0035 1.0000
vn 0.0435 -0.0472 0.9979
vn 0.0752 0.0691 0.9948
vn 0.0058 0.0879 0.9961
vn -0.1834 0.0807 0.9797
vn 0.3212 -0.1391 0.9368
vn -0.0129 -0.1076 0.9941
vn -0.1140 0.1466 0.9826
vn 0.1117 0.0569 0.9921
vn -0.0520 0.0197 0.9985
vn -0.0300 0.0170 0.9994
vn 0.0725 -0.0328 0.9968
vn -0.0376 -0.0591 0.9975
vn -0.0364 -0.0905 0.9952
vn 0.0358 0.0296 0.9989
vn -0.1755 -0.0003 0.9845
vn 0.0489 -0.1010 0.9937
vn 0.0578 -0.0834 0.9948
vn -0.0182 -0.0034 0.9998
vn 0.0662 0.0011 0.9978
vn -0.0138 -0.1130 0.9935
vn -0.1304 -0.0364 0.9908
vn 0.2216 0.1339 0.9659
vn -0.0872 -0.0707 0.9937
vn 0.1110 -0.1822 0.9770
vn -0.0546 -0.0227 0.9983
vn -0.1534 0.2502 0.9560
vn 0.0246 0.3834 0.9233
vn 0.1811 0.2952 0.9381
vn -0.1274 -0.0349 0.9912
vn -0.0236 -0.0753 0.9969
vn 0.3656 0.2054 0.9078
vn -0.0168 0.1612 0.9868
vn -0.0189 0.0164 0.9997
vn -0.1678 -0.0191 0.9856
vn 0.0466 -0.0480 0.9978
vn 0.1158 -0.1391 0.9835
vn 0.0450 -0.1085 0.9931
vn 0.0233 0.0716 0.9972
vn -0.0852 -0.0209 0.9961
vn 0.0224 -0.0108 0.9997
vn 0.1261 0.1529 0.9802
vn -0.1232 0.0901 0.9883
vn 0.0459 0.1537 0.9871
vn -0.0223 0.0187 0.9996
vn -0.1329 -0.0775 0.9881
vn 0.0844 0.0835 0.9929
vn 0.0113 0.0207 0.9997
vn 0.0946 -0.0069 0.9955
vn -0.1069 -0.0812 0.9910
vn -0.0098 -0.1362 0.9906
vn -0.0308 -0.1031 0.9942
vn 0.1182 -0.1639 0.9794
vn -0.1304 -0.0698 0.9890
vn 0.1277 -0.0463 0.9907
vn 0.0430 -0.1098 0.9930
vn 0.0191 -0.0979 0.9950
vn -0.0686 -0.0723 0.9950
vn 0.0346 -0.1618 0.9862
vn -0.0423 0.0914 0.9949
vn -0.0366 0.3018 0.9527
vn 0.0132 -0.1645 0.9863
vn 0.0995 -0.2382 0.9661
vn -0.0878 -0.0977 0.9913
vn -0.0406 -0.0031 0.9992
vn -0.0290 0.1322 0.9908
vn 0.0661 0.0928 0.9935
vn -0.0255 -0.0795 0.9965
vn 0.1724 -0.1830 0.9679
vn -0.1549 -0.0356 0.9873
vn 0.2165 -0.0049 0.9763
vn -0.0328 -0.0964 0.9948
vn 0.0455 -0.0497 0.9977
vn 0.0001 0.0580 0.9983
vn 0.0371 0.2232 0.9741
vn 0.1131 0.1442 0.9831
vn -0.0522 0.0860 0.9949
vn 0.0225 0.0235 0.9995
vn 0.0766 0.0456 0.9960
vn -0.1644 0.0564 0.9848
vn 0.0705 0.1756 0.9819
vn 0.0357 0.3039 0.9520
vn -0.0802 0.1541 0.9848
vn -0.0486 -0.0246 0.9985
vn 0.0375 -0.0386 0.9986
vn 0.0842 -0.0121 0.9964
vn 0.1459 0.1299 0.9807
vn -0.1726 0.0400 0.9842
vn 0.1353 0.1197 0.9835
vn 0.1410 0.0487 0.9888
vn -0.1264 -0.0702 0.9895
vn -0.1433 0.0321 0.9892
vn 0.2520 0.0293 0.9673
vn -0.0566 -0.0191 0.9982
vn 0.1670 0.1040 0.9805
vn -0.0745 0.0841 0.9937
vn 0.0267 0.0477 0.9985
vn -0.1501 0.0306 0.9882
vn 0.4066 0.1241 0.9051
vn -0.1680 0.0214 0.9856
vn 0.3310 0.0578 0.9418
vn -0.1781 0.0287 0.9836
vn 0.0625 -0.1595 0.9852
vn 0.0553 -0.1690 0.9841
vn 0.1305 -0.1442 0.9809
vn 0.1831 -0.2378 0.9539
vn -0.0911 -0.1418 0.9857
vn 0.2142 -0.0506 0.9755
vn -0.0674 -0.0370 0.9970
vn 0.0130 -0.0083 0.9999
vn -0.0856 -0.0306 0.9959
vn 0.0898 -0.1798 0.9796
vn 0.1444 0.1855 0.9720
vn -0.1394 0.5600 0.8167
vn -0.1625 0.1943 0.9674
vn 0.0777 -0.0382 0.9962
vn 0.1677 -0.1101 0.9797
vn -0.1723 -0.0160 0.9849
vn 0.1812 -0.0360 0.9828
vn -0.0666 -0.1019 0.9926
vn -0.0247 -0.0535 0.9983
vn 0.0688 0.2171 0.9737
vn 0.0103 0.2693 0.9630
vn -0.0600 0.0690 0.9958
vn 0.0298 -0.1157 0.9928
vn 0.0871 -0.0694 0.9938
vn -0.1017 -0.0087 0.9948
vn -0.0079 0.0253 0.9996
vn 0.0470 -0.0766 0.9960
vn -0.0166 -0.0558 0.9983
vn 0.0764 -0.0586 0.9954
vn -0.1054 -0.1050 0.9889
vn 0.2069 0.3358 0.9189
vn -0.0887 0.1645 0.9824
vn 0.0120 -0.1377 0.9904
vn -0.0707 0.2419 0.9677
vn 0.0652 0.0611 0.9960
vn 0.1580 0.0380 0.9867
vn -0.0721 -0.0256 0.9971
vn 0.0142 -0.0615 0.9980
vn -0.0800 -0.0248 0.9965
vn -0.0325 0.0130 0.9994
vn 0.3349 -0.2440 0.9101
vn -0.0929 -0.2226 0.9705
vn -0.0767 -0.0693 0.9946
vn -0.1153 0.0102 0.9933
vn 0.1602 -0.1298 0.9785
vn -0.0664 -0.0614 0.9959
vn 0.2006 0.1019 0.9744
vn -0.0396 0.2630 0.9640
vn -0.0516 0.2090 0.9765
vn 0.1659 0.0263 0.9858
vn -0.0530 -0.0007 0.9986
vn -0.1044 0.0196 0.9943
vn -0.0892 0.0318 0.9955
vn 0.2419 -0.0442 0.9693
vn -0.0906 0.0394 0.9951
vn -0.0067 0.0290 0.9996
vn -0.0813 -0.0044 0.9967
vn 0.1523 -0.0127 0.9883
vn -0.0928 -0.0402 0.9949
vn 0.0869 0.0729 0.9935
vn 0.0735 -0.1309 0.9887
vn -0.0788 -0.1161 0.9901
vn -0.0271 0.1193 0.9925
vn -0.2117 -0.0909 0.9731
vn 0.0487 -0.0991 0.9939
vn 0.2872 0.0065 0.9578
vn 0.0330 -0.1353 0.9903
vn -0.1415 -0.0643 0.9878
vn 0.0923 0.0828 0.9923
vn 0.0269 0.0011 0.9996
vn 0.1737 -0.0331 0.9842
vn -0.1890 0.1414 0.9717
vn 0.0321 0.0673 0.9972
vn 0.1269 -0.1525 0.9801
vn -0.2164 -0.0770 0.9733
vn 0.0543 -0.0644 0.9964
vn 0.0779 -0.0517 0.9956
vn 0.2193 -0.0470 0.9745
vn -0.1078 0.1354 0.9849
vn -0.1030 0.1050 0.9891
vn 0.1325 0.2215 0.9661
vn -0.0974 0.2088 0.9731
vn -0.0265 -0.0942 0.9952
vn 0.0539 -0.1263 0.9905
vn -0.0333 -0.0060 0.9994
vn 0.0422 0.0895 0.9951
vn 0.0197 0.0667 0.9976
vn 0.0209 0.0729 0.9971
vn 0.1255 -0.1200 0.9848
vn -0.0519 -0.1542 0.9867
vn -0.0932 -0.0782 0.9926
vn 0.0984 -0.0273 0.9948
vn -0.0708 0.1293 0.9891
vn 0.0328 0.1861 0.9820
vn 0.1013 -0.0584 0.9931
vn -0.0377 -0.0442 0.9983
vn -0.1466 -0.0236 0.9889
vn -0.2105 0.2198 0.9526
vn -0.0893 -0.1478 0.9850
vn 0.0730 0.0178 0.9972
vn 0.0250 -0.0859 0.9960
vn -0.0324 0.0566 0.9979
vn -0.0496 0.0373 0.9981
vn -0.1191 -0.0314 0.9924
vn -0.0167 0.0465 0.9988
vn -0.0659 0.0857 0.9941
vn -0.0946 -0.0636 0.9935
vn 0.0807 0.1182 0.9897
vn 0.2513 -0.0728 0.9652
vn 0.0466 -0.0498 0.9977
vn -0.0251 -0.0604 0.9979
vn 0.0792 0.0616 0.9949
vn 0.1371 0.0161 0.9904
vn 0.1483 0.0436 0.9880
vn 0.2096 -0.1318 0.9689
vn 0.1435 0.0884 0.9857
vn -0.0671 0.1527 0.9860
vn -0.0086 -0.1486 0.9889
vn 0.0382 0.0711 0.9967
vn -0.0130 0.0318 0.9994
vn 0.0323 0.0032 0.9995
vn -0.1815 -0.0185 0.9832
vn -0.2238 0.1096 0.9685
vn 0.0612 -0.1879 0.9803
vn 0.0770 0.1502 0.9857
vn 0.0129 -0.0738 0.9972
vn 0.0087 -0.0499 0.9987
vn -0.0658 0.1416 0.9877
vn 0.0730 0.1240 0.9896
vn 0.1335 -0.1410 0.9810
vn -0.1102 -0.0574 0.9923
vn 0.0837 -0.0276 0.9961
vn -0.1121 0.0492 0.9925
vn 0.0383 0.0089 0.9992
vn -0.0919 -0.0323 0.9952
vn 0.3390 -0.0040 0.9408
vn -0.0468 -0.1319 0.9902
vn -0.2120 -0.0121 0.9772
vn 0.0469 0.0956 0.9943
vn 0.1368 -0.0234 0.9903
vn -0.0095 -0.1589 0.9873
vn -0.0405 -0.1809 0.9827
vn 0.1486 -0.0735 0.9862
vn -0.0258 0.0440 0.9987
vn 0.1473 0.1139 0.9825
vn -0.1783 0.0598 0.9821
vn 0.2702 -0.0969 0.9579
vn -0.0648 -0.1502 0.9865
vn 0.0061 -0.0505 0.9987
vn -0.1150 0.0992 0.9884
vn 0.1608 -0.0002 0.9870
vn -0.0649 -0.0826 0.9945
vn -0.0510 -0.0575 0.9970
vn 0.0338 -0.0510 0.9981
vn 0.1494 -0.0627 0.9868
vn -0.2431 -0.0046 0.9700
vn 0.2347 -0.0559 0.9704
vn -0.0936 0.3034 0.9482
vn -0.0878 -0.0619 0.9942
vn 0.0127 -0.0690 0.9975
vn 0.0058 -0.1537 0.9881
vn 0.1874 0.2300 0.9550
vn 0.2920 0.0513 0.9550
vn 0.2863 0.0818 0.9546
vn 0.0827 -0.0916 0.9924
vn 0.1615 -0.0552 0.9853
vn 0.4908 0.1706 0.8544
vn 0.1630 -0.1398 0.9767
vn 0.1356 0.1518 0.9791
vn 0.0959 -0.0481 0.9942
vn 0.0592 -0.0908 0.9941
vn 0.0708 0.4315 0.8993
vn -0.1020 -0.1254 0.9868
vn -0.0361 0.0044 0.9993
vn 0.2663 0.1846 0.9460
vn 0.0615 0.1018 0.9929
vn -0.0160 -0.1900 0.9817
vn -0.0159 -0.1470 0.9890
vn -0.0680 0.4100 0.9096
vn -0.0403 -0.0707 0.9967
vn -0.1973 -0.0330 0.9798
vn -0.2788 0.0380 0.9596
vn -0.1444 0.0031 0.9895
vn 0.1188 -0.1184 0.9858
vn 0.2368 0.0115 0.9715
vn 0.0702 0.0423 0.9966
vn -0.2094 0.1162 0.9709
vn 0.0199 -0.1150 -0.9932
vn -0.2499 0.0822 -0.9648
vn 0.0017 -0.0484 -0.9988
vn 0.1015 -0.0150 -0.9947
vn -0.1346 0.0285 -0.9905
vn -0.0015 -0.0729 -0.9973
vn 0.0579 0.1260 -0.9903
vn -0.0527 0.2351 -0.9705
vn 0.0806 0.0426 -0.9958
vn -0.1071 0.0028 -0.9942
vn 0.1357 -0.0886 -0.9868
vn -0.2731 -0.5509 -0.7886
vn 0.1410 -0.2354 -0.9616
vn -0.1106 0.0696 -0.9914
vn 0.0103 0.1785 -0.9839
vn 0.1360 0.1511 -0.9791
vn -0.2449 0.2340 -0.9409
vn 0.0581 0.0582 -0.9966
vn 0.1574 -0.1187 -0.9804
vn -0.2307 -0.1750 -0.9572
vn 0.0117 -0.1583 -0.9873
vn -0.0013 -0.0422 -0.9991
vn 0.0352 0.0332 -0.9988
vn -0.0748 0.0401 -0.9964
vn 0.0825 0.0178 -0.9964
vn 0.0438 0.1133 -0.9926
vn -0.0161 0.0985 -0.9950
vn -0.3774 -0.1170 -0.9186
vn 0.1700 0.0233 -0.9852
vn -0.0543 0.1412 -0.9885
vn 0.2058 -0.1160 -0.9717
vn -0.2480 -0.1055 -0.9630
vn -0.0231 0.0640 -0.9977
vn 0.1170 0.0363 -0.9925
vn -0.1848 -0.0021 -0.9828
vn 0.0745 0.1154 -0.9905
vn 0.0961 0.0523 -0.9940
vn 0.0166 0.0531 -0.9984
vn -0.1721 0.1188 -0.9779
vn -0.0456 -0.0594 -0.9972
vn 0.0487 0.0012 -0.9988
vn -0.3596 0.0730 -0.9302
vn 0.2461 0.0203 -0.9690
vn -0.1322 -0.1490 -0.9800
vn 0.1139 -0.1899 -0.9752
vn 0.1271 -0.1698 -0.9772
vn -0.0648 -0.0637 -0.9959
vn -0.2327 0.0828 -0.9690
vn 0.1779 0.0571 -0.9824
vn -0.1142 0.1703 -0.9788
vn -0.0639 0.1472 -0.9870
vn 0.0183 0.0049 -0.9998
vn 0.0419 -0.0440 -0.9982
vn 0.0564 0.0788 -0.9953
vn -0.0054 0.1311 -0.9914
vn 0.0952 -0.0123 -0.9954
vn -0.3341 -0.2147 -0.9178
vn -0.1521 -0.0455 -0.9873
vn 0.1568 -0.0591 -0.9859
vn -0.0979 -0.3127 -0.9448
vn 0.1507 -0.1506 -0.9770
vn 0.0038 -0.1445 -0.9895
vn -0.0044 -0.0398 -0.9992
vn 0.0714 -0.0666 -0.9952
vn -0.0213 0.0326 -0.9992
vn 0.0849 0.0245 -0.9961
vn -0.2633 -0.2343 -0.9358
vn 0.2238 -0.2049 -0.9529
vn -0.2430 -0.0922 -0.9656
vn -0.0040 0.1030 -0.9947
vn 0.0445 0.0811 -0.9957
vn -0.0904 0.1834 -0.9789
vn -0.0151 0.0931 -0.9955
vn -0.0809 -0.0862 -0.9930
vn 0.1004 0.0494 -0.9937
vn 0.1110 0.0493 -0.9926
vn -0.0158 -0.0041 -0.9999
vn -0.1006 0.0063 -0.9949
vn 0.0257 -0.1462 -0.9889
vn 0.0882 -0.2808 -0.9557
vn -0.2185 -0.1138 -0.9692
vn 0.0757 0.0436 -0.9962
vn -0.0422 0.0768 -0.9962
vn 0.1168 -0.0833 -0.9897
vn 0.0397 -0.0558 -0.9977
vn -0.2341 -0.1632 -0.9584
vn -0.0398 -0.0911 -0.9951
vn -0.0171 0.0949 -0.9953
vn 0.0295 0.0837 -0.9961
vn -0.1478 0.0754 -0.9861
vn 0.0315 0.1722 -0.9846
vn 0.0558 0.1283 -0.9902
vn 0.0023 0.1292 -0.9916
vn -0.0817 0.0429 -0.9957
vn 0.1092 -0.0775 -0.9910
vn -0.0737 -0.1318 -0.9885
vn -0.1127 0.0120 -0.9936
vn 0.1189 0.0436 -0.9920
vn -0.1149 -0.1814 -0.9767
vn 0.1183 -0.0849 -0.9893
vn -0.0309 -0.0195 -0.9993
vn 0.0988 0.0142 -0.9950
vn -0.2969 0.1267 -0.9465
vn 0.0033 0.0846 -0.9964
vn 0.1135 0.0575 -0.9919
vn 0.0457 -0.0023 -0.9990
vn -0.2053 -0.2348 -0.9501
vn 0.0159 -0.2620 -0.9649
vn -0.1247 -0.0855 -0.9885
vn 0.1325 0.0142 -0.9911
vn -0.0485 0.0270 -0.9985
vn 0.0472 -0.0375 -0.9982
vn 0.0154 -0.0463 -0.9988
vn -0.0146 0.0453 -0.9989
vn 0.0208 -0.1677 -0.9856
vn -0.2185 -0.1230 -0.9681
vn 0.0571 -0.0249 -0.9981
vn 0.0697 -0.0164 -0.9974
vn 0.0370 0.0765 -0.9964
vn -0.2174 0.0787 -0.9729
vn -0.1303 0.0303 -0.9910
vn -0.0008 -0.1995 -0.9799
vn 0.0716 -0.1818 -0.9807
vn -0.0147 0.0693 -0.9975
vn 0.0391 0.1454 -0.9886
vn -0.1009 0.1122 -0.9885
vn -0.0256 0.0286 -0.9993
vn 0.0833 0.0162 -0.9964
vn -0.1069 0.1204 -0.9870
vn 0.0668 0.0113 -0.9977
vn 0.0929 0.0194 -0.9955
vn 0.0168 0.0228 -0.9996
vn -0.2308 -0.1152 -0.9662
vn 0.0007 0.0243 -0.9997
vn 0.0929 0.0036 -0.9957
vn -0.1265 -0.1379 -0.9823
vn 0.0007 0.0478 -0.9989
vn 0.0004 0.1746 -0.9846
vn 0.0191 0.1319 -0.9911
vn 0.0655 0.0978 -0.9930
vn -0.0377 0.0469 -0.9982
vn -0.1073 -0.0152 -0.9941
vn 0.0655 -0.1034 -0.9925
vn 0.0173 -0.1307 -0.9913
vn -0.1375 -0.0313 -0.9900
vn -0.0163 -0.0914 -0.9957
vn 0.0446 0.0108 -0.9989
vn 0.0529 -0.0290 -0.9982
vn -0.0441 -0.3019 -0.9523
vn 0.0925 0.0108 -0.9957
vn -0.2789 0.0353 -0.9597
vn 0.0015 0.0996 -0.9950
vn 0.0351 0.0797 -0.9962
vn 0.0756 -0.0906 -0.9930
vn -0.0013 -0.1817 -0.9834
vn -0.0102 -0.0351 -0.9993
vn -0.1632 0.0392 -0.9858
vn 0.0699 -0.1124 -0.9912
vn 0.0558 -0.0716 -0.9959
vn -0.0960 0.0546 -0.9939
vn 0.0978 -0.1571 -0.9827
vn -0.1433 -0.4330 -0.8899
vn 0.1000 0.0154 -0.9949
vn -0.1010 0.0932 -0.9905
vn 0.0712 -0.0188 -0.9973
vn -0.1248 0.0553 -0.9906
vn 0.0435 -0.0837 -0.9955
vn 0.0791 -0.1193 -0.9897
vn -0.1720 -0.1646 -0.9713
vn 0.1742 -0.1413 -0.9745
vn -0.2493 -0.1670 -0.9539
vn 0.0877 -0.0059 -0.9961
vn -0.0705 0.1256 -0.9896
vn 0.0077 0.0085 -0.9999
vn -0.1231 -0.0935 -0.9880
vn 0.0125 0.0247 -0.9996
vn 0.1029 0.0322 -0.9942
vn -0.1750 -0.0637 -0.9825
vn 0.0251 0.0089 -0.9996
vn 0.1769 -0.0656 -0.9820
vn -0.2321 -0.1452 -0.9618
vn 0.0713 -0.0548 -0.9960
vn -0.1669 -0.1937 -0.9667
vn 0.0628 -0.1659 -0.9841
vn 0.0494 -0.0456 -0.9977
vn 0.0882 -0.0109 -0.9960
vn -0.1727 0.0188 -0.9848
vn -0.0096 0.0733 -0.9973
vn 0.0935 0.0236 -0.9953
vn -0.3012 -0.1983 -0.9327
vn 0.0155 -0.1450 -0.9893
vn 0.0591 0.0931 -0.9939
vn 0.1142 -0.0258 -0.9931
vn -0.1094 -0.1062 -0.9883
vn -0.0025 -0.0404 -0.9992
vn -0.0043 -0.0793 -0.9968
vn -0.1826 0.0021 -0.9832
vn 0.1672 -0.0211 -0.9857
vn -0.1905 0.0989 -0.9767
vn 0.0019 -0.1599 -0.9871
vn 0.1229 -0.0175 -0.9923
vn 0.0540 0.1236 -0.9909
vn -0.2688 -0.1414 -0.9528
vn 0.0825 -0.0289 -0.9962
vn 0.0105 0.1799 -0.9836
vn -0.1014 0.1306 -0.9862
vn 0.1399 0.0439 -0.9892
vn -0.0707 0.2011 -0.9770
vn -0.0368 0.1555 -0.9871
vn 0.1005 0.0951 -0.9904
vn -0.1336 0.0485 -0.9899
vn 0.0328 0.0219 -0.9992
vn -0.0757 0.1147 -0.9905
vn 0.0358 0.1271 -0.9913
vn 0.0385 0.0258 -0.9989
vn 0.0232 -0.1034 -0.9944
vn -0.0330 -0.0981 -0.9946
vn 0.0020 -0.0110 -0.9999
vn -0.2696 -0.4541 -0.8492
vn 0.0109 -0.2252 -0.9743
vn 0.1050 0.1243 -0.9867
vn 0.0891 0.0639 -0.9940
vn -0.0793 0.0443 -0.9959
vn 0.0535 0.0325 -0.9980
vn 0.0186 0.1279 -0.9916
vn 0.0158 0.1731 -0.9848
vn -0.1923 0.1562 -0.9688
vn 0.1428 0.0995 -0.9847
vn -0.4050 -0.0822 -0.9106
vn 0.0624 0.0720 -0.9955
vn 0.1302 0.0528 -0.9901
vn -0.0575 -0.2835 -0.9572
vn -0.2431 -0.0721 -0.9673
vn 0.1704 0.0023 -0.9854
vn 0.1208 -0.0036 -0.9927
vn -0.2190 0.1236 -0.9679
vn 0.0787 0.0030 -0.9969
vn 0.0362 -0.1733 -0.9842
vn -0.1722 -0.0742 -0.9823
vn 0.0765 -0.1905 -0.9787
vn -0.0231 -0.2050 -0.9785
vn -0.0009 -0.0624 -0.9980
vn 0.0371 -0.0715 -0.9967
vn -0.0383 -0.0612 -0.9974
vn 0.0798 0.0346 -0.9962
vn -0.0991 0.0898 -0.9910
vn 0.1047 0.0939 -0.9901
vn -0.0776 0.1118 -0.9907
vn -0.2036 0.2514 -0.9462
vn 0.1640 0.2276 -0.9598
vn -0.0165 0.1308 -0.9913
vn -0.0588 -0.1085 -0.9924
vn 0.0176 -0.1503 -0.9885
vn -0.0214 -0.1216 -0.9924
vn 0.1664 -0.1339 -0.9769
vn -0.1277 -0.2648 -0.9558
vn -0.1647 -0.2314 -0.9588
vn 0.1128 -0.1846 -0.9763
vn -0.2101 0.0355 -0.9770
vn 0.1139 0.0611 -0.9916
vn -0.1839 -0.2076 -0.9608
vn 0.1148 0.0227 -0.9931
vn -0.0801 0.1212 -0.9894
vn 0.1213 0.1123 -0.9862
vn -0.1572 -0.1384 -0.9778
vn 0.1148 -0.2469 -0.9622
vn -0.0391 0.0786 -0.9961
vn -0.0023 0.0783 -0.9969
vn -0.1015 0.0003 -0.9948
vn 0.0224 0.1053 -0.9942
vn -0.0090 0.0006 -1.0000
vn 0.0005 -0.1326 -0.9912
vn 0.0905 -0.0333 -0.9953
vn -0.0787 -0.0286 -0.9965
vn 0.1364 -0.1111 -0.9844
vn -0.0193 -0.0378 -0.9991
vn 0.0428 -0.0839 -0.9956
vn -0.0527 -0.1491 -0.9874
vn 0.0039 -0.0235 -0.9997
vn 0.0281 -0.1927 -0.9809
vn 0.0257 -0.1370 -0.9902
vn -0.0318 0.1507 -0.9881
vn -0.0742 0.1291 -0.9889
vn 0.0519 0.0814 -0.9953
vn 0.0746 0.1003 -0.9922
vn -0.0717 0.1074 -0.9916
vn 0.0419 0.2048 -0.9779
vn -0.2060 0.1766 -0.9625
vn 0.1181 -0.0630 -0.9910
vn -0.1095 -0.0113 -0.9939
vn 0.0080 0.1016 -0.9948
vn 0.0883 0.0448 -0.9951
vn 0.0736 0.0693 -0.9949
vn 0.0523 0.0929 -0.9943
vn -0.6093 0.0639 -0.7904
vn 0.2222 -0.0102 -0.9750
vn 0.0802 -0.0472 -0.9957
vn -0.1371 -0.0267 -0.9902
vn -0.0515 -0.0194 -0.9985
vn 0.0713 -0.0402 -0.9966
vn -0.1938 0.2215 -0.9557
vn -0.0749 0.0813 -0.9939
vn 0.1646 0.0462 -0.9853
vn -0.1389 0.1145 -0.9837
vn 0.0173 0.0060 -0.9998
vn 0.0796 -0.1065 -0.9911
vn -0.0557 -0.0516 -0.9971
vn 0.0793 0.0330 -0.9963
vn -0.0091 0.0483 -0.9988
vn -0.1446 0.0510 -0.9882
vn 0.1090 -0.0561 -0.9925
vn 0.0623 -0.2026 -0.9773
vn -0.0622 -0.0182 -0.9979
vn 0.0057 -0.0076 -1.0000
vn 0.0277 -0.1890 -0.9816
vn 0.0599 -0.0892 -0.9942
vn 0.0552 -0.1478 -0.9875
vn -0.5051 -0.2180 -0.8351
vn 0.1040 -0.0004 -0.9946
vn -0.1384 -0.0938 -0.9859
vn 0.1605 -0.0332 -0.9865
vn -0.0701 0.0320 -0.9970
vn 0.1334 -0.1723 -0.9760
vn -0.0910 -0.5381 -0.8379
vn -0.3215 -0.2789 -0.9049
vn 0.1682 0.0744 -0.9829
vn 0.0120 0.0121 -0.9999
vn -0.2940 -0.2467 -0.9234
vn 0.0774 -0.1493 -0.9858
vn 0.0021 -0.0707 -0.9975
vn -0.2175 -0.1187 -0.9688
vn -0.0791 0.1073 -0.9911
vn 0.1376 0.0637 -0.9884
vn -0.1464 0.0141 -0.9891
vn 0.0160 0.1023 -0.9946
vn -0.0788 0.0777 -0.9939
vn 0.0831 0.0087 -0.9965
vn -0.0772 -0.1102 -0.9909
vn 0.0360 -0.2789 -0.9597
vn 0.0059 -0.0355 -0.9994
vn 0.0443 0.1256 -0.9911
vn -0.1778 0.0255 -0.9837
vn 0.1697 -0.1388 -0.9757
vn -0.0870 -0.0084 -0.9962
vn -0.0611 -0.0074 -0.9981
vn 0.1385 -0.0727 -0.9877
vn -0.0950 -0.0826 -0.9920
vn 0.0144 0.0761 -0.9970
vn 0.0314 0.1490 -0.9883
vn -0.2209 0.1115 -0.9689
vn 0.1852 0.0235 -0.9824
vn -0.0685 0.0162 -0.9975
vn -0.0024 0.0890 -0.9960
vn -0.0771 0.1604 -0.9840
vn 0.0374 0.1485 -0.9882
vn 0.0604 -0.0157 -0.9980
vn 0.0256 -0.0688 -0.9973
vn -0.2751 0.0877 -0.9574
vn 0.1385 0.0988 -0.9854
vn -0.0639 0.0786 -0.9949
vn 0.0947 0.0011 -0.9955
vn 0.0156 0.1124 -0.9935
vn 0.0351 0.0950 -0.9949
vn -0.1563 0.0501 -0.9864
vn 0.0162 -0.0842 -0.9963
vn -0.1602 -0.1059 -0.9814
vn 0.1277 -0.0016 -0.9918
vn -0.1078 0.1094 -0.9881
vn 0.0237 0.1594 -0.9869
vn 0.0913 0.0831 -0.9924
vn 0.0720 0.0479 -0.9963
vn -0.1992 0.1708 -0.9650
vn -0.0673 0.0475 -0.9966
vn 0.1597 -0.0428 -0.9862
vn -0.0658 0.1707 -0.9831
vn -0.0410 0.0541 -0.9977
vn -0.0009 -0.0606 -0.9982
vn 0.1301 0.0297 -0.9911
vn -0.0911 -0.0276 -0.9955
vn -0.0175 0.0876 -0.9960
vn -0.0355 0.0713 -0.9968
vn 0.1208 0.0340 -0.9921
vn -0.0501 0.1060 -0.9931
vn 0.0304 0.1006 -0.9945
vn -0.1899 0.0439 -0.9808
vn -0.0521 -0.1076 -0.9928
vn 0.0834 -0.0814 -0.9932
vn -0.1429 -0.0678 -0.9874
vn 0.1624 0.0662 -0.9845
vn -0.1068 0.1275 -0.9861
vn -0.0182 -0.0202 -0.9996
vn 0.1321 -0.1768 -0.9753
vn -0.1256 -0.2613 -0.9571
vn -0.0667 -0.2061 -0.9762
vn -0.0764 -0.0152 -0.9970
vn -0.0452 -0.0165 -0.9988
vn 0.1217 -0.0218 -0.9923
vn -0.0314 -0.0728 -0.9969
vn 0.0418 -0.0568 -0.9975
vn -0.0411 -0.1172 -0.9923
vn 0.1389 -0.1406 -0.9803
vn -0.1606 -0.1688 -0.9725
vn -0.0931 0.0645 -0.9936
vn 0.1171 0.0674 -0.9908
vn 0.0288 -0.0994 -0.9946
vn -0.4893 -0.1545 -0.8583
vn 0.2092 -0.0215 -0.9776
vn 0.0146 -0.0254 -0.9996
vn -0.1584 -0.2056 -0.9657
vn 0.0440 -0.3821 -0.9231
vn -0.1116 -0.3526 -0.9291
vn 0.1829 -0.1603 -0.9700
vn 0.0549 -0.0919 -0.9943
vn -0.0702 -0.0904 -0.9934
vn -0.2066 -0.1061 -0.9727
vn 0.0246 0.1134 -0.9932
vn 0.0502 0.1289 -0.9904
vn -0.0304 0.1511 -0.9881
vn 0.1188 0.0372 -0.9922
vn -0.0992 -0.0479 -0.9939
vn -0.3445 0.0471 -0.9376
vn 0.1288 -0.0649 -0.9895
vn -0.0650 -0.0022 -0.9979
vn 0.0931 0.1309 -0.9870
vn -0.1463 0.1030 -0.9839
vn -0.0030 0.0570 -0.9984
vn 0.1311 0.1133 -0.9849
vn -0.2169 0.1022 -0.9708
vn 0.1062 -0.0120 -0.9943
vn -0.2004 -0.0057 -0.9797
vn 0.1950 0.0093 -0.9808
vn -0.1369 0.0995 -0.9856
vn 0.0587 0.0294 -0.9978
vn -0.1337 -0.1157 -0.9842
vn 0.1000 -0.0757 -0.9921
vn -0.2311 0.0923 -0.9685
vn 0.1550 0.0420 -0.9870
vn -0.0113 -0.0255 -0.9996
vn -0.1384 0.0701 -0.9879
vn -0.0497 0.1302 -0.9902
vn 0.0716 0.1308 -0.9888
vn 0.0773 0.1066 -0.9913
vn 0.0531 -0.0484 -0.9974
vn -0.2852 -0.2983 -0.9109
vn 0.1268 -0.0018 -0.9919
vn -0.0510 0.0076 -0.9987
vn 0.0873 -0.0612 -0.9943
vn 0.0026 -0.0202 -0.9998
vn 0.0092 0.0056 -0.9999
vn -0.0824 -0.0317 -0.9961
vn 0.0102 -0.0649 -0.9978
vn -0.1443 0.0679 -0.9872
vn 0.0938 -0.1257 -0.9876
vn 0.1322 -0.0921 -0.9869
vn -0.1345 0.0166 -0.9908
vn 0.0712 0.1358 -0.9882
vn -0.0452 -0.0809 -0.9957
vn -0.0256 -0.0669 -0.9974
vn 0.0839 0.1343 -0.9874
vn -0.1631 0.1541 -0.9745
vn 0.1632 0.0835 -0.9831
vn -0.3147 -0.0843 -0.9455
vn 0.0064 -0.2068 -0.9784
vn -0.0555 -0.0412 -0.9976
vn 0.0766 -0.0251 -0.9967
vn 0.0038 -0.0230 -0.9997
vn 0.0197 0.0698 -0.9974
vn -0.1322 -0.1229 -0.9836
vn 0.0525 -0.1077 -0.9928
vn 0.0389 0.0942 -0.9948
vn 0.0282 0.1103 -0.9935
vn 0.0220 0.0230 -0.9995
vn -0.1328 -0.0468 -0.9900
vn 0.0702 0.1468 -0.9867
vn -0.0078 0.1204 -0.9927
vn -0.0653 -0.0515 -0.9965
vn -0.0319 -0.1270 -0.9914
vn 0.0444 -0.3199 -0.9464
vn 0.0384 -0.2620 -0.9643
vn 0.0323 -0.0371 -0.9988
vn 0.1653 0.0517 -0.9849
vn -0.2140 0.0737 -0.9740
vn 0.0444 0.1272 -0.9909
vn 0.1373 0.1082 -0.9846
vn -0.0354 0.1360 -0.9901
vn 0.0744 0.0692 -0.9948
vn -0.1594 0.1890 -0.9690
vn -0.1661 -0.0311 -0.9856
vn 0.1701 -0.4303 -0.8865
vn 0.0278 -0.1130 -0.9932
vn 0.0008 -0.1146 -0.9934
vn -0.1238 -0.0348 -0.9917
vn -0.0042 0.1635 -0.9865
vn -0.0588 0.0305 -0.9978
vn 0.0401 -0.0322 -0.9987
vn 0.0476 -0.0335 -0.9983
vn -0.0157 -0.1633 -0.9864
vn -0.1343 0.0051 -0.9909
vn 0.0784 0.0338 -0.9963
vn 0.0998 -0.0930 -0.9906
vn 0.0766 -0.0054 -0.9970
vn -0.1654 -0.0171 -0.9861
vn -0.1110 -0.1197 -0.9866
vn 0.2323 -0.0545 -0.9711
vn -0.1583 0.0469 -0.9863
vn -0.0415 0.0937 -0.9947
vn -0.1020 0.1117 -0.9885
vn -0.0460 0.1095 -0.9929
vn 0.0866 0.0534 -0.9948
vn 0.1115 0.0355 -0.9931
vn 0.1200 -0.0230 -0.9925
vn -0.0058 0.0463 -0.9989
vn 0.0350 0.1153 -0.9927
vn 0.0447 -0.0165 -0.9989
vn -0.0236 -0.1838 -0.9827
vn 0.0034 -0.1678 -0.9858
vn 0.0119 -0.1681 -0.9857
vn -0.5887 0.0084 -0.8083
vn 0.1433 0.1001 -0.9846
vn 0.0825 -0.0184 -0.9964
vn -0.0621 -0.0229 -0.9978
vn -0.0417 -0.1030 -0.9938
vn 0.1373 -0.0469 -0.9894
vn -0.0653 0.1947 -0.9787
vn -0.0228 0.1692 -0.9853
vn 0.0590 0.1359 -0.9890
vn -0.1076 0.1879 -0.9763
vn 0.0222 0.0871 -0.9960
vn 0.0031 0.1122 -0.9937
vn -0.0493 0.0405 -0.9980
vn 0.1792 -0.0610 -0.9819
vn -0.1492 0.0582 -0.9871
vn -0.0700 0.1373 -0.9880
vn 0.1605 0.0397 -0.9862
vn -0.0495 -0.0557 -0.9972
vn 0.0256 0.0638 -0.9976
vn -0.1180 0.1115 -0.9867
vn -0.0530 0.0842 -0.9950
vn 0.0752 0.0973 -0.9924
vn 0.0358 0.0313 -0.9989
vn 0.0439 -0.1844 -0.9819
vn 0.1411 -0.1925 -0.9711
vn 0.0841 -0.0876 -0.9926
vn -0.2357 -0.1241 -0.9639
vn 0.0416 -0.1271 -0.9910
vn -0.0102 -0.0852 -0.9963
vn -0.0277 -0.1528 -0.9879
vn -0.0079 0.0255 -0.9996
vn -0.0451 0.0619 -0.9971
vn -0.1190 -0.2540 -0.9599
vn 0.1884 -0.0608 -0.9802
vn -0.2520 0.1173 -0.9606
vn 0.2067 -0.0232 -0.9781
vn 0.0162 -0.1312 -0.9912
vn -0.0291 0.0079 -0.9995
vn 0.0608 0.0192 -0.9980
vn -0.3015 -0.1291 -0.9447
vn 0.0963 -0.0042 -0.9953
vn 0.0523 0.0817 -0.9953
vn -0.3766 0.0557 -0.9247
vn 0.1804 -0.1511 -0.9719
vn 0.0316 -0.1633 -0.9861
vn -0.0305 -0.0080 -0.9995
vn 0.0767 0.0023 -0.9971
vn -0.1222 -0.0618 -0.9906
vn 0.1321 -0.1144 -0.9846
vn -0.1711 -0.0948 -0.9807
vn 0.0264 0.0096 -0.9996
vn 0.0402 0.0017 -0.9992
vn -0.0173 -0.0224 -0.9996
vn -0.0125 0.0758 -0.9970
vn 0.1216 0.0676 -0.9903
vn 0.0071 -0.0907 -0.9958
vn -0.1285 -0.1160 -0.9849
vn 0.0838 0.0623 -0.9945
vn -0.0690 0.0333 -0.9971
vn -0.0388 0.0070 -0.9992
vn 0.0773 -0.0644 -0.9949
vn -0.0526 -0.0294 -0.9982
vn -0.1958 0.1456 -0.9698
vn 0.2179 -0.0155 -0.9759
vn -0.2179 -0.1138 -0.9693
vn 0.0261 -0.1515 -0.9881
vn 0.0988 -0.2187 -0.9708
vn 0.0615 -0.2005 -0.9778
vn -0.0203 -0.2450 -0.9693
vn -0.1542 -0.0927 -0.9837
vn 0.0921 -0.0850 -0.9921
vn 0.0975 -0.1853 -0.9778
vn -0.3362 -0.0561 -0.9401
vn 0.0474 0.0583 -0.9972
vn 0.1020 0.0250 -0.9945
vn -0.1003 -0.0958 -0.9903
vn 0.1193 -0.1139 -0.9863
vn -0.4865 -0.3049 -0.8187
vn 0.2582 -0.1616 -0.9525
vn -0.1198 -0.0552 -0.9913
vn -0.0636 -0.2441 -0.9677
vn 0.0883 -0.2367 -0.9676
vn 0.1148 0.0206 -0.9932
vn 0.1456 -0.0477 -0.9882
vn 0.0267 -0.0410 -0.9988
vn -0.0573 -0.0745 -0.9956
vn 0.0923 0.0814 -0.9924
vn -0.0127 0.0515 -0.9986
vn -0.0566 -0.0026 -0.9984
vn -0.1801 -0.0861 -0.9799
vn 0.0960 -0.0865 -0.9916
vn 0.1108 0.0665 -0.9916
vn -0.0949 0.1604 -0.9825
vn -0.0201 0.0929 -0.9955
vn -0.0320 -0.0116 -0.9994
vn 0.0151 0.1510 -0.9884
vn -0.0512 0.1054 -0.9931
vn 0.0410 -0.0683 -0.9968
vn 0.0130 -0.0333 -0.9994
vn 0.0395 0.0310 -0.9987
vn -0.0544 0.0769 -0.9956
vn 0.0810 0.0131 -0.9966
vn -0.1497 -0.0229 -0.9885
vn 0.0635 0.0287 -0.9976
vn 0.0641 0.0281 -0.9975
vn -0.0597 0.1008 -0.9931
vn 0.0586 0.0890 -0.9943
vn -0.2902 0.1589 -0.9437
vn 0.1985 0.1247 -0.9721
vn -0.0705 0.0684 -0.9952
vn -0.1244 0.1652 -0.9784
vn 0.0637 0.0983 -0.9931
vn 0.1551 -0.0779 -0.9848
vn 0.0720 0.0865 -0.9936
vn 0.0488 0.0417 -0.9979
vn 0.0208 0.1388 -0.9901
vn 0.0716 0.0523 -0.9961
vn -0.2521 -0.1153 -0.9608
vn 0.1036 -0.0265 -0.9943
vn -0.1895 0.1559 -0.9694
vn 0.1096 0.1279 -0.9857
vn -0.0273 -0.1204 -0.9924
vn 0.1109 -0.1672 -0.9797
vn -0.0223 0.0935 -0.9954
vn -0.0935 0.1293 -0.9872
vn 0.0396 -0.1189 -0.9921
vn -0.1227 -0.0833 -0.9889
vn 0.0954 0.1047 -0.9899
vn -0.0354 0.1215 -0.9920
vn 0.1108 0.0964 -0.9892
vn -0.0074 0.1722 -0.9850
vn -0.0889 0.1288 -0.9877
vn -0.1533 -0.0225 -0.9879
vn 0.1146 -0.0048 -0.9934
vn -0.0423 -0.0623 -0.9972
vn 0.1024 -0.0694 -0.9923
vn -0.0371 -0.0116 -0.9992
vn -0.0366 0.0419 -0.9985
vn 0.1120 0.0997 -0.9887
vn -0.1109 0.0671 -0.9916
vn -0.1028 -0.0375 -0.9940
vn 0.0733 0.0515 -0.9960
vn -0.1174 -0.0147 -0.9930
vn 0.0739 0.1011 -0.9921
vn -0.0400 0.0989 -0.9943
vn 0.0209 -0.1233 -0.9921
vn -0.0130 -0.1369 -0.9905
vn -0.1091 0.0125 -0.9940
vn 0.1242 0.0723 -0.9896
vn -0.1303 0.0261 -0.9911
vn 0.0726 0.0057 -0.9973
vn -0.2156 0.0704 -0.9739
vn 0.0229 -0.1668 -0.9857
vn 0.1948 -0.3086 -0.9310
vn -0.0081 0.0039 -1.0000
vn -0.1048 0.1720 -0.9795
vn 0.0696 0.1431 -0.9873
vn -0.0920 -0.0350 -0.9951
vn 0.0267 -0.2261 -0.9737
vn 0.0903 -0.2164 -0.9721
vn 0.0912 -0.3194 -0.9432
vn -0.1795 -0.1550 -0.9715
vn 0.0030 0.1234 -0.9924
vn -0.1012 0.0560 -0.9933
vn 0.0858 0.0123 -0.9962
vn -0.0855 -0.0206 -0.9961
vn 0.0413 -0.2477 -0.9680
vn 0.1082 -0.0284 -0.9937
vn 0.0691 -0.0413 -0.9968
vn -0.0792 -0.0134 -0.9968
vn -0.2051 0.0476 -0.9776
vn 0.1181 -0.1041 -0.9875
vn -0.0496 0.0551 -0.9972
vn 0.1401 -0.2745 -0.9513
vn -0.2332 -0.5136 -0.8258
vn 0.0805 -0.0765 -0.9938
vn -0.0675 -0.0663 -0.9955
vn 0.0338 -0.1309 -0.9908
vn 0.1147 -0.1064 -0.9877
vn -0.2317 -0.1917 -0.9537
vn 0.1005 -0.1454 -0.9842
vn -0.0141 0.0064 -0.9999
vn -0.1012 0.2119 -0.9720
vn 0.0535 0.1322 -0.9898
vn 0.1392 -0.0809 -0.9870
vn -0.2857 -0.2891 -0.9137
vn 0.1391 -0.2285 -0.9636
vn -0.0621 0.0712 -0.9955
vn -0.0259 0.1714 -0.9849
vn 0.0242 0.1042 -0.9943
vn 0.0012 0.0758 -0.9971
vn 0.0304 -0.0098 -0.9995
vn 0.1064 0.0286 -0.9939
vn -0.5759 -0.0164 -0.8174
vn 0.2427 -0.1363 -0.9605
vn -0.0435 0.0661 -0.9969
vn -0.1038 0.1414 -0.9845
vn 0.1913 -0.0469 -0.9804
vn -0.1155 -0.1254 -0.9854
vn 0.0700 -0.1756 -0.9820
vn -0.2969 -0.1526 -0.9426
vn 0.1087 0.0263 -0.9937
vn 0.0615 -0.0132 -0.9980
vn 0.0370 0.0737 -0.9966
vn -0.0376 0.1496 -0.9880
vn 0.0849 0.0123 -0.9963
vn -0.0506 0.0135 -0.9986
vn -0.0184 0.0426 -0.9989
vn 0.0074 -0.1563 -0.9877
vn 0.0792 0.0355 -0.9962
vn -0.0546 0.1370 -0.9891
vn 0.0602 -0.0966 -0.9935
vn -0.0845 -0.3012 -0.9498
vn 0.0538 -0.0988 -0.9937
vn 0.1207 0.0994 -0.9877
vn -0.1232 0.2299 -0.9654
vn 0.0050 0.1760 -0.9844
vn 0.0730 -0.0510 -0.9960
vn 0.0035 0.0015 -1.0000
vn -0.0447 0.0427 -0.9981
vn -0.0747 -0.0666 -0.9950
vn -0.0091 -0.0870 -0.9962
vn 0.1646 -0.0709 -0.9838
vn -0.3068 0.1252 -0.9435
vn 0.0252 0.1176 -0.9927
vn 0.1150 -0.1505 -0.9819
vn -0.1154 -0.0574 -0.9917
vn 0.0527 -0.0193 -0.9984
vn 0.0276 -0.0172 -0.9995
vn -0.0714 0.0343 -0.9969
vn 0.0395 0.0605 -0.9974
vn 0.0381 0.0885 -0.9953
vn -0.0346 -0.0282 -0.9990
vn 0.1808 0.0088 -0.9835
vn -0.0467 0.0991 -0.9940
vn -0.0587 0.0834 -0.9948
vn 0.0184 0.0032 -0.9998
vn -0.0685 -0.0037 -0.9976
vn 0.0132 0.1171 -0.9930
vn 0.1250 0.0372 -0.9915
vn -0.2217 -0.1383 -0.9653
vn 0.0884 0.0715 -0.9935
vn -0.1105 0.1970 -0.9741
vn 0.0593 0.0236 -0.9980
vn 0.1608 -0.2518 -0.9543
vn -0.0265 -0.3781 -0.9254
vn -0.1999 -0.2908 -0.9357
vn 0.1309 0.0283 -0.9910
vn 0.0222 0.0735 -0.9970
vn -0.3557 -0.2104 -0.9106
vn 0.0197 -0.1749 -0.9844
vn 0.0183 -0.0165 -0.9997
vn 0.1638 0.0218 -0.9863
vn -0.0461 0.0472 -0.9978
vn -0.1167 0.1367 -0.9837
vn -0.0485 0.1135 -0.9924
vn -0.0214 -0.0780 -0.9967
vn 0.0857 0.0195 -0.9961
vn -0.0229 0.0120 -0.9997
vn -0.1306 -0.1560 -0.9791
vn 0.1260 -0.0896 -0.9880
vn -0.0438 -0.1483 -0.9880
vn 0.0240 -0.0205 -0.9995
vn 0.1323 0.0744 -0.9884
vn -0.0803 -0.0785 -0.9937
vn -0.0113 -0.0203 -0.9997
vn -0.0977 0.0064 -0.9952
vn 0.1082 0.0803 -0.9909
vn 0.0081 0.1288 -0.9916
vn 0.0305 0.0969 -0.9948
vn -0.1167 0.1554 -0.9809
vn 0.1305 0.0737 -0.9887
vn -0.1232 0.0466 -0.9913
vn -0.0478 0.1114 -0.9926
vn -0.0262 0.1059 -0.9940
vn 0.0660 0.0842 -0.9943
vn -0.0318 0.1707 -0.9848
vn 0.0469 -0.0937 -0.9945
vn 0.0219 -0.3093 -0.9507
vn -0.0113 0.1702 -0.9854
vn -0.0909 0.2453 -0.9652
vn 0.0892 0.0944 -0.9915
vn 0.0402 0.0021 -0.9992
vn 0.0277 -0.1269 -0.9915
vn -0.0708 -0.0908 -0.9933
vn 0.0229 0.0760 -0.9968
vn -0.1807 0.1848 -0.9660
vn 0.1538 0.0314 -0.9876
vn -0.2110 0.0064 -0.9775
vn 0.0367 0.0991 -0.9944
vn -0.0459 0.0528 -0.9975
vn 0.0014 -0.0635 -0.9980
vn -0.0376 -0.2327 -0.9718
vn -0.1035 -0.1450 -0.9840
vn 0.0522 -0.0929 -0.9943
vn -0.0222 -0.0241 -0.9995
vn -0.0814 -0.0469 -0.9956
vn 0.1658 -0.0539 -0.9847
vn -0.0642 -0.1732 -0.9828
vn -0.0300 -0.2941 -0.9553
vn 0.0769 -0.1505 -0.9856
vn 0.0585 0.0067 -0.9983
vn -0.0302 0.0305 -0.9991
vn -0.0829 0.0111 -0.9965
vn -0.1530 -0.1261 -0.9802
vn 0.1727 -0.0422 -0.9841
vn -0.1257 -0.1159 -0.9853
vn -0.1548 -0.0511 -0.9866
vn 0.1290 0.0735 -0.9889
vn 0.1307 -0.0310 -0.9909
vn -0.2542 -0.0309 -0.9667
vn 0.0610 0.0184 -0.9980
vn -0.1622 -0.1010 -0.9816
vn 0.0774 -0.0883 -0.9931
vn -0.0277 -0.0490 -0.9984
vn 0.1366 -0.0238 -0.9903
vn -0.4099 -0.1189 -0.9044
vn 0.1728 -0.0282 -0.9846
vn -0.3258 -0.0567 -0.9437
vn 0.1869 -0.0301 -0.9819
vn -0.0618 0.1522 -0.9864
vn -0.0518 0.1654 -0.9849
vn -0.1412 0.1538 -0.9780
vn -0.1777 0.2252 -0.9580
vn 0.0894 0.1408 -0.9860
vn -0.2128 0.0547 -0.9756
vn 0.0726 0.0368 -0.9967
vn -0.0136 0.0093 -0.9999
vn 0.0829 0.0342 -0.9960
vn -0.0915 0.1989 -0.9757
vn -0.1377 -0.1938 -0.9713
vn 0.1415 -0.6087 -0.7807
vn 0.1500 -0.1935 -0.9696
vn -0.0726 0.0356 -0.9967
vn -0.1767 0.1145 -0.9776
vn 0.1730 0.0118 -0.9848
vn -0.1760 0.0360 -0.9837
vn 0.0748 0.0968 -0.9925
vn 0.0227 0.0479 -0.9986
vn -0.0587 -0.2089 -0.9762
vn -0.0176 -0.2721 -0.9621
vn 0.0591 -0.0664 -0.9960
vn -0.0282 0.1160 -0.9929
vn -0.0898 0.0732 -0.9933
vn 0.1052 0.0061 -0.9944
vn 0.0078 -0.0244 -0.9997
vn -0.0470 0.0785 -0.9958
vn 0.0200 0.0597 -0.9980
vn -0.0781 0.0574 -0.9953
vn 0.1032 0.1089 -0.9887
vn -0.1897 -0.3212 -0.9278
vn 0.0808 -0.1570 -0.9843
vn -0.0118 0.1331 -0.9910
vn 0.0571 -0.2322 -0.9710
vn -0.0635 -0.0603 -0.9962
vn -0.1636 -0.0400 -0.9857
vn 0.0759 0.0275 -0.9967
vn -0.0138 0.0618 -0.9980
vn 0.0801 0.0238 -0.9965
vn 0.0237 -0.0053 -0.9997
vn -0.3550 0.2462 -0.9019
vn 0.0849 0.2556 -0.9630
vn 0.0834 0.0751 -0.9937
vn 0.1081 -0.0071 -0.9941
vn -0.1598 0.1242 -0.9793
vn 0.0648 0.0595 -0.9961
vn -0.1948 -0.0996 -0.9758
vn 0.0481 -0.2673 -0.9624
vn 0.0460 -0.2196 -0.9745
vn -0.1660 -0.0219 -0.9859
vn 0.0595 0.0045 -0.9982
vn 0.1049 -0.0179 -0.9943
vn 0.0789 -0.0342 -0.9963
vn -0.2465 0.0486 -0.9679
vn 0.0992 -0.0415 -0.9942
vn 0.0068 -0.0292 -0.9995
vn 0.0789 0.0064 -0.9969
vn -0.1537 0.0099 -0.9881
vn 0.0941 0.0408 -0.9947
vn -0.0817 -0.0735 -0.9939
vn -0.0847 0.1381 -0.9868
vn 0.0887 0.1218 -0.9886
vn 0.0270 -0.1161 -0.9929
vn 0.2084 0.0871 -0.9742
vn -0.0447 0.0992 -0.9941
vn -0.2911 -0.0076 -0.9567
vn -0.0308 0.1321 -0.9908
vn 0.1384 0.0649 -0.9882
vn -0.0866 -0.0818 -0.9929
vn -0.0273 -0.0002 -0.9996
vn -0.1835 0.0314 -0.9825
vn 0.1981 -0.1511 -0.9685
vn -0.0331 -0.0674 -0.9972
vn -0.1344 0.1494 -0.9796
vn 0.2124 0.0623 -0.9752
vn -0.0482 0.0516 -0.9975
vn -0.0727 0.0454 -0.9963
vn -0.2264 0.0447 -0.9730
vn 0.1222 -0.1429 -0.9822
vn 0.0966 -0.1169 -0.9884
vn -0.1212 -0.2378 -0.9637
vn 0.0974 -0.2206 -0.9705
vn 0.0300 0.0914 -0.9954
vn -0.0557 0.1198 -0.9912
vn 0.0345 0.0051 -0.9994
vn -0.0418 -0.0899 -0.9951
vn -0.0200 -0.0674 -0.9975
vn -0.0250 -0.0725 -0.9971
vn -0.1274 0.1162 -0.9850
vn 0.0536 0.1546 -0.9865
vn 0.0867 0.0727 -0.9936
vn -0.1002 0.0304 -0.9945
vn 0.0743 -0.1313 -0.9886
vn -0.0392 -0.1971 -0.9796
vn -0.0994 0.0580 -0.9934
vn 0.0383 0.0450 -0.9983
vn 0.1528 0.0183 -0.9881
vn 0.2294 -0.2333 -0.9450
vn 0.0866 0.1542 -0.9842
vn -0.0711 -0.0166 -0.9973
vn -0.0228 0.0845 -0.9962
vn 0.0331 -0.0543 -0.9980
vn 0.0491 -0.0379 -0.9981
vn 0.1201 0.0317 -0.9923
vn 0.0166 -0.0451 -0.9988
vn 0.0664 -0.0882 -0.9939
vn 0.0964 0.0606 -0.9935
vn -0.0754 -0.1156 -0.9904
vn -0.2507 0.0740 -0.9652
vn -0.0474 0.0523 -0.9975
vn 0.0254 0.0598 -0.9979
vn -0.0765 -0.0590 -0.9953
vn -0.1335 -0.0142 -0.9909
vn -0.1460 -0.0458 -0.9882
vn -0.1969 0.1281 -0.9720
vn -0.1417 -0.0880 -0.9860
vn 0.0683 -0.1618 -0.9845
vn 0.0096 0.1513 -0.9884
vn -0.0382 -0.0673 -0.9970
vn 0.0128 -0.0318 -0.9994
vn -0.0331 -0.0066 -0.9994
vn 0.1861 0.0186 -0.9824
vn 0.2395 -0.1242 -0.9629
vn -0.0665 0.1906 -0.9794
vn -0.0775 -0.1448 -0.9864
vn -0.0130 0.0785 -0.9968
vn -0.0072 0.0508 -0.9987
vn 0.0654 -0.1387 -0.9882
vn -0.0679 -0.1209 -0.9903
vn -0.1307 0.1436 -0.9810
vn 0.1089 0.0562 -0.9925
vn -0.0836 0.0271 -0.9961
vn 0.1099 -0.0497 -0.9927
vn -0.0384 -0.0075 -0.9992
vn 0.1082 0.0249 -0.9938
vn -0.3344 0.0110 -0.9424
vn 0.0410 0.1349 -0.9900
vn 0.2144 0.0096 -0.9767
vn -0.0529 -0.0952 -0.9941
vn -0.1352 0.0229 -0.9906
vn 0.0098 0.1694 -0.9855
vn 0.0425 0.1962 -0.9796
vn -0.1499 0.0739 -0.9859
vn 0.0254 -0.0444 -0.9987
vn -0.1420 -0.1107 -0.9836
vn 0.1849 -0.0645 -0.9806
vn -0.2756 0.1125 -0.9547
vn 0.0620 0.1492 -0.9869
vn -0.0081 0.0511 -0.9987
vn 0.1126 -0.0950 -0.9891
vn -0.1620 0.0057 -0.9868
vn 0.0620 0.0818 -0.9947
vn 0.0522 0.0581 -0.9969
vn -0.0324 0.0513 -0.9982
vn -0.1360 0.0648 -0.9886
vn 0.2471 0.0033 -0.9690
vn -0.2581 0.0823 -0.9626
vn 0.0964 -0.3021 -0.9484
vn 0.0864 0.0573 -0.9946
vn -0.0123 0.0688 -0.9976
vn -0.0063 0.1613 -0.9869
vn -0.2123 -0.2594 -0.9421
vn -0.3120 -0.0584 -0.9483
vn -0.3064 -0.0716 -0.9492
vn -0.0820 0.0865 -0.9929
vn -0.1639 0.0562 -0.9849
vn -0.5507 -0.1711 -0.8170
vn -0.1533 0.1312 -0.9794
vn -0.1384 -0.1550 -0.9782
vn -0.1012 0.0462 -0.9938
vn -0.0622 0.1078 -0.9922
vn -0.0815 -0.4279 -0.9002
vn 0.1038 0.1105 -0.9884
vn 0.0351 -0.0021 -0.9994
vn -0.2796 -0.2001 -0.9390
vn -0.0563 -0.0962 -0.9938
vn 0.0102 0.1835 -0.9830
vn 0.0135 0.1729 -0.9849
vn 0.0610 -0.4213 -0.9049
vn 0.0463 0.0558 -0.9974
vn 0.1848 0.0363 -0.9821
vn 0.2609 -0.0414 -0.9645
vn 0.1398 -0.0000 -0.9902
vn -0.1191 0.1151 -0.9862
vn -0.2562 -0.0044 -0.9666
vn -0.0731 -0.0339 -0.9968
vn 0.2092 -0.1138 -0.9712
vn 0.9737 -0.1677 -0.1541
vn 0.9999 0.0137 0.0018
vn 0.9905 0.1223 0.0628
vn 0.9954 -0.0955 0.0066
vn 0.9919 -0.1146 -0.0543
vn 0.9065 0.3810 -0.1820
vn 0.9627 0.0497 -0.2660
vn 0.9692 0.0123 -0.2459
vn 0.9706 -0.1751 -0.1655
vn 0.9590 0.2092 -0.1914
vn 0.9385 0.1102 -0.3273
vn 0.9420 -0.2216 -0.2519
vn 0.9678 0.2093 -0.1397
vn 0.9880 -0.1196 -0.0978
vn 0.9964 -0.0480 -0.0704
vn 0.9593 0.2746 -0.0654
vn 0.9679 -0.2455 0.0529
vn 0.9202 0.3913 -0.0100
vn 0.9710 0.1864 -0.1499
vn 0.9910 -0.0926 -0.0970
vn 0.9845 -0.1742 -0.0213
vn 0.9724 -0.2321 0.0227
vn 0.8578 0.5125 -0.0389
vn 0.9877 -0.1181 0.1027
vn 0.9437 -0.2795 0.1771
vn 0.9510 0.2162 0.2211
vn 0.9516 0.2845 0.1162
vn 0.9933 0.0946 -0.0669
vn 0.9847 -0.0601 -0.1637
vn 0.9942 -0.1012 -0.0371
vn 0.9751 -0.1654 0.1476
vn 0.9766 0.0247 0.2135
vn -0.1587 0.9851 0.0667
vn -0.1484 0.9863 0.0724
vn 0.4755 0.8793 -0.0268
vn 0.1694 0.9821 0.0823
vn -0.2910 0.9560 0.0379
vn 0.0621 0.9978 -0.0237
vn 0.1493 0.9885 -0.0220
vn 0.0976 0.9950 -0.0229
vn -0.2557 0.9635 -0.0794
vn 0.3891 0.9208 -0.0260
vn 0.2124 0.9740 0.0792
vn -0.3128 0.9469 0.0745
vn 0.0416 0.9970 0.0659
vn 0.0874 0.9952 0.0442
vn 0.2034 0.9789 -0.0189
vn -0.2357 0.9682 -0.0834
vn 0.0720 0.9882 -0.1351
vn -0.1330 0.9733 -0.1868
vn 0.2198 0.9681 -0.1200
vn 0.1130 0.9931 0.0324
vn -0.0004 0.9959 0.0906
vn -0.1532 0.9881 0.0157
vn 0.0264 0.9978 -0.0608
vn 0.0412 0.9964 -0.0746
vn 0.0346 0.9993 -0.0164
vn 0.5657 0.8237 0.0382
vn -0.2045 0.9710 0.1237
vn -0.1178 0.9895 0.0835
vn -0.0426 0.9991 0.0016
vn -0.1397 0.9845 -0.1063
vn 0.0965 0.9900 -0.1033
vn 0.4330 0.9009 -0.0297
vn -0.9830 0.1696 0.0704
vn -0.9985 -0.0391 -0.0381
vn -0.9733 0.1797 -0.1427
vn -0.7778 -0.6227 -0.0858
vn -0.9576 0.2783 -0.0752
vn -0.9396 -0.3421 0.0102
vn -0.9652 0.2600 0.0267
vn -0.9086 -0.4175 -0.0124
vn -0.9809 0.1820 -0.0683
vn -0.9864 -0.1433 -0.0799
vn -0.9984 -0.0131 -0.0556
vn -0.9941 -0.0917 -0.0578
vn -0.9906 0.1282 -0.0477
vn -0.9322 -0.3539 0.0756
vn -0.9828 0.1071 0.1506
vn -0.9921 0.0910 0.0868
vn -0.9991 0.0380 0.0170
vn -0.9928 -0.0996 0.0663
vn -0.9924 0.0116 0.1229
vn -0.9865 -0.0400 0.1591
vn -0.9815 0.0587 0.1824
vn -0.9936 0.0139 0.1117
vn -0.9860 -0.1666 0.0106
vn -0.9937 0.1119 -0.0087
vn -0.9997 -0.0220 0.0135
vn -0.9994 -0.0329 0.0122
vn -0.9951 -0.0933 -0.0323
vn -0.9558 0.2577 -0.1416
vn -0.7262 -0.6798 -0.1021
vn -0.9777 0.2097 -0.0096
vn -0.9955 -0.0753 0.0575
vn -0.9978 0.0583 0.0301
vn -0.0351 -0.9971 -0.0678
vn -0.0033 -0.9999 -0.0122
vn 0.1434 -0.9861 0.0843
vn -0.2513 -0.9657 0.0655
vn -0.2586 -0.9648 -0.0479
vn 0.2271 -0.9711 -0.0737
vn -0.2652 -0.9640 -0.0185
vn 0.2325 -0.9724 0.0191
vn -0.3616 -0.9323 -0.0008
vn 0.2530 -0.9670 -0.0306
vn -0.5744 -0.8174 0.0429
vn 0.0455 -0.9954 -0.0839
vn 0.2901 -0.9570 0.0066
vn -0.1330 -0.9904 0.0389
vn -0.1547 -0.9877 -0.0218
vn -0.1476 -0.9806 -0.1289
vn 0.1498 -0.9771 -0.1509
vn -0.1184 -0.9907 -0.0674
vn 0.0236 -0.9992 0.0325
vn -0.1104 -0.9902 0.0856
vn 0.1941 -0.9807 0.0244
vn -0.5170 -0.8557 -0.0233
vn 0.0892 -0.9886 -0.1209
vn 0.0922 -0.9950 -0.0387
vn 0.1179 -0.9924 0.0344
vn -0.3187 -0.9478 0.0143
vn 0.1028 -0.9931 -0.0562
vn 0.0774 -0.9952 -0.0602
vn -0.0487 -0.9974 -0.0538
vn -0.1824 -0.9824 -0.0406
vn 0.3018 -0.9529 -0.0301
vn -0.4620 -0.8867 0.0175
vt 0.031250 0.031250
vt 0.062500 0.031250
vt 0.062500 0.062500
vt 0.031250 0.062500
vt 0.093750 0.031250
vt 0.093750 0.062500
vt 0.125000 0.031250
vt 0.125000 0.062500
vt 0.156250 0.031250
vt 0.156250 0.062500
vt 0.187500 0.031250
vt 0.187500 0.062500
vt 0.218750 0.031250
vt 0.218750 0.062500
vt 0.250000 0.031250
vt 0.250000 0.062500
vt 0.281250 0.031250
vt 0.281250 0.062500
vt 0.312500 0.031250
vt 0.312500 0.062500
vt 0.343750 0.031250
vt 0.343750 0.062500
vt 0.375000 0.031250
vt 0.375000 0.062500
vt 0.406250 0.031250
vt 0.406250 0.062500
vt 0.437500 0.031250
vt 0.437500 0.062500
vt 0.468750 0.031250
vt 0.468750 0.062500
vt 0.500000 0.031250
vt 0.500000 0.062500
vt 0.531250 0.031250
vt 0.531250 0.062500
vt 0.562500 0.031250
vt 0.562500 0.062500
vt 0.593750 0.031250
vt 0.593750 0.062500
vt 0.625000 0.031250
vt 0.625000 0.062500
vt 0.656250 0.031250
vt 0.656250 0.062500
vt 0.687500 0.031250
vt 0.687500 0.062500
vt 0.718750 0.031250
vt 0.718750 0.062500
vt 0.750000 0.031250
vt 0.750000 0.062500
vt 0.781250 0.031250
vt 0.781250 0.062500
vt 0.812500 0.031250
vt 0.812500 0.062500
vt 0.843750 0.031250
vt 0.843750 0.062500
vt 0.875000 0.031250
vt 0.875000 0.062500
vt 0.906250 0.031250
vt 0.906250 0.062500
vt 0.937500 0.031250
vt 0.937500 0.062500
vt 0.968750 0.031250
vt 0.968750 0.062500
vt 0.062500 0.093750
vt 0.031250 0.093750
vt 0.093750 0.093750
vt 0.125000 0.093750
vt 0.156250 0.093750
vt 0.187500 0.093750
vt 0.218750 0.093750
vt 0.250000 0.093750
vt 0.281250 0.093750
vt 0.312500 0.093750
vt 0.343750 0.093750
vt 0.375000 0.093750
vt 0.406250 0.093750
vt 0.437500 0.093750
vt 0.468750 0.093750
vt 0.500000 0.093750
vt 0.531250 0.093750
vt 0.562500 0.093750
vt 0.593750 0.093750
vt 0.625000 0.093750
vt 0.656250 0.093750
vt 0.687500 0.093750
vt 0.718750 0.093750
vt 0.750000 0.093750
vt 0.781250 0.093750
vt 0.812500 0.093750
vt 0.843750 0.093750
vt 0.875000 0.093750
vt 0.906250 0.093750
vt 0.937500 0.093750
vt 0.968750 0.093750
vt 0.062500 0.125000
vt 0.031250 0.125000
vt 0.093750 0.125000
vt 0.125000 0.125000
vt 0.156250 0.125000
vt 0.187500 0.125000
vt 0.218750 0.125000
vt 0.250000 0.125000
vt 0.281250 0.125000
vt 0.312500 0.125000
vt 0.343750 0.125000
vt 0.375000 0.125000
vt 0.406250 0.125000
vt 0.437500 0.125000
vt 0.468750 0.125000
vt 0.500000 0.125000
vt 0.531250 0.125000
vt 0.562500 0.125000
vt 0.593750 0.125000
vt 0.625000 0.125000
vt 0.656250 0.125000
vt 0.687500 0.125000
vt 0.718750 0.125000
vt 0.750000 0.125000
vt 0.781250 0.125000
vt 0.812500 0.125000
vt 0.843750 0.125000
vt 0.875000 0.125000
vt 0.906250 0.125000
vt 0.937500 0.125000
vt 0.968750 0.125000
vt 0.062500 0.156250
vt 0.031250 0.156250
vt 0.093750 0.156250
vt 0.125000 0.156250
vt 0.156250 0.156250
vt 0.187500 0.156250
vt 0.218750 0.156250
vt 0.250000 0.156250
vt 0.281250 0.156250
vt 0.312500 0.156250
vt 0.343750 0.156250
vt 0.375000 0.156250
vt 0.406250 0.156250
vt 0.437500 0.156250
vt 0.468750 0.156250
vt 0.500000 0.156250
vt 0.531250 0.156250
vt 0.562500 0.156250
vt 0.593750 0.156250
vt 0.625000 0.156250
vt 0.656250 0.156250
vt 0.687500 0.156250
vt 0.718750 0.156250
vt 0.750000 0.156250
vt 0.781250 0.156250
vt 0.812500 0.156250
vt 0.843750 0.156250
vt 0.875000 0.156250
vt 0.906250 0.156250
vt 0.937500 0.156250
vt 0.968750 0.156250
vt 0.062500 0.187500
vt 0.031250 0.187500
vt 0.093750 0.187500
vt 0.125000 0.187500
vt 0.156250 0.187500
vt 0.187500 0.187500
vt 0.218750 0.187500
vt 0.250000 0.187500
vt 0.281250 0.187500
vt 0.312500 0.187500
vt 0.343750 0.187500
vt 0.375000 0.187500
vt 0.406250 0.187500
vt 0.437500 0.187500
vt 0.468750 0.187500
vt 0.500000 0.187500
vt 0.531250 0.187500
vt 0.562500 0.187500
vt 0.593750 0.187500
vt 0.625000 0.187500
vt 0.656250 0.187500
vt 0.687500 0.187500
vt 0.718750 0.187500
vt 0.750000 0.187500
vt 0.781250 0.187500
vt 0.812500 0.187500
vt 0.843750 0.187500
vt 0.875000 0.187500
vt 0.906250 0.187500
vt 0.937500 0.187500
vt 0.968750 0.187500
vt 0.062500 0.218750
vt 0.031250 0.218750
vt 0.093750 0.218750
vt 0.125000 0.218750
vt 0.156250 0.218750
vt 0.187500 0.218750
vt 0.218750 0.218750
vt 0.250000 0.218750
vt 0.281250 0.218750
vt 0.312500 0.218750
vt 0.343750 0.218750
vt 0.375000 0.218750
vt 0.406250 0.218750
vt 0.437500 0.218750
vt 0.468750 0.218750
vt 0.500000 0.218750
vt 0.531250 0.218750
vt 0.562500 0.218750
vt 0.593750 0.218750
vt 0.625000 0.218750
vt 0.656250 0.218750
vt 0.687500 0.218750
vt 0.718750 0.218750
vt 0.750000 0.218750
vt 0.781250 0.218750
vt 0.812500 0.218750
vt 0.843750 0.218750
vt 0.875000 0.218750
vt 0.906250 0.218750
vt 0.937500 0.218750
vt 0.968750 0.218750
vt 0.062500 0.250000
vt 0.031250 0.250000
vt 0.093750 0.250000
vt 0.125000 0.250000
vt 0.156250 0.250000
vt 0.187500 0.250000
vt 0.218750 0.250000
vt 0.250000 0.250000
vt 0.281250 0.250000
vt 0.312500 0.250000
vt 0.343750 0.250000
vt 0.375000 0.250000
vt 0.406250 0.250000
vt 0.437500 0.250000
vt 0.468750 0.250000
vt 0.500000 0.250000
vt 0.531250 0.250000
vt 0.562500 0.250000
vt 0.593750 0.250000
vt 0.625000 0.250000
vt 0.656250 0.250000
vt 0.687500 0.250000
vt 0.718750 0.250000
vt 0.750000 0.250000
vt 0.781250 0.250000
vt 0.812500 0.250000
vt 0.843750 0.250000
vt 0.875000 0.250000
vt 0.906250 0.250000
vt 0.937500 0.250000
vt 0.968750 0.250000
vt 0.062500 0.281250
vt 0.031250 0.281250
vt 0.093750 0.281250
vt 0.125000 0.281250
vt 0.156250 0.281250
vt 0.187500 0.281250
vt 0.218750 0.281250
vt 0.250000 0.281250
vt 0.281250 0.281250
vt 0.312500 0.281250
vt 0.343750 0.281250
vt 0.375000 0.281250
vt 0.406250 0.281250
vt 0.437500 0.281250
vt 0.468750 0.281250
vt 0.500000 0.281250
vt 0.531250 0.281250
vt 0.562500 0.281250
vt 0.593750 0.281250
vt 0.625000 0.281250
vt 0.656250 0.281250
vt 0.687500 0.281250
vt 0.718750 0.281250
vt 0.750000 0.281250
vt 0.781250 0.281250
vt 0.812500 0.281250
vt 0.843750 0.281250
vt 0.875000 0.281250
vt 0.906250 0.281250
vt 0.937500 0.281250
vt 0.968750 0.281250
vt 0.062500 0.312500
vt 0.031250 0.312500
vt 0.093750 0.312500
vt 0.125000 0.312500
vt 0.156250 0.312500
vt 0.187500 0.312500
vt 0.218750 0.312500
vt 0.250000 0.312500
vt 0.281250 0.312500
vt 0.312500 0.312500
vt 0.343750 0.312500
vt 0.375000 0.312500
vt 0.406250 0.312500
vt 0.437500 0.312500
vt 0.468750 0.312500
vt 0.500000 0.312500
vt 0.531250 0.312500
vt 0.562500 0.312500
vt 0.593750 0.312500
vt 0.625000 0.312500
vt 0.656250 0.312500
vt 0.687500 0.312500
vt 0.718750 0.312500
vt 0.750000 0.312500
vt 0.781250 0.312500
vt 0.812500 0.312500
vt 0.843750 0.312500
vt 0.875000 0.312500
vt 0.906250 0.312500
vt 0.937500 0.312500
vt 0.968750 0.312500
vt 0.062500 0.343750
vt 0.031250 0.343750
vt 0.093750 0.343750
vt 0.125000 0.343750
vt 0.156250 0.343750
vt 0.187500 0.343750
vt 0.218750 0.343750
vt 0.250000 0.343750
vt 0.281250 0.343750
vt 0.312500 0.343750
vt 0.343750 0.343750
vt 0.375000 0.343750
vt 0.406250 0.343750
vt 0.437500 0.343750
vt 0.468750 0.343750
vt 0.500000 0.343750
vt 0.531250 0.343750
vt 0.562500 0.343750
vt 0.593750 0.343750
vt 0.625000 0.343750
vt 0.656250 0.343750
vt 0.687500 0.343750
vt 0.718750 0.343750
vt 0.750000 0.343750
vt 0.781250 0.343750
vt 0.812500 0.343750
vt 0.843750 0.343750
vt 0.875000 0.343750
vt 0.906250 0.343750
vt 0.937500 0.343750
vt 0.968750 0.343750
vt 0.062500 0.375000
vt 0.031250 0.375000
vt 0.093750 0.375000
vt 0.125000 0.375000
vt 0.156250 0.375000
vt 0.187500 0.375000
vt 0.218750 0.375000
vt 0.250000 0.375000
vt 0.281250 0.375000
vt 0.312500 0.375000
vt 0.343750 0.375000
vt 0.375000 0.375000
vt 0.406250 0.375000
vt 0.437500 0.375000
vt 0.468750 0.375000
vt 0.500000 0.375000
vt 0.531250 0.375000
vt 0.562500 0.375000
vt 0.593750 0.375000
vt 0.625000 0.375000
vt 0.656250 0.375000
vt 0.687500 0.375000
vt 0.718750 0.375000
vt 0.750000 0.375000
vt 0.781250 0.375000
vt 0.812500 0.375000
vt 0.843750 0.375000
vt 0.875000 0.375000
vt 0.906250 0.375000
vt 0.937500 0.375000
vt 0.968750 0.375000
vt 0.062500 0.406250
vt 0.031250 0.406250
vt 0.093750 0.406250
vt 0.125000 0.406250
vt 0.156250 0.406250
vt 0.187500 0.406250
vt 0.218750 0.406250
vt 0.250000 0.406250
vt 0.281250 0.406250
vt 0.312500 0.406250
vt 0.343750 0.406250
vt 0.375000 0.406250
vt 0.406250 0.406250
vt 0.437500 0.406250
vt 0.468750 0.406250
vt 0.500000 0.406250
vt 0.531250 0.406250
vt 0.562500 0.406250
vt 0.593750 0.406250
vt 0.625000 0.406250
vt 0.656250 0.406250
vt 0.687500 0.406250
vt 0.718750 0.406250
vt 0.750000 0.406250
vt 0.781250 0.406250
vt 0.812500 0.406250
vt 0.843750 0.406250
vt 0.875000 0.406250
vt 0.906250 0.406250
vt 0.937500 0.406250
vt 0.968750 0.406250
vt 0.062500 0.437500
vt 0.031250 0.437500
vt 0.093750 0.437500
vt 0.125000 0.437500
vt 0.156250 0.437500
vt 0.187500 0.437500
vt 0.218750 0.437500
vt 0.250000 0.437500
vt 0.281250 0.437500
vt 0.312500 0.437500
vt 0.343750 0.437500
vt 0.375000 0.437500
vt 0.406250 0.437500
vt 0.437500 0.437500
vt 0.468750 0.437500
vt 0.500000 0.437500
vt 0.531250 0.437500
vt 0.562500 0.437500
vt 0.593750 0.437500
vt 0.625000 0.437500
vt 0.656250 0.437500
vt 0.687500 0.437500
vt 0.718750 0.437500
vt 0.750000 0.437500
vt 0.781250 0.437500
vt 0.812500 0.437500
vt 0.843750 0.437500
vt 0.875000 0.437500
vt 0.906250 0.437500
vt 0.937500 0.437500
vt 0.968750 0.437500
vt 0.062500 0.468750
vt 0.031250 0.468750
vt 0.093750 0.468750
vt 0.125000 0.468750
vt 0.156250 0.468750
vt 0.187500 0.468750
vt 0.218750 0.468750
vt 0.250000 0.468750
vt 0.281250 0.468750
vt 0.312500 0.468750
vt 0.343750 0.468750
vt 0.375000 0.468750
vt 0.406250 0.468750
vt 0.437500 0.468750
vt 0.468750 0.468750
vt 0.500000 0.468750
vt 0.531250 0.468750
vt 0.562500 0.468750
vt 0.593750 0.468750
vt 0.625000 0.468750
vt 0.656250 0.468750
vt 0.687500 0.468750
vt 0.718750 0.468750
vt 0.750000 0.468750
vt 0.781250 0.468750
vt 0.812500 0.468750
vt 0.843750 0.468750
vt 0.875000 0.468750
vt 0.906250 0.468750
vt 0.937500 0.468750
vt 0.968750 0.468750
vt 0.062500 0.500000
vt 0.031250 0.500000
vt 0.093750 0.500000
vt 0.125000 0.500000
vt 0.156250 0.500000
vt 0.187500 0.500000
vt 0.218750 0.500000
vt 0.250000 0.500000
vt 0.281250 0.500000
vt 0.312500 0.500000
vt 0.343750 0.500000
vt 0.375000 0.500000
vt 0.406250 0.500000
vt 0.437500 0.500000
vt 0.468750 0.500000
vt 0.500000 0.500000
vt 0.531250 0.500000
vt 0.562500 0.500000
vt 0.593750 0.500000
vt 0.625000 0.500000
vt 0.656250 0.500000
vt 0.687500 0.500000
vt 0.718750 0.500000
vt 0.750000 0.500000
vt 0.781250 0.500000
vt 0.812500 0.500000
vt 0.843750 0.500000
vt 0.875000 0.500000
vt 0.906250 0.500000
vt 0.937500 0.500000
vt 0.968750 0.500000
vt 0.062500 0.531250
vt 0.031250 0.531250
vt 0.093750 0.531250
vt 0.125000 0.531250
vt 0.156250 0.531250
vt 0.187500 0.531250
vt 0.218750 0.531250
vt 0.250000 0.531250
vt 0.281250 0.531250
vt 0.312500 0.531250
vt 0.343750 0.531250
vt 0.375000 0.531250
vt 0.406250 0.531250
vt 0.437500 0.531250
vt 0.468750 0.531250
vt 0.500000 0.531250
vt 0.531250 0.531250
vt 0.562500 0.531250
vt 0.593750 0.531250
vt 0.625000 0.531250
vt 0.656250 0.531250
vt 0.687500 0.531250
vt 0.718750 0.531250
vt 0.750000 0.531250
vt 0.781250 0.531250
vt 0.812500 0.531250
vt 0.843750 0.531250
vt 0.875000 0.531250
vt 0.906250 0.531250
vt 0.937500 0.531250
vt 0.968750 0.531250
vt 0.062500 0.562500
vt 0.031250 0.562500
vt 0.093750 0.562500
vt 0.125000 0.562500
vt 0.156250 0.562500
vt 0.187500 0.562500
vt 0.218750 0.562500
vt 0.250000 0.562500
vt 0.281250 0.562500
vt 0.312500 0.562500
vt 0.343750 0.562500
vt 0.375000 0.562500
vt 0.406250 0.562500
vt 0.437500 0.562500
vt 0.468750 0.562500
vt 0.500000 0.562500
vt 0.531250 0.562500
vt 0.562500 0.562500
vt 0.593750 0.562500
vt 0.625000 0.562500
vt 0.656250 0.562500
vt 0.687500 0.562500
vt 0.718750 0.562500
vt 0.750000 0.562500
vt 0.781250 0.562500
vt 0.812500 0.562500
vt 0.843750 0.562500
vt 0.875000 0.562500
vt 0.906250 0.562500
vt 0.937500 0.562500
vt 0.968750 0.562500
vt 0.062500 0.593750
vt 0.031250 0.593750
vt 0.093750 0.593750
vt 0.125000 0.593750
vt 0.156250 0.593750
vt 0.187500 0.593750
vt 0.218750 0.593750
vt 0.250000 0.593750
vt 0.281250 0.593750
vt 0.312500 0.593750
vt 0.343750 0.593750
vt 0.375000 0.593750
vt 0.406250 0.593750
vt 0.437500 0.593750
vt 0.468750 0.593750
vt 0.500000 0.593750
vt 0.531250 0.593750
vt 0.562500 0.593750
vt 0.593750 0.593750
vt 0.625000 0.593750
vt 0.656250 0.593750
vt 0.687500 0.593750
vt 0.718750 0.593750
vt 0.750000 0.593750
vt 0.781250 0.593750
vt 0.812500 0.593750
vt 0.843750 0.593750
vt 0.875000 0.593750
vt 0.906250 0.593750
vt 0.937500 0.593750
vt 0.968750 0.593750
vt 0.062500 0.625000
vt 0.031250 0.625000
vt 0.093750 0.625000
vt 0.125000 0.625000
vt 0.156250 0.625000
vt 0.187500 0.625000
vt 0.218750 0.625000
vt 0.250000 0.625000
vt 0.281250 0.625000
vt 0.312500 0.625000
vt 0.343750 0.625000
vt 0.375000 0.625000
vt 0.406250 0.625000
vt 0.437500 0.625000
vt 0.468750 0.625000
vt 0.500000 0.625000
vt 0.531250 0.625000
vt 0.562500 0.625000
vt 0.593750 0.625000
vt 0.625000 0.625000
vt 0.656250 0.625000
vt 0.687500 0.625000
vt 0.718750 0.625000
vt 0.750000 0.625000
vt 0.781250 0.625000
vt 0.812500 0.625000
vt 0.843750 0.625000
vt 0.875000 0.625000
vt 0.906250 0.625000
vt 0.937500 0.625000
vt 0.968750 0.625000
vt 0.062500 0.656250
vt 0.031250 0.656250
vt 0.093750 0.656250
vt 0.125000 0.656250
vt 0.156250 0.656250
vt 0.187500 0.656250
vt 0.218750 0.656250
vt 0.250000 0.656250
vt 0.281250 0.656250
vt 0.312500 0.656250
vt 0.343750 0.656250
vt 0.375000 0.656250
vt 0.406250 0.656250
vt 0.437500 0.656250
vt 0.468750 0.656250
vt 0.500000 0.656250
vt 0.531250 0.656250
vt 0.562500 0.656250
vt 0.593750 0.656250
vt 0.625000 0.656250
vt 0.656250 0.656250
vt 0.687500 0.656250
vt 0.718750 0.656250
vt 0.750000 0.656250
vt 0.781250 0.656250
vt 0.812500 0.656250
vt 0.843750 0.656250
vt 0.875000 0.656250
vt 0.906250 0.656250
vt 0.937500 0.656250
vt 0.968750 0.656250
vt 0.062500 0.687500
vt 0.031250 0.687500
vt 0.093750 0.687500
vt 0.125000 0.687500
vt 0.156250 0.687500
vt 0.187500 0.687500
vt 0.218750 0.687500
vt 0.250000 0.687500
vt 0.281250 0.687500
vt 0.312500 0.687500
vt 0.343750 0.687500
vt 0.375000 0.687500
vt 0.406250 0.687500
vt 0.437500 0.687500
vt 0.468750 0.687500
vt 0.500000 0.687500
vt 0.531250 0.687500
vt 0.562500 0.687500
vt 0.593750 0.687500
vt 0.625000 0.687500
vt 0.656250 0.687500
vt 0.687500 0.687500
vt 0.718750 0.687500
vt 0.750000 0.687500
vt 0.781250 0.687500
vt 0.812500 0.687500
vt 0.843750 0.687500
vt 0.875000 0.687500
vt 0.906250 0.687500
vt 0.937500 0.687500
vt 0.968750 0.687500
vt 0.062500 0.718750
vt 0.031250 0.718750
vt 0.093750 0.718750
vt 0.125000 0.718750
vt 0.156250 0.718750
vt 0.187500 0.718750
vt 0.218750 0.718750
vt 0.250000 0.718750
vt 0.281250 0.718750
vt 0.312500 0.718750
vt 0.343750 0.718750
vt 0.375000 0.718750
vt 0.406250 0.718750
vt 0.437500 0.718750
vt 0.468750 0.718750
vt 0.500000 0.718750
vt 0.531250 0.718750
vt 0.562500 0.718750
vt 0.593750 0.718750
vt 0.625000 0.718750
vt 0.656250 0.718750
vt 0.687500 0.718750
vt 0.718750 0.718750
vt 0.750000 0.718750
vt 0.781250 0.718750
vt 0.812500 0.718750
vt 0.843750 0.718750
vt 0.875000 0.718750
vt 0.906250 0.718750
vt 0.937500 0.718750
vt 0.968750 0.718750
vt 0.062500 0.750000
vt 0.031250 0.750000
vt 0.093750 0.750000
vt 0.125000 0.750000
vt 0.156250 0.750000
vt 0.187500 0.750000
vt 0.218750 0.750000
vt 0.250000 0.750000
vt 0.281250 0.750000
vt 0.312500 0.750000
vt 0.343750 0.750000
vt 0.375000 0.750000
vt 0.406250 0.750000
vt 0.437500 0.750000
vt 0.468750 0.750000
vt 0.500000 0.750000
vt 0.531250 0.750000
vt 0.562500 0.750000
vt 0.593750 0.750000
vt 0.625000 0.750000
vt 0.656250 0.750000
vt 0.687500 0.750000
vt 0.718750 0.750000
vt 0.750000 0.750000
vt 0.781250 0.750000
vt 0.812500 0.750000
vt 0.843750 0.750000
vt 0.875000 0.750000
vt 0.906250 0.750000
vt 0.937500 0.750000
vt 0.968750 0.750000
vt 0.062500 0.781250
vt 0.031250 0.781250
vt 0.093750 0.781250
vt 0.125000 0.781250
vt 0.156250 0.781250
vt 0.187500 0.781250
vt 0.218750 0.781250
vt 0.250000 0.781250
vt 0.281250 0.781250
vt 0.312500 0.781250
vt 0.343750 0.781250
vt 0.375000 0.781250
vt 0.406250 0.781250
vt 0.437500 0.781250
vt 0.468750 0.781250
vt 0.500000 0.781250
vt 0.531250 0.781250
vt 0.562500 0.781250
vt 0.593750 0.781250
vt 0.625000 0.781250
vt 0.656250 0.781250
vt 0.687500 0.781250
vt 0.718750 0.781250
vt 0.750000 0.781250
vt 0.781250 0.781250
vt 0.812500 0.781250
vt 0.843750 0.781250
vt 0.875000 0.781250
vt 0.906250 0.781250
vt 0.937500 0.781250
vt 0.968750 0.781250
vt 0.062500 0.812500
vt 0.031250 0.812500
vt 0.093750 0.812500
vt 0.125000 0.812500
vt 0.156250 0.812500
vt 0.187500 0.812500
vt 0.218750 0.812500
vt 0.250000 0.812500
vt 0.281250 0.812500
vt 0.312500 0.812500
vt 0.343750 0.812500
vt 0.375000 0.812500
vt 0.406250 0.812500
vt 0.437500 0.812500
vt 0.468750 0.812500
vt 0.500000 0.812500
vt 0.531250 0.812500
vt 0.562500 0.812500
vt 0.593750 0.812500
vt 0.625000 0.812500
vt 0.656250 0.812500
vt 0.687500 0.812500
vt 0.718750 0.812500
vt 0.750000 0.812500
vt 0.781250 0.812500
vt 0.812500 0.812500
vt 0.843750 0.812500
vt 0.875000 0.812500
vt 0.906250 0.812500
vt 0.937500 0.812500
vt 0.968750 0.812500
vt 0.062500 0.843750
vt 0.031250 0.843750
vt 0.093750 0.843750
vt 0.125000 0.843750
vt 0.156250 0.843750
vt 0.187500 0.843750
vt 0.218750 0.843750
vt 0.250000 0.843750
vt 0.281250 0.843750
vt 0.312500 0.843750
vt 0.343750 0.843750
vt 0.375000 0.843750
vt 0.406250 0.843750
vt 0.437500 0.843750
vt 0.468750 0.843750
vt 0.500000 0.843750
vt 0.531250 0.843750
vt 0.562500 0.843750
vt 0.593750 0.843750
vt 0.625000 0.843750
vt 0.656250 0.843750
vt 0.687500 0.843750
vt 0.718750 0.843750
vt 0.750000 0.843750
vt 0.781250 0.843750
vt 0.812500 0.843750
vt 0.843750 0.843750
vt 0.875000 0.843750
vt 0.906250 0.843750
vt 0.937500 0.843750
vt 0.968750 0.843750
vt 0.062500 0.875000
vt 0.031250 0.875000
vt 0.093750 0.875000
vt 0.125000 0.875000
vt 0.156250 0.875000
vt 0.187500 0.875000
vt 0.218750 0.875000
vt 0.250000 0.875000
vt 0.281250 0.875000
vt 0.312500 0.875000
vt 0.343750 0.875000
vt 0.375000 0.875000
vt 0.406250 0.875000
vt 0.437500 0.875000
vt 0.468750 0.875000
vt 0.500000 0.875000
vt 0.531250 0.875000
vt 0.562500 0.875000
vt 0.593750 0.875000
vt 0.625000 0.875000
vt 0.656250 0.875000
vt 0.687500 0.875000
vt 0.718750 0.875000
vt 0.750000 0.875000
vt 0.781250 0.875000
vt 0.812500 0.875000
vt 0.843750 0.875000
vt 0.875000 0.875000
vt 0.906250 0.875000
vt 0.937500 0.875000
vt 0.968750 0.875000
vt 0.062500 0.906250
vt 0.031250 0.906250
vt 0.093750 0.906250
vt 0.125000 0.906250
vt 0.156250 0.906250
vt 0.187500 0.906250
vt 0.218750 0.906250
vt 0.250000 0.906250
vt 0.281250 0.906250
vt 0.312500 0.906250
vt 0.343750 0.906250
vt 0.375000 0.906250
vt 0.406250 0.906250
vt 0.437500 0.906250
vt 0.468750 0.906250
vt 0.500000 0.906250
vt 0.531250 0.906250
vt 0.562500 0.906250
vt 0.593750 0.906250
vt 0.625000 0.906250
vt 0.656250 0.906250
vt 0.687500 0.906250
vt 0.718750 0.906250
vt 0.750000 0.906250
vt 0.781250 0.906250
vt 0.812500 0.906250
vt 0.843750 0.906250
vt 0.875000 0.906250
vt 0.906250 0.906250
vt 0.937500 0.906250
vt 0.968750 0.906250
vt 0.062500 0.937500
vt 0.031250 0.937500
vt 0.093750 0.937500
vt 0.125000 0.937500
vt 0.156250 0.937500
vt 0.187500 0.937500
vt 0.218750 0.937500
vt 0.250000 0.937500
vt 0.281250 0.937500
vt 0.312500 0.937500
vt 0.343750 0.937500
vt 0.375000 0.937500
vt 0.406250 0.937500
vt 0.437500 0.937500
vt 0.468750 0.937500
vt 0.500000 0.937500
vt 0.531250 0.937500
vt 0.562500 0.937500
vt 0.593750 0.937500
vt 0.625000 0.937500
vt 0.656250 0.937500
vt 0.687500 0.937500
vt 0.718750 0.937500
vt 0.750000 0.937500
vt 0.781250 0.937500
vt 0.812500 0.937500
vt 0.843750 0.937500
vt 0.875000 0.937500
vt 0.906250 0.937500
vt 0.937500 0.937500
vt 0.968750 0.937500
vt 0.062500 0.968750
vt 0.031250 0.968750
vt 0.093750 0.968750
vt 0.125000 0.968750
vt 0.156250 0.968750
vt 0.187500 0.968750
vt 0.218750 0.968750
vt 0.250000 0.968750
vt 0.281250 0.968750
vt 0.312500 0.968750
vt 0.343750 0.968750
vt 0.375000 0.968750
vt 0.406250 0.968750
vt 0.437500 0.968750
vt 0.468750 0.968750
vt 0.500000 0.968750
vt 0.531250 0.968750
vt 0.562500 0.968750
vt 0.593750 0.968750
vt 0.625000 0.968750
vt 0.656250 0.968750
vt 0.687500 0.968750
vt 0.718750 0.968750
vt 0.750000 0.968750
vt 0.781250 0.968750
vt 0.812500 0.968750
vt 0.843750 0.968750
vt 0.875000 0.968750
vt 0.906250 0.968750
vt 0.937500 0.968750
vt 0.968750 0.968750
vt 0.000000 0.000000
vt 0.031250 0.000000
vt 0.000000 0.031250
vt 0.062500 0.000000
vt 0.093750 0.000000
vt 0.125000 0.000000
vt 0.156250 0.000000
vt 0.187500 0.000000
vt 0.218750 0.000000
vt 0.250000 0.000000
vt 0.281250 0.000000
vt 0.312500 0.000000
vt 0.343750 0.000000
vt 0.375000 0.000000
vt 0.406250 0.000000
vt 0.437500 0.000000
vt 0.468750 0.000000
vt 0.500000 0.000000
vt 0.531250 0.000000
vt 0.562500 0.000000
vt 0.593750 0.000000
vt 0.625000 0.000000
vt 0.656250 0.000000
vt 0.687500 0.000000
vt 0.718750 0.000000
vt 0.750000 0.000000
vt 0.781250 0.000000
vt 0.812500 0.000000
vt 0.843750 0.000000
vt 0.875000 0.000000
vt 0.906250 0.000000
vt 0.937500 0.000000
vt 0.968750 0.000000
vt 1.000000 0.000000
vt 1.000000 0.031250
vt 1.000000 0.062500
vt 1.000000 0.093750
vt 1.000000 0.125000
vt 1.000000 0.156250
vt 1.000000 0.187500
vt 1.000000 0.218750
vt 1.000000 0.250000
vt 1.000000 0.281250
vt 1.000000 0.312500
vt 1.000000 0.343750
vt 1.000000 0.375000
vt 1.000000 0.406250
vt 1.000000 0.437500
vt 1.000000 0.468750
vt 1.000000 0.500000
vt 1.000000 0.531250
vt 1.000000 0.562500
vt 1.000000 0.593750
vt 1.000000 0.625000
vt 1.000000 0.656250
vt 1.000000 0.687500
vt 1.000000 0.718750
vt 1.000000 0.750000
vt 1.000000 0.781250
vt 1.000000 0.812500
vt 1.000000 0.843750
vt 1.000000 0.875000
vt 1.000000 0.906250
vt 1.000000 0.937500
vt 1.000000 0.968750
vt 1.000000 1.000000
vt 0.968750 1.000000
vt 0.937500 1.000000
vt 0.906250 1.000000
vt 0.875000 1.000000
vt 0.843750 1.000000
vt 0.812500 1.000000
vt 0.781250 1.000000
vt 0.750000 1.000000
vt 0.718750 1.000000
vt 0.687500 1.000000
vt 0.656250 1.000000
vt 0.625000 1.000000
vt 0.593750 1.000000
vt 0.562500 1.000000
vt 0.531250 1.000000
vt 0.500000 1.000000
vt 0.468750 1.000000
vt 0.437500 1.000000
vt 0.406250 1.000000
vt 0.375000 1.000000
vt 0.343750 1.000000
vt 0.312500 1.000000
vt 0.281250 1.000000
vt 0.250000 1.000000
vt 0.218750 1.000000
vt 0.187500 1.000000
vt 0.156250 1.000000
vt 0.125000 1.000000
vt 0.093750 1.000000
vt 0.062500 1.000000
vt 0.031250 1.000000
vt 0.000000 0.968750
vt 0.000000 1.000000
vt 0.000000 0.937500
vt 0.000000 0.906250
vt 0.000000 0.875000
vt 0.000000 0.843750
vt 0.000000 0.812500
vt 0.000000 0.781250
vt 0.000000 0.750000
vt 0.000000 0.718750
vt 0.000000 0.687500
vt 0.000000 0.656250
vt 0.000000 0.625000
vt 0.000000 0.593750
vt 0.000000 0.562500
vt 0.000000 0.531250
vt 0.000000 0.500000
vt 0.000000 0.468750
vt 0.000000 0.437500
vt 0.000000 0.406250
vt 0.000000 0.375000
vt 0.000000 0.343750
vt 0.000000 0.312500
vt 0.000000 0.281250
vt 0.000000 0.250000
vt 0.000000 0.218750
vt 0.000000 0.187500
vt 0.000000 0.156250
vt 0.000000 0.125000
vt 0.000000 0.093750
vt 0.000000 0.062500
s 0
usemtl Material.001
f 129/1/1 130/2/1 161/3/1 160/4/1
f 130/2/2 131/5/2 162/6/2 161/3/2
f 131/5/3 132/7/3 163/8/3 162/6/3
f 132/7/4 133/9/4 164/10/4 163/8/4
f 133/9/5 134/11/5 165/12/5 164/10/5
f 134/11/6 135/13/6 166/14/6 165/12/6
f 135/13/7 136/15/7 167/16/7 166/14/7
f 136/15/8 137/17/8 168/18/8 167/16/8
f 137/17/9 138/19/9 169/20/9 168/18/9
f 138/19/10 139/21/10 170/22/10 169/20/10
f 139/21/11 140/23/11 171/24/11 170/22/11
f 140/23/12 141/25/12 172/26/12 171/24/12
f 141/25/13 142/27/13 173/28/13 172/26/13
f 142/27/14 143/29/14 174/30/14 173/28/14
f 143/29/15 144/31/15 175/32/15 174/30/15
f 144/31/16 145/33/16 176/34/16 175/32/16
f 145/33/17 146/35/17 177/36/17 176/34/17
f 146/35/18 147/37/18 178/38/18 177/36/18
f 147/37/19 148/39/19 179/40/19 178/38/19
f 148/39/20 149/41/20 180/42/20 179/40/20
f 149/41/21 150/43/21 181/44/21 180/42/21
f 150/43/22 151/45/22 182/46/22 181/44/22
f 151/45/23 152/47/23 183/48/23 182/46/23
f 152/47/24 153/49/24 184/50/24 183/48/24
f 153/49/25 154/51/25 185/52/25 184/50/25
f 154/51/26 155/53/26 186/54/26 185/52/26
f 155/53/27 156/55/27 187/56/27 186/54/27
f 156/55/28 157/57/28 188/58/28 187/56/28
f 157/57/29 158/59/29 189/60/29 188/58/29
f 158/59/30 159/61/30 190/62/30 189/60/30
f 160/4/31 161/3/31 192/63/31 191/64/31
f 161/3/32 162/6/32 193/65/32 192/63/32
f 162/6/33 163/8/33 194/66/33 193/65/33
f 163/8/34 164/10/34 195/67/34 194/66/34
f 164/10/35 165/12/35 196/68/35 195/67/35
f 165/12/36 166/14/36 197/69/36 196/68/36
f 166/14/37 167/16/37 198/70/37 197/69/37
f 167/16/38 168/18/38 199/71/38 198/70/38
f 168/18/39 169/20/39 200/72/39 199/71/39
f 169/20/40 170/22/40 201/73/40 200/72/40
f 170/22/41 171/24/41 202/74/41 201/73/41
f 171/24/42 172/26/42 203/75/42 202/74/42
f 172/26/43 173/28/43 204/76/43 203/75/43
f 173/28/44 174/30/44 205/77/44 204/76/44
f 174/30/45 175/32/45 206/78/45 205/77/45
f 175/32/46 176/34/46 207/79/46 206/78/46
f 176/34/47 177/36/47 208/80/47 207/79/47
f 177/36/48 178/38/48 209/81/48 208/80/48
f 178/38/49 179/40/49 210/82/49 209/81/49
f 179/40/50 180/42/50 211/83/50 210/82/50
f 180/42/51 181/44/51 212/84/51 211/83/51
f 181/44/52 182/46/52 213/85/52 212/84/52
f 182/46/53 183/48/53 214/86/53 213/85/53
f 183/48/54 184/50/54 215/87/54 214/86/54
f 184/50/55 185/52/55 216/88/55 215/87/55
f 185/52/56 186/54/56 217/89/56 216/88/56
f 186/54/57 187/56/57 218/90/57 217/89/57
f 187/56/58 188/58/58 219/91/58 218/90/58
f 188/58/59 189/60/59 220/92/59 219/91/59
f 189/60/60 190/62/60 221/93/60 220/92/60
f 191/64/61 192/63/61 223/94/61 222/95/61
f 192/63/62 193/65/62 224/96/62 223/94/62
f 193/65/63 194/66/63 225/97/63 224/96/63
f 194/66/64 195/67/64 226/98/64 225/97/64
f 195/67/65 196/68/65 227/99/65 226/98/65
f 196/68/66 197/69/66 228/100/66 227/99/66
f 197/69/67 198/70/67 229/101/67 228/100/67
f 198/70/68 199/71/68 230/102/68 229/101/68
f 199/71/69 200/72/69 231/103/69 230/102/69
f 200/72/70 201/73/70 232/104/70 231/103/70
f 201/73/71 202/74/71 233/105/71 232/104/71
f 202/74/72 203/75/72 234/106/72 233/105/72
f 203/75/73 204/76/73 235/107/73 234/106/73
f 204/76/74 205/77/74 236/108/74 235/107/74
f 205/77/75 206/78/75 237/109/75 236/108/75
f 206/78/76 207/79/76 238/110/76 237/109/76
f 207/79/77 208/80/77 239/111/77 238/110/77
f 208/80/78 209/81/78 240/112/78 239/111/78
f 209/81/79 210/82/79 241/113/79 240/112/79
f 210/82/80 211/83/80 242/114/80 241/113/80
f 211/83/81 212/84/81 243/115/81 242/114/81
f 212/84/82 213/85/82 244/116/82 243/115/82
f 213/85/83 214/86/83 245/117/83 244/116/83
f 214/86/84 215/87/84 246/118/84 245/117/84
f 215/87/85 216/88/85 247/119/85 246/118/85
f 216/88/86 217/89/86 248/120/86 247/119/86
f 217/89/87 218/90/87 249/121/87 248/120/87
f 218/90/88 219/91/88 250/122/88 249/121/88
f 219/91/89 220/92/89 251/123/89 250/122/89
f 220/92/90 221/93/90 252/124/90 251/123/90
f 222/95/91 223/94/91 254/125/91 253/126/91
f 223/94/92 224/96/92 255/127/92 254/125/92
f 224/96/93 225/97/93 256/128/93 255/127/93
f 225/97/94 226/98/94 257/129/94 256/128/94
f 226/98/95 227/99/95 258/130/95 257/129/95
f 227/99/96 228/100/96 259/131/96 258/130/96
f 228/100/97 229/101/97 260/132/97 259/131/97
f 229/101/98 230/102/98 261/133/98 260/132/98
f 230/102/99 231/103/99 262/134/99 261/133/99
f 231/103/100 232/104/100 263/135/100 262/134/100
f 232/104/101 233/105/101 264/136/101 263/135/101
f 233/105/102 234/106/102 265/137/102 264/136/102
f 234/106/103 235/107/103 266/138/103 265/137/103
f 235/107/104 236/108/104 267/139/104 266/138/104
f 236/108/105 237/109/105 268/140/105 267/139/105
f 237/109/106 238/110/106 269/141/106 268/140/106
f 238/110/107 239/111/107 270/142/107 269/141/107
f 239/111/108 240/112/108 271/143/108 270/142/108
f 240/112/109 241/113/109 272/144/109 271/143/109
f 241/113/110 242/114/110 273/145/110 272/144/110
f 242/114/111 243/115/111 274/146/111 273/145/111
f 243/115/112 244/116/112 275/147/112 274/146/112
f 244/116/113 245/117/113 276/148/113 275/147/113
f 245/117/114 246/118/114 277/149/114 276/148/114
f 246/118/115 247/119/115 278/150/115 277/149/115
f 247/119/116 248/120/116 279/151/116 278/150/116
f 248/120/117 249/121/117 280/152/117 279/151/117
f 249/121/118 250/122/118 281/153/118 280/152/118
f 250/122/119 251/123/119 282/154/119 281/153/119
f 251/123/120 252/124/120 283/155/120 282/154/120
f 253/126/121 254/125/121 285/156/121 284/157/121
f 254/125/122 255/127/122 286/158/122 285/156/122
f 255/127/123 256/128/123 287/159/123 286/158/123
f 256/128/124 257/129/124 288/160/124 287/159/124
f 257/129/125 258/130/125 289/161/125 288/160/125
f 258/130/126 259/131/126 290/162/126 289/161/126
f 259/131/127 260/132/127 291/163/127 290/162/127
f 260/132/128 261/133/128 292/164/128 291/163/128
f 261/133/129 262/134/129 293/165/129 292/164/129
f 262/134/130 263/135/130 294/166/130 293/165/130
f 263/135/131 264/136/131 295/167/131 294/166/131
f 264/136/132 265/137/132 296/168/132 295/167/132
f 265/137/133 266/138/133 297/169/133 296/168/133
f 266/138/134 267/139/134 298/170/134 297/169/134
f 267/139/135 268/140/135 299/171/135 298/170/135
f 268/140/136 269/141/136 300/172/136 299/171/136
f 269/141/137 270/142/137 301/173/137 300/172/137
f 270/142/138 271/143/138 302/174/138 301/173/138
f 271/143/139 272/144/139 303/175/139 302/174/139
f 272/144/140 273/145/140 304/176/140 303/175/140
f 273/145/141 274/146/141 305/177/141 304/176/141
f 274/146/142 275/147/142 306/178/142 305/177/142
f 275/147/143 276/148/143 307/179/143 306/178/143
f 276/148/144 277/149/144 308/180/144 307/179/144
f 277/149/145 278/150/145 309/181/145 308/180/145
f 278/150/146 279/151/146 310/182/146 309/181/146
f 279/151/147 280/152/147 311/183/147 310/182/147
f 280/152/148 281/153/148 312/184/148 311/183/148
f 281/153/149 282/154/149 313/185/149 312/184/149
f 282/154/150 283/155/150 314/186/150 313/185/150
f 284/157/151 285/156/151 316/187/151 315/188/151
f 285/156/152 286/158/152 317/189/152 316/187/152
f 286/158/153 287/159/153 318/190/153 317/189/153
f 287/159/154 288/160/154 319/191/154 318/190/154
f 288/160/155 289/161/155 320/192/155 319/191/155
f 289/161/156 290/162/156 321/193/156 320/192/156
f 290/162/157 291/163/157 322/194/157 321/193/157
f 291/163/158 292/164/158 323/195/158 322/194/158
f 292/164/159 293/165/159 324/196/159 323/195/159
f 293/165/160 294/166/160 325/197/160 324/196/160
f 294/166/161 295/167/161 326/198/161 325/197/161
f 295/167/162 296/168/162 327/199/162 326/198/162
f 296/168/163 297/169/163 328/200/163 327/199/163
f 297/169/164 298/170/164 329/201/164 328/200/164
f 298/170/165 299/171/165 330/202/165 329/201/165
f 299/171/166 300/172/166 331/203/166 330/202/166
f 300/172/167 301/173/167 332/204/167 331/203/167
f 301/173/168 302/174/168 333/205/168 332/204/168
f 302/174/169 303/175/169 334/206/169 333/205/169
f 303/175/170 304/176/170 335/207/170 334/206/170
f 304/176/171 305/177/171 336/208/171 335/207/171
f 305/177/172 306/178/172 337/209/172 336/208/172
f 306/178/173 307/179/173 338/210/173 337/209/173
f 307/179/174 308/180/174 339/211/174 338/210/174
f 308/180/175 309/181/175 340/212/175 339/211/175
f 309/181/176 310/182/176 341/213/176 340/212/176
f 310/182/177 311/183/177 342/214/177 341/213/177
f 311/183/178 312/184/178 343/215/178 342/214/178
f 312/184/179 313/185/179 344/216/179 343/215/179
f 313/185/180 314/186/180 345/217/180 344/216/180
f 315/188/181 316/187/181 347/218/181 346/219/181
f 316/187/182 317/189/182 348/220/182 347/218/182
f 317/189/183 318/190/183 349/221/183 348/220/183
f 318/190/184 319/191/184 350/222/184 349/221/184
f 319/191/185 320/192/185 351/223/185 350/222/185
f 320/192/186 321/193/186 352/224/186 351/223/186
f 321/193/187 322/194/187 353/225/187 352/224/187
f 322/194/188 323/195/188 354/226/188 353/225/188
f 323/195/189 324/196/189 355/227/189 354/226/189
f 324/196/190 325/197/190 356/228/190 355/227/190
f 325/197/191 326/198/191 357/229/191 356/228/191
f 326/198/192 327/199/192 358/230/192 357/229/192
f 327/199/193 328/200/193 359/231/193 358/230/193
f 328/200/194 329/201/194 360/232/194 359/231/194
f 329/201/195 330/202/195 361/233/195 360/232/195
f 330/202/196 331/203/196 362/234/196 361/233/196
f 331/203/197 332/204/197 363/235/197 362/234/197
f 332/204/198 333/205/198 364/236/198 363/235/198
f 333/205/199 334/206/199 365/237/199 364/236/199
f 334/206/200 335/207/200 366/238/200 365/237/200
f 335/207/201 336/208/201 367/239/201 366/238/201
f 336/208/202 337/209/202 368/240/202 367/239/202
f 337/209/203 338/210/203 369/241/203 368/240/203
f 338/210/204 339/211/204 370/242/204 369/241/204
f 339/211/205 340/212/205 371/243/205 370/242/205
f 340/212/206 341/213/206 372/244/206 371/243/206
f 341/213/207 342/214/207 373/245/207 372/244/207
f 342/214/208 343/215/208 374/246/208 373/245/208
f 343/215/209 344/216/209 375/247/209 374/246/209
f 344/216/210 345/217/210 376/248/210 375/247/210
f 346/219/211 347/218/211 378/249/211 377/250/211
f 347/218/212 348/220/212 379/251/212 378/249/212
f 348/220/213 349/221/213 380/252/213 379/251/213
f 349/221/214 350/222/214 381/253/214 380/252/214
f 350/222/215 351/223/215 382/254/215 381/253/215
f 351/223/216 352/224/216 383/255/216 382/254/216
f 352/224/217 353/225/217 384/256/217 383/255/217
f 353/225/218 354/226/218 385/257/218 384/256/218
f 354/226/219 355/227/219 386/258/219 385/257/219
f 355/227/220 356/228/220 387/259/220 386/258/220
f 356/228/221 357/229/221 388/260/221 387/259/221
f 357/229/222 358/230/222 389/261/222 388/260/222
f 358/230/223 359/231/223 390/262/223 389/261/223
f 359/231/224 360/232/224 391/263/224 390/262/224
f 360/232/225 361/233/225 392/264/225 391/263/225
f 361/233/226 362/234/226 393/265/226 392/264/226
f 362/234/227 363/235/227 394/266/227 393/265/227
f 363/235/228 364/236/228 395/267/228 394/266/228
f 364/236/229 365/237/229 396/268/229 395/267/229
f 365/237/230 366/238/230 397/269/230 396/268/230
f 366/238/231 367/239/231 398/270/231 397/269/231
f 367/239/232 368/240/232 399/271/232 398/270/232
f 368/240/233 369/241/233 400/272/233 399/271/233
f 369/241/234 370/242/234 401/273/234 400/272/234
f 370/242/235 371/243/235 402/274/235 401/273/235
f 371/243/236 372/244/236 403/275/236 402/274/236
f 372/244/237 373/245/237 404/276/237 403/275/237
f 373/245/238 374/246/238 405/277/238 404/276/238
f 374/246/239 375/247/239 406/278/239 405/277/239
f 375/247/240 376/248/240 407/279/240 406/278/240
f 377/250/241 378/249/241 409/280/241 408/281/241
f 378/249/242 379/251/242 410/282/242 409/280/242
f 379/251/243 380/252/243 411/283/243 410/282/243
f 380/252/244 381/253/244 412/284/244 411/283/244
f 381/253/245 382/254/245 413/285/245 412/284/245
f 382/254/246 383/255/246 414/286/246 413/285/246
f 383/255/247 384/256/247 415/287/247 414/286/247
f 384/256/248 385/257/248 416/288/248 415/287/248
f 385/257/249 386/258/249 417/289/249 416/288/249
f 386/258/250 387/259/250 418/290/250 417/289/250
f 387/259/251 388/260/251 419/291/251 418/290/251
f 388/260/252 389/261/252 420/292/252 419/291/252
f 389/261/253 390/262/253 421/293/253 420/292/253
f 390/262/254 391/263/254 422/294/254 421/293/254
f 391/263/255 392/264/255 423/295/255 422/294/255
f 392/264/256 393/265/256 424/296/256 423/295/256
f 393/265/257 394/266/257 425/297/257 424/296/257
f 394/266/258 395/267/258 426/298/258 425/297/258
f 395/267/259 396/268/259 427/299/259 426/298/259
f 396/268/260 397/269/260 428/300/260 427/299/260
f 397/269/261 398/270/261 429/301/261 428/300/261
f 398/270/262 399/271/262 430/302/262 429/301/262
f 399/271/263 400/272/263 431/303/263 430/302/263
f 400/272/264 401/273/264 432/304/264 431/303/264
f 401/273/265 402/274/265 433/305/265 432/304/265
f 402/274/266 403/275/266 434/306/266 433/305/266
f 403/275/267 404/276/267 435/307/267 434/306/267
f 404/276/268 405/277/268 436/308/268 435/307/268
f 405/277/269 406/278/269 437/309/269 436/308/269
f 406/278/270 407/279/270 438/310/270 437/309/270
f 408/281/271 409/280/271 440/311/271 439/312/271
f 409/280/272 410/282/272 441/313/272 440/311/272
f 410/282/273 411/283/273 442/314/273 441/313/273
f 411/283/274 412/284/274 443/315/274 442/314/274
f 412/284/275 413/285/275 444/316/275 443/315/275
f 413/285/276 414/286/276 445/317/276 444/316/276
f 414/286/277 415/287/277 446/318/277 445/317/277
f 415/287/278 416/288/278 447/319/278 446/318/278
f 416/288/279 417/289/279 448/320/279 447/319/279
f 417/289/280 418/290/280 449/321/280 448/320/280
f 418/290/281 419/291/281 450/322/281 449/321/281
f 419/291/282 420/292/282 451/323/282 450/322/282
f 420/292/283 421/293/283 452/324/283 451/323/283
f 421/293/284 422/294/284 453/325/284 452/324/284
f 422/294/285 423/295/285 454/326/285 453/325/285
f 423/295/286 424/296/286 455/327/286 454/326/286
f 424/296/287 425/297/287 456/328/287 455/327/287
f 425/297/288 426/298/288 457/329/288 456/328/288
f 426/298/289 427/299/289 458/330/289 457/329/289
f 427/299/290 428/300/290 459/331/290 458/330/290
f 428/300/291 429/301/291 460/332/291 459/331/291
f 429/301/292 430/302/292 461/333/292 460/332/292
f 430/302/293 431/303/293 462/334/293 461/333/293
f 431/303/294 432/304/294 463/335/294 462/334/294
f 432/304/295 433/305/295 464/336/295 463/335/295
f 433/305/296 434/306/296 465/337/296 464/336/296
f 434/306/297 435/307/297 466/338/297 465/337/297
f 435/307/298 436/308/298 467/339/298 466/338/298
f 436/308/299 437/309/299 468/340/299 467/339/299
f 437/309/300 438/310/300 469/341/300 468/340/300
f 439/312/301 440/311/301 471/342/301 470/343/301
f 440/311/302 441/313/302 472/344/302 471/342/302
f 441/313/303 442/314/303 473/345/303 472/344/303
f 442/314/304 443/315/304 474/346/304 473/345/304
f 443/315/305 444/316/305 475/347/305 474/346/305
f 444/316/306 445/317/306 476/348/306 475/347/306
f 445/317/307 446/318/307 477/349/307 476/348/307
f 446/318/308 447/319/308 478/350/308 477/349/308
f 447/319/309 448/320/309 479/351/309 478/350/309
f 448/320/310 449/321/310 480/352/310 479/351/310
f 449/321/311 450/322/311 481/353/311 480/352/311
f 450/322/312 451/323/312 482/354/312 481/353/312
f 451/323/313 452/324/313 483/355/313 482/354/313
f 452/324/314 453/325/314 484/356/314 483/355/314
f 453/325/315 454/326/315 485/357/315 484/356/315
f 454/326/316 455/327/316 486/358/316 485/357/316
f 455/327/317 456/328/317 487/359/317 486/358/317
f 456/328/318 457/329/318 488/360/318 487/359/318
f 457/329/319 458/330/319 489/361/319 488/360/319
f 458/330/320 459/331/320 490/362/320 489/361/320
f 459/331/321 460/332/321 491/363/321 490/362/321
f 460/332/322 461/333/322 492/364/322 491/363/322
f 461/333/323 462/334/323 493/365/323 492/364/323
f 462/334/324 463/335/324 494/366/324 493/365/324
f 463/335/325 464/336/325 495/367/325 494/366/325
f 464/336/326 465/337/326 496/368/326 495/367/326
f 465/337/327 466/338/327 497/369/327 496/368/327
f 466/338/328 467/339/328 498/370/328 497/369/328
f 467/339/329 468/340/329 499/371/329 498/370/329
f 468/340/330 469/341/330 500/372/330 499/371/330
f 470/343/331 471/342/331 502/373/331 501/374/331
f 471/342/332 472/344/332 503/375/332 502/373/332
f 472/344/333 473/345/333 504/376/333 503/375/333
f 473/345/334 474/346/334 505/377/334 504/376/334
f 474/346/335 475/347/335 506/378/335 505/377/335
f 475/347/336 476/348/336 507/379/336 506/378/336
f 476/348/337 477/349/337 508/380/337 507/379/337
f 477/349/338 478/350/338 509/381/338 508/380/338
f 478/350/339 479/351/339 510/382/339 509/381/339
f 479/351/340 480/352/340 511/383/340 510/382/340
f 480/352/341 481/353/341 512/384/341 511/383/341
f 481/353/342 482/354/342 513/385/342 512/384/342
f 482/354/343 483/355/343 514/386/343 513/385/343
f 483/355/344 484/356/344 515/387/344 514/386/344
f 484/356/345 485/357/345 516/388/345 515/387/345
f 485/357/346 486/358/346 517/389/346 516/388/346
f 486/358/347 487/359/347 518/390/347 517/389/347
f 487/359/348 488/360/348 519/391/348 518/390/348
f 488/360/349 489/361/349 520/392/349 519/391/349
f 489/361/350 490/362/350 521/393/350 520/392/350
f 490/362/351 491/363/351 522/394/351 521/393/351
f 491/363/352 492/364/352 523/395/352 522/394/352
f 492/364/353 493/365/353 524/396/353 523/395/353
f 493/365/354 494/366/354 525/397/354 524/396/354
f 494/366/355 495/367/355 526/398/355 525/397/355
f 495/367/356 496/368/356 527/399/356 526/398/356
f 496/368/357 497/369/357 528/400/357 527/399/357
f 497/369/358 498/370/358 529/401/358 528/400/358
f 498/370/359 499/371/359 530/402/359 529/401/359
f 499/371/360 500/372/360 531/403/360 530/402/360
f 501/374/361 502/373/361 533/404/361 532/405/361
f 502/373/362 503/375/362 534/406/362 533/404/362
f 503/375/363 504/376/363 535/407/363 534/406/363
f 504/376/364 505/377/364 536/408/364 535/407/364
f 505/377/365 506/378/365 537/409/365 536/408/365
f 506/378/366 507/379/366 538/410/366 537/409/366
f 507/379/367 508/380/367 539/411/367 538/410/367
f 508/380/368 509/381/368 540/412/368 539/411/368
f 509/381/369 510/382/369 541/413/369 540/412/369
f 510/382/370 511/383/370 542/414/370 541/413/370
f 511/383/371 512/384/371 543/415/371 542/414/371
f 512/384/372 513/385/372 544/416/372 543/415/372
f 513/385/373 514/386/373 545/417/373 544/416/373
f 514/386/374 515/387/374 546/418/374 545/417/374
f 515/387/375 516/388/375 547/419/375 546/418/375
f 516/388/376 517/389/376 548/420/376 547/419/376
f 517/389/377 518/390/377 549/421/377 548/420/377
f 518/390/378 519/391/378 550/422/378 549/421/378
f 519/391/379 520/392/379 551/423/379 550/422/379
f 520/392/380 521/393/380 552/424/380 551/423/380
f 521/393/381 522/394/381 553/425/381 552/424/381
f 522/394/382 523/395/382 554/426/382 553/425/382
f 523/395/383 524/396/383 555/427/383 554/426/383
f 524/396/384 525/397/384 556/428/384 555/427/384
f 525/397/385 526/398/385 557/429/385 556/428/385
f 526/398/386 527/399/386 558/430/386 557/429/386
f 527/399/387 528/400/387 559/431/387 558/430/387
f 528/400/388 529/401/388 560/432/388 559/431/388
f 529/401/389 530/402/389 561/433/389 560/432/389
f 530/402/390 531/403/390 562/434/390 561/433/390
f 532/405/391 533/404/391 564/435/391 563/436/391
f 533/404/392 534/406/392 565/437/392 564/435/392
f 534/406/393 535/407/393 566/438/393 565/437/393
f 535/407/394 536/408/394 567/439/394 566/438/394
f 536/408/395 537/409/395 568/440/395 567/439/395
f 537/409/396 538/410/396 569/441/396 568/440/396
f 538/410/397 539/411/397 570/442/397 569/441/397
f 539/411/398 540/412/398 571/443/398 570/442/398
f 540/412/399 541/413/399 572/444/399 571/443/399
f 541/413/400 542/414/400 573/445/400 572/444/400
f 542/414/401 543/415/401 574/446/401 573/445/401
f 543/415/402 544/416/402 575/447/402 574/446/402
f 544/416/403 545/417/403 576/448/403 575/447/403
f 545/417/404 546/418/404 577/449/404 576/448/404
f 546/418/405 547/419/405 578/450/405 577/449/405
f 547/419/406 548/420/406 579/451/406 578/450/406
f 548/420/407 549/421/407 580/452/407 579/451/407
f 549/421/408 550/422/408 581/453/408 580/452/408
f 550/422/409 551/423/409 582/454/409 581/453/409
f 551/423/410 552/424/410 583/455/410 582/454/410
f 552/424/411 553/425/411 584/456/411 583/455/411
f 553/425/412 554/426/412 585/457/412 584/456/412
f 554/426/413 555/427/413 586/458/413 585/457/413
f 555/427/414 556/428/414 587/459/414 586/458/414
f 556/428/415 557/429/415 588/460/415 587/459/415
f 557/429/416 558/430/416 589/461/416 588/460/416
f 558/430/417 559/431/417 590/462/417 589/461/417
f 559/431/418 560/432/418 591/463/418 590/462/418
f 560/432/419 561/433/419 592/464/419 591/463/419
f 561/433/420 562/434/420 593/465/420 592/464/420
f 563/436/421 564/435/421 595/466/421 594/467/421
f 564/435/422 565/437/422 596/468/422 595/466/422
f 565/437/423 566/438/423 597/469/423 596/468/423
f 566/438/424 567/439/424 598/470/424 597/469/424
f 567/439/425 568/440/425 599/471/425 598/470/425
f 568/440/426 569/441/426 600/472/426 599/471/426
f 569/441/427 570/442/427 601/473/427 600/472/427
f 570/442/428 571/443/428 602/474/428 601/473/428
f 571/443/429 572/444/429 603/475/429 602/474/429
f 572/444/430 573/445/430 604/476/430 603/475/430
f 573/445/431 574/446/431 605/477/431 604/476/431
f 574/446/432 575/447/432 606/478/432 605/477/432
f 575/447/433 576/448/433 607/479/433 606/478/433
f 576/448/434 577/449/434 608/480/434 607/479/434
f 577/449/435 578/450/435 609/481/435 608/480/435
f 578/450/436 579/451/436 610/482/436 609/481/436
f 579/451/437 580/452/437 611/483/437 610/482/437
f 580/452/438 581/453/438 612/484/438 611/483/438
f 581/453/439 582/454/439 613/485/439 612/484/439
f 582/454/440 583/455/440 614/486/440 613/485/440
f 583/455/441 584/456/441 615/487/441 614/486/441
f 584/456/442 585/457/442 616/488/442 615/487/442
f 585/457/443 586/458/443 617/489/443 616/488/443
f 586/458/444 587/459/444 618/490/444 617/489/444
f 587/459/445 588/460/445 619/491/445 618/490/445
f 588/460/446 589/461/446 620/492/446 619/491/446
f 589/461/447 590/462/447 621/493/447 620/492/447
f 590/462/448 591/463/448 622/494/448 621/493/448
f 591/463/449 592/464/449 623/495/449 622/494/449
f 592/464/450 593/465/450 624/496/450 623/495/450
f 594/467/451 595/466/451 626/497/451 625/498/451
f 595/466/452 596/468/452 627/499/452 626/497/452
f 596/468/453 597/469/453 628/500/453 627/499/453
f 597/469/454 598/470/454 629/501/454 628/500/454
f 598/470/455 599/471/455 630/502/455 629/501/455
f 599/471/456 600/472/456 631/503/456 630/502/456
f 600/472/457 601/473/457 632/504/457 631/503/457
f 601/473/458 602/474/458 633/505/458 632/504/458
f 602/474/459 603/475/459 634/506/459 633/505/459
f 603/475/460 604/476/460 635/507/460 634/506/460
f 604/476/461 605/477/461 636/508/461 635/507/461
f 605/477/462 606/478/462 637/509/462 636/508/462
f 606/478/463 607/479/463 638/510/463 637/509/463
f 607/479/464 608/480/464 639/511/464 638/510/464
f 608/480/465 609/481/465 640/512/465 639/511/465
f 609/481/466 610/482/466 641/513/466 640/512/466
f 610/482/467 611/483/467 642/514/467 641/513/467
f 611/483/468 612/484/468 643/515/468 642/514/468
f 612/484/469 613/485/469 644/516/469 643/515/469
f 613/485/470 614/486/470 645/517/470 644/516/470
f 614/486/471 615/487/471 646/518/471 645/517/471
f 615/487/472 616/488/472 647/519/472 646/518/472
f 616/488/473 617/489/473 648/520/473 647/519/473
f 617/489/474 618/490/474 649/521/474 648/520/474
f 618/490/475 619/491/475 650/522/475 649/521/475
f 619/491/476 620/492/476 651/523/476 650/522/476
f 620/492/477 621/493/477 652/524/477 651/523/477
f 621/493/478 622/494/478 653/525/478 652/524/478
f 622/494/479 623/495/479 654/526/479 653/525/479
f 623/495/480 624/496/480 655/527/480 654/526/480
f 625/498/481 626/497/481 657/528/481 656/529/481
f 626/497/482 627/499/482 658/530/482 657/528/482
f 627/499/483 628/500/483 659/531/483 658/530/483
f 628/500/484 629/501/484 660/532/484 659/531/484
f 629/501/485 630/502/485 661/533/485 660/532/485
f 630/502/486 631/503/486 662/534/486 661/533/486
f 631/503/487 632/504/487 663/535/487 662/534/487
f 632/504/488 633/505/488 664/536/488 663/535/488
f 633/505/489 634/506/489 665/537/489 664/536/489
f 634/506/490 635/507/490 666/538/490 665/537/490
f 635/507/491 636/508/491 667/539/491 666/538/491
f 636/508/492 637/509/492 668/540/492 667/539/492
f 637/509/493 638/510/493 669/541/493 668/540/493
f 638/510/494 639/511/494 670/542/494 669/541/494
f 639/511/495 640/512/495 671/543/495 670/542/495
f 640/512/496 641/513/496 672/544/496 671/543/496
f 641/513/497 642/514/497 673/545/497 672/544/497
f 642/514/498 643/515/498 674/546/498 673/545/498
f 643/515/499 644/516/499 675/547/499 674/546/499
f 644/516/500 645/517/500 676/548/500 675/547/500
f 645/517/501 646/518/501 677/549/501 676/548/501
f 646/518/502 647/519/502 678/550/502 677/549/502
f 647/519/503 648/520/503 679/551/503 678/550/503
f 648/520/504 649/521/504 680/552/504 679/551/504
f 649/521/505 650/522/505 681/553/505 680/552/505
f 650/522/506 651/523/506 682/554/506 681/553/506
f 651/523/507 652/524/507 683/555/507 682/554/507
f 652/524/508 653/525/508 684/556/508 683/555/508
f 653/525/509 654/526/509 685/557/509 684/556/509
f 654/526/510 655/527/510 686/558/510 685/557/510
f 656/529/511 657/528/511 688/559/511 687/560/511
f 657/528/512 658/530/512 689/561/512 688/559/512
f 658/530/513 659/531/513 690/562/513 689/561/513
f 659/531/514 660/532/514 691/563/514 690/562/514
f 660/532/515 661/533/515 692/564/515 691/563/515
f 661/533/516 662/534/516 693/565/516 692/564/516
f 662/534/517 663/535/517 694/566/517 693/565/517
f 663/535/518 664/536/518 695/567/518 694/566/518
f 664/536/519 665/537/519 696/568/519 695/567/519
f 665/537/520 666/538/520 697/569/520 696/568/520
f 666/538/521 667/539/521 698/570/521 697/569/521
f 667/539/522 668/540/522 699/571/522 698/570/522
f 668/540/523 669/541/523 700/572/523 699/571/523
f 669/541/524 670/542/524 701/573/524 700/572/524
f 670/542/525 671/543/525 702/574/525 701/573/525
f 671/543/526 672/544/526 703/575/526 702/574/526
f 672/544/527 673/545/527 704/576/527 703/575/527
f 673/545/528 674/546/528 705/577/528 704/576/528
f 674/546/529 675/547/529 706/578/529 705/577/529
f 675/547/530 676/548/530 707/579/530 706/578/530
f 676/548/531 677/549/531 708/580/531 707/579/531
f 677/549/532 678/550/532 709/581/532 708/580/532
f 678/550/533 679/551/533 710/582/533 709/581/533
f 679/551/534 680/552/534 711/583/534 710/582/534
f 680/552/535 681/553/535 712/584/535 711/583/535
f 681/553/536 682/554/536 713/585/536 712/584/536
f 682/554/537 683/555/537 714/586/537 713/585/537
f 683/555/538 684/556/538 715/587/538 714/586/538
f 684/556/539 685/557/539 716/588/539 715/587/539
f 685/557/540 686/558/540 717/589/540 716/588/540
f 687/560/541 688/559/541 719/590/541 718/591/541
f 688/559/542 689/561/542 720/592/542 719/590/542
f 689/561/543 690/562/543 721/593/543 720/592/543
f 690/562/544 691/563/544 722/594/544 721/593/544
f 691/563/545 692/564/545 723/595/545 722/594/545
f 692/564/546 693/565/546 724/596/546 723/595/546
f 693/565/547 694/566/547 725/597/547 724/596/547
f 694/566/548 695/567/548 726/598/548 725/597/548
f 695/567/549 696/568/549 727/599/549 726/598/549
f 696/568/550 697/569/550 728/600/550 727/599/550
f 697/569/551 698/570/551 729/601/551 728/600/551
f 698/570/552 699/571/552 730/602/552 729/601/552
f 699/571/553 700/572/553 731/603/553 730/602/553
f 700/572/554 701/573/554 732/604/554 731/603/554
f 701/573/555 702/574/555 733/605/555 732/604/555
f 702/574/556 703/575/556 734/606/556 733/605/556
f 703/575/557 704/576/557 735/607/557 734/606/557
f 704/576/558 705/577/558 736/608/558 735/607/558
f 705/577/559 706/578/559 737/609/559 736/608/559
f 706/578/560 707/579/560 738/610/560 737/609/560
f 707/579/561 708/580/561 739/611/561 738/610/561
f 708/580/562 709/581/562 740/612/562 739/611/562
f 709/581/563 710/582/563 741/613/563 740/612/563
f 710/582/564 711/583/564 742/614/564 741/613/564
f 711/583/565 712/584/565 743/615/565 742/614/565
f 712/584/566 713/585/566 744/616/566 743/615/566
f 713/585/567 714/586/567 745/617/567 744/616/567
f 714/586/568 715/587/568 746/618/568 745/617/568
f 715/587/569 716/588/569 747/619/569 746/618/569
f 716/588/570 717/589/570 748/620/570 747/619/570
f 718/591/571 719/590/571 750/621/571 749/622/571
f 719/590/572 720/592/572 751/623/572 750/621/572
f 720/592/573 721/593/573 752/624/573 751/623/573
f 721/593/574 722/594/574 753/625/574 752/624/574
f 722/594/575 723/595/575 754/626/575 753/625/575
f 723/595/576 724/596/576 755/627/576 754/626/576
f 724/596/577 725/597/577 756/628/577 755/627/577
f 725/597/578 726/598/578 757/629/578 756/628/578
f 726/598/579 727/599/579 758/630/579 757/629/579
f 727/599/580 728/600/580 759/631/580 758/630/580
f 728/600/581 729/601/581 760/632/581 759/631/581
f 729/601/582 730/602/582 761/633/582 760/632/582
f 730/602/583 731/603/583 762/634/583 761/633/583
f 731/603/584 732/604/584 763/635/584 762/634/584
f 732/604/585 733/605/585 764/636/585 763/635/585
f 733/605/586 734/606/586 765/637/586 764/636/586
f 734/606/587 735/607/587 766/638/587 765/637/587
f 735/607/588 736/608/588 767/639/588 766/638/588
f 736/608/589 737/609/589 768/640/589 767/639/589
f 737/609/590 738/610/590 769/641/590 768/640/590
f 738/610/591 739/611/591 770/642/591 769/641/591
f 739/611/592 740/612/592 771/643/592 770/642/592
f 740/612/593 741/613/593 772/644/593 771/643/593
f 741/613/594 742/614/594 773/645/594 772/644/594
f 742/614/595 743/615/595 774/646/595 773/645/595
f 743/615/596 744/616/596 775/647/596 774/646/596
f 744/616/597 745/617/597 776/648/597 775/647/597
f 745/617/598 746/618/598 777/649/598 776/648/598
f 746/618/599 747/619/599 778/650/599 777/649/599
f 747/619/600 748/620/600 779/651/600 778/650/600
f 749/622/601 750/621/601 781/652/601 780/653/601
f 750/621/602 751/623/602 782/654/602 781/652/602
f 751/623/603 752/624/603 783/655/603 782/654/603
f 752/624/604 753/625/604 784/656/604 783/655/604
f 753/625/605 754/626/605 785/657/605 784/656/605
f 754/626/606 755/627/606 786/658/606 785/657/606
f 755/627/607 756/628/607 787/659/607 786/658/607
f 756/628/608 757/629/608 788/660/608 787/659/608
f 757/629/609 758/630/609 789/661/609 788/660/609
f 758/630/610 759/631/610 790/662/610 789/661/610
f 759/631/611 760/632/611 791/663/611 790/662/611
f 760/632/612 761/633/612 792/664/612 791/663/612
f 761/633/613 762/634/613 793/665/613 792/664/613
f 762/634/614 763/635/614 794/666/614 793/665/614
f 763/635/615 764/636/615 795/667/615 794/666/615
f 764/636/616 765/637/616 796/668/616 795/667/616
f 765/637/617 766/638/617 797/669/617 796/668/617
f 766/638/618 767/639/618 798/670/618 797/669/618
f 767/639/619 768/640/619 799/671/619 798/670/619
f 768/640/620 769/641/620 800/672/620 799/671/620
f 769/641/621 770/642/621 801/673/621 800/672/621
f 770/642/622 771/643/622 802/674/622 801/673/622
f 771/643/623 772/644/623 803/675/623 802/674/623
f 772/644/624 773/645/624 804/676/624 803/675/624
f 773/645/625 774/646/625 805/677/625 804/676/625
f 774/646/626 775/647/626 806/678/626 805/677/626
f 775/647/627 776/648/627 807/679/627 806/678/627
f 776/648/628 777/649/628 808/680/628 807/679/628
f 777/649/629 778/650/629 809/681/629 808/680/629
f 778/650/630 779/651/630 810/682/630 809/681/630
f 780/653/631 781/652/631 812/683/631 811/684/631
f 781/652/632 782/654/632 813/685/632 812/683/632
f 782/654/633 783/655/633 814/686/633 813/685/633
f 783/655/634 784/656/634 815/687/634 814/686/634
f 784/656/635 785/657/635 816/688/635 815/687/635
f 785/657/636 786/658/636 817/689/636 816/688/636
f 786/658/637 787/659/637 818/690/637 817/689/637
f 787/659/638 788/660/638 819/691/638 818/690/638
f 788/660/639 789/661/639 820/692/639 819/691/639
f 789/661/640 790/662/640 821/693/640 820/692/640
f 790/662/641 791/663/641 822/694/641 821/693/641
f 791/663/642 792/664/642 823/695/642 822/694/642
f 792/664/643 793/665/643 824/696/643 823/695/643
f 793/665/644 794/666/644 825/697/644 824/696/644
f 794/666/645 795/667/645 826/698/645 825/697/645
f 795/667/646 796/668/646 827/699/646 826/698/646
f 796/668/647 797/669/647 828/700/647 827/699/647
f 797/669/648 798/670/648 829/701/648 828/700/648
f 798/670/649 799/671/649 830/702/649 829/701/649
f 799/671/650 800/672/650 831/703/650 830/702/650
f 800/672/651 801/673/651 832/704/651 831/703/651
f 801/673/652 802/674/652 833/705/652 832/704/652
f 802/674/653 803/675/653 834/706/653 833/705/653
f 803/675/654 804/676/654 835/707/654 834/706/654
f 804/676/655 805/677/655 836/708/655 835/707/655
f 805/677/656 806/678/656 837/709/656 836/708/656
f 806/678/657 807/679/657 838/710/657 837/709/657
f 807/679/658 808/680/658 839/711/658 838/710/658
f 808/680/659 809/681/659 840/712/659 839/711/659
f 809/681/660 810/682/660 841/713/660 840/712/660
f 811/684/661 812/683/661 843/714/661 842/715/661
f 812/683/662 813/685/662 844/716/662 843/714/662
f 813/685/663 814/686/663 845/717/663 844/716/663
f 814/686/664 815/687/664 846/718/664 845/717/664
f 815/687/665 816/688/665 847/719/665 846/718/665
f 816/688/666 817/689/666 848/720/666 847/719/666
f 817/689/667 818/690/667 849/721/667 848/720/667
f 818/690/668 819/691/668 850/722/668 849/721/668
f 819/691/669 820/692/669 851/723/669 850/722/669
f 820/692/670 821/693/670 852/724/670 851/723/670
f 821/693/671 822/694/671 853/725/671 852/724/671
f 822/694/672 823/695/672 854/726/672 853/725/672
f 823/695/673 824/696/673 855/727/673 854/726/673
f 824/696/674 825/697/674 856/728/674 855/727/674
f 825/697/675 826/698/675 857/729/675 856/728/675
f 826/698/676 827/699/676 858/730/676 857/729/676
f 827/699/677 828/700/677 859/731/677 858/730/677
f 828/700/678 829/701/678 860/732/678 859/731/678
f 829/701/679 830/702/679 861/733/679 860/732/679
f 830/702/680 831/703/680 862/734/680 861/733/680
f 831/703/681 832/704/681 863/735/681 862/734/681
f 832/704/682 833/705/682 864/736/682 863/735/682
f 833/705/683 834/706/683 865/737/683 864/736/683
f 834/706/684 835/707/684 866/738/684 865/737/684
f 835/707/685 836/708/685 867/739/685 866/738/685
f 836/708/686 837/709/686 868/740/686 867/739/686
f 837/709/687 838/710/687 869/741/687 868/740/687
f 838/710/688 839/711/688 870/742/688 869/741/688
f 839/711/689 840/712/689 871/743/689 870/742/689
f 840/712/690 841/713/690 872/744/690 871/743/690
f 842/715/691 843/714/691 874/745/691 873/746/691
f 843/714/692 844/716/692 875/747/692 874/745/692
f 844/716/693 845/717/693 876/748/693 875/747/693
f 845/717/694 846/718/694 877/749/694 876/748/694
f 846/718/695 847/719/695 878/750/695 877/749/695
f 847/719/696 848/720/696 879/751/696 878/750/696
f 848/720/697 849/721/697 880/752/697 879/751/697
f 849/721/698 850/722/698 881/753/698 880/752/698
f 850/722/699 851/723/699 882/754/699 881/753/699
f 851/723/700 852/724/700 883/755/700 882/754/700
f 852/724/701 853/725/701 884/756/701 883/755/701
f 853/725/702 854/726/702 885/757/702 884/756/702
f 854/726/703 855/727/703 886/758/703 885/757/703
f 855/727/704 856/728/704 887/759/704 886/758/704
f 856/728/705 857/729/705 888/760/705 887/759/705
f 857/729/706 858/730/706 889/761/706 888/760/706
f 858/730/707 859/731/707 890/762/707 889/761/707
f 859/731/708 860/732/708 891/763/708 890/762/708
f 860/732/709 861/733/709 892/764/709 891/763/709
f 861/733/710 862/734/710 893/765/710 892/764/710
f 862/734/711 863/735/711 894/766/711 893/765/711
f 863/735/712 864/736/712 895/767/712 894/766/712
f 864/736/713 865/737/713 896/768/713 895/767/713
f 865/737/714 866/738/714 897/769/714 896/768/714
f 866/738/715 867/739/715 898/770/715 897/769/715
f 867/739/716 868/740/716 899/771/716 898/770/716
f 868/740/717 869/741/717 900/772/717 899/771/717
f 869/741/718 870/742/718 901/773/718 900/772/718
f 870/742/719 871/743/719 902/774/719 901/773/719
f 871/743/720 872/744/720 903/775/720 902/774/720
f 873/746/721 874/745/721 905/776/721 904/777/721
f 874/745/722 875/747/722 906/778/722 905/776/722
f 875/747/723 876/748/723 907/779/723 906/778/723
f 876/748/724 877/749/724 908/780/724 907/779/724
f 877/749/725 878/750/725 909/781/725 908/780/725
f 878/750/726 879/751/726 910/782/726 909/781/726
f 879/751/727 880/752/727 911/783/727 910/782/727
f 880/752/728 881/753/728 912/784/728 911/783/728
f 881/753/729 882/754/729 913/785/729 912/784/729
f 882/754/730 883/755/730 914/786/730 913/785/730
f 883/755/731 884/756/731 915/787/731 914/786/731
f 884/756/732 885/757/732 916/788/732 915/787/732
f 885/757/733 886/758/733 917/789/733 916/788/733
f 886/758/734 887/759/734 918/790/734 917/789/734
f 887/759/735 888/760/735 919/791/735 918/790/735
f 888/760/736 889/761/736 920/792/736 919/791/736
f 889/761/737 890/762/737 921/793/737 920/792/737
f 890/762/738 891/763/738 922/794/738 921/793/738
f 891/763/739 892/764/739 923/795/739 922/794/739
f 892/764/740 893/765/740 924/796/740 923/795/740
f 893/765/741 894/766/741 925/797/741 924/796/741
f 894/766/742 895/767/742 926/798/742 925/797/742
f 895/767/743 896/768/743 927/799/743 926/798/743
f 896/768/744 897/769/744 928/800/744 927/799/744
f 897/769/745 898/770/745 929/801/745 928/800/745
f 898/770/746 899/771/746 930/802/746 929/801/746
f 899/771/747 900/772/747 931/803/747 930/802/747
f 900/772/748 901/773/748 932/804/748 931/803/748
f 901/773/749 902/774/749 933/805/749 932/804/749
f 902/774/750 903/775/750 934/806/750 933/805/750
f 904/777/751 905/776/751 936/807/751 935/808/751
f 905/776/752 906/778/752 937/809/752 936/807/752
f 906/778/753 907/779/753 938/810/753 937/809/753
f 907/779/754 908/780/754 939/811/754 938/810/754
f 908/780/755 909/781/755 940/812/755 939/811/755
f 909/781/756 910/782/756 941/813/756 940/812/756
f 910/782/757 911/783/757 942/814/757 941/813/757
f 911/783/758 912/784/758 943/815/758 942/814/758
f 912/784/759 913/785/759 944/816/759 943/815/759
f 913/785/760 914/786/760 945/817/760 944/816/760
f 914/786/761 915/787/761 946/818/761 945/817/761
f 915/787/762 916/788/762 947/819/762 946/818/762
f 916/788/763 917/789/763 948/820/763 947/819/763
f 917/789/764 918/790/764 949/821/764 948/820/764
f 918/790/765 919/791/765 950/822/765 949/821/765
f 919/791/766 920/792/766 951/823/766 950/822/766
f 920/792/767 921/793/767 952/824/767 951/823/767
f 921/793/768 922/794/768 953/825/768 952/824/768
f 922/794/769 923/795/769 954/826/769 953/825/769
f 923/795/770 924/796/770 955/827/770 954/826/770
f 924/796/771 925/797/771 956/828/771 955/827/771
f 925/797/772 926/798/772 957/829/772 956/828/772
f 926/798/773 927/799/773 958/830/773 957/829/773
f 927/799/774 928/800/774 959/831/774 958/830/774
f 928/800/775 929/801/775 960/832/775 959/831/775
f 929/801/776 930/802/776 961/833/776 960/832/776
f 930/802/777 931/803/777 962/834/777 961/833/777
f 931/803/778 932/804/778 963/835/778 962/834/778
f 932/804/779 933/805/779 964/836/779 963/835/779
f 933/805/780 934/806/780 965/837/780 964/836/780
f 935/808/781 936/807/781 967/838/781 966/839/781
f 936/807/782 937/809/782 968/840/782 967/838/782
f 937/809/783 938/810/783 969/841/783 968/840/783
f 938/810/784 939/811/784 970/842/784 969/841/784
f 939/811/785 940/812/785 971/843/785 970/842/785
f 940/812/786 941/813/786 972/844/786 971/843/786
f 941/813/787 942/814/787 973/845/787 972/844/787
f 942/814/788 943/815/788 974/846/788 973/845/788
f 943/815/789 944/816/789 975/847/789 974/846/789
f 944/816/790 945/817/790 976/848/790 975/847/790
f 945/817/791 946/818/791 977/849/791 976/848/791
f 946/818/792 947/819/792 978/850/792 977/849/792
f 947/819/793 948/820/793 979/851/793 978/850/793
f 948/820/794 949/821/794 980/852/794 979/851/794
f 949/821/795 950/822/795 981/853/795 980/852/795
f 950/822/796 951/823/796 982/854/796 981/853/796
f 951/823/797 952/824/797 983/855/797 982/854/797
f 952/824/798 953/825/798 984/856/798 983/855/798
f 953/825/799 954/826/799 985/857/799 984/856/799
f 954/826/800 955/827/800 986/858/800 985/857/800
f 955/827/801 956/828/801 987/859/801 986/858/801
f 956/828/802 957/829/802 988/860/802 987/859/802
f 957/829/803 958/830/803 989/861/803 988/860/803
f 958/830/804 959/831/804 990/862/804 989/861/804
f 959/831/805 960/832/805 991/863/805 990/862/805
f 960/832/806 961/833/806 992/864/806 991/863/806
f 961/833/807 962/834/807 993/865/807 992/864/807
f 962/834/808 963/835/808 994/866/808 993/865/808
f 963/835/809 964/836/809 995/867/809 994/866/809
f 964/836/810 965/837/810 996/868/810 995/867/810
f 966/839/811 967/838/811 998/869/811 997/870/811
f 967/838/812 968/840/812 999/871/812 998/869/812
f 968/840/813 969/841/813 1000/872/813 999/871/813
f 969/841/814 970/842/814 1001/873/814 1000/872/814
f 970/842/815 971/843/815 1002/874/815 1001/873/815
f 971/843/816 972/844/816 1003/875/816 1002/874/816
f 972/844/817 973/845/817 1004/876/817 1003/875/817
f 973/845/818 974/846/818 1005/877/818 1004/876/818
f 974/846/819 975/847/819 1006/878/819 1005/877/819
f 975/847/820 976/848/820 1007/879/820 1006/878/820
f 976/848/821 977/849/821 1008/880/821 1007/879/821
f 977/849/822 978/850/822 1009/881/822 1008/880/822
f 978/850/823 979/851/823 1010/882/823 1009/881/823
f 979/851/824 980/852/824 1011/883/824 1010/882/824
f 980/852/825 981/853/825 1012/884/825 1011/883/825
f 981/853/826 982/854/826 1013/885/826 1012/884/826
f 982/854/827 983/855/827 1014/886/827 1013/885/827
f 983/855/828 984/856/828 1015/887/828 1014/886/828
f 984/856/829 985/857/829 1016/888/829 1015/887/829
f 985/857/830 986/858/830 1017/889/830 1016/888/830
f 986/858/831 987/859/831 1018/890/831 1017/889/831
f 987/859/832 988/860/832 1019/891/832 1018/890/832
f 988/860/833 989/861/833 1020/892/833 1019/891/833
f 989/861/834 990/862/834 1021/893/834 1020/892/834
f 990/862/835 991/863/835 1022/894/835 1021/893/835
f 991/863/836 992/864/836 1023/895/836 1022/894/836
f 992/864/837 993/865/837 1024/896/837 1023/895/837
f 993/865/838 994/866/838 1025/897/838 1024/896/838
f 994/866/839 995/867/839 1026/898/839 1025/897/839
f 995/867/840 996/868/840 1027/899/840 1026/898/840
f 997/870/841 998/869/841 1029/900/841 1028/901/841
f 998/869/842 999/871/842 1030/902/842 1029/900/842
f 999/871/843 1000/872/843 1031/903/843 1030/902/843
f 1000/872/844 1001/873/844 1032/904/844 1031/903/844
f 1001/873/845 1002/874/845 1033/905/845 1032/904/845
f 1002/874/846 1003/875/846 1034/906/846 1033/905/846
f 1003/875/847 1004/876/847 1035/907/847 1034/906/847
f 1004/876/848 1005/877/848 1036/908/848 1035/907/848
f 1005/877/849 1006/878/849 1037/909/849 1036/908/849
f 1006/878/850 1007/879/850 1038/910/850 1037/909/850
f 1007/879/851 1008/880/851 1039/911/851 1038/910/851
f 1008/880/852 1009/881/852 1040/912/852 1039/911/852
f 1009/881/853 1010/882/853 1041/913/853 1040/912/853
f 1010/882/854 1011/883/854 1042/914/854 1041/913/854
f 1011/883/855 1012/884/855 1043/915/855 1042/914/855
f 1012/884/856 1013/885/856 1044/916/856 1043/915/856
f 1013/885/857 1014/886/857 1045/917/857 1044/916/857
f 1014/886/858 1015/887/858 1046/918/858 1045/917/858
f 1015/887/859 1016/888/859 1047/919/859 1046/918/859
f 1016/888/860 1017/889/860 1048/920/860 1047/919/860
f 1017/889/861 1018/890/861 1049/921/861 1048/920/861
f 1018/890/862 1019/891/862 1050/922/862 1049/921/862
f 1019/891/863 1020/892/863 1051/923/863 1050/922/863
f 1020/892/864 1021/893/864 1052/924/864 1051/923/864
f 1021/893/865 1022/894/865 1053/925/865 1052/924/865
f 1022/894/866 1023/895/866 1054/926/866 1053/925/866
f 1023/895/867 1024/896/867 1055/927/867 1054/926/867
f 1024/896/868 1025/897/868 1056/928/868 1055/927/868
f 1025/897/869 1026/898/869 1057/929/869 1056/928/869
f 1026/898/870 1027/899/870 1058/930/870 1057/929/870
f 1028/901/871 1029/900/871 1060/931/871 1059/932/871
f 1029/900/872 1030/902/872 1061/933/872 1060/931/872
f 1030/902/873 1031/903/873 1062/934/873 1061/933/873
f 1031/903/874 1032/904/874 1063/935/874 1062/934/874
f 1032/904/875 1033/905/875 1064/936/875 1063/935/875
f 1033/905/876 1034/906/876 1065/937/876 1064/936/876
f 1034/906/877 1035/907/877 1066/938/877 1065/937/877
f 1035/907/878 1036/908/878 1067/939/878 1066/938/878
f 1036/908/879 1037/909/879 1068/940/879 1067/939/879
f 1037/909/880 1038/910/880 1069/941/880 1068/940/880
f 1038/910/881 1039/911/881 1070/942/881 1069/941/881
f 1039/911/882 1040/912/882 1071/943/882 1070/942/882
f 1040/912/883 1041/913/883 1072/944/883 1071/943/883
f 1041/913/884 1042/914/884 1073/945/884 1072/944/884
f 1042/914/885 1043/915/885 1074/946/885 1073/945/885
f 1043/915/886 1044/916/886 1075/947/886 1074/946/886
f 1044/916/887 1045/917/887 1076/948/887 1075/947/887
f 1045/917/888 1046/918/888 1077/949/888 1076/948/888
f 1046/918/889 1047/919/889 1078/950/889 1077/949/889
f 1047/919/890 1048/920/890 1079/951/890 1078/950/890
f 1048/920/891 1049/921/891 1080/952/891 1079/951/891
f 1049/921/892 1050/922/892 1081/953/892 1080/952/892
f 1050/922/893 1051/923/893 1082/954/893 1081/953/893
f 1051/923/894 1052/924/894 1083/955/894 1082/954/894
f 1052/924/895 1053/925/895 1084/956/895 1083/955/895
f 1053/925/896 1054/926/896 1085/957/896 1084/956/896
f 1054/926/897 1055/927/897 1086/958/897 1085/957/897
f 1055/927/898 1056/928/898 1087/959/898 1086/958/898
f 1056/928/899 1057/929/899 1088/960/899 1087/959/899
f 1057/929/900 1058/930/900 1089/961/900 1088/960/900
f 1/962/901 36/963/901 129/1/901 35/964/901
f 36/963/902 37/965/902 130/2/902 129/1/902
f 37/965/903 38/966/903 131/5/903 130/2/903
f 38/966/904 39/967/904 132/7/904 131/5/904
f 39/967/905 40/968/905 133/9/905 132/7/905
f 40/968/906 41/969/906 134/11/906 133/9/906
f 41/969/907 42/970/907 135/13/907 134/11/907
f 42/970/908 43/971/908 136/15/908 135/13/908
f 43/971/909 44/972/909 137/17/909 136/15/909
f 44/972/910 45/973/910 138/19/910 137/17/910
f 45/973/911 46/974/911 139/21/911 138/19/911
f 46/974/912 47/975/912 140/23/912 139/21/912
f 47/975/913 48/976/913 141/25/913 140/23/913
f 48/976/914 49/977/914 142/27/914 141/25/914
f 49/977/915 50/978/915 143/29/915 142/27/915
f 50/978/916 51/979/916 144/31/916 143/29/916
f 51/979/917 52/980/917 145/33/917 144/31/917
f 52/980/918 53/981/918 146/35/918 145/33/918
f 53/981/919 54/982/919 147/37/919 146/35/919
f 54/982/920 55/983/920 148/39/920 147/37/920
f 55/983/921 56/984/921 149/41/921 148/39/921
f 56/984/922 57/985/922 150/43/922 149/41/922
f 57/985/923 58/986/923 151/45/923 150/43/923
f 58/986/924 59/987/924 152/47/924 151/45/924
f 59/987/925 60/988/925 153/49/925 152/47/925
f 60/988/926 61/989/926 154/51/926 153/49/926
f 61/989/927 62/990/927 155/53/927 154/51/927
f 62/990/928 63/991/928 156/55/928 155/53/928
f 63/991/929 64/992/929 157/57/929 156/55/929
f 64/992/930 65/993/930 158/59/930 157/57/930
f 65/993/931 66/994/931 159/61/931 158/59/931
f 66/994/932 2/995/932 67/996/932 159/61/932
f 159/61/933 67/996/933 68/997/933 190/62/933
f 190/62/934 68/997/934 69/998/934 221/93/934
f 221/93/935 69/998/935 70/999/935 252/124/935
f 252/124/936 70/999/936 71/1000/936 283/155/936
f 283/155/937 71/1000/937 72/1001/937 314/186/937
f 314/186/938 72/1001/938 73/1002/938 345/217/938
f 345/217/939 73/1002/939 74/1003/939 376/248/939
f 376/248/940 74/1003/940 75/1004/940 407/279/940
f 407/279/941 75/1004/941 76/1005/941 438/310/941
f 438/310/942 76/1005/942 77/1006/942 469/341/942
f 469/341/943 77/1006/943 78/1007/943 500/372/943
f 500/372/944 78/1007/944 79/1008/944 531/403/944
f 531/403/945 79/1008/945 80/1009/945 562/434/945
f 562/434/946 80/1009/946 81/1010/946 593/465/946
f 593/465/947 81/1010/947 82/1011/947 624/496/947
f 624/496/948 82/1011/948 83/1012/948 655/527/948
f 655/527/949 83/1012/949 84/1013/949 686/558/949
f 686/558/950 84/1013/950 85/1014/950 717/589/950
f 717/589/951 85/1014/951 86/1015/951 748/620/951
f 748/620/952 86/1015/952 87/1016/952 779/651/952
f 779/651/953 87/1016/953 88/1017/953 810/682/953
f 810/682/954 88/1017/954 89/1018/954 841/713/954
f 841/713/955 89/1018/955 90/1019/955 872/744/955
f 872/744/956 90/1019/956 91/1020/956 903/775/956
f 903/775/957 91/1020/957 92/1021/957 934/806/957
f 934/806/958 92/1021/958 93/1022/958 965/837/958
f 965/837/959 93/1022/959 94/1023/959 996/868/959
f 996/868/960 94/1023/960 95/1024/960 1027/899/960
f 1027/899/961 95/1024/961 96/1025/961 1058/930/961
f 1058/930/962 96/1025/962 97/1026/962 1089/961/962
f 1089/961/963 97/1026/963 4/1027/963 98/1028/963
f 1088/960/964 1089/961/964 98/1028/964 99/1029/964
f 1087/959/965 1088/960/965 99/1029/965 100/1030/965
f 1086/958/966 1087/959/966 100/1030/966 101/1031/966
f 1085/957/967 1086/958/967 101/1031/967 102/1032/967
f 1084/956/968 1085/957/968 102/1032/968 103/1033/968
f 1083/955/969 1084/956/969 103/1033/969 104/1034/969
f 1082/954/970 1083/955/970 104/1034/970 105/1035/970
f 1081/953/971 1082/954/971 105/1035/971 106/1036/971
f 1080/952/972 1081/953/972 106/1036/972 107/1037/972
f 1079/951/973 1080/952/973 107/1037/973 108/1038/973
f 1078/950/974 1079/951/974 108/1038/974 109/1039/974
f 1077/949/975 1078/950/975 109/1039/975 110/1040/975
f 1076/948/976 1077/949/976 110/1040/976 111/1041/976
f 1075/947/977 1076/948/977 111/1041/977 112/1042/977
f 1074/946/978 1075/947/978 112/1042/978 113/1043/978
f 1073/945/979 1074/946/979 113/1043/979 114/1044/979
f 1072/944/980 1073/945/980 114/1044/980 115/1045/980
f 1071/943/981 1072/944/981 115/1045/981 116/1046/981
f 1070/942/982 1071/943/982 116/1046/982 117/1047/982
f 1069/941/983 1070/942/983 117/1047/983 118/1048/983
f 1068/940/984 1069/941/984 118/1048/984 119/1049/984
f 1067/939/985 1068/940/985 119/1049/985 120/1050/985
f 1066/938/986 1067/939/986 120/1050/986 121/1051/986
f 1065/937/987 1066/938/987 121/1051/987 122/1052/987
f 1064/936/988 1065/937/988 122/1052/988 123/1053/988
f 1063/935/989 1064/936/989 123/1053/989 124/1054/989
f 1062/934/990 1063/935/990 124/1054/990 125/1055/990
f 1061/933/991 1062/934/991 125/1055/991 126/1056/991
f 1060/931/992 1061/933/992 126/1056/992 127/1057/992
f 1059/932/993 1060/931/993 127/1057/993 128/1058/993
f 5/1059/994 1059/932/994 128/1058/994 3/1060/994
f 6/1061/995 1028/901/995 1059/932/995 5/1059/995
f 7/1062/996 997/870/996 1028/901/996 6/1061/996
f 8/1063/997 966/839/997 997/870/997 7/1062/997
f 9/1064/998 935/808/998 966/839/998 8/1063/998
f 10/1065/999 904/777/999 935/808/999 9/1064/999
f 11/1066/1000 873/746/1000 904/777/1000 10/1065/1000
f 12/1067/1001 842/715/1001 873/746/1001 11/1066/1001
f 13/1068/1002 811/684/1002 842/715/1002 12/1067/1002
f 14/1069/1003 780/653/1003 811/684/1003 13/1068/1003
f 15/1070/1004 749/622/1004 780/653/1004 14/1069/1004
f 16/1071/1005 718/591/1005 749/622/1005 15/1070/1005
f 17/1072/1006 687/560/1006 718/591/1006 16/1071/1006
f 18/1073/1007 656/529/1007 687/560/1007 17/1072/1007
f 19/1074/1008 625/498/1008 656/529/1008 18/1073/1008
f 20/1075/1009 594/467/1009 625/498/1009 19/1074/1009
f 21/1076/1010 563/436/1010 594/467/1010 20/1075/1010
f 22/1077/1011 532/405/1011 563/436/1011 21/1076/1011
f 23/1078/1012 501/374/1012 532/405/1012 22/1077/1012
f 24/1079/1013 470/343/1013 501/374/1013 23/1078/1013
f 25/1080/1014 439/312/1014 470/343/1014 24/1079/1014
f 26/1081/1015 408/281/1015 439/312/1015 25/1080/1015
f 27/1082/1016 377/250/1016 408/281/1016 26/1081/1016
f 28/1083/1017 346/219/1017 377/250/1017 27/1082/1017
f 29/1084/1018 315/188/1018 346/219/1018 28/1083/1018
f 30/1085/1019 284/157/1019 315/188/1019 29/1084/1019
f 31/1086/1020 253/126/1020 284/157/1020 30/1085/1020
f 32/1087/1021 222/95/1021 253/126/1021 31/1086/1021
f 33/1088/1022 191/64/1022 222/95/1022 32/1087/1022
f 34/1089/1023 160/4/1023 191/64/1023 33/1088/1023
f 35/964/1024 129/1/1024 160/4/1024 34/1089/1024
f 1218/1/1025 1249/4/1025 1250/3/1025 1219/2/1025
f 1219/2/1026 1250/3/1026 1251/6/1026 1220/5/1026
f 1220/5/1027 1251/6/1027 1252/8/1027 1221/7/1027
f 1221/7/1028 1252/8/1028 1253/10/1028 1222/9/1028
f 1222/9/1029 1253/10/1029 1254/12/1029 1223/11/1029
f 1223/11/1030 1254/12/1030 1255/14/1030 1224/13/1030
f 1224/13/1031 1255/14/1031 1256/16/1031 1225/15/1031
f 1225/15/1032 1256/16/1032 1257/18/1032 1226/17/1032
f 1226/17/1033 1257/18/1033 1258/20/1033 1227/19/1033
f 1227/19/1034 1258/20/1034 1259/22/1034 1228/21/1034
f 1228/21/1035 1259/22/1035 1260/24/1035 1229/23/1035
f 1229/23/1036 1260/24/1036 1261/26/1036 1230/25/1036
f 1230/25/1037 1261/26/1037 1262/28/1037 1231/27/1037
f 1231/27/1038 1262/28/1038 1263/30/1038 1232/29/1038
f 1232/29/1039 1263/30/1039 1264/32/1039 1233/31/1039
f 1233/31/1040 1264/32/1040 1265/34/1040 1234/33/1040
f 1234/33/1041 1265/34/1041 1266/36/1041 1235/35/1041
f 1235/35/1042 1266/36/1042 1267/38/1042 1236/37/1042
f 1236/37/1043 1267/38/1043 1268/40/1043 1237/39/1043
f 1237/39/1044 1268/40/1044 1269/42/1044 1238/41/1044
f 1238/41/1045 1269/42/1045 1270/44/1045 1239/43/1045
f 1239/43/1046 1270/44/1046 1271/46/1046 1240/45/1046
f 1240/45/1047 1271/46/1047 1272/48/1047 1241/47/1047
f 1241/47/1048 1272/48/1048 1273/50/1048 1242/49/1048
f 1242/49/1049 1273/50/1049 1274/52/1049 1243/51/1049
f 1243/51/1050 1274/52/1050 1275/54/1050 1244/53/1050
f 1244/53/1051 1275/54/1051 1276/56/1051 1245/55/1051
f 1245/55/1052 1276/56/1052 1277/58/1052 1246/57/1052
f 1246/57/1053 1277/58/1053 1278/60/1053 1247/59/1053
f 1247/59/1054 1278/60/1054 1279/62/1054 1248/61/1054
f 1249/4/1055 1280/64/1055 1281/63/1055 1250/3/1055
f 1250/3/1056 1281/63/1056 1282/65/1056 1251/6/1056
f 1251/6/1057 1282/65/1057 1283/66/1057 1252/8/1057
f 1252/8/1058 1283/66/1058 1284/67/1058 1253/10/1058
f 1253/10/1059 1284/67/1059 1285/68/1059 1254/12/1059
f 1254/12/1060 1285/68/1060 1286/69/1060 1255/14/1060
f 1255/14/1061 1286/69/1061 1287/70/1061 1256/16/1061
f 1256/16/1062 1287/70/1062 1288/71/1062 1257/18/1062
f 1257/18/1063 1288/71/1063 1289/72/1063 1258/20/1063
f 1258/20/1064 1289/72/1064 1290/73/1064 1259/22/1064
f 1259/22/1065 1290/73/1065 1291/74/1065 1260/24/1065
f 1260/24/1066 1291/74/1066 1292/75/1066 1261/26/1066
f 1261/26/1067 1292/75/1067 1293/76/1067 1262/28/1067
f 1262/28/1068 1293/76/1068 1294/77/1068 1263/30/1068
f 1263/30/1069 1294/77/1069 1295/78/1069 1264/32/1069
f 1264/32/1070 1295/78/1070 1296/79/1070 1265/34/1070
f 1265/34/1071 1296/79/1071 1297/80/1071 1266/36/1071
f 1266/36/1072 1297/80/1072 1298/81/1072 1267/38/1072
f 1267/38/1073 1298/81/1073 1299/82/1073 1268/40/1073
f 1268/40/1074 1299/82/1074 1300/83/1074 1269/42/1074
f 1269/42/1075 1300/83/1075 1301/84/1075 1270/44/1075
f 1270/44/1076 1301/84/1076 1302/85/1076 1271/46/1076
f 1271/46/1077 1302/85/1077 1303/86/1077 1272/48/1077
f 1272/48/1078 1303/86/1078 1304/87/1078 1273/50/1078
f 1273/50/1079 1304/87/1079 1305/88/1079 1274/52/1079
f 1274/52/1080 1305/88/1080 1306/89/1080 1275/54/1080
f 1275/54/1081 1306/89/1081 1307/90/1081 1276/56/1081
f 1276/56/1082 1307/90/1082 1308/91/1082 1277/58/1082
f 1277/58/1083 1308/91/1083 1309/92/1083 1278/60/1083
f 1278/60/1084 1309/92/1084 1310/93/1084 1279/62/1084
f 1280/64/1085 1311/95/1085 1312/94/1085 1281/63/1085
f 1281/63/1086 1312/94/1086 1313/96/1086 1282/65/1086
f 1282/65/1087 1313/96/1087 1314/97/1087 1283/66/1087
f 1283/66/1088 1314/97/1088 1315/98/1088 1284/67/1088
f 1284/67/1089 1315/98/1089 1316/99/1089 1285/68/1089
f 1285/68/1090 1316/99/1090 1317/100/1090 1286/69/1090
f 1286/69/1091 1317/100/1091 1318/101/1091 1287/70/1091
f 1287/70/1092 1318/101/1092 1319/102/1092 1288/71/1092
f 1288/71/1093 1319/102/1093 1320/103/1093 1289/72/1093
f 1289/72/1094 1320/103/1094 1321/104/1094 1290/73/1094
f 1290/73/1095 1321/104/1095 1322/105/1095 1291/74/1095
f 1291/74/1096 1322/105/1096 1323/106/1096 1292/75/1096
f 1292/75/1097 1323/106/1097 1324/107/1097 1293/76/1097
f 1293/76/1098 1324/107/1098 1325/108/1098 1294/77/1098
f 1294/77/1099 1325/108/1099 1326/109/1099 1295/78/1099
f 1295/78/1100 1326/109/1100 1327/110/1100 1296/79/1100
f 1296/79/1101 1327/110/1101 1328/111/1101 1297/80/1101
f 1297/80/1102 1328/111/1102 1329/112/1102 1298/81/1102
f 1298/81/1103 1329/112/1103 1330/113/1103 1299/82/1103
f 1299/82/1104 1330/113/1104 1331/114/1104 1300/83/1104
f 1300/83/1105 1331/114/1105 1332/115/1105 1301/84/1105
f 1301/84/1106 1332/115/1106 1333/116/1106 1302/85/1106
f 1302/85/1107 1333/116/1107 1334/117/1107 1303/86/1107
f 1303/86/1108 1334/117/1108 1335/118/1108 1304/87/1108
f 1304/87/1109 1335/118/1109 1336/119/1109 1305/88/1109
f 1305/88/1110 1336/119/1110 1337/120/1110 1306/89/1110
f 1306/89/1111 1337/120/1111 1338/121/1111 1307/90/1111
f 1307/90/1112 1338/121/1112 1339/122/1112 1308/91/1112
f 1308/91/1113 1339/122/1113 1340/123/1113 1309/92/1113
f 1309/92/1114 1340/123/1114 1341/124/1114 1310/93/1114
f 1311/95/1115 1342/126/1115 1343/125/1115 1312/94/1115
f 1312/94/1116 1343/125/1116 1344/127/1116 1313/96/1116
f 1313/96/1117 1344/127/1117 1345/128/1117 1314/97/1117
f 1314/97/1118 1345/128/1118 1346/129/1118 1315/98/1118
f 1315/98/1119 1346/129/1119 1347/130/1119 1316/99/1119
f 1316/99/1120 1347/130/1120 1348/131/1120 1317/100/1120
f 1317/100/1121 1348/131/1121 1349/132/1121 1318/101/1121
f 1318/101/1122 1349/132/1122 1350/133/1122 1319/102/1122
f 1319/102/1123 1350/133/1123 1351/134/1123 1320/103/1123
f 1320/103/1124 1351/134/1124 1352/135/1124 1321/104/1124
f 1321/104/1125 1352/135/1125 1353/136/1125 1322/105/1125
f 1322/105/1126 1353/136/1126 1354/137/1126 1323/106/1126
f 1323/106/1127 1354/137/1127 1355/138/1127 1324/107/1127
f 1324/107/1128 1355/138/1128 1356/139/1128 1325/108/1128
f 1325/108/1129 1356/139/1129 1357/140/1129 1326/109/1129
f 1326/109/1130 1357/140/1130 1358/141/1130 1327/110/1130
f 1327/110/1131 1358/141/1131 1359/142/1131 1328/111/1131
f 1328/111/1132 1359/142/1132 1360/143/1132 1329/112/1132
f 1329/112/1133 1360/143/1133 1361/144/1133 1330/113/1133
f 1330/113/1134 1361/144/1134 1362/145/1134 1331/114/1134
f 1331/114/1135 1362/145/1135 1363/146/1135 1332/115/1135
f 1332/115/1136 1363/146/1136 1364/147/1136 1333/116/1136
f 1333/116/1137 1364/147/1137 1365/148/1137 1334/117/1137
f 1334/117/1138 1365/148/1138 1366/149/1138 1335/118/1138
f 1335/118/1139 1366/149/1139 1367/150/1139 1336/119/1139
f 1336/119/1140 1367/150/1140 1368/151/1140 1337/120/1140
f 1337/120/1141 1368/151/1141 1369/152/1141 1338/121/1141
f 1338/121/1142 1369/152/1142 1370/153/1142 1339/122/1142
f 1339/122/1143 1370/153/1143 1371/154/1143 1340/123/1143
f 1340/123/1144 1371/154/1144 1372/155/1144 1341/124/1144
f 1342/126/1145 1373/157/1145 1374/156/1145 1343/125/1145
f 1343/125/1146 1374/156/1146 1375/158/1146 1344/127/1146
f 1344/127/1147 1375/158/1147 1376/159/1147 1345/128/1147
f 1345/128/1148 1376/159/1148 1377/160/1148 1346/129/1148
f 1346/129/1149 1377/160/1149 1378/161/1149 1347/130/1149
f 1347/130/1150 1378/161/1150 1379/162/1150 1348/131/1150
f 1348/131/1151 1379/162/1151 1380/163/1151 1349/132/1151
f 1349/132/1152 1380/163/1152 1381/164/1152 1350/133/1152
f 1350/133/1153 1381/164/1153 1382/165/1153 1351/134/1153
f 1351/134/1154 1382/165/1154 1383/166/1154 1352/135/1154
f 1352/135/1155 1383/166/1155 1384/167/1155 1353/136/1155
f 1353/136/1156 1384/167/1156 1385/168/1156 1354/137/1156
f 1354/137/1157 1385/168/1157 1386/169/1157 1355/138/1157
f 1355/138/1158 1386/169/1158 1387/170/1158 1356/139/1158
f 1356/139/1159 1387/170/1159 1388/171/1159 1357/140/1159
f 1357/140/1160 1388/171/1160 1389/172/1160 1358/141/1160
f 1358/141/1161 1389/172/1161 1390/173/1161 1359/142/1161
f 1359/142/1162 1390/173/1162 1391/174/1162 1360/143/1162
f 1360/143/1163 1391/174/1163 1392/175/1163 1361/144/1163
f 1361/144/1164 1392/175/1164 1393/176/1164 1362/145/1164
f 1362/145/1165 1393/176/1165 1394/177/1165 1363/146/1165
f 1363/146/1166 1394/177/1166 1395/178/1166 1364/147/1166
f 1364/147/1167 1395/178/1167 1396/179/1167 1365/148/1167
f 1365/148/1168 1396/179/1168 1397/180/1168 1366/149/1168
f 1366/149/1169 1397/180/1169 1398/181/1169 1367/150/1169
f 1367/150/1170 1398/181/1170 1399/182/1170 1368/151/1170
f 1368/151/1171 1399/182/1171 1400/183/1171 1369/152/1171
f 1369/152/1172 1400/183/1172 1401/184/1172 1370/153/1172
f 1370/153/1173 1401/184/1173 1402/185/1173 1371/154/1173
f 1371/154/1174 1402/185/1174 1403/186/1174 1372/155/1174
f 1373/157/1175 1404/188/1175 1405/187/1175 1374/156/1175
f 1374/156/1176 1405/187/1176 1406/189/1176 1375/158/1176
f 1375/158/1177 1406/189/1177 1407/190/1177 1376/159/1177
f 1376/159/1178 1407/190/1178 1408/191/1178 1377/160/1178
f 1377/160/1179 1408/191/1179 1409/192/1179 1378/161/1179
f 1378/161/1180 1409/192/1180 1410/193/1180 1379/162/1180
f 1379/162/1181 1410/193/1181 1411/194/1181 1380/163/1181
f 1380/163/1182 1411/194/1182 1412/195/1182 1381/164/1182
f 1381/164/1183 1412/195/1183 1413/196/1183 1382/165/1183
f 1382/165/1184 1413/196/1184 1414/197/1184 1383/166/1184
f 1383/166/1185 1414/197/1185 1415/198/1185 1384/167/1185
f 1384/167/1186 1415/198/1186 1416/199/1186 1385/168/1186
f 1385/168/1187 1416/199/1187 1417/200/1187 1386/169/1187
f 1386/169/1188 1417/200/1188 1418/201/1188 1387/170/1188
f 1387/170/1189 1418/201/1189 1419/202/1189 1388/171/1189
f 1388/171/1190 1419/202/1190 1420/203/1190 1389/172/1190
f 1389/172/1191 1420/203/1191 1421/204/1191 1390/173/1191
f 1390/173/1192 1421/204/1192 1422/205/1192 1391/174/1192
f 1391/174/1193 1422/205/1193 1423/206/1193 1392/175/1193
f 1392/175/1194 1423/206/1194 1424/207/1194 1393/176/1194
f 1393/176/1195 1424/207/1195 1425/208/1195 1394/177/1195
f 1394/177/1196 1425/208/1196 1426/209/1196 1395/178/1196
f 1395/178/1197 1426/209/1197 1427/210/1197 1396/179/1197
f 1396/179/1198 1427/210/1198 1428/211/1198 1397/180/1198
f 1397/180/1199 1428/211/1199 1429/212/1199 1398/181/1199
f 1398/181/1200 1429/212/1200 1430/213/1200 1399/182/1200
f 1399/182/1201 1430/213/1201 1431/214/1201 1400/183/1201
f 1400/183/1202 1431/214/1202 1432/215/1202 1401/184/1202
f 1401/184/1203 1432/215/1203 1433/216/1203 1402/185/1203
f 1402/185/1204 1433/216/1204 1434/217/1204 1403/186/1204
f 1404/188/1205 1435/219/1205 1436/218/1205 1405/187/1205
f 1405/187/1206 1436/218/1206 1437/220/1206 1406/189/1206
f 1406/189/1207 1437/220/1207 1438/221/1207 1407/190/1207
f 1407/190/1208 1438/221/1208 1439/222/1208 1408/191/1208
f 1408/191/1209 1439/222/1209 1440/223/1209 1409/192/1209
f 1409/192/1210 1440/223/1210 1441/224/1210 1410/193/1210
f 1410/193/1211 1441/224/1211 1442/225/1211 1411/194/1211
f 1411/194/1212 1442/225/1212 1443/226/1212 1412/195/1212
f 1412/195/1213 1443/226/1213 1444/227/1213 1413/196/1213
f 1413/196/1214 1444/227/1214 1445/228/1214 1414/197/1214
f 1414/197/1215 1445/228/1215 1446/229/1215 1415/198/1215
f 1415/198/1216 1446/229/1216 1447/230/1216 1416/199/1216
f 1416/199/1217 1447/230/1217 1448/231/1217 1417/200/1217
f 1417/200/1218 1448/231/1218 1449/232/1218 1418/201/1218
f 1418/201/1219 1449/232/1219 1450/233/1219 1419/202/1219
f 1419/202/1220 1450/233/1220 1451/234/1220 1420/203/1220
f 1420/203/1221 1451/234/1221 1452/235/1221 1421/204/1221
f 1421/204/1222 1452/235/1222 1453/236/1222 1422/205/1222
f 1422/205/1223 1453/236/1223 1454/237/1223 1423/206/1223
f 1423/206/1224 1454/237/1224 1455/238/1224 1424/207/1224
f 1424/207/1225 1455/238/1225 1456/239/1225 1425/208/1225
f 1425/208/1226 1456/239/1226 1457/240/1226 1426/209/1226
f 1426/209/1227 1457/240/1227 1458/241/1227 1427/210/1227
f 1427/210/1228 1458/241/1228 1459/242/1228 1428/211/1228
f 1428/211/1229 1459/242/1229 1460/243/1229 1429/212/1229
f 1429/212/1230 1460/243/1230 1461/244/1230 1430/213/1230
f 1430/213/1231 1461/244/1231 1462/245/1231 1431/214/1231
f 1431/214/1232 1462/245/1232 1463/246/1232 1432/215/1232
f 1432/215/1233 1463/246/1233 1464/247/1233 1433/216/1233
f 1433/216/1234 1464/247/1234 1465/248/1234 1434/217/1234
f 1435/219/1235 1466/250/1235 1467/249/1235 1436/218/1235
f 1436/218/1236 1467/249/1236 1468/251/1236 1437/220/1236
f 1437/220/1237 1468/251/1237 1469/252/1237 1438/221/1237
f 1438/221/1238 1469/252/1238 1470/253/1238 1439/222/1238
f 1439/222/1239 1470/253/1239 1471/254/1239 1440/223/1239
f 1440/223/1240 1471/254/1240 1472/255/1240 1441/224/1240
f 1441/224/1241 1472/255/1241 1473/256/1241 1442/225/1241
f 1442/225/1242 1473/256/1242 1474/257/1242 1443/226/1242
f 1443/226/1243 1474/257/1243 1475/258/1243 1444/227/1243
f 1444/227/1244 1475/258/1244 1476/259/1244 1445/228/1244
f 1445/228/1245 1476/259/1245 1477/260/1245 1446/229/1245
f 1446/229/1246 1477/260/1246 1478/261/1246 1447/230/1246
f 1447/230/1247 1478/261/1247 1479/262/1247 1448/231/1247
f 1448/231/1248 1479/262/1248 1480/263/1248 1449/232/1248
f 1449/232/1249 1480/263/1249 1481/264/1249 1450/233/1249
f 1450/233/1250 1481/264/1250 1482/265/1250 1451/234/1250
f 1451/234/1251 1482/265/1251 1483/266/1251 1452/235/1251
f 1452/235/1252 1483/266/1252 1484/267/1252 1453/236/1252
f 1453/236/1253 1484/267/1253 1485/268/1253 1454/237/1253
f 1454/237/1254 1485/268/1254 1486/269/1254 1455/238/1254
f 1455/238/1255 1486/269/1255 1487/270/1255 1456/239/1255
f 1456/239/1256 1487/270/1256 1488/271/1256 1457/240/1256
f 1457/240/1257 1488/271/1257 1489/272/1257 1458/241/1257
f 1458/241/1258 1489/272/1258 1490/273/1258 1459/242/1258
f 1459/242/1259 1490/273/1259 1491/274/1259 1460/243/1259
f 1460/243/1260 1491/274/1260 1492/275/1260 1461/244/1260
f 1461/244/1261 1492/275/1261 1493/276/1261 1462/245/1261
f 1462/245/1262 1493/276/1262 1494/277/1262 1463/246/1262
f 1463/246/1263 1494/277/1263 1495/278/1263 1464/247/1263
f 1464/247/1264 1495/278/1264 1496/279/1264 1465/248/1264
f 1466/250/1265 1497/281/1265 1498/280/1265 1467/249/1265
f 1467/249/1266 1498/280/1266 1499/282/1266 1468/251/1266
f 1468/251/1267 1499/282/1267 1500/283/1267 1469/252/1267
f 1469/252/1268 1500/283/1268 1501/284/1268 1470/253/1268
f 1470/253/1269 1501/284/1269 1502/285/1269 1471/254/1269
f 1471/254/1270 1502/285/1270 1503/286/1270 1472/255/1270
f 1472/255/1271 1503/286/1271 1504/287/1271 1473/256/1271
f 1473/256/1272 1504/287/1272 1505/288/1272 1474/257/1272
f 1474/257/1273 1505/288/1273 1506/289/1273 1475/258/1273
f 1475/258/1274 1506/289/1274 1507/290/1274 1476/259/1274
f 1476/259/1275 1507/290/1275 1508/291/1275 1477/260/1275
f 1477/260/1276 1508/291/1276 1509/292/1276 1478/261/1276
f 1478/261/1277 1509/292/1277 1510/293/1277 1479/262/1277
f 1479/262/1278 1510/293/1278 1511/294/1278 1480/263/1278
f 1480/263/1279 1511/294/1279 1512/295/1279 1481/264/1279
f 1481/264/1280 1512/295/1280 1513/296/1280 1482/265/1280
f 1482/265/1281 1513/296/1281 1514/297/1281 1483/266/1281
f 1483/266/1282 1514/297/1282 1515/298/1282 1484/267/1282
f 1484/267/1283 1515/298/1283 1516/299/1283 1485/268/1283
f 1485/268/1284 1516/299/1284 1517/300/1284 1486/269/1284
f 1486/269/1285 1517/300/1285 1518/301/1285 1487/270/1285
f 1487/270/1286 1518/301/1286 1519/302/1286 1488/271/1286
f 1488/271/1287 1519/302/1287 1520/303/1287 1489/272/1287
f 1489/272/1288 1520/303/1288 1521/304/1288 1490/273/1288
f 1490/273/1289 1521/304/1289 1522/305/1289 1491/274/1289
f 1491/274/1290 1522/305/1290 1523/306/1290 1492/275/1290
f 1492/275/1291 1523/306/1291 1524/307/1291 1493/276/1291
f 1493/276/1292 1524/307/1292 1525/308/1292 1494/277/1292
f 1494/277/1293 1525/308/1293 1526/309/1293 1495/278/1293
f 1495/278/1294 1526/309/1294 1527/310/1294 1496/279/1294
f 1497/281/1295 1528/312/1295 1529/311/1295 1498/280/1295
f 1498/280/1296 1529/311/1296 1530/313/1296 1499/282/1296
f 1499/282/1297 1530/313/1297 1531/314/1297 1500/283/1297
f 1500/283/1298 1531/314/1298 1532/315/1298 1501/284/1298
f 1501/284/1299 1532/315/1299 1533/316/1299 1502/285/1299
f 1502/285/1300 1533/316/1300 1534/317/1300 1503/286/1300
f 1503/286/1301 1534/317/1301 1535/318/1301 1504/287/1301
f 1504/287/1302 1535/318/1302 1536/319/1302 1505/288/1302
f 1505/288/1303 1536/319/1303 1537/320/1303 1506/289/1303
f 1506/289/1304 1537/320/1304 1538/321/1304 1507/290/1304
f 1507/290/1305 1538/321/1305 1539/322/1305 1508/291/1305
f 1508/291/1306 1539/322/1306 1540/323/1306 1509/292/1306
f 1509/292/1307 1540/323/1307 1541/324/1307 1510/293/1307
f 1510/293/1308 1541/324/1308 1542/325/1308 1511/294/1308
f 1511/294/1309 1542/325/1309 1543/326/1309 1512/295/1309
f 1512/295/1310 1543/326/1310 1544/327/1310 1513/296/1310
f 1513/296/1311 1544/327/1311 1545/328/1311 1514/297/1311
f 1514/297/1312 1545/328/1312 1546/329/1312 1515/298/1312
f 1515/298/1313 1546/329/1313 1547/330/1313 1516/299/1313
f 1516/299/1314 1547/330/1314 1548/331/1314 1517/300/1314
f 1517/300/1315 1548/331/1315 1549/332/1315 1518/301/1315
f 1518/301/1316 1549/332/1316 1550/333/1316 1519/302/1316
f 1519/302/1317 1550/333/1317 1551/334/1317 1520/303/1317
f 1520/303/1318 1551/334/1318 1552/335/1318 1521/304/1318
f 1521/304/1319 1552/335/1319 1553/336/1319 1522/305/1319
f 1522/305/1320 1553/336/1320 1554/337/1320 1523/306/1320
f 1523/306/1321 1554/337/1321 1555/338/1321 1524/307/1321
f 1524/307/1322 1555/338/1322 1556/339/1322 1525/308/1322
f 1525/308/1323 1556/339/1323 1557/340/1323 1526/309/1323
f 1526/309/1324 1557/340/1324 1558/341/1324 1527/310/1324
f 1528/312/1325 1559/343/1325 1560/342/1325 1529/311/1325
f 1529/311/1326 1560/342/1326 1561/344/1326 1530/313/1326
f 1530/313/1327 1561/344/1327 1562/345/1327 1531/314/1327
f 1531/314/1328 1562/345/1328 1563/346/1328 1532/315/1328
f 1532/315/1329 1563/346/1329 1564/347/1329 1533/316/1329
f 1533/316/1330 1564/347/1330 1565/348/1330 1534/317/1330
f 1534/317/1331 1565/348/1331 1566/349/1331 1535/318/1331
f 1535/318/1332 1566/349/1332 1567/350/1332 1536/319/1332
f 1536/319/1333 1567/350/1333 1568/351/1333 1537/320/1333
f 1537/320/1334 1568/351/1334 1569/352/1334 1538/321/1334
f 1538/321/1335 1569/352/1335 1570/353/1335 1539/322/1335
f 1539/322/1336 1570/353/1336 1571/354/1336 1540/323/1336
f 1540/323/1337 1571/354/1337 1572/355/1337 1541/324/1337
f 1541/324/1338 1572/355/1338 1573/356/1338 1542/325/1338
f 1542/325/1339 1573/356/1339 1574/357/1339 1543/326/1339
f 1543/326/1340 1574/357/1340 1575/358/1340 1544/327/1340
f 1544/327/1341 1575/358/1341 1576/359/1341 1545/328/1341
f 1545/328/1342 1576/359/1342 1577/360/1342 1546/329/1342
f 1546/329/1343 1577/360/1343 1578/361/1343 1547/330/1343
f 1547/330/1344 1578/361/1344 1579/362/1344 1548/331/1344
f 1548/331/1345 1579/362/1345 1580/363/1345 1549/332/1345
f 1549/332/1346 1580/363/1346 1581/364/1346 1550/333/1346
f 1550/333/1347 1581/364/1347 1582/365/1347 1551/334/1347
f 1551/334/1348 1582/365/1348 1583/366/1348 1552/335/1348
f 1552/335/1349 1583/366/1349 1584/367/1349 1553/336/1349
f 1553/336/1350 1584/367/1350 1585/368/1350 1554/337/1350
f 1554/337/1351 1585/368/1351 1586/369/1351 1555/338/1351
f 1555/338/1352 1586/369/1352 1587/370/1352 1556/339/1352
f 1556/339/1353 1587/370/1353 1588/371/1353 1557/340/1353
f 1557/340/1354 1588/371/1354 1589/372/1354 1558/341/1354
f 1559/343/1355 1590/374/1355 1591/373/1355 1560/342/1355
f 1560/342/1356 1591/373/1356 1592/375/1356 1561/344/1356
f 1561/344/1357 1592/375/1357 1593/376/1357 1562/345/1357
f 1562/345/1358 1593/376/1358 1594/377/1358 1563/346/1358
f 1563/346/1359 1594/377/1359 1595/378/1359 1564/347/1359
f 1564/347/1360 1595/378/1360 1596/379/1360 1565/348/1360
f 1565/348/1361 1596/379/1361 1597/380/1361 1566/349/1361
f 1566/349/1362 1597/380/1362 1598/381/1362 1567/350/1362
f 1567/350/1363 1598/381/1363 1599/382/1363 1568/351/1363
f 1568/351/1364 1599/382/1364 1600/383/1364 1569/352/1364
f 1569/352/1365 1600/383/1365 1601/384/1365 1570/353/1365
f 1570/353/1366 1601/384/1366 1602/385/1366 1571/354/1366
f 1571/354/1367 1602/385/1367 1603/386/1367 1572/355/1367
f 1572/355/1368 1603/386/1368 1604/387/1368 1573/356/1368
f 1573/356/1369 1604/387/1369 1605/388/1369 1574/357/1369
f 1574/357/1370 1605/388/1370 1606/389/1370 1575/358/1370
f 1575/358/1371 1606/389/1371 1607/390/1371 1576/359/1371
f 1576/359/1372 1607/390/1372 1608/391/1372 1577/360/1372
f 1577/360/1373 1608/391/1373 1609/392/1373 1578/361/1373
f 1578/361/1374 1609/392/1374 1610/393/1374 1579/362/1374
f 1579/362/1375 1610/393/1375 1611/394/1375 1580/363/1375
f 1580/363/1376 1611/394/1376 1612/395/1376 1581/364/1376
f 1581/364/1377 1612/395/1377 1613/396/1377 1582/365/1377
f 1582/365/1378 1613/396/1378 1614/397/1378 1583/366/1378
f 1583/366/1379 1614/397/1379 1615/398/1379 1584/367/1379
f 1584/367/1380 1615/398/1380 1616/399/1380 1585/368/1380
f 1585/368/1381 1616/399/1381 1617/400/1381 1586/369/1381
f 1586/369/1382 1617/400/1382 1618/401/1382 1587/370/1382
f 1587/370/1383 1618/401/1383 1619/402/1383 1588/371/1383
f 1588/371/1384 1619/402/1384 1620/403/1384 1589/372/1384
f 1590/374/1385 1621/405/1385 1622/404/1385 1591/373/1385
f 1591/373/1386 1622/404/1386 1623/406/1386 1592/375/1386
f 1592/375/1387 1623/406/1387 1624/407/1387 1593/376/1387
f 1593/376/1388 1624/407/1388 1625/408/1388 1594/377/1388
f 1594/377/1389 1625/408/1389 1626/409/1389 1595/378/1389
f 1595/378/1390 1626/409/1390 1627/410/1390 1596/379/1390
f 1596/379/1391 1627/410/1391 1628/411/1391 1597/380/1391
f 1597/380/1392 1628/411/1392 1629/412/1392 1598/381/1392
f 1598/381/1393 1629/412/1393 1630/413/1393 1599/382/1393
f 1599/382/1394 1630/413/1394 1631/414/1394 1600/383/1394
f 1600/383/1395 1631/414/1395 1632/415/1395 1601/384/1395
f 1601/384/1396 1632/415/1396 1633/416/1396 1602/385/1396
f 1602/385/1397 1633/416/1397 1634/417/1397 1603/386/1397
f 1603/386/1398 1634/417/1398 1635/418/1398 1604/387/1398
f 1604/387/1399 1635/418/1399 1636/419/1399 1605/388/1399
f 1605/388/1400 1636/419/1400 1637/420/1400 1606/389/1400
f 1606/389/1401 1637/420/1401 1638/421/1401 1607/390/1401
f 1607/390/1402 1638/421/1402 1639/422/1402 1608/391/1402
f 1608/391/1403 1639/422/1403 1640/423/1403 1609/392/1403
f 1609/392/1404 1640/423/1404 1641/424/1404 1610/393/1404
f 1610/393/1405 1641/424/1405 1642/425/1405 1611/394/1405
f 1611/394/1406 1642/425/1406 1643/426/1406 1612/395/1406
f 1612/395/1407 1643/426/1407 1644/427/1407 1613/396/1407
f 1613/396/1408 1644/427/1408 1645/428/1408 1614/397/1408
f 1614/397/1409 1645/428/1409 1646/429/1409 1615/398/1409
f 1615/398/1410 1646/429/1410 1647/430/1410 1616/399/1410
f 1616/399/1411 1647/430/1411 1648/431/1411 1617/400/1411
f 1617/400/1412 1648/431/1412 1649/432/1412 1618/401/1412
f 1618/401/1413 1649/432/1413 1650/433/1413 1619/402/1413
f 1619/402/1414 1650/433/1414 1651/434/1414 1620/403/1414
f 1621/405/1415 1652/436/1415 1653/435/1415 1622/404/1415
f 1622/404/1416 1653/435/1416 1654/437/1416 1623/406/1416
f 1623/406/1417 1654/437/1417 1655/438/1417 1624/407/1417
f 1624/407/1418 1655/438/1418 1656/439/1418 1625/408/1418
f 1625/408/1419 1656/439/1419 1657/440/1419 1626/409/1419
f 1626/409/1420 1657/440/1420 1658/441/1420 1627/410/1420
f 1627/410/1421 1658/441/1421 1659/442/1421 1628/411/1421
f 1628/411/1422 1659/442/1422 1660/443/1422 1629/412/1422
f 1629/412/1423 1660/443/1423 1661/444/1423 1630/413/1423
f 1630/413/1424 1661/444/1424 1662/445/1424 1631/414/1424
f 1631/414/1425 1662/445/1425 1663/446/1425 1632/415/1425
f 1632/415/1426 1663/446/1426 1664/447/1426 1633/416/1426
f 1633/416/1427 1664/447/1427 1665/448/1427 1634/417/1427
f 1634/417/1428 1665/448/1428 1666/449/1428 1635/418/1428
f 1635/418/1429 1666/449/1429 1667/450/1429 1636/419/1429
f 1636/419/1430 1667/450/1430 1668/451/1430 1637/420/1430
f 1637/420/1431 1668/451/1431 1669/452/1431 1638/421/1431
f 1638/421/1432 1669/452/1432 1670/453/1432 1639/422/1432
f 1639/422/1433 1670/453/1433 1671/454/1433 1640/423/1433
f 1640/423/1434 1671/454/1434 1672/455/1434 1641/424/1434
f 1641/424/1435 1672/455/1435 1673/456/1435 1642/425/1435
f 1642/425/1436 1673/456/1436 1674/457/1436 1643/426/1436
f 1643/426/1437 1674/457/1437 1675/458/1437 1644/427/1437
f 1644/427/1438 1675/458/1438 1676/459/1438 1645/428/1438
f 1645/428/1439 1676/459/1439 1677/460/1439 1646/429/1439
f 1646/429/1440 1677/460/1440 1678/461/1440 1647/430/1440
f 1647/430/1441 1678/461/1441 1679/462/1441 1648/431/1441
f 1648/431/1442 1679/462/1442 1680/463/1442 1649/432/1442
f 1649/432/1443 1680/463/1443 1681/464/1443 1650/433/1443
f 1650/433/1444 1681/464/1444 1682/465/1444 1651/434/1444
f 1652/436/1445 1683/467/1445 1684/466/1445 1653/435/1445
f 1653/435/1446 1684/466/1446 1685/468/1446 1654/437/1446
f 1654/437/1447 1685/468/1447 1686/469/1447 1655/438/1447
f 1655/438/1448 1686/469/1448 1687/470/1448 1656/439/1448
f 1656/439/1449 1687/470/1449 1688/471/1449 1657/440/1449
f 1657/440/1450 1688/471/1450 1689/472/1450 1658/441/1450
f 1658/441/1451 1689/472/1451 1690/473/1451 1659/442/1451
f 1659/442/1452 1690/473/1452 1691/474/1452 1660/443/1452
f 1660/443/1453 1691/474/1453 1692/475/1453 1661/444/1453
f 1661/444/1454 1692/475/1454 1693/476/1454 1662/445/1454
f 1662/445/1455 1693/476/1455 1694/477/1455 1663/446/1455
f 1663/446/1456 1694/477/1456 1695/478/1456 1664/447/1456
f 1664/447/1457 1695/478/1457 1696/479/1457 1665/448/1457
f 1665/448/1458 1696/479/1458 1697/480/1458 1666/449/1458
f 1666/449/1459 1697/480/1459 1698/481/1459 1667/450/1459
f 1667/450/1460 1698/481/1460 1699/482/1460 1668/451/1460
f 1668/451/1461 1699/482/1461 1700/483/1461 1669/452/1461
f 1669/452/1462 1700/483/1462 1701/484/1462 1670/453/1462
f 1670/453/1463 1701/484/1463 1702/485/1463 1671/454/1463
f 1671/454/1464 1702/485/1464 1703/486/1464 1672/455/1464
f 1672/455/1465 1703/486/1465 1704/487/1465 1673/456/1465
f 1673/456/1466 1704/487/1466 1705/488/1466 1674/457/1466
f 1674/457/1467 1705/488/1467 1706/489/1467 1675/458/1467
f 1675/458/1468 1706/489/1468 1707/490/1468 1676/459/1468
f 1676/459/1469 1707/490/1469 1708/491/1469 1677/460/1469
f 1677/460/1470 1708/491/1470 1709/492/1470 1678/461/1470
f 1678/461/1471 1709/492/1471 1710/493/1471 1679/462/1471
f 1679/462/1472 1710/493/1472 1711/494/1472 1680/463/1472
f 1680/463/1473 1711/494/1473 1712/495/1473 1681/464/1473
f 1681/464/1474 1712/495/1474 1713/496/1474 1682/465/1474
f 1683/467/1475 1714/498/1475 1715/497/1475 1684/466/1475
f 1684/466/1476 1715/497/1476 1716/499/1476 1685/468/1476
f 1685/468/1477 1716/499/1477 1717/500/1477 1686/469/1477
f 1686/469/1478 1717/500/1478 1718/501/1478 1687/470/1478
f 1687/470/1479 1718/501/1479 1719/502/1479 1688/471/1479
f 1688/471/1480 1719/502/1480 1720/503/1480 1689/472/1480
f 1689/472/1481 1720/503/1481 1721/504/1481 1690/473/1481
f 1690/473/1482 1721/504/1482 1722/505/1482 1691/474/1482
f 1691/474/1483 1722/505/1483 1723/506/1483 1692/475/1483
f 1692/475/1484 1723/506/1484 1724/507/1484 1693/476/1484
f 1693/476/1485 1724/507/1485 1725/508/1485 1694/477/1485
f 1694/477/1486 1725/508/1486 1726/509/1486 1695/478/1486
f 1695/478/1487 1726/509/1487 1727/510/1487 1696/479/1487
f 1696/479/1488 1727/510/1488 1728/511/1488 1697/480/1488
f 1697/480/1489 1728/511/1489 1729/512/1489 1698/481/1489
f 1698/481/1490 1729/512/1490 1730/513/1490 1699/482/1490
f 1699/482/1491 1730/513/1491 1731/514/1491 1700/483/1491
f 1700/483/1492 1731/514/1492 1732/515/1492 1701/484/1492
f 1701/484/1493 1732/515/1493 1733/516/1493 1702/485/1493
f 1702/485/1494 1733/516/1494 1734/517/1494 1703/486/1494
f 1703/486/1495 1734/517/1495 1735/518/1495 1704/487/1495
f 1704/487/1496 1735/518/1496 1736/519/1496 1705/488/1496
f 1705/488/1497 1736/519/1497 1737/520/1497 1706/489/1497
f 1706/489/1498 1737/520/1498 1738/521/1498 1707/490/1498
f 1707/490/1499 1738/521/1499 1739/522/1499 1708/491/1499
f 1708/491/1500 1739/522/1500 1740/523/1500 1709/492/1500
f 1709/492/1501 1740/523/1501 1741/524/1501 1710/493/1501
f 1710/493/1502 1741/524/1502 1742/525/1502 1711/494/1502
f 1711/494/1503 1742/525/1503 1743/526/1503 1712/495/1503
f 1712/495/1504 1743/526/1504 1744/527/1504 1713/496/1504
f 1714/498/1505 1745/529/1505 1746/528/1505 1715/497/1505
f 1715/497/1506 1746/528/1506 1747/530/1506 1716/499/1506
f 1716/499/1507 1747/530/1507 1748/531/1507 1717/500/1507
f 1717/500/1508 1748/531/1508 1749/532/1508 1718/501/1508
f 1718/501/1509 1749/532/1509 1750/533/1509 1719/502/1509
f 1719/502/1510 1750/533/1510 1751/534/1510 1720/503/1510
f 1720/503/1511 1751/534/1511 1752/535/1511 1721/504/1511
f 1721/504/1512 1752/535/1512 1753/536/1512 1722/505/1512
f 1722/505/1513 1753/536/1513 1754/537/1513 1723/506/1513
f 1723/506/1514 1754/537/1514 1755/538/1514 1724/507/1514
f 1724/507/1515 1755/538/1515 1756/539/1515 1725/508/1515
f 1725/508/1516 1756/539/1516 1757/540/1516 1726/509/1516
f 1726/509/1517 1757/540/1517 1758/541/1517 1727/510/1517
f 1727/510/1518 1758/541/1518 1759/542/1518 1728/511/1518
f 1728/511/1519 1759/542/1519 1760/543/1519 1729/512/1519
f 1729/512/1520 1760/543/1520 1761/544/1520 1730/513/1520
f 1730/513/1521 1761/544/1521 1762/545/1521 1731/514/1521
f 1731/514/1522 1762/545/1522 1763/546/1522 1732/515/1522
f 1732/515/1523 1763/546/1523 1764/547/1523 1733/516/1523
f 1733/516/1524 1764/547/1524 1765/548/1524 1734/517/1524
f 1734/517/1525 1765/548/1525 1766/549/1525 1735/518/1525
f 1735/518/1526 1766/549/1526 1767/550/1526 1736/519/1526
f 1736/519/1527 1767/550/1527 1768/551/1527 1737/520/1527
f 1737/520/1528 1768/551/1528 1769/552/1528 1738/521/1528
f 1738/521/1529 1769/552/1529 1770/553/1529 1739/522/1529
f 1739/522/1530 1770/553/1530 1771/554/1530 1740/523/1530
f 1740/523/1531 1771/554/1531 1772/555/1531 1741/524/1531
f 1741/524/1532 1772/555/1532 1773/556/1532 1742/525/1532
f 1742/525/1533 1773/556/1533 1774/557/1533 1743/526/1533
f 1743/526/1534 1774/557/1534 1775/558/1534 1744/527/1534
f 1745/529/1535 1776/560/1535 1777/559/1535 1746/528/1535
f 1746/528/1536 1777/559/1536 1778/561/1536 1747/530/1536
f 1747/530/1537 1778/561/1537 1779/562/1537 1748/531/1537
f 1748/531/1538 1779/562/1538 1780/563/1538 1749/532/1538
f 1749/532/1539 1780/563/1539 1781/564/1539 1750/533/1539
f 1750/533/1540 1781/564/1540 1782/565/1540 1751/534/1540
f 1751/534/1541 1782/565/1541 1783/566/1541 1752/535/1541
f 1752/535/1542 1783/566/1542 1784/567/1542 1753/536/1542
f 1753/536/1543 1784/567/1543 1785/568/1543 1754/537/1543
f 1754/537/1544 1785/568/1544 1786/569/1544 1755/538/1544
f 1755/538/1545 1786/569/1545 1787/570/1545 1756/539/1545
f 1756/539/1546 1787/570/1546 1788/571/1546 1757/540/1546
f 1757/540/1547 1788/571/1547 1789/572/1547 1758/541/1547
f 1758/541/1548 1789/572/1548 1790/573/1548 1759/542/1548
f 1759/542/1549 1790/573/1549 1791/574/1549 1760/543/1549
f 1760/543/1550 1791/574/1550 1792/575/1550 1761/544/1550
f 1761/544/1551 1792/575/1551 1793/576/1551 1762/545/1551
f 1762/545/1552 1793/576/1552 1794/577/1552 1763/546/1552
f 1763/546/1553 1794/577/1553 1795/578/1553 1764/547/1553
f 1764/547/1554 1795/578/1554 1796/579/1554 1765/548/1554
f 1765/548/1555 1796/579/1555 1797/580/1555 1766/549/1555
f 1766/549/1556 1797/580/1556 1798/581/1556 1767/550/1556
f 1767/550/1557 1798/581/1557 1799/582/1557 1768/551/1557
f 1768/551/1558 1799/582/1558 1800/583/1558 1769/552/1558
f 1769/552/1559 1800/583/1559 1801/584/1559 1770/553/1559
f 1770/553/1560 1801/584/1560 1802/585/1560 1771/554/1560
f 1771/554/1561 1802/585/1561 1803/586/1561 1772/555/1561
f 1772/555/1562 1803/586/1562 1804/587/1562 1773/556/1562
f 1773/556/1563 1804/587/1563 1805/588/1563 1774/557/1563
f 1774/557/1564 1805/588/1564 1806/589/1564 1775/558/1564
f 1776/560/1565 1807/591/1565 1808/590/1565 1777/559/1565
f 1777/559/1566 1808/590/1566 1809/592/1566 1778/561/1566
f 1778/561/1567 1809/592/1567 1810/593/1567 1779/562/1567
f 1779/562/1568 1810/593/1568 1811/594/1568 1780/563/1568
f 1780/563/1569 1811/594/1569 1812/595/1569 1781/564/1569
f 1781/564/1570 1812/595/1570 1813/596/1570 1782/565/1570
f 1782/565/1571 1813/596/1571 1814/597/1571 1783/566/1571
f 1783/566/1572 1814/597/1572 1815/598/1572 1784/567/1572
f 1784/567/1573 1815/598/1573 1816/599/1573 1785/568/1573
f 1785/568/1574 1816/599/1574 1817/600/1574 1786/569/1574
f 1786/569/1575 1817/600/1575 1818/601/1575 1787/570/1575
f 1787/570/1576 1818/601/1576 1819/602/1576 1788/571/1576
f 1788/571/1577 1819/602/1577 1820/603/1577 1789/572/1577
f 1789/572/1578 1820/603/1578 1821/604/1578 1790/573/1578
f 1790/573/1579 1821/604/1579 1822/605/1579 1791/574/1579
f 1791/574/1580 1822/605/1580 1823/606/1580 1792/575/1580
f 1792/575/1581 1823/606/1581 1824/607/1581 1793/576/1581
f 1793/576/1582 1824/607/1582 1825/608/1582 1794/577/1582
f 1794/577/1583 1825/608/1583 1826/609/1583 1795/578/1583
f 1795/578/1584 1826/609/1584 1827/610/1584 1796/579/1584
f 1796/579/1585 1827/610/1585 1828/611/1585 1797/580/1585
f 1797/580/1586 1828/611/1586 1829/612/1586 1798/581/1586
f 1798/581/1587 1829/612/1587 1830/613/1587 1799/582/1587
f 1799/582/1588 1830/613/1588 1831/614/1588 1800/583/1588
f 1800/583/1589 1831/614/1589 1832/615/1589 1801/584/1589
f 1801/584/1590 1832/615/1590 1833/616/1590 1802/585/1590
f 1802/585/1591 1833/616/1591 1834/617/1591 1803/586/1591
f 1803/586/1592 1834/617/1592 1835/618/1592 1804/587/1592
f 1804/587/1593 1835/618/1593 1836/619/1593 1805/588/1593
f 1805/588/1594 1836/619/1594 1837/620/1594 1806/589/1594
f 1807/591/1595 1838/622/1595 1839/621/1595 1808/590/1595
f 1808/590/1596 1839/621/1596 1840/623/1596 1809/592/1596
f 1809/592/1597 1840/623/1597 1841/624/1597 1810/593/1597
f 1810/593/1598 1841/624/1598 1842/625/1598 1811/594/1598
f 1811/594/1599 1842/625/1599 1843/626/1599 1812/595/1599
f 1812/595/1600 1843/626/1600 1844/627/1600 1813/596/1600
f 1813/596/1601 1844/627/1601 1845/628/1601 1814/597/1601
f 1814/597/1602 1845/628/1602 1846/629/1602 1815/598/1602
f 1815/598/1603 1846/629/1603 1847/630/1603 1816/599/1603
f 1816/599/1604 1847/630/1604 1848/631/1604 1817/600/1604
f 1817/600/1605 1848/631/1605 1849/632/1605 1818/601/1605
f 1818/601/1606 1849/632/1606 1850/633/1606 1819/602/1606
f 1819/602/1607 1850/633/1607 1851/634/1607 1820/603/1607
f 1820/603/1608 1851/634/1608 1852/635/1608 1821/604/1608
f 1821/604/1609 1852/635/1609 1853/636/1609 1822/605/1609
f 1822/605/1610 1853/636/1610 1854/637/1610 1823/606/1610
f 1823/606/1611 1854/637/1611 1855/638/1611 1824/607/1611
f 1824/607/1612 1855/638/1612 1856/639/1612 1825/608/1612
f 1825/608/1613 1856/639/1613 1857/640/1613 1826/609/1613
f 1826/609/1614 1857/640/1614 1858/641/1614 1827/610/1614
f 1827/610/1615 1858/641/1615 1859/642/1615 1828/611/1615
f 1828/611/1616 1859/642/1616 1860/643/1616 1829/612/1616
f 1829/612/1617 1860/643/1617 1861/644/1617 1830/613/1617
f 1830/613/1618 1861/644/1618 1862/645/1618 1831/614/1618
f 1831/614/1619 1862/645/1619 1863/646/1619 1832/615/1619
f 1832/615/1620 1863/646/1620 1864/647/1620 1833/616/1620
f 1833/616/1621 1864/647/1621 1865/648/1621 1834/617/1621
f 1834/617/1622 1865/648/1622 1866/649/1622 1835/618/1622
f 1835/618/1623 1866/649/1623 1867/650/1623 1836/619/1623
f 1836/619/1624 1867/650/1624 1868/651/1624 1837/620/1624
f 1838/622/1625 1869/653/1625 1870/652/1625 1839/621/1625
f 1839/621/1626 1870/652/1626 1871/654/1626 1840/623/1626
f 1840/623/1627 1871/654/1627 1872/655/1627 1841/624/1627
f 1841/624/1628 1872/655/1628 1873/656/1628 1842/625/1628
f 1842/625/1629 1873/656/1629 1874/657/1629 1843/626/1629
f 1843/626/1630 1874/657/1630 1875/658/1630 1844/627/1630
f 1844/627/1631 1875/658/1631 1876/659/1631 1845/628/1631
f 1845/628/1632 1876/659/1632 1877/660/1632 1846/629/1632
f 1846/629/1633 1877/660/1633 1878/661/1633 1847/630/1633
f 1847/630/1634 1878/661/1634 1879/662/1634 1848/631/1634
f 1848/631/1635 1879/662/1635 1880/663/1635 1849/632/1635
f 1849/632/1636 1880/663/1636 1881/664/1636 1850/633/1636
f 1850/633/1637 1881/664/1637 1882/665/1637 1851/634/1637
f 1851/634/1638 1882/665/1638 1883/666/1638 1852/635/1638
f 1852/635/1639 1883/666/1639 1884/667/1639 1853/636/1639
f 1853/636/1640 1884/667/1640 1885/668/1640 1854/637/1640
f 1854/637/1641 1885/668/1641 1886/669/1641 1855/638/1641
f 1855/638/1642 1886/669/1642 1887/670/1642 1856/639/1642
f 1856/639/1643 1887/670/1643 1888/671/1643 1857/640/1643
f 1857/640/1644 1888/671/1644 1889/672/1644 1858/641/1644
f 1858/641/1645 1889/672/1645 1890/673/1645 1859/642/1645
f 1859/642/1646 1890/673/1646 1891/674/1646 1860/643/1646
f 1860/643/1647 1891/674/1647 1892/675/1647 1861/644/1647
f 1861/644/1648 1892/675/1648 1893/676/1648 1862/645/1648
f 1862/645/1649 1893/676/1649 1894/677/1649 1863/646/1649
f 1863/646/1650 1894/677/1650 1895/678/1650 1864/647/1650
f 1864/647/1651 1895/678/1651 1896/679/1651 1865/648/1651
f 1865/648/1652 1896/679/1652 1897/680/1652 1866/649/1652
f 1866/649/1653 1897/680/1653 1898/681/1653 1867/650/1653
f 1867/650/1654 1898/681/1654 1899/682/1654 1868/651/1654
f 1869/653/1655 1900/684/1655 1901/683/1655 1870/652/1655
f 1870/652/1656 1901/683/1656 1902/685/1656 1871/654/1656
f 1871/654/1657 1902/685/1657 1903/686/1657 1872/655/1657
f 1872/655/1658 1903/686/1658 1904/687/1658 1873/656/1658
f 1873/656/1659 1904/687/1659 1905/688/1659 1874/657/1659
f 1874/657/1660 1905/688/1660 1906/689/1660 1875/658/1660
f 1875/658/1661 1906/689/1661 1907/690/1661 1876/659/1661
f 1876/659/1662 1907/690/1662 1908/691/1662 1877/660/1662
f 1877/660/1663 1908/691/1663 1909/692/1663 1878/661/1663
f 1878/661/1664 1909/692/1664 1910/693/1664 1879/662/1664
f 1879/662/1665 1910/693/1665 1911/694/1665 1880/663/1665
f 1880/663/1666 1911/694/1666 1912/695/1666 1881/664/1666
f 1881/664/1667 1912/695/1667 1913/696/1667 1882/665/1667
f 1882/665/1668 1913/696/1668 1914/697/1668 1883/666/1668
f 1883/666/1669 1914/697/1669 1915/698/1669 1884/667/1669
f 1884/667/1670 1915/698/1670 1916/699/1670 1885/668/1670
f 1885/668/1671 1916/699/1671 1917/700/1671 1886/669/1671
f 1886/669/1672 1917/700/1672 1918/701/1672 1887/670/1672
f 1887/670/1673 1918/701/1673 1919/702/1673 1888/671/1673
f 1888/671/1674 1919/702/1674 1920/703/1674 1889/672/1674
f 1889/672/1675 1920/703/1675 1921/704/1675 1890/673/1675
f 1890/673/1676 1921/704/1676 1922/705/1676 1891/674/1676
f 1891/674/1677 1922/705/1677 1923/706/1677 1892/675/1677
f 1892/675/1678 1923/706/1678 1924/707/1678 1893/676/1678
f 1893/676/1679 1924/707/1679 1925/708/1679 1894/677/1679
f 1894/677/1680 1925/708/1680 1926/709/1680 1895/678/1680
f 1895/678/1681 1926/709/1681 1927/710/1681 1896/679/1681
f 1896/679/1682 1927/710/1682 1928/711/1682 1897/680/1682
f 1897/680/1683 1928/711/1683 1929/712/1683 1898/681/1683
f 1898/681/1684 1929/712/1684 1930/713/1684 1899/682/1684
f 1900/684/1685 1931/715/1685 1932/714/1685 1901/683/1685
f 1901/683/1686 1932/714/1686 1933/716/1686 1902/685/1686
f 1902/685/1687 1933/716/1687 1934/717/1687 1903/686/1687
f 1903/686/1688 1934/717/1688 1935/718/1688 1904/687/1688
f 1904/687/1689 1935/718/1689 1936/719/1689 1905/688/1689
f 1905/688/1690 1936/719/1690 1937/720/1690 1906/689/1690
f 1906/689/1691 1937/720/1691 1938/721/1691 1907/690/1691
f 1907/690/1692 1938/721/1692 1939/722/1692 1908/691/1692
f 1908/691/1693 1939/722/1693 1940/723/1693 1909/692/1693
f 1909/692/1694 1940/723/1694 1941/724/1694 1910/693/1694
f 1910/693/1695 1941/724/1695 1942/725/1695 1911/694/1695
f 1911/694/1696 1942/725/1696 1943/726/1696 1912/695/1696
f 1912/695/1697 1943/726/1697 1944/727/1697 1913/696/1697
f 1913/696/1698 1944/727/1698 1945/728/1698 1914/697/1698
f 1914/697/1699 1945/728/1699 1946/729/1699 1915/698/1699
f 1915/698/1700 1946/729/1700 1947/730/1700 1916/699/1700
f 1916/699/1701 1947/730/1701 1948/731/1701 1917/700/1701
f 1917/700/1702 1948/731/1702 1949/732/1702 1918/701/1702
f 1918/701/1703 1949/732/1703 1950/733/1703 1919/702/1703
f 1919/702/1704 1950/733/1704 1951/734/1704 1920/703/1704
f 1920/703/1705 1951/734/1705 1952/735/1705 1921/704/1705
f 1921/704/1706 1952/735/1706 1953/736/1706 1922/705/1706
f 1922/705/1707 1953/736/1707 1954/737/1707 1923/706/1707
f 1923/706/1708 1954/737/1708 1955/738/1708 1924/707/1708
f 1924/707/1709 1955/738/1709 1956/739/1709 1925/708/1709
f 1925/708/1710 1956/739/1710 1957/740/1710 1926/709/1710
f 1926/709/1711 1957/740/1711 1958/741/1711 1927/710/1711
f 1927/710/1712 1958/741/1712 1959/742/1712 1928/711/1712
f 1928/711/1713 1959/742/1713 1960/743/1713 1929/712/1713
f 1929/712/1714 1960/743/1714 1961/744/1714 1930/713/1714
f 1931/715/1715 1962/746/1715 1963/745/1715 1932/714/1715
f 1932/714/1716 1963/745/1716 1964/747/1716 1933/716/1716
f 1933/716/1717 1964/747/1717 1965/748/1717 1934/717/1717
f 1934/717/1718 1965/748/1718 1966/749/1718 1935/718/1718
f 1935/718/1719 1966/749/1719 1967/750/1719 1936/719/1719
f 1936/719/1720 1967/750/1720 1968/751/1720 1937/720/1720
f 1937/720/1721 1968/751/1721 1969/752/1721 1938/721/1721
f 1938/721/1722 1969/752/1722 1970/753/1722 1939/722/1722
f 1939/722/1723 1970/753/1723 1971/754/1723 1940/723/1723
f 1940/723/1724 1971/754/1724 1972/755/1724 1941/724/1724
f 1941/724/1725 1972/755/1725 1973/756/1725 1942/725/1725
f 1942/725/1726 1973/756/1726 1974/757/1726 1943/726/1726
f 1943/726/1727 1974/757/1727 1975/758/1727 1944/727/1727
f 1944/727/1728 1975/758/1728 1976/759/1728 1945/728/1728
f 1945/728/1729 1976/759/1729 1977/760/1729 1946/729/1729
f 1946/729/1730 1977/760/1730 1978/761/1730 1947/730/1730
f 1947/730/1731 1978/761/1731 1979/762/1731 1948/731/1731
f 1948/731/1732 1979/762/1732 1980/763/1732 1949/732/1732
f 1949/732/1733 1980/763/1733 1981/764/1733 1950/733/1733
f 1950/733/1734 1981/764/1734 1982/765/1734 1951/734/1734
f 1951/734/1735 1982/765/1735 1983/766/1735 1952/735/1735
f 1952/735/1736 1983/766/1736 1984/767/1736 1953/736/1736
f 1953/736/1737 1984/767/1737 1985/768/1737 1954/737/1737
f 1954/737/1738 1985/768/1738 1986/769/1738 1955/738/1738
f 1955/738/1739 1986/769/1739 1987/770/1739 1956/739/1739
f 1956/739/1740 1987/770/1740 1988/771/1740 1957/740/1740
f 1957/740/1741 1988/771/1741 1989/772/1741 1958/741/1741
f 1958/741/1742 1989/772/1742 1990/773/1742 1959/742/1742
f 1959/742/1743 1990/773/1743 1991/774/1743 1960/743/1743
f 1960/743/1744 1991/774/1744 1992/775/1744 1961/744/1744
f 1962/746/1745 1993/777/1745 1994/776/1745 1963/745/1745
f 1963/745/1746 1994/776/1746 1995/778/1746 1964/747/1746
f 1964/747/1747 1995/778/1747 1996/779/1747 1965/748/1747
f 1965/748/1748 1996/779/1748 1997/780/1748 1966/749/1748
f 1966/749/1749 1997/780/1749 1998/781/1749 1967/750/1749
f 1967/750/1750 1998/781/1750 1999/782/1750 1968/751/1750
f 1968/751/1751 1999/782/1751 2000/783/1751 1969/752/1751
f 1969/752/1752 2000/783/1752 2001/784/1752 1970/753/1752
f 1970/753/1753 2001/784/1753 2002/785/1753 1971/754/1753
f 1971/754/1754 2002/785/1754 2003/786/1754 1972/755/1754
f 1972/755/1755 2003/786/1755 2004/787/1755 1973/756/1755
f 1973/756/1756 2004/787/1756 2005/788/1756 1974/757/1756
f 1974/757/1757 2005/788/1757 2006/789/1757 1975/758/1757
f 1975/758/1758 2006/789/1758 2007/790/1758 1976/759/1758
f 1976/759/1759 2007/790/1759 2008/791/1759 1977/760/1759
f 1977/760/1760 2008/791/1760 2009/792/1760 1978/761/1760
f 1978/761/1761 2009/792/1761 2010/793/1761 1979/762/1761
f 1979/762/1762 2010/793/1762 2011/794/1762 1980/763/1762
f 1980/763/1763 2011/794/1763 2012/795/1763 1981/764/1763
f 1981/764/1764 2012/795/1764 2013/796/1764 1982/765/1764
f 1982/765/1765 2013/796/1765 2014/797/1765 1983/766/1765
f 1983/766/1766 2014/797/1766 2015/798/1766 1984/767/1766
f 1984/767/1767 2015/798/1767 2016/799/1767 1985/768/1767
f 1985/768/1768 2016/799/1768 2017/800/1768 1986/769/1768
f 1986/769/1769 2017/800/1769 2018/801/1769 1987/770/1769
f 1987/770/1770 2018/801/1770 2019/802/1770 1988/771/1770
f 1988/771/1771 2019/802/1771 2020/803/1771 1989/772/1771
f 1989/772/1772 2020/803/1772 2021/804/1772 1990/773/1772
f 1990/773/1773 2021/804/1773 2022/805/1773 1991/774/1773
f 1991/774/1774 2022/805/1774 2023/806/1774 1992/775/1774
f 1993/777/1775 2024/808/1775 2025/807/1775 1994/776/1775
f 1994/776/1776 2025/807/1776 2026/809/1776 1995/778/1776
f 1995/778/1777 2026/809/1777 2027/810/1777 1996/779/1777
f 1996/779/1778 2027/810/1778 2028/811/1778 1997/780/1778
f 1997/780/1779 2028/811/1779 2029/812/1779 1998/781/1779
f 1998/781/1780 2029/812/1780 2030/813/1780 1999/782/1780
f 1999/782/1781 2030/813/1781 2031/814/1781 2000/783/1781
f 2000/783/1782 2031/814/1782 2032/815/1782 2001/784/1782
f 2001/784/1783 2032/815/1783 2033/816/1783 2002/785/1783
f 2002/785/1784 2033/816/1784 2034/817/1784 2003/786/1784
f 2003/786/1785 2034/817/1785 2035/818/1785 2004/787/1785
f 2004/787/1786 2035/818/1786 2036/819/1786 2005/788/1786
f 2005/788/1787 2036/819/1787 2037/820/1787 2006/789/1787
f 2006/789/1788 2037/820/1788 2038/821/1788 2007/790/1788
f 2007/790/1789 2038/821/1789 2039/822/1789 2008/791/1789
f 2008/791/1790 2039/822/1790 2040/823/1790 2009/792/1790
f 2009/792/1791 2040/823/1791 2041/824/1791 2010/793/1791
f 2010/793/1792 2041/824/1792 2042/825/1792 2011/794/1792
f 2011/794/1793 2042/825/1793 2043/826/1793 2012/795/1793
f 2012/795/1794 2043/826/1794 2044/827/1794 2013/796/1794
f 2013/796/1795 2044/827/1795 2045/828/1795 2014/797/1795
f 2014/797/1796 2045/828/1796 2046/829/1796 2015/798/1796
f 2015/798/1797 2046/829/1797 2047/830/1797 2016/799/1797
f 2016/799/1798 2047/830/1798 2048/831/1798 2017/800/1798
f 2017/800/1799 2048/831/1799 2049/832/1799 2018/801/1799
f 2018/801/1800 2049/832/1800 2050/833/1800 2019/802/1800
f 2019/802/1801 2050/833/1801 2051/834/1801 2020/803/1801
f 2020/803/1802 2051/834/1802 2052/835/1802 2021/804/1802
f 2021/804/1803 2052/835/1803 2053/836/1803 2022/805/1803
f 2022/805/1804 2053/836/1804 2054/837/1804 2023/806/1804
f 2024/808/1805 2055/839/1805 2056/838/1805 2025/807/1805
f 2025/807/1806 2056/838/1806 2057/840/1806 2026/809/1806
f 2026/809/1807 2057/840/1807 2058/841/1807 2027/810/1807
f 2027/810/1808 2058/841/1808 2059/842/1808 2028/811/1808
f 2028/811/1809 2059/842/1809 2060/843/1809 2029/812/1809
f 2029/812/1810 2060/843/1810 2061/844/1810 2030/813/1810
f 2030/813/1811 2061/844/1811 2062/845/1811 2031/814/1811
f 2031/814/1812 2062/845/1812 2063/846/1812 2032/815/1812
f 2032/815/1813 2063/846/1813 2064/847/1813 2033/816/1813
f 2033/816/1814 2064/847/1814 2065/848/1814 2034/817/1814
f 2034/817/1815 2065/848/1815 2066/849/1815 2035/818/1815
f 2035/818/1816 2066/849/1816 2067/850/1816 2036/819/1816
f 2036/819/1817 2067/850/1817 2068/851/1817 2037/820/1817
f 2037/820/1818 2068/851/1818 2069/852/1818 2038/821/1818
f 2038/821/1819 2069/852/1819 2070/853/1819 2039/822/1819
f 2039/822/1820 2070/853/1820 2071/854/1820 2040/823/1820
f 2040/823/1821 2071/854/1821 2072/855/1821 2041/824/1821
f 2041/824/1822 2072/855/1822 2073/856/1822 2042/825/1822
f 2042/825/1823 2073/856/1823 2074/857/1823 2043/826/1823
f 2043/826/1824 2074/857/1824 2075/858/1824 2044/827/1824
f 2044/827/1825 2075/858/1825 2076/859/1825 2045/828/1825
f 2045/828/1826 2076/859/1826 2077/860/1826 2046/829/1826
f 2046/829/1827 2077/860/1827 2078/861/1827 2047/830/1827
f 2047/830/1828 2078/861/1828 2079/862/1828 2048/831/1828
f 2048/831/1829 2079/862/1829 2080/863/1829 2049/832/1829
f 2049/832/1830 2080/863/1830 2081/864/1830 2050/833/1830
f 2050/833/1831 2081/864/1831 2082/865/1831 2051/834/1831
f 2051/834/1832 2082/865/1832 2083/866/1832 2052/835/1832
f 2052/835/1833 2083/866/1833 2084/867/1833 2053/836/1833
f 2053/836/1834 2084/867/1834 2085/868/1834 2054/837/1834
f 2055/839/1835 2086/870/1835 2087/869/1835 2056/838/1835
f 2056/838/1836 2087/869/1836 2088/871/1836 2057/840/1836
f 2057/840/1837 2088/871/1837 2089/872/1837 2058/841/1837
f 2058/841/1838 2089/872/1838 2090/873/1838 2059/842/1838
f 2059/842/1839 2090/873/1839 2091/874/1839 2060/843/1839
f 2060/843/1840 2091/874/1840 2092/875/1840 2061/844/1840
f 2061/844/1841 2092/875/1841 2093/876/1841 2062/845/1841
f 2062/845/1842 2093/876/1842 2094/877/1842 2063/846/1842
f 2063/846/1843 2094/877/1843 2095/878/1843 2064/847/1843
f 2064/847/1844 2095/878/1844 2096/879/1844 2065/848/1844
f 2065/848/1845 2096/879/1845 2097/880/1845 2066/849/1845
f 2066/849/1846 2097/880/1846 2098/881/1846 2067/850/1846
f 2067/850/1847 2098/881/1847 2099/882/1847 2068/851/1847
f 2068/851/1848 2099/882/1848 2100/883/1848 2069/852/1848
f 2069/852/1849 2100/883/1849 2101/884/1849 2070/853/1849
f 2070/853/1850 2101/884/1850 2102/885/1850 2071/854/1850
f 2071/854/1851 2102/885/1851 2103/886/1851 2072/855/1851
f 2072/855/1852 2103/886/1852 2104/887/1852 2073/856/1852
f 2073/856/1853 2104/887/1853 2105/888/1853 2074/857/1853
f 2074/857/1854 2105/888/1854 2106/889/1854 2075/858/1854
f 2075/858/1855 2106/889/1855 2107/890/1855 2076/859/1855
f 2076/859/1856 2107/890/1856 2108/891/1856 2077/860/1856
f 2077/860/1857 2108/891/1857 2109/892/1857 2078/861/1857
f 2078/861/1858 2109/892/1858 2110/893/1858 2079/862/1858
f 2079/862/1859 2110/893/1859 2111/894/1859 2080/863/1859
f 2080/863/1860 2111/894/1860 2112/895/1860 2081/864/1860
f 2081/864/1861 2112/895/1861 2113/896/1861 2082/865/1861
f 2082/865/1862 2113/896/1862 2114/897/1862 2083/866/1862
f 2083/866/1863 2114/897/1863 2115/898/1863 2084/867/1863
f 2084/867/1864 2115/898/1864 2116/899/1864 2085/868/1864
f 2086/870/1865 2117/901/1865 2118/900/1865 2087/869/1865
f 2087/869/1866 2118/900/1866 2119/902/1866 2088/871/1866
f 2088/871/1867 2119/902/1867 2120/903/1867 2089/872/1867
f 2089/872/1868 2120/903/1868 2121/904/1868 2090/873/1868
f 2090/873/1869 2121/904/1869 2122/905/1869 2091/874/1869
f 2091/874/1870 2122/905/1870 2123/906/1870 2092/875/1870
f 2092/875/1871 2123/906/1871 2124/907/1871 2093/876/1871
f 2093/876/1872 2124/907/1872 2125/908/1872 2094/877/1872
f 2094/877/1873 2125/908/1873 2126/909/1873 2095/878/1873
f 2095/878/1874 2126/909/1874 2127/910/1874 2096/879/1874
f 2096/879/1875 2127/910/1875 2128/911/1875 2097/880/1875
f 2097/880/1876 2128/911/1876 2129/912/1876 2098/881/1876
f 2098/881/1877 2129/912/1877 2130/913/1877 2099/882/1877
f 2099/882/1878 2130/913/1878 2131/914/1878 2100/883/1878
f 2100/883/1879 2131/914/1879 2132/915/1879 2101/884/1879
f 2101/884/1880 2132/915/1880 2133/916/1880 2102/885/1880
f 2102/885/1881 2133/916/1881 2134/917/1881 2103/886/1881
f 2103/886/1882 2134/917/1882 2135/918/1882 2104/887/1882
f 2104/887/1883 2135/918/1883 2136/919/1883 2105/888/1883
f 2105/888/1884 2136/919/1884 2137/920/1884 2106/889/1884
f 2106/889/1885 2137/920/1885 2138/921/1885 2107/890/1885
f 2107/890/1886 2138/921/1886 2139/922/1886 2108/891/1886
f 2108/891/1887 2139/922/1887 2140/923/1887 2109/892/1887
f 2109/892/1888 2140/923/1888 2141/924/1888 2110/893/1888
f 2110/893/1889 2141/924/1889 2142/925/1889 2111/894/1889
f 2111/894/1890 2142/925/1890 2143/926/1890 2112/895/1890
f 2112/895/1891 2143/926/1891 2144/927/1891 2113/896/1891
f 2113/896/1892 2144/927/1892 2145/928/1892 2114/897/1892
f 2114/897/1893 2145/928/1893 2146/929/1893 2115/898/1893
f 2115/898/1894 2146/929/1894 2147/930/1894 2116/899/1894
f 2117/901/1895 2148/932/1895 2149/931/1895 2118/900/1895
f 2118/900/1896 2149/931/1896 2150/933/1896 2119/902/1896
f 2119/902/1897 2150/933/1897 2151/934/1897 2120/903/1897
f 2120/903/1898 2151/934/1898 2152/935/1898 2121/904/1898
f 2121/904/1899 2152/935/1899 2153/936/1899 2122/905/1899
f 2122/905/1900 2153/936/1900 2154/937/1900 2123/906/1900
f 2123/906/1901 2154/937/1901 2155/938/1901 2124/907/1901
f 2124/907/1902 2155/938/1902 2156/939/1902 2125/908/1902
f 2125/908/1903 2156/939/1903 2157/940/1903 2126/909/1903
f 2126/909/1904 2157/940/1904 2158/941/1904 2127/910/1904
f 2127/910/1905 2158/941/1905 2159/942/1905 2128/911/1905
f 2128/911/1906 2159/942/1906 2160/943/1906 2129/912/1906
f 2129/912/1907 2160/943/1907 2161/944/1907 2130/913/1907
f 2130/913/1908 2161/944/1908 2162/945/1908 2131/914/1908
f 2131/914/1909 2162/945/1909 2163/946/1909 2132/915/1909
f 2132/915/1910 2163/946/1910 2164/947/1910 2133/916/1910
f 2133/916/1911 2164/947/1911 2165/948/1911 2134/917/1911
f 2134/917/1912 2165/948/1912 2166/949/1912 2135/918/1912
f 2135/918/1913 2166/949/1913 2167/950/1913 2136/919/1913
f 2136/919/1914 2167/950/1914 2168/951/1914 2137/920/1914
f 2137/920/1915 2168/951/1915 2169/952/1915 2138/921/1915
f 2138/921/1916 2169/952/1916 2170/953/1916 2139/922/1916
f 2139/922/1917 2170/953/1917 2171/954/1917 2140/923/1917
f 2140/923/1918 2171/954/1918 2172/955/1918 2141/924/1918
f 2141/924/1919 2172/955/1919 2173/956/1919 2142/925/1919
f 2142/925/1920 2173/956/1920 2174/957/1920 2143/926/1920
f 2143/926/1921 2174/957/1921 2175/958/1921 2144/927/1921
f 2144/927/1922 2175/958/1922 2176/959/1922 2145/928/1922
f 2145/928/1923 2176/959/1923 2177/960/1923 2146/929/1923
f 2146/929/1924 2177/960/1924 2178/961/1924 2147/930/1924
f 1090/962/1925 1124/964/1925 1218/1/1925 1125/963/1925
f 1125/963/1926 1218/1/1926 1219/2/1926 1126/965/1926
f 1126/965/1927 1219/2/1927 1220/5/1927 1127/966/1927
f 1127/966/1928 1220/5/1928 1221/7/1928 1128/967/1928
f 1128/967/1929 1221/7/1929 1222/9/1929 1129/968/1929
f 1129/968/1930 1222/9/1930 1223/11/1930 1130/969/1930
f 1130/969/1931 1223/11/1931 1224/13/1931 1131/970/1931
f 1131/970/1932 1224/13/1932 1225/15/1932 1132/971/1932
f 1132/971/1933 1225/15/1933 1226/17/1933 1133/972/1933
f 1133/972/1934 1226/17/1934 1227/19/1934 1134/973/1934
f 1134/973/1935 1227/19/1935 1228/21/1935 1135/974/1935
f 1135/974/1936 1228/21/1936 1229/23/1936 1136/975/1936
f 1136/975/1937 1229/23/1937 1230/25/1937 1137/976/1937
f 1137/976/1938 1230/25/1938 1231/27/1938 1138/977/1938
f 1138/977/1939 1231/27/1939 1232/29/1939 1139/978/1939
f 1139/978/1940 1232/29/1940 1233/31/1940 1140/979/1940
f 1140/979/1941 1233/31/1941 1234/33/1941 1141/980/1941
f 1141/980/1942 1234/33/1942 1235/35/1942 1142/981/1942
f 1142/981/1943 1235/35/1943 1236/37/1943 1143/982/1943
f 1143/982/1944 1236/37/1944 1237/39/1944 1144/983/1944
f 1144/983/1945 1237/39/1945 1238/41/1945 1145/984/1945
f 1145/984/1946 1238/41/1946 1239/43/1946 1146/985/1946
f 1146/985/1947 1239/43/1947 1240/45/1947 1147/986/1947
f 1147/986/1948 1240/45/1948 1241/47/1948 1148/987/1948
f 1148/987/1949 1241/47/1949 1242/49/1949 1149/988/1949
f 1149/988/1950 1242/49/1950 1243/51/1950 1150/989/1950
f 1150/989/1951 1243/51/1951 1244/53/1951 1151/990/1951
f 1151/990/1952 1244/53/1952 1245/55/1952 1152/991/1952
f 1152/991/1953 1245/55/1953 1246/57/1953 1153/992/1953
f 1153/992/1954 1246/57/1954 1247/59/1954 1154/993/1954
f 1154/993/1955 1247/59/1955 1248/61/1955 1155/994/1955
f 1155/994/1956 1248/61/1956 1156/996/1956 1091/995/1956
f 1248/61/1957 1279/62/1957 1157/997/1957 1156/996/1957
f 1279/62/1958 1310/93/1958 1158/998/1958 1157/997/1958
f 1310/93/1959 1341/124/1959 1159/999/1959 1158/998/1959
f 1341/124/1960 1372/155/1960 1160/1000/1960 1159/999/1960
f 1372/155/1961 1403/186/1961 1161/1001/1961 1160/1000/1961
f 1403/186/1962 1434/217/1962 1162/1002/1962 1161/1001/1962
f 1434/217/1963 1465/248/1963 1163/1003/1963 1162/1002/1963
f 1465/248/1964 1496/279/1964 1164/1004/1964 1163/1003/1964
f 1496/279/1965 1527/310/1965 1165/1005/1965 1164/1004/1965
f 1527/310/1966 1558/341/1966 1166/1006/1966 1165/1005/1966
f 1558/341/1967 1589/372/1967 1167/1007/1967 1166/1006/1967
f 1589/372/1968 1620/403/1968 1168/1008/1968 1167/1007/1968
f 1620/403/1969 1651/434/1969 1169/1009/1969 1168/1008/1969
f 1651/434/1970 1682/465/1970 1170/1010/1970 1169/1009/1970
f 1682/465/1971 1713/496/1971 1171/1011/1971 1170/1010/1971
f 1713/496/1972 1744/527/1972 1172/1012/1972 1171/1011/1972
f 1744/527/1973 1775/558/1973 1173/1013/1973 1172/1012/1973
f 1775/558/1974 1806/589/1974 1174/1014/1974 1173/1013/1974
f 1806/589/1975 1837/620/1975 1175/1015/1975 1174/1014/1975
f 1837/620/1976 1868/651/1976 1176/1016/1976 1175/1015/1976
f 1868/651/1977 1899/682/1977 1177/1017/1977 1176/1016/1977
f 1899/682/1978 1930/713/1978 1178/1018/1978 1177/1017/1978
f 1930/713/1979 1961/744/1979 1179/1019/1979 1178/1018/1979
f 1961/744/1980 1992/775/1980 1180/1020/1980 1179/1019/1980
f 1992/775/1981 2023/806/1981 1181/1021/1981 1180/1020/1981
f 2023/806/1982 2054/837/1982 1182/1022/1982 1181/1021/1982
f 2054/837/1983 2085/868/1983 1183/1023/1983 1182/1022/1983
f 2085/868/1984 2116/899/1984 1184/1024/1984 1183/1023/1984
f 2116/899/1985 2147/930/1985 1185/1025/1985 1184/1024/1985
f 2147/930/1986 2178/961/1986 1186/1026/1986 1185/1025/1986
f 2178/961/1987 1187/1028/1987 1093/1027/1987 1186/1026/1987
f 2177/960/1988 1188/1029/1988 1187/1028/1988 2178/961/1988
f 2176/959/1989 1189/1030/1989 1188/1029/1989 2177/960/1989
f 2175/958/1990 1190/1031/1990 1189/1030/1990 2176/959/1990
f 2174/957/1991 1191/1032/1991 1190/1031/1991 2175/958/1991
f 2173/956/1992 1192/1033/1992 1191/1032/1992 2174/957/1992
f 2172/955/1993 1193/1034/1993 1192/1033/1993 2173/956/1993
f 2171/954/1994 1194/1035/1994 1193/1034/1994 2172/955/1994
f 2170/953/1995 1195/1036/1995 1194/1035/1995 2171/954/1995
f 2169/952/1996 1196/1037/1996 1195/1036/1996 2170/953/1996
f 2168/951/1997 1197/1038/1997 1196/1037/1997 2169/952/1997
f 2167/950/1998 1198/1039/1998 1197/1038/1998 2168/951/1998
f 2166/949/1999 1199/1040/1999 1198/1039/1999 2167/950/1999
f 2165/948/2000 1200/1041/2000 1199/1040/2000 2166/949/2000
f 2164/947/2001 1201/1042/2001 1200/1041/2001 2165/948/2001
f 2163/946/2002 1202/1043/2002 1201/1042/2002 2164/947/2002
f 2162/945/2003 1203/1044/2003 1202/1043/2003 2163/946/2003
f 2161/944/2004 1204/1045/2004 1203/1044/2004 2162/945/2004
f 2160/943/2005 1205/1046/2005 1204/1045/2005 2161/944/2005
f 2159/942/2006 1206/1047/2006 1205/1046/2006 2160/943/2006
f 2158/941/2007 1207/1048/2007 1206/1047/2007 2159/942/2007
f 2157/940/2008 1208/1049/2008 1207/1048/2008 2158/941/2008
f 2156/939/2009 1209/1050/2009 1208/1049/2009 2157/940/2009
f 2155/938/2010 1210/1051/2010 1209/1050/2010 2156/939/2010
f 2154/937/2011 1211/1052/2011 1210/1051/2011 2155/938/2011
f 2153/936/2012 1212/1053/2012 1211/1052/2012 2154/937/2012
f 2152/935/2013 1213/1054/2013 1212/1053/2013 2153/936/2013
f 2151/934/2014 1214/1055/2014 1213/1054/2014 2152/935/2014
f 2150/933/2015 1215/1056/2015 1214/1055/2015 2151/934/2015
f 2149/931/2016 1216/1057/2016 1215/1056/2016 2150/933/2016
f 2148/932/2017 1217/1058/2017 1216/1057/2017 2149/931/2017
f 1094/1059/2018 1092/1060/2018 1217/1058/2018 2148/932/2018
f 1095/1061/2019 1094/1059/2019 2148/932/2019 2117/901/2019
f 1096/1062/2020 1095/1061/2020 2117/901/2020 2086/870/2020
f 1097/1063/2021 1096/1062/2021 2086/870/2021 2055/839/2021
f 1098/1064/2022 1097/1063/2022 2055/839/2022 2024/808/2022
f 1099/1065/2023 1098/1064/2023 2024/808/2023 1993/777/2023
f 1100/1066/2024 1099/1065/2024 1993/777/2024 1962/746/2024
f 1101/1067/2025 1100/1066/2025 1962/746/2025 1931/715/2025
f 1102/1068/2026 1101/1067/2026 1931/715/2026 1900/684/2026
f 1103/1069/2027 1102/1068/2027 1900/684/2027 1869/653/2027
f 1104/1070/2028 1103/1069/2028 1869/653/2028 1838/622/2028
f 1105/1071/2029 1104/1070/2029 1838/622/2029 1807/591/2029
f 1106/1072/2030 1105/1071/2030 1807/591/2030 1776/560/2030
f 1107/1073/2031 1106/1072/2031 1776/560/2031 1745/529/2031
f 1108/1074/2032 1107/1073/2032 1745/529/2032 1714/498/2032
f 1109/1075/2033 1108/1074/2033 1714/498/2033 1683/467/2033
f 1110/1076/2034 1109/1075/2034 1683/467/2034 1652/436/2034
f 1111/1077/2035 1110/1076/2035 1652/436/2035 1621/405/2035
f 1112/1078/2036 1111/1077/2036 1621/405/2036 1590/374/2036
f 1113/1079/2037 1112/1078/2037 1590/374/2037 1559/343/2037
f 1114/1080/2038 1113/1079/2038 1559/343/2038 1528/312/2038
f 1115/1081/2039 1114/1080/2039 1528/312/2039 1497/281/2039
f 1116/1082/2040 1115/1081/2040 1497/281/2040 1466/250/2040
f 1117/1083/2041 1116/1082/2041 1466/250/2041 1435/219/2041
f 1118/1084/2042 1117/1083/2042 1435/219/2042 1404/188/2042
f 1119/1085/2043 1118/1084/2043 1404/188/2043 1373/157/2043
f 1120/1086/2044 1119/1085/2044 1373/157/2044 1342/126/2044
f 1121/1087/2045 1120/1086/2045 1342/126/2045 1311/95/2045
f 1122/1088/2046 1121/1087/2046 1311/95/2046 1280/64/2046
f 1123/1089/2047 1122/1088/2047 1280/64/2047 1249/4/2047
f 1124/964/2048 1123/1089/2048 1249/4/2048 1218/1/2048
f 5/1059/2049 3/1060/2049 1092/1060/2049 1094/1059/2049
f 6/1061/2050 5/1059/2050 1094/1059/2050 1095/1061/2050
f 7/1062/2051 6/1061/2051 1095/1061/2051 1096/1062/2051
f 8/1063/2052 7/1062/2052 1096/1062/2052 1097/1063/2052
f 9/1064/2053 8/1063/2053 1097/1063/2053 1098/1064/2053
f 10/1065/2054 9/1064/2054 1098/1064/2054 1099/1065/2054
f 11/1066/2055 10/1065/2055 1099/1065/2055 1100/1066/2055
f 12/1067/2056 11/1066/2056 1100/1066/2056 1101/1067/2056
f 13/1068/2057 12/1067/2057 1101/1067/2057 1102/1068/2057
f 14/1069/2058 13/1068/2058 1102/1068/2058 1103/1069/2058
f 15/1070/2059 14/1069/2059 1103/1069/2059 1104/1070/2059
f 16/1071/2060 15/1070/2060 1104/1070/2060 1105/1071/2060
f 17/1072/2061 16/1071/2061 1105/1071/2061 1106/1072/2061
f 18/1073/2062 17/1072/2062 1106/1072/2062 1107/1073/2062
f 19/1074/2063 18/1073/2063 1107/1073/2063 1108/1074/2063
f 20/1075/2064 19/1074/2064 1108/1074/2064 1109/1075/2064
f 21/1076/2065 20/1075/2065 1109/1075/2065 1110/1076/2065
f 22/1077/2066 21/1076/2066 1110/1076/2066 1111/1077/2066
f 23/1078/2067 22/1077/2067 1111/1077/2067 1112/1078/2067
f 24/1079/2068 23/1078/2068 1112/1078/2068 1113/1079/2068
f 25/1080/2069 24/1079/2069 1113/1079/2069 1114/1080/2069
f 26/1081/2070 25/1080/2070 1114/1080/2070 1115/1081/2070
f 27/1082/2071 26/1081/2071 1115/1081/2071 1116/1082/2071
f 28/1083/2072 27/1082/2072 1116/1082/2072 1117/1083/2072
f 29/1084/2073 28/1083/2073 1117/1083/2073 1118/1084/2073
f 30/1085/2074 29/1084/2074 1118/1084/2074 1119/1085/2074
f 31/1086/2075 30/1085/2075 1119/1085/2075 1120/1086/2075
f 32/1087/2076 31/1086/2076 1120/1086/2076 1121/1087/2076
f 33/1088/2077 32/1087/2077 1121/1087/2077 1122/1088/2077
f 34/1089/2078 33/1088/2078 1122/1088/2078 1123/1089/2078
f 35/964/2079 34/1089/2079 1123/1089/2079 1124/964/2079
f 1/962/2080 35/964/2080 1124/964/2080 1090/962/2080
f 36/963/2081 1/962/2081 1090/962/2081 1125/963/2081
f 37/965/2082 36/963/2082 1125/963/2082 1126/965/2082
f 38/966/2083 37/965/2083 1126/965/2083 1127/966/2083
f 39/967/2084 38/966/2084 1127/966/2084 1128/967/2084
f 40/968/2085 39/967/2085 1128/967/2085 1129/968/2085
f 41/969/2086 40/968/2086 1129/968/2086 1130/969/2086
f 42/970/2087 41/969/2087 1130/969/2087 1131/970/2087
f 43/971/2088 42/970/2088 1131/970/2088 1132/971/2088
f 44/972/2089 43/971/2089 1132/971/2089 1133/972/2089
f 45/973/2090 44/972/2090 1133/972/2090 1134/973/2090
f 46/974/2091 45/973/2091 1134/973/2091 1135/974/2091
f 47/975/2092 46/974/2092 1135/974/2092 1136/975/2092
f 48/976/2093 47/975/2093 1136/975/2093 1137/976/2093
f 49/977/2094 48/976/2094 1137/976/2094 1138/977/2094
f 50/978/2095 49/977/2095 1138/977/2095 1139/978/2095
f 51/979/2096 50/978/2096 1139/978/2096 1140/979/2096
f 52/980/2097 51/979/2097 1140/979/2097 1141/980/2097
f 53/981/2098 52/980/2098 1141/980/2098 1142/981/2098
f 54/982/2099 53/981/2099 1142/981/2099 1143/982/2099
f 55/983/2100 54/982/2100 1143/982/2100 1144/983/2100
f 56/984/2101 55/983/2101 1144/983/2101 1145/984/2101
f 57/985/2102 56/984/2102 1145/984/2102 1146/985/2102
f 58/986/2103 57/985/2103 1146/985/2103 1147/986/2103
f 59/987/2104 58/986/2104 1147/986/2104 1148/987/2104
f 60/988/2105 59/987/2105 1148/987/2105 1149/988/2105
f 61/989/2106 60/988/2106 1149/988/2106 1150/989/2106
f 62/990/2107 61/989/2107 1150/989/2107 1151/990/2107
f 63/991/2108 62/990/2108 1151/990/2108 1152/991/2108
f 64/992/2109 63/991/2109 1152/991/2109 1153/992/2109
f 65/993/2110 64/992/2110 1153/992/2110 1154/993/2110
f 66/994/2111 65/993/2111 1154/993/2111 1155/994/2111
f 2/995/2112 66/994/2112 1155/994/2112 1091/995/2112
f 67/996/2113 2/995/2113 1091/995/2113 1156/996/2113
f 68/997/2114 67/996/2114 1156/996/2114 1157/997/2114
f 69/998/2115 68/997/2115 1157/997/2115 1158/998/2115
f 70/999/2116 69/998/2116 1158/998/2116 1159/999/2116
f 71/1000/2117 70/999/2117 1159/999/2117 1160/1000/2117
f 72/1001/2118 71/1000/2118 1160/1000/2118 1161/1001/2118
f 73/1002/2119 72/1001/2119 1161/1001/2119 1162/1002/2119
f 74/1003/2120 73/1002/2120 1162/1002/2120 1163/1003/2120
f 75/1004/2121 74/1003/2121 1163/1003/2121 1164/1004/2121
f 76/1005/2122 75/1004/2122 1164/1004/2122 1165/1005/2122
f 77/1006/2123 76/1005/2123 1165/1005/2123 1166/1006/2123
f 78/1007/2124 77/1006/2124 1166/1006/2124 1167/1007/2124
f 79/1008/2125 78/1007/2125 1167/1007/2125 1168/1008/2125
f 80/1009/2126 79/1008/2126 1168/1008/2126 1169/1009/2126
f 81/1010/2127 80/1009/2127 1169/1009/2127 1170/1010/2127
f 82/1011/2128 81/1010/2128 1170/1010/2128 1171/1011/2128
f 83/1012/2129 82/1011/2129 1171/1011/2129 1172/1012/2129
f 84/1013/2130 83/1012/2130 1172/1012/2130 1173/1013/2130
f 85/1014/2131 84/1013/2131 1173/1013/2131 1174/1014/2131
f 86/1015/2132 85/1014/2132 1174/1014/2132 1175/1015/2132
f 87/1016/2133 86/1015/2133 1175/1015/2133 1176/1016/2133
f 88/1017/2134 87/1016/2134 1176/1016/2134 1177/1017/2134
f 89/1018/2135 88/1017/2135 1177/1017/2135 1178/1018/2135
f 90/1019/2136 89/1018/2136 1178/1018/2136 1179/1019/2136
f 91/1020/2137 90/1019/2137 1179/1019/2137 1180/1020/2137
f 92/1021/2138 91/1020/2138 1180/1020/2138 1181/1021/2138
f 93/1022/2139 92/1021/2139 1181/1021/2139 1182/1022/2139
f 94/1023/2140 93/1022/2140 1182/1022/2140 1183/1023/2140
f 95/1024/2141 94/1023/2141 1183/1023/2141 1184/1024/2141
f 96/1025/2142 95/1024/2142 1184/1024/2142 1185/1025/2142
f 97/1026/2143 96/1025/2143 1185/1025/2143 1186/1026/2143
f 4/1027/2144 97/1026/2144 1186/1026/2144 1093/1027/2144
f 98/1028/2145 4/1027/2145 1093/1027/2145 1187/1028/2145
f 99/1029/2146 98/1028/2146 1187/1028/2146 1188/1029/2146
f 100/1030/2147 99/1029/2147 1188/1029/2147 1189/1030/2147
f 101/1031/2148 100/1030/2148 1189/1030/2148 1190/1031/2148
f 102/1032/2149 101/1031/2149 1190/1031/2149 1191/1032/2149
f 103/1033/2150 102/1032/2150 1191/1032/2150 1192/1033/2150
f 104/1034/2151 103/1033/2151 1192/1033/2151 1193/1034/2151
f 105/1035/2152 104/1034/2152 1193/1034/2152 1194/1035/2152
f 106/1036/2153 105/1035/2153 1194/1035/2153 1195/1036/2153
f 107/1037/2154 106/1036/2154 1195/1036/2154 1196/1037/2154
f 108/1038/2155 107/1037/2155 1196/1037/2155 1197/1038/2155
f 109/1039/2156 108/1038/2156 1197/1038/2156 1198/1039/2156
f 110/1040/2157 109/1039/2157 1198/1039/2157 1199/1040/2157
f 111/1041/2158 110/1040/2158 1199/1040/2158 1200/1041/2158
f 112/1042/2159 111/1041/2159 1200/1041/2159 1201/1042/2159
f 113/1043/2160 112/1042/2160 1201/1042/2160 1202/1043/2160
f 114/1044/2161 113/1043/2161 1202/1043/2161 1203/1044/2161
f 115/1045/2162 114/1044/2162 1203/1044/2162 1204/1045/2162
f 116/1046/2163 115/1045/2163 1204/1045/2163 1205/1046/2163
f 117/1047/2164 116/1046/2164 1205/1046/2164 1206/1047/2164
f 118/1048/2165 117/1047/2165 1206/1047/2165 1207/1048/2165
f 119/1049/2166 118/1048/2166 1207/1048/2166 1208/1049/2166
f 120/1050/2167 119/1049/2167 1208/1049/2167 1209/1050/2167
f 121/1051/2168 120/1050/2168 1209/1050/2168 1210/1051/2168
f 122/1052/2169 121/1051/2169 1210/1051/2169 1211/1052/2169
f 123/1053/2170 122/1052/2170 1211/1052/2170 1212/1053/2170
f 124/1054/2171 123/1053/2171 1212/1053/2171 1213/1054/2171
f 125/1055/2172 124/1054/2172 1213/1054/2172 1214/1055/2172
f 126/1056/2173 125/1055/2173 1214/1055/2173 1215/1056/2173
f 127/1057/2174 126/1056/2174 1215/1056/2174 1216/1057/2174
f 128/1058/2175 127/1057/2175 1216/1057/2175 1217/1058/2175
f 3/1060/2176 128/1058/2176 1217/1058/2176 1092/1060/2176
o Plano.001
v 2.960000 -0.900000 -0.000000
v 5.040000 -0.900000 -0.000000
v 2.960000 0.900000 0.000000
v 5.040000 0.900000 0.000000
v 2.960000 -0.900000 -0.050000
v 5.040000 -0.900000 -0.050000
v 2.960000 0.900000 -0.050000
v 5.040000 0.900000 -0.050000
vn -0.0000 -0.0000 1.0000
vn -0.0000 -0.0000 -1.0000
vn -1.0000 -0.0000 -0.0000
vn -0.0000 -1.0000 -0.0000
vn 1.0000 -0.0000 -0.0000
vn -0.0000 1.0000 -0.0000
vt 0.000000 0.000000
vt 1.000000 0.000000
vt 1.000000 1.000000
vt 0.000000 1.000000
s 0
usemtl Material.007
f 2179/1090/2177 2180/1091/2177 2182/1092/2177 2181/1093/2177
f 2183/1090/2178 2185/1093/2178 2186/1092/2178 2184/1091/2178
f 2179/1090/2179 2181/1093/2179 2185/1093/2179 2183/1090/2179
f 2180/1091/2180 2179/1090/2180 2183/1090/2180 2184/1091/2180
f 2182/1092/2181 2180/1091/2181 2184/1091/2181 2186/1092/2181
f 2181/1093/2182 2182/1092/2182 2186/1092/2182 2185/1093/2182
o PlanoRugoso2
v -1.000000 0.900000 -0.000000
v -1.000000 -0.900000 -0.000000
v 1.000000 0.900000 0.000000
v 1.000000 -0.900000 0.000000
v -1.000000 0.900000 -0.052500
v -1.000000 -0.900000 -0.052500
v 1.000000 0.900000 -0.052500
v 1.000000 -0.900000 -0.052500
vn -0.0000 -0.0000 1.0000
vn -0.0000 -0.0000 -1.0000
vn -0.0000 1.0000 -0.0000
vn -1.0000 -0.0000 -0.0000
vn -0.0000 -1.0000 -0.0000
vn 1.0000 -0.0000 -0.0000
vt 0.000000 0.000000
vt 1.000000 0.000000
vt 1.000000 1.000000
vt 0.000000 1.000000
s 0
usemtl Material.003
f 2187/1094/2183 2188/1095/2183 2190/1096/2183 2189/1097/2183
f 2191/1094/2184 2193/1097/2184 2194/1096/2184 2192/1095/2184
f 2187/1094/2185 2189/1097/2185 2193/1097/2185 2191/1094/2185
f 2188/1095/2186 2187/1094/2186 2191/1094/2186 2192/1095/2186
f 2190/1096/2187 2188/1095/2187 2192/1095/2187 2194/1096/2187
f 2189/1097/2188 2190/1096/2188 2194/1096/2188 2193/1097/2188
o Rugoso1
v 3.109745 -0.890255 0.008859
v 0.916171 -0.883829 0.014701
v 3.093801 -3.106200 -0.005636
v 0.896692 -3.103307 -0.003007
v 3.104472 -3.026778 0.004065
v 3.099174 -2.963326 -0.000751
v 3.092654 -2.901096 -0.006678
v 3.101365 -2.823636 0.001240
v 3.112806 -2.743443 0.011642
v 3.093656 -2.693844 -0.005767
v 3.091043 -2.627707 -0.008142
v 3.086842 -2.563158 -0.011962
v 3.103097 -2.478153 0.002816
v 3.092961 -2.419539 -0.006399
v 3.086345 -2.357405 -0.012413
v 3.106523 -2.268477 0.005930
v 3.092413 -2.213837 -0.006898
v 3.102128 -2.135372 0.001934
v 3.105303 -2.063447 0.004821
v 3.087784 -2.012216 -0.011105
v 3.109870 -1.921380 0.008973
v 3.092670 -1.869830 -0.006664
v 3.083055 -1.810695 -0.015405
v 3.086423 -1.738577 -0.012343
v 3.101077 -1.655174 0.000979
v 3.119057 -1.568443 0.017325
v 3.093196 -1.525554 -0.006185
v 3.100543 -1.449458 0.000493
v 3.119798 -1.361452 0.017998
v 3.109665 -1.302835 0.008786
v 3.098116 -1.245634 -0.001713
v 3.096261 -1.178740 -0.003400
v 3.101216 -1.105034 0.001105
v 3.102353 -1.035147 0.002139
v 3.111217 -0.957533 0.010197
v 3.028193 -0.903058 -0.002780
v 2.948403 -0.914097 -0.012815
v 2.903212 -0.890538 0.008602
v 2.842747 -0.882253 0.016133
v 2.749238 -0.907013 -0.006375
v 2.685405 -0.902096 -0.001905
v 2.624810 -0.893940 0.005509
v 2.563690 -0.886310 0.012445
v 2.469472 -0.911778 -0.010707
v 2.419877 -0.892623 0.006706
v 2.360959 -0.882791 0.015644
v 2.264141 -0.910859 -0.009872
v 2.198477 -0.907773 -0.007066
v 2.135432 -0.902068 -0.001880
v 2.080216 -0.888534 0.010424
v 1.991007 -0.908993 -0.008175
v 1.928904 -0.902346 -0.002132
v 1.848689 -0.913811 -0.012556
v 1.790016 -0.903734 -0.003394
v 1.724812 -0.900188 -0.000171
v 1.656894 -0.899356 0.000585
v 1.579143 -0.908358 -0.007598
v 1.513152 -0.905598 -0.005089
v 1.447125 -0.902875 -0.002613
v 1.378052 -0.903198 -0.002907
v 1.334807 -0.877693 0.020279
v 1.251139 -0.892611 0.006717
v 1.175384 -0.899616 0.000349
v 1.106381 -0.899869 0.000119
v 1.028529 -0.908971 -0.008155
v 0.963604 -0.905146 -0.004679
v 0.897971 -0.970779 -0.001844
v 0.897748 -1.039752 -0.002048
v 0.881376 -1.124874 -0.016931
v 0.910077 -1.164923 0.009161
v 0.890411 -1.253339 -0.008718
v 0.910235 -1.302265 0.009304
v 0.881647 -1.399603 -0.016684
v 0.902988 -1.447012 0.002716
v 0.887266 -1.531484 -0.011576
v 0.895901 -1.591599 -0.003726
v 0.897463 -1.658787 -0.002306
v 0.902003 -1.722997 0.001821
v 0.894141 -1.799608 -0.005326
v 0.917306 -1.845194 0.015733
v 0.908110 -1.923140 0.007373
v 0.895960 -2.004040 -0.003673
v 0.893621 -2.075129 -0.005799
v 0.902279 -2.135221 0.002072
v 0.902458 -2.203792 0.002234
v 0.906490 -2.268510 0.005900
v 0.901442 -2.342308 0.001311
v 0.896140 -2.416360 -0.003509
v 0.904073 -2.477177 0.003702
v 0.896967 -2.553033 -0.002758
v 0.898489 -2.620261 -0.001374
v 0.900590 -2.686910 0.000536
v 0.904395 -2.751855 0.003995
v 0.878652 -2.846348 -0.019407
v 0.910292 -2.883457 0.009357
v 0.897167 -2.965333 -0.002576
v 0.901790 -3.029459 0.001628
v 0.963490 -3.105260 -0.004782
v 1.034497 -3.103003 -0.002730
v 1.118905 -3.087345 0.011504
v 1.169846 -3.105154 -0.004685
v 1.222716 -3.121034 -0.019122
v 1.312864 -3.099636 0.000331
v 1.367949 -3.113301 -0.012092
v 1.459561 -3.090439 0.008692
v 1.508484 -3.110266 -0.009332
v 1.598912 -3.088588 0.010374
v 1.637110 -3.119140 -0.017400
v 1.708945 -3.116055 -0.014596
v 1.812327 -3.081423 0.016888
v 1.872827 -3.089673 0.009388
v 1.929598 -3.101652 -0.001502
v 1.988554 -3.111446 -0.010406
v 2.068607 -3.100143 -0.000130
v 2.132984 -3.104516 -0.004106
v 2.205978 -3.100272 -0.000248
v 2.267145 -3.107855 -0.007141
v 2.349067 -3.094683 0.004834
v 2.391001 -3.121499 -0.019545
v 2.466542 -3.114708 -0.013371
v 2.545665 -3.104335 -0.003941
v 2.624263 -3.094486 0.005012
v 2.673932 -3.113568 -0.012334
v 2.749709 -3.106541 -0.005947
v 2.824273 -3.100727 -0.000661
v 2.890012 -3.103738 -0.003398
v 2.948275 -3.114225 -0.012932
v 3.047309 -3.083941 0.014599
v 3.005244 -0.994756 -0.023642
v 2.955387 -0.975863 -0.006466
v 2.896995 -0.965505 0.002950
v 2.825655 -0.968095 0.000596
v 2.753549 -0.971451 -0.002456
v 2.691660 -0.964590 0.003782
v 2.618709 -0.968791 -0.000037
v 2.565396 -0.953354 0.013997
v 2.491030 -0.958970 0.008891
v 2.407513 -0.973738 -0.004534
v 2.349095 -0.963405 0.004859
v 2.258112 -0.985638 -0.015352
v 2.194613 -0.980387 -0.010579
v 2.131662 -0.974588 -0.005307
v 2.077873 -0.959627 0.008294
v 2.013522 -0.955229 0.012292
v 1.922407 -0.977594 -0.008040
v 1.879903 -0.951347 0.015821
v 1.787624 -0.974876 -0.005569
v 1.710685 -0.983065 -0.013014
v 1.650046 -0.974954 -0.005640
v 1.585037 -0.971213 -0.002239
v 1.519131 -0.968369 0.000346
v 1.450382 -0.968368 0.000347
v 1.384822 -0.965178 0.003247
v 1.309718 -0.971532 -0.002529
v 1.245549 -0.966951 0.001635
v 1.166269 -0.977481 -0.007937
v 1.111644 -0.963356 0.004903
v 1.041833 -0.964417 0.003939
v 0.973318 -0.964182 0.004152
v 3.034346 -1.034404 0.002815
v 2.942980 -1.057021 -0.017746
v 2.897640 -1.033610 0.003536
v 2.832258 -1.030242 0.006598
v 2.749204 -1.044546 -0.006406
v 2.692426 -1.032574 0.004479
v 2.627766 -1.028484 0.008196
v 2.532852 -1.054648 -0.015589
v 2.479564 -1.039186 -0.001533
v 2.410873 -1.039127 -0.001479
v 2.345593 -1.035657 0.001676
v 2.275685 -1.036815 0.000623
v 2.227796 -1.015954 0.019587
v 2.132488 -1.042512 -0.004557
v 2.065698 -1.040552 -0.002775
v 1.989940 -1.047561 -0.009146
v 1.911276 -1.057474 -0.018158
v 1.855544 -1.044456 -0.006324
v 1.802101 -1.029149 0.007592
v 1.714954 -1.047546 -0.009133
v 1.664295 -1.029455 0.007313
v 1.590806 -1.034194 0.003006
v 1.519399 -1.036851 0.000590
v 1.444992 -1.042508 -0.004553
v 1.384103 -1.034647 0.002594
v 1.307832 -1.042168 -0.004244
v 1.225417 -1.055833 -0.016667
v 1.168499 -1.044001 -0.005910
v 1.123044 -1.020706 0.015267
v 1.024342 -1.050658 -0.011962
v 0.966177 -1.040073 -0.002339
v 3.041196 -1.096304 0.009042
v 2.957242 -1.111508 -0.004780
v 2.893881 -1.106119 0.000119
v 2.825856 -1.105394 0.000778
v 2.749134 -1.113366 -0.006469
v 2.692230 -1.101520 0.004300
v 2.605199 -1.119801 -0.012319
v 2.544959 -1.111291 -0.004583
v 2.457961 -1.129539 -0.021172
v 2.415021 -1.103729 0.002292
v 2.349168 -1.100832 0.004925
v 2.272267 -1.108984 -0.002485
v 2.224620 -1.087880 0.016700
v 2.135459 -1.108291 -0.001855
v 2.080591 -1.094409 0.010764
v 2.003276 -1.102974 0.002978
v 1.924486 -1.113014 -0.006149
v 1.851170 -1.117580 -0.010300
v 1.795868 -1.104132 0.001925
v 1.708198 -1.123052 -0.015274
v 1.641601 -1.120899 -0.013317
v 1.589076 -1.104674 0.001433
v 1.520279 -1.104721 0.001390
v 1.450758 -1.105492 0.000689
v 1.364161 -1.123339 -0.015536
v 1.303628 -1.115122 -0.008065
v 1.230982 -1.119018 -0.011607
v 1.185146 -1.096104 0.009224
v 1.111483 -1.101017 0.004758
v 1.047047 -1.096703 0.008679
v 0.978094 -1.096906 0.008494
v 3.047551 -1.158699 0.014819
v 2.972142 -1.165358 0.008766
v 2.897144 -1.171606 0.003086
v 2.828360 -1.171640 0.003055
v 2.756737 -1.174513 0.000442
v 2.679353 -1.183147 -0.007407
v 2.613326 -1.180424 -0.004931
v 2.562593 -1.162407 0.011448
v 2.474527 -1.181724 -0.006112
v 2.408102 -1.179398 -0.003998
v 2.338094 -1.180656 -0.005141
v 2.269413 -1.180588 -0.005080
v 2.195564 -1.185686 -0.009715
v 2.149295 -1.163205 0.010723
v 2.077020 -1.166730 0.007518
v 1.999394 -1.175606 -0.000551
v 1.919139 -1.187111 -0.011010
v 1.856977 -1.180523 -0.005021
v 1.788510 -1.180240 -0.004764
v 1.735916 -1.164084 0.009923
v 1.651970 -1.179280 -0.003891
v 1.591352 -1.171148 0.003502
v 1.510175 -1.183575 -0.007795
v 1.448729 -1.176271 -0.001155
v 1.379617 -1.176633 -0.001485
v 1.295985 -1.191515 -0.015014
v 1.257515 -1.161235 0.012514
v 1.170760 -1.179240 -0.003854
v 1.111619 -1.169631 0.004881
v 1.032673 -1.179827 -0.004389
v 0.983921 -1.159829 0.013792
v 3.027545 -1.247455 -0.003368
v 2.958865 -1.247385 -0.003305
v 2.885274 -1.252226 -0.007705
v 2.816615 -1.252135 -0.007623
v 2.762410 -1.237591 0.005600
v 2.685132 -1.246118 -0.002153
v 2.623430 -1.239070 0.004255
v 2.551179 -1.242571 0.001072
v 2.480093 -1.244907 -0.001052
v 2.422865 -1.233386 0.009422
v 2.337350 -1.250150 -0.005818
v 2.272894 -1.245856 -0.001915
v 2.189792 -1.260208 -0.014962
v 2.138438 -1.242812 0.000853
v 2.073293 -1.239207 0.004130
v 1.991932 -1.251818 -0.007335
v 1.926923 -1.248077 -0.003934
v 1.874032 -1.232218 0.010484
v 1.802439 -1.235061 0.007899
v 1.732028 -1.236722 0.006389
v 1.654406 -1.245594 -0.001677
v 1.585233 -1.246017 -0.002061
v 1.522048 -1.240452 0.002998
v 1.443761 -1.249989 -0.005672
v 1.377306 -1.247694 -0.003585
v 1.320561 -1.235689 0.007328
v 1.245792 -1.241708 0.001857
v 1.187516 -1.231234 0.011378
v 1.097587 -1.252413 -0.007875
v 1.032644 -1.248606 -0.004415
v 0.972727 -1.239773 0.003615
v 3.016562 -1.327189 -0.013353
v 2.966060 -1.308941 0.003236
v 2.903500 -1.302750 0.008864
v 2.824049 -1.313451 -0.000864
v 2.743244 -1.325506 -0.011824
v 2.675551 -1.324449 -0.010862
v 2.615804 -1.315446 -0.002678
v 2.554518 -1.307982 0.004107
v 2.473916 -1.319834 -0.006668
v 2.410495 -1.314505 -0.001822
v 2.347965 -1.308285 0.003832
v 2.257427 -1.330073 -0.015976
v 2.200606 -1.318144 -0.005131
v 2.140172 -1.309828 0.002429
v 2.068250 -1.313000 -0.000454
v 1.996026 -1.316474 -0.003612
v 1.939365 -1.304385 0.007378
v 1.854637 -1.320363 -0.007148
v 1.790107 -1.316143 -0.003311
v 1.719793 -1.317707 -0.004734
v 1.647305 -1.321445 -0.008132
v 1.584923 -1.315077 -0.002342
v 1.524563 -1.306687 0.005284
v 1.455968 -1.306532 0.005426
v 1.382565 -1.311185 0.001196
v 1.319560 -1.305440 0.006418
v 1.258993 -1.297257 0.013857
v 1.172726 -1.314774 -0.002067
v 1.116676 -1.302074 0.009478
v 1.048508 -1.301492 0.010007
v 0.955361 -1.325889 -0.012172
v 3.014694 -1.397806 -0.015051
v 2.963886 -1.379864 0.001260
v 2.888829 -1.386172 -0.004474
v 2.824527 -1.381723 -0.000430
v 2.756525 -1.380975 0.000250
v 2.686510 -1.382241 -0.000900
v 2.610003 -1.389997 -0.007952
v 2.555361 -1.375889 0.004874
v 2.489111 -1.373389 0.007146
v 2.406056 -1.387694 -0.005858
v 2.344203 -1.380797 0.000412
v 2.284027 -1.372224 0.008206
v 2.216424 -1.371077 0.009249
v 2.122269 -1.396481 -0.013846
v 2.071927 -1.378073 0.002888
v 1.995210 -1.386040 -0.004354
v 1.932379 -1.380121 0.001026
v 1.873876 -1.369874 0.010342
v 1.788759 -1.386241 -0.004537
v 1.741116 -1.365134 0.014651
v 1.648735 -1.388765 -0.006832
v 1.600929 -1.367821 0.012208
v 1.509268 -1.390733 -0.008620
v 1.451426 -1.379824 0.001296
v 1.385987 -1.376513 0.004307
v 1.326692 -1.367058 0.012902
v 1.248110 -1.376890 0.003964
v 1.178099 -1.378151 0.002817
v 1.118533 -1.368967 0.011167
v 1.045458 -1.373292 0.007234
v 0.969957 -1.380043 0.001097
v 3.027078 -1.454172 -0.003792
v 2.966959 -1.445541 0.004054
v 2.894632 -1.449118 0.000802
v 2.840404 -1.434596 0.014003
v 2.762489 -1.443761 0.005672
v 2.687628 -1.449873 0.000116
v 2.611154 -1.457596 -0.006905
v 2.551280 -1.448721 0.001163
v 2.480824 -1.450426 -0.000388
v 2.408063 -1.454437 -0.004033
v 2.363259 -1.430491 0.017735
v 2.283383 -1.441617 0.007621
v 2.203097 -1.453153 -0.002866
v 2.140326 -1.447174 0.002569
v 2.066646 -1.452104 -0.001913
v 2.006150 -1.443850 0.005591
v 1.931579 -1.449671 0.000299
v 1.874763 -1.437737 0.011148
v 1.790496 -1.453254 -0.002958
v 1.727192 -1.447809 0.001992
v 1.682403 -1.423847 0.023776
v 1.571113 -1.466387 -0.014898
v 1.514146 -1.454604 -0.004186
v 1.463165 -1.436835 0.011968
v 1.378705 -1.452545 -0.002314
v 1.299159 -1.463341 -0.012128
v 1.255655 -1.438095 0.010822
v 1.161581 -1.463419 -0.012199
v 1.097352 -1.458898 -0.008089
v 1.038818 -1.448682 0.001198
v 0.956968 -1.461782 -0.010711
v 3.022196 -1.527804 -0.008231
v 2.964178 -1.517072 0.001525
v 2.894213 -1.518287 0.000421
v 2.822944 -1.520807 -0.001870
v 2.757519 -1.517482 0.001153
v 2.688514 -1.517736 0.000922
v 2.624382 -1.513118 0.005120
v 2.550746 -1.518004 0.000678
v 2.482723 -1.517277 0.001339
v 2.446440 -1.484810 0.030855
v 2.350433 -1.512067 0.006076
v 2.274098 -1.519652 -0.000820
v 2.199978 -1.525022 -0.005702
v 2.136992 -1.519258 -0.000461
v 2.064427 -1.523073 -0.003930
v 1.984171 -1.534579 -0.014390
v 1.917197 -1.532803 -0.012775
v 1.864327 -1.516923 0.001661
v 1.778875 -1.533625 -0.013523
v 1.748589 -1.495161 0.021444
v 1.647139 -1.527861 -0.008283
v 1.595666 -1.510584 0.007423
v 1.521856 -1.515644 0.002824
v 1.462486 -1.506264 0.011351
v 1.380102 -1.519898 -0.001044
v 1.299020 -1.532230 -0.012254
v 1.236408 -1.526093 -0.006675
v 1.180542 -1.513208 0.005038
v 1.102138 -1.522862 -0.003738
v 1.043581 -1.512669 0.005528
v 0.978414 -1.509086 0.008786
v 3.044563 -1.574187 0.012103
v 2.967381 -1.582619 0.004438
v 2.899925 -1.581325 0.005614
v 2.828114 -1.584386 0.002831
v 2.761073 -1.582677 0.004385
v 2.678734 -1.596266 -0.007969
v 2.620540 -1.585710 0.001627
v 2.535984 -1.601516 -0.012742
v 2.479599 -1.589151 -0.001501
v 2.408815 -1.591185 -0.003350
v 2.329466 -1.601784 -0.012986
v 2.271645 -1.590855 -0.003050
v 2.216631 -1.577119 0.009437
v 2.139866 -1.585134 0.002151
v 2.077417 -1.578833 0.007879
v 1.992796 -1.594704 -0.006549
v 1.937456 -1.581294 0.005642
v 1.869338 -1.580662 0.006216
v 1.800657 -1.580593 0.006279
v 1.720914 -1.591586 -0.003715
v 1.665608 -1.578142 0.008507
v 1.599524 -1.575475 0.010931
v 1.514886 -1.591364 -0.003513
v 1.450146 -1.587354 0.000133
v 1.366374 -1.602376 -0.013523
v 1.330046 -1.569954 0.015951
v 1.239323 -1.591927 -0.004024
v 1.164593 -1.597907 -0.009461
v 1.105450 -1.588300 -0.000727
v 1.040214 -1.584786 0.002468
v 0.964030 -1.592220 -0.004291
v 3.035098 -1.652403 0.003498
v 2.976781 -1.641969 0.012982
v 2.907044 -1.642956 0.012086
v 2.826395 -1.654855 0.001268
v 2.766736 -1.645765 0.009532
v 2.690566 -1.653184 0.002787
v 2.614064 -1.660936 -0.004260
v 2.555086 -1.651164 0.004623
v 2.479798 -1.657702 -0.001320
v 2.412611 -1.656139 0.000101
v 2.352113 -1.647887 0.007602
v 2.268503 -1.662747 -0.005906
v 2.192271 -1.670229 -0.012708
v 2.143742 -1.650008 0.005675
v 2.059280 -1.665720 -0.008609
v 1.992141 -1.664109 -0.007144
v 1.921444 -1.666056 -0.008915
v 1.840952 -1.677798 -0.019589
v 1.803494 -1.646506 0.008858
v 1.727665 -1.653585 0.002423
v 1.660245 -1.652255 0.003632
v 1.587529 -1.656221 0.000027
v 1.519187 -1.655813 0.000397
v 1.431295 -1.674955 -0.017005
v 1.363811 -1.673689 -0.015854
v 1.326678 -1.642072 0.012889
v 1.243700 -1.656300 -0.000045
v 1.167079 -1.664171 -0.007201
v 1.106562 -1.655938 0.000284
v 1.041516 -1.652234 0.003651
v 0.969281 -1.655719 0.000483
v 3.011705 -1.744545 -0.017768
v 2.964345 -1.723155 0.001677
v 2.907233 -1.711517 0.012257
v 2.816735 -1.733266 -0.007514
v 2.760092 -1.721159 0.003492
v 2.696208 -1.716292 0.007916
v 2.623534 -1.720216 0.004349
v 2.552562 -1.722438 0.002329
v 2.476470 -1.729779 -0.004345
v 2.407833 -1.729667 -0.004243
v 2.350245 -1.718505 0.005905
v 2.279197 -1.720803 0.003815
v 2.209321 -1.721929 0.002792
v 2.129043 -1.733457 -0.007688
v 2.075203 -1.718547 0.005866
v 2.001538 -1.723462 0.001398
v 1.925714 -1.730536 -0.005033
v 1.859302 -1.728198 -0.002907
v 1.804358 -1.714392 0.009644
v 1.726205 -1.723795 0.001095
v 1.673044 -1.708206 0.015268
v 1.580598 -1.731902 -0.006275
v 1.521784 -1.721966 0.002758
v 1.453680 -1.721320 0.003345
v 1.394025 -1.712225 0.011614
v 1.321292 -1.716208 0.007993
v 1.236333 -1.732417 -0.006743
v 1.172781 -1.727219 -0.002018
v 1.125477 -1.705773 0.017479
v 1.043062 -1.719438 0.005056
v 0.977499 -1.716251 0.007953
v 3.028208 -1.796792 -0.002765
v 2.961484 -1.794766 -0.000923
v 2.893088 -1.794412 -0.000602
v 2.817985 -1.800765 -0.006377
v 2.757189 -1.792811 0.000854
v 2.680616 -1.800634 -0.006258
v 2.627547 -1.784953 0.007998
v 2.547013 -1.796737 -0.002715
v 2.495852 -1.779148 0.013275
v 2.422073 -1.784177 0.008703
v 2.340950 -1.796550 -0.002545
v 2.265506 -1.803245 -0.008631
v 2.221187 -1.778813 0.013579
v 2.138183 -1.793067 0.000621
v 2.066857 -1.795643 -0.001721
v 2.011231 -1.782519 0.010210
v 1.927015 -1.797985 -0.003850
v 1.868388 -1.787862 0.005352
v 1.783981 -1.803519 -0.008881
v 1.719503 -1.799247 -0.004997
v 1.664716 -1.785284 0.007697
v 1.584208 -1.797042 -0.002993
v 1.515728 -1.796772 -0.002747
v 1.446038 -1.797712 -0.003602
v 1.379898 -1.795102 -0.001229
v 1.310858 -1.795392 -0.001493
v 1.249007 -1.788493 0.004779
v 1.170553 -1.798197 -0.004043
v 1.115603 -1.784397 0.008503
v 1.035392 -1.795858 -0.001917
v 0.973613 -1.788887 0.004421
v 3.037951 -1.855799 0.006092
v 2.952585 -1.872415 -0.009014
v 2.880788 -1.875462 -0.011783
v 2.811383 -1.876117 -0.012379
v 2.756490 -1.862260 0.000218
v 2.693571 -1.856429 0.005519
v 2.627287 -1.853963 0.007761
v 2.547844 -1.864656 -0.001960
v 2.478340 -1.865410 -0.002646
v 2.410240 -1.864760 -0.002055
v 2.336859 -1.869391 -0.006265
v 2.261109 -1.876391 -0.012628
v 2.198894 -1.869856 -0.006687
v 2.153725 -1.846275 0.014750
v 2.058979 -1.872271 -0.008883
v 1.988019 -1.874481 -0.010892
v 1.941331 -1.852419 0.009165
v 1.862348 -1.862652 -0.000138
v 1.784193 -1.872057 -0.008688
v 1.723415 -1.864085 -0.001441
v 1.643225 -1.875525 -0.011841
v 1.592396 -1.857604 0.004451
v 1.501157 -1.880093 -0.015994
v 1.442312 -1.870188 -0.006989
v 1.364480 -1.879270 -0.015246
v 1.321231 -1.853769 0.007937
v 1.252275 -1.853975 0.007750
v 1.179599 -1.857901 0.004181
v 1.114033 -1.854717 0.007076
v 1.023723 -1.876277 -0.012525
v 0.965237 -1.866012 -0.003193
v 3.021435 -1.941065 -0.008923
v 2.972055 -1.921695 0.008687
v 2.887406 -1.937595 -0.005768
v 2.833812 -1.922438 0.008011
v 2.758115 -1.929385 0.001695
v 2.694028 -1.924722 0.005934
v 2.628948 -1.921052 0.009271
v 2.549860 -1.931391 -0.000128
v 2.486321 -1.926179 0.004610
v 2.410896 -1.932854 -0.001459
v 2.352143 -1.922857 0.007630
v 2.267987 -1.938263 -0.006375
v 2.211081 -1.926419 0.004392
v 2.132017 -1.936733 -0.004985
v 2.066951 -1.933049 -0.001635
v 1.995012 -1.936238 -0.004534
v 1.949891 -1.912609 0.016946
v 1.855946 -1.937804 -0.005958
v 1.794385 -1.930615 0.000577
v 1.735950 -1.920300 0.009954
v 1.674779 -1.912721 0.016845
v 1.597585 -1.921165 0.009168
v 1.522099 -1.927900 0.003045
v 1.434606 -1.946644 -0.013995
v 1.384305 -1.928195 0.002777
v 1.312959 -1.930791 0.000417
v 1.240969 -1.934031 -0.002528
v 1.166718 -1.939532 -0.007529
v 1.100150 -1.937350 -0.005546
v 1.030572 -1.938177 -0.006298
v 0.964957 -1.935043 -0.003448
v 3.017766 -2.013484 -0.012258
v 2.970778 -1.991722 0.007526
v 2.898260 -1.995490 0.004100
v 2.823409 -2.001591 -0.001447
v 2.744256 -2.011994 -0.010904
v 2.692857 -1.994644 0.004870
v 2.620973 -1.997777 0.002021
v 2.533312 -2.016688 -0.015171
v 2.489522 -1.991728 0.007520
v 2.409145 -2.003355 -0.003050
v 2.354895 -1.988855 0.010132
v 2.262349 -2.012651 -0.011501
v 2.202552 -2.003698 -0.003362
v 2.135123 -2.002377 -0.002160
v 2.078579 -1.990171 0.008935
v 1.995940 -2.004060 -0.003691
v 1.935123 -1.996127 0.003521
v 1.864238 -1.998262 0.001580
v 1.790032 -2.003718 -0.003380
v 1.730578 -1.994422 0.005071
v 1.661890 -1.994360 0.005127
v 1.588889 -1.998611 0.001263
v 1.511751 -2.006999 -0.006363
v 1.452805 -1.997195 0.002550
v 1.392908 -1.988342 0.010598
v 1.305650 -2.006850 -0.006227
v 1.247241 -1.996509 0.003174
v 1.170322 -2.004678 -0.004253
v 1.098991 -2.007259 -0.006599
v 1.030145 -2.007355 -0.006687
v 0.969524 -1.999226 0.000704
v 3.045202 -2.054799 0.012683
v 2.952646 -2.078604 -0.008958
v 2.907383 -2.055117 0.012394
v 2.831851 -2.061898 0.006229
v 2.750891 -2.074109 -0.004872
v 2.683201 -2.073049 -0.003908
v 2.603840 -2.083660 -0.013555
v 2.561245 -2.057505 0.010223
v 2.470788 -2.079212 -0.009511
v 2.398067 -2.083183 -0.013121
v 2.340206 -2.072294 -0.003222
v 2.258517 -2.085233 -0.014985
v 2.216651 -2.058349 0.009456
v 2.146389 -2.059861 0.008080
v 2.072935 -2.064565 0.003805
v 2.005952 -2.062798 0.005411
v 1.928621 -2.071379 -0.002390
v 1.858269 -2.072981 -0.003846
v 1.811269 -2.051231 0.015927
v 1.725328 -2.068422 0.000298
v 1.650024 -2.074975 -0.005660
v 1.580412 -2.075838 -0.006443
v 1.516230 -2.071270 -0.002291
v 1.454361 -2.064389 0.003964
v 1.363409 -2.086591 -0.016219
v 1.314825 -2.066425 0.002113
v 1.244826 -2.067674 0.000978
v 1.188817 -2.054933 0.012561
v 1.118007 -2.056993 0.010688
v 1.043588 -2.062662 0.005535
v 0.961764 -2.075736 -0.006351
v 3.034061 -2.134689 0.002555
v 2.956087 -2.143913 -0.005830
v 2.893179 -2.138071 -0.000519
v 2.823066 -2.139434 -0.001758
v 2.736565 -2.157185 -0.017896
v 2.672926 -2.152074 -0.013249
v 2.601164 -2.155086 -0.015987
v 2.532072 -2.155428 -0.016298
v 2.504875 -2.113875 0.021477
v 2.418992 -2.131009 0.005901
v 2.335271 -2.145979 -0.007708
v 2.279479 -2.133021 0.004072
v 2.199686 -2.144064 -0.005967
v 2.135112 -2.139888 -0.002171
v 2.079697 -2.126553 0.009952
v 2.003348 -2.134151 0.003044
v 1.935922 -2.132828 0.004247
v 1.870858 -2.129142 0.007598
v 1.797789 -2.133461 0.003672
v 1.733565 -2.128935 0.007787
v 1.656152 -2.137598 -0.000089
v 1.575176 -2.149824 -0.011204
v 1.523840 -2.132410 0.004627
v 1.460843 -2.126657 0.009857
v 1.368692 -2.150058 -0.011417
v 1.302774 -2.147226 -0.008842
v 1.241906 -2.139344 -0.001676
v 1.175621 -2.136879 0.000564
v 1.115566 -2.128184 0.008469
v 1.037670 -2.137330 0.000155
v 0.961213 -2.145037 -0.006852
v 3.036832 -2.200668 0.005074
v 2.957165 -2.211585 -0.004850
v 2.883861 -2.216139 -0.008990
v 2.809948 -2.221302 -0.013684
v 2.752078 -2.210423 -0.003793
v 2.681490 -2.212260 -0.005464
v 2.615247 -2.209753 -0.003184
v 2.542594 -2.213656 -0.006733
v 2.491332 -2.196168 0.009165
v 2.412304 -2.206446 -0.000178
v 2.345231 -2.204769 0.001346
v 2.272560 -2.208690 -0.002218
v 2.220051 -2.192450 0.012546
v 2.123595 -2.220155 -0.012641
v 2.054513 -2.220487 -0.012943
v 1.997500 -2.208750 -0.002272
v 1.914601 -2.222898 -0.015135
v 1.860715 -2.208035 -0.001622
v 1.792978 -2.207022 -0.000702
v 1.718682 -2.212568 -0.005744
v 1.665504 -2.196996 0.008413
v 1.576708 -2.217042 -0.009811
v 1.512996 -2.212004 -0.005231
v 1.449419 -2.206831 -0.000529
v 1.372019 -2.215481 -0.008392
v 1.307312 -2.211438 -0.004717
v 1.226331 -2.223669 -0.015835
v 1.173570 -2.207680 -0.001300
v 1.104236 -2.208264 -0.001831
v 1.030455 -2.213295 -0.006404
v 0.963137 -2.211863 -0.005102
v 3.040444 -2.265806 0.008358
v 2.977519 -2.259981 0.013654
v 2.892141 -2.276609 -0.001463
v 2.814886 -2.285115 -0.009195
v 2.761653 -2.269597 0.004912
v 2.689166 -2.273334 0.001514
v 2.619330 -2.274420 0.000527
v 2.557783 -2.267217 0.007075
v 2.472991 -2.283259 -0.007508
v 2.421295 -2.266205 0.007996
v 2.364406 -2.254344 0.018778
v 2.264016 -2.285984 -0.009985
v 2.213036 -2.268214 0.006169
v 2.134024 -2.278476 -0.003160
v 2.063106 -2.280644 -0.005131
v 1.986964 -2.288036 -0.011851
v 1.921165 -2.285085 -0.009168
v 1.869255 -2.268245 0.006141
v 1.784926 -2.283824 -0.008022
v 1.710527 -2.289473 -0.013157
v 1.669279 -2.261971 0.011845
v 1.595351 -2.267149 0.007137
v 1.516650 -2.277100 -0.001909
v 1.446924 -2.278076 -0.002797
v 1.372461 -2.283789 -0.007990
v 1.314975 -2.272525 0.002250
v 1.237506 -2.281244 -0.005677
v 1.173676 -2.276324 -0.001204
v 1.101893 -2.279356 -0.003961
v 1.032149 -2.280351 -0.004865
v 0.964607 -2.279143 -0.003767
v 3.039519 -2.335481 0.007518
v 2.966629 -2.339621 0.003754
v 2.890492 -2.347008 -0.002962
v 2.829347 -2.339403 0.003952
v 2.760101 -2.339899 0.003501
v 2.680750 -2.350500 -0.006136
v 2.623252 -2.339248 0.004093
v 2.552825 -2.340925 0.002569
v 2.488183 -2.336817 0.006303
v 2.409621 -2.346629 -0.002617
v 2.356129 -2.331371 0.011254
v 2.275371 -2.343379 0.000337
v 2.214256 -2.335744 0.007279
v 2.152916 -2.328333 0.014015
v 2.073191 -2.339309 0.004037
v 2.003636 -2.340114 0.003306
v 1.934028 -2.340972 0.002525
v 1.866848 -2.339402 0.003952
v 1.800784 -2.336716 0.006394
v 1.721816 -2.346934 -0.002895
v 1.662896 -2.337103 0.006042
v 1.592697 -2.338553 0.004724
v 1.515276 -2.347224 -0.003158
v 1.460120 -2.333630 0.009200
v 1.376012 -2.348988 -0.004761
v 1.339625 -2.316625 0.024659
v 1.237575 -2.349925 -0.005614
v 1.180442 -2.338308 0.004947
v 1.122545 -2.327455 0.014814
v 1.042622 -2.338628 0.004657
v 0.950756 -2.361744 -0.016358
v 3.049215 -2.394535 0.016332
v 2.964176 -2.410824 0.001524
v 2.898985 -2.407265 0.004760
v 2.830060 -2.407439 0.004601
v 2.744350 -2.424400 -0.010818
v 2.688171 -2.411829 0.000610
v 2.616245 -2.415005 -0.002277
v 2.570159 -2.392341 0.018327
v 2.483327 -2.410423 0.001889
v 2.402503 -2.422497 -0.009088
v 2.335029 -2.421221 -0.007928
v 2.281346 -2.406154 0.005769
v 2.209696 -2.409054 0.003133
v 2.130300 -2.419700 -0.006545
v 2.080272 -2.400978 0.010475
v 2.006185 -2.406315 0.005623
v 1.936456 -2.407294 0.004733
v 1.859902 -2.415098 -0.002362
v 1.796570 -2.409680 0.002564
v 1.723405 -2.414095 -0.001450
v 1.664058 -2.404692 0.007098
v 1.587149 -2.412851 -0.000319
v 1.516078 -2.415172 -0.002429
v 1.443167 -2.419333 -0.006212
v 1.377926 -2.415823 -0.003021
v 1.315307 -2.409693 0.002552
v 1.238553 -2.417697 -0.004725
v 1.169465 -2.418035 -0.005032
v 1.108671 -2.410079 0.002201
v 1.039719 -2.410281 0.002017
v 0.966829 -2.414421 -0.001746
v 3.031507 -2.480994 0.000233
v 2.968327 -2.475423 0.005297
v 2.887790 -2.487210 -0.005418
v 2.815009 -2.491241 -0.009083
v 2.749615 -2.487885 -0.006032
v 2.696176 -2.472574 0.007888
v 2.612950 -2.487050 -0.005273
v 2.549940 -2.481310 -0.000055
v 2.477148 -2.485352 -0.003729
v 2.424916 -2.468834 0.011287
v 2.338526 -2.486474 -0.004749
v 2.260101 -2.496150 -0.013545
v 2.209672 -2.477828 0.003111
v 2.146638 -2.472112 0.008308
v 2.073912 -2.476088 0.004693
v 1.991521 -2.489729 -0.007708
v 1.929543 -2.482957 -0.001552
v 1.846288 -2.497462 -0.014738
v 1.774031 -2.500969 -0.017927
v 1.724599 -2.481651 -0.000364
v 1.665665 -2.471835 0.008559
v 1.586190 -2.482560 -0.001191
v 1.525703 -2.474297 0.006321
v 1.444778 -2.486472 -0.004747
v 1.377905 -2.484594 -0.003040
v 1.308496 -2.485254 -0.003640
v 1.224955 -2.500045 -0.017086
v 1.173470 -2.482780 -0.001391
v 1.110016 -2.477484 0.003424
v 1.028946 -2.489804 -0.007777
v 0.980282 -2.469718 0.010483
v 3.033668 -2.547582 0.002198
v 2.942675 -2.569825 -0.018022
v 2.893800 -2.549950 0.000045
v 2.826746 -2.548254 0.001587
v 2.756323 -2.549927 0.000066
v 2.686930 -2.550570 -0.000518
v 2.607966 -2.560784 -0.009804
v 2.551239 -2.548761 0.001126
v 2.474920 -2.556330 -0.005754
v 2.418565 -2.543935 0.005514
v 2.365472 -2.528278 0.019747
v 2.277165 -2.547835 0.001968
v 2.191397 -2.564853 -0.013503
v 2.134413 -2.553086 -0.002806
v 2.056429 -2.562321 -0.011201
v 2.013958 -2.536042 0.012689
v 1.935506 -2.545744 0.003869
v 1.869813 -2.542687 0.006648
v 1.792199 -2.551551 -0.001410
v 1.723532 -2.551468 -0.001334
v 1.643798 -2.562452 -0.011320
v 1.600181 -2.537319 0.011528
v 1.509140 -2.559610 -0.008737
v 1.464405 -2.535595 0.013095
v 1.388685 -2.542565 0.006759
v 1.302638 -2.559862 -0.008965
v 1.237477 -2.556273 -0.005703
v 1.162517 -2.562482 -0.011348
v 1.114604 -2.541646 0.007595
v 1.040671 -2.546829 0.002882
v 0.959843 -2.558907 -0.008097
v 3.038567 -2.611433 0.006652
v 2.975624 -2.605626 0.011931
v 2.907189 -2.605311 0.012217
v 2.824857 -2.618893 -0.000130
v 2.766958 -2.608042 0.009735
v 2.694387 -2.611863 0.006261
v 2.617518 -2.619982 -0.001120
v 2.561727 -2.607023 0.010661
v 2.485901 -2.614099 0.004228
v 2.406651 -2.624599 -0.005317
v 2.338943 -2.623557 -0.004370
v 2.279356 -2.614394 0.003960
v 2.202677 -2.622322 -0.003248
v 2.150862 -2.605388 0.012147
v 2.072239 -2.615261 0.003172
v 1.987121 -2.631629 -0.011708
v 1.932766 -2.617234 0.001378
v 1.855739 -2.625511 -0.006146
v 1.795380 -2.617120 0.001482
v 1.722059 -2.621691 -0.002674
v 1.641279 -2.633720 -0.013610
v 1.606211 -2.600038 0.017011
v 1.524200 -2.613300 0.004955
v 1.438777 -2.629973 -0.010203
v 1.392641 -2.607359 0.010355
v 1.306471 -2.624779 -0.005481
v 1.248996 -2.613504 0.004769
v 1.175624 -2.618126 0.000567
v 1.116215 -2.608785 0.009059
v 1.034689 -2.621560 -0.002555
v 0.967942 -2.619557 -0.000734
v 3.041777 -2.676973 0.009570
v 2.961725 -2.688275 -0.000705
v 2.899570 -2.681680 0.005291
v 2.831059 -2.681440 0.005509
v 2.758920 -2.684830 0.002427
v 2.696482 -2.678518 0.008165
v 2.634950 -2.671300 0.014727
v 2.538949 -2.698550 -0.010046
v 2.486712 -2.682038 0.004966
v 2.419743 -2.680257 0.006585
v 2.359318 -2.671932 0.014152
v 2.273613 -2.688887 -0.001261
v 2.186697 -2.707053 -0.017776
v 2.123231 -2.701769 -0.012972
v 2.065786 -2.690464 -0.002694
v 2.001764 -2.685736 0.001603
v 1.917590 -2.701160 -0.012418
v 1.863731 -2.686269 0.001119
v 1.796452 -2.684798 0.002457
v 1.733077 -2.679423 0.007343
v 1.644351 -2.699399 -0.010817
v 1.584640 -2.690360 -0.002600
v 1.526880 -2.679370 0.007391
v 1.457875 -2.679625 0.007159
v 1.380857 -2.687893 -0.000358
v 1.321354 -2.678646 0.008049
v 1.236721 -2.694529 -0.006390
v 1.183138 -2.679362 0.007398
v 1.098663 -2.695087 -0.006897
v 1.036252 -2.688748 -0.001134
v 0.970559 -2.685691 0.001644
v 3.047230 -2.740270 0.014527
v 2.956218 -2.762532 -0.005711
v 2.888766 -2.761234 -0.004531
v 2.828815 -2.752434 0.003469
v 2.760636 -2.751864 0.003988
v 2.694915 -2.748835 0.006741
v 2.616506 -2.758494 -0.002040
v 2.550572 -2.755678 0.000520
v 2.490012 -2.747488 0.007965
v 2.403396 -2.765354 -0.008276
v 2.345003 -2.754997 0.001139
v 2.284169 -2.747081 0.008336
v 2.211755 -2.750745 0.005005
v 2.140436 -2.753314 0.002669
v 2.079120 -2.745880 0.009427
v 1.981942 -2.774308 -0.016417
v 1.924591 -2.762908 -0.006053
v 1.876953 -2.741797 0.013139
v 1.804510 -2.745490 0.009782
v 1.727513 -2.753736 0.002285
v 1.646209 -2.766291 -0.009128
v 1.575499 -2.768251 -0.010910
v 1.514050 -2.760949 -0.004272
v 1.452924 -2.753326 0.002658
v 1.395636 -2.741864 0.013078
v 1.302988 -2.765762 -0.008647
v 1.253467 -2.746533 0.008833
v 1.184363 -2.746887 0.008512
v 1.111754 -2.750746 0.005003
v 1.042422 -2.751328 0.004475
v 0.967224 -2.757775 -0.001387
v 3.030506 -2.825744 -0.000676
v 2.957458 -2.830041 -0.004583
v 2.898249 -2.820501 0.004090
v 2.822356 -2.827643 -0.002403
v 2.766137 -2.815113 0.008988
v 2.673747 -2.838753 -0.012503
v 2.612861 -2.830889 -0.005354
v 2.535801 -2.839199 -0.012908
v 2.478110 -2.828140 -0.002855
v 2.401573 -2.835927 -0.009933
v 2.340350 -2.828400 -0.003091
v 2.270759 -2.829241 -0.003855
v 2.208855 -2.822395 0.002369
v 2.130321 -2.832179 -0.006527
v 2.060328 -2.833422 -0.007657
v 2.013910 -2.811090 0.012645
v 1.929310 -2.826940 -0.001764
v 1.841875 -2.845625 -0.018750
v 1.795309 -2.823441 0.001418
v 1.717940 -2.832060 -0.006418
v 1.655282 -2.825968 -0.000880
v 1.584527 -2.827973 -0.002703
v 1.517038 -2.826712 -0.001556
v 1.436281 -2.838719 -0.012472
v 1.383335 -2.822915 0.001896
v 1.308367 -2.829132 -0.003757
v 1.247475 -2.821275 0.003387
v 1.173252 -2.826748 -0.001589
v 1.115293 -2.815957 0.008221
v 1.047140 -2.815360 0.008764
v 0.989293 -2.804457 0.018675
v 3.028066 -2.896935 -0.002895
v 2.977127 -2.879123 0.013297
v 2.891183 -2.896317 -0.002334
v 2.832813 -2.885937 0.007103
v 2.761783 -2.888217 0.005030
v 2.687955 -2.893295 0.000414
v 2.619851 -2.892649 0.001001
v 2.563486 -2.880264 0.012260
v 2.472294 -2.902706 -0.008142
v 2.403329 -2.902921 -0.008337
v 2.332738 -2.904762 -0.010011
v 2.276665 -2.892084 0.001514
v 2.218252 -2.881748 0.010911
v 2.128144 -2.903106 -0.008505
v 2.076827 -2.885673 0.007342
v 2.003556 -2.890194 0.003233
v 1.925925 -2.899074 -0.004840
v 1.850867 -2.905383 -0.010575
v 1.789790 -2.897710 -0.003600
v 1.720305 -2.898445 -0.004268
v 1.665220 -2.884779 0.008155
v 1.587258 -2.893992 -0.000220
v 1.520986 -2.891513 0.002033
v 1.437739 -2.906011 -0.011146
v 1.394488 -2.880512 0.012034
v 1.301138 -2.905112 -0.010329
v 1.261088 -2.876412 0.015762
v 1.164930 -2.903820 -0.009154
v 1.096146 -2.903853 -0.009185
v 1.036536 -2.894714 -0.000876
v 0.977314 -2.885186 0.007785
v 3.010258 -2.983492 -0.019084
v 2.954679 -2.970321 -0.007110
v 2.884233 -2.972018 -0.008652
v 2.833141 -2.954359 0.007401
v 2.755107 -2.963643 -0.001039
v 2.693390 -2.956610 0.005354
v 2.609083 -2.972167 -0.008788
v 2.543373 -2.969127 -0.006025
v 2.513424 -2.930326 0.029249
v 2.428406 -2.946594 0.014460
v 2.336982 -2.969268 -0.006153
v 2.266858 -2.970642 -0.007402
v 2.212090 -2.956660 0.005309
v 2.131199 -2.968801 -0.005728
v 2.069001 -2.962249 0.000228
v 1.992284 -2.970216 -0.007014
v 1.928322 -2.965428 -0.002662
v 1.873957 -2.951043 0.010416
v 1.798757 -2.957493 0.004552
v 1.721720 -2.965780 -0.002982
v 1.644325 -2.974425 -0.010841
v 1.597790 -2.952209 0.009355
v 1.508953 -2.972297 -0.008907
v 1.453531 -2.958969 0.003210
v 1.366662 -2.977088 -0.013262
v 1.319777 -2.955222 0.006616
v 1.233718 -2.972532 -0.009120
v 1.171327 -2.966173 -0.003339
v 1.123254 -2.945496 0.015458
v 1.032775 -2.967225 -0.004295
v 0.956634 -2.974616 -0.011015
v 3.043882 -3.018618 0.011484
v 2.952706 -3.041044 -0.008903
v 2.894345 -3.030655 0.000541
v 2.827812 -3.028438 0.002556
v 2.756084 -3.031415 -0.000151
v 2.682574 -3.036176 -0.004478
v 2.615646 -3.034354 -0.002822
v 2.538828 -3.042422 -0.010157
v 2.481425 -3.031075 0.000159
v 2.406407 -3.037343 -0.005539
v 2.346419 -3.028581 0.002426
v 2.259172 -3.047078 -0.014389
v 2.200383 -3.037117 -0.005334
v 2.132040 -3.036710 -0.004964
v 2.079951 -3.020049 0.010183
v 2.014218 -3.017032 0.012926
v 1.933889 -3.028611 0.002399
v 1.871717 -3.022033 0.008379
v 1.800879 -3.024121 0.006481
v 1.722893 -3.033357 -0.001916
v 1.648310 -3.039190 -0.007218
v 1.588175 -3.030575 0.000613
v 1.524918 -3.025082 0.005607
v 1.441853 -3.039397 -0.007406
v 1.377599 -3.034901 -0.003319
v 1.307154 -3.036596 -0.004860
v 1.239174 -3.035826 -0.004160
v 1.175304 -3.030946 0.000277
v 1.097893 -3.039606 -0.007597
v 1.035509 -3.033241 -0.001810
v 0.970399 -3.029600 0.001500
v 3.120332 -0.885710 -0.039796
v 0.911108 -0.880911 -0.034956
v 3.082064 -3.103405 -0.054158
v 0.896049 -3.099615 -0.052866
v 3.100202 -3.032465 -0.045426
v 3.103776 -2.968817 -0.050235
v 3.094624 -2.897826 -0.056532
v 3.100918 -2.817851 -0.048422
v 3.108373 -2.744321 -0.038153
v 3.082277 -2.702054 -0.053758
v 3.076553 -2.630875 -0.055892
v 3.076829 -2.563511 -0.060948
v 3.096917 -2.474512 -0.046667
v 3.079110 -2.420572 -0.054432
v 3.067710 -2.359944 -0.058741
v 3.098949 -2.268491 -0.043493
v 3.086437 -2.217236 -0.056423
v 3.098293 -2.131849 -0.047794
v 3.101990 -2.069835 -0.044658
v 3.088541 -2.020417 -0.060422
v 3.113113 -1.918776 -0.040854
v 3.088782 -1.873459 -0.056380
v 3.073921 -1.818258 -0.063978
v 3.085505 -1.735469 -0.062238
v 3.101874 -1.646843 -0.048316
v 3.121152 -1.574323 -0.032284
v 3.096051 -1.535432 -0.055116
v 3.107043 -1.446987 -0.049021
v 3.132240 -1.362032 -0.030426
v 3.120204 -1.303848 -0.040080
v 3.099117 -1.242887 -0.051627
v 3.087995 -1.175336 -0.052594
v 3.093227 -1.106332 -0.048235
v 3.106103 -1.039214 -0.047554
v 3.121814 -0.956844 -0.038662
v 3.034000 -0.898324 -0.052215
v 2.939138 -0.912115 -0.061909
v 2.896166 -0.886701 -0.040750
v 2.844631 -0.876900 -0.033543
v 2.750539 -0.907442 -0.056356
v 2.682620 -0.903945 -0.051793
v 2.619648 -0.893107 -0.044217
v 2.563811 -0.888946 -0.037485
v 2.472156 -0.916605 -0.060401
v 2.415643 -0.889944 -0.043042
v 2.361892 -0.876672 -0.033971
v 2.269014 -0.907255 -0.059503
v 2.195164 -0.904873 -0.056872
v 2.127729 -0.899601 -0.051221
v 2.077223 -0.890696 -0.039440
v 1.996251 -0.914831 -0.057556
v 1.928591 -0.910367 -0.051484
v 1.849877 -0.924516 -0.061382
v 1.793056 -0.906224 -0.053240
v 1.724295 -0.894737 -0.049870
v 1.656167 -0.895749 -0.049279
v 1.578849 -0.910534 -0.057549
v 1.511652 -0.909456 -0.054917
v 1.446111 -0.906373 -0.052481
v 1.373909 -0.901160 -0.052694
v 1.332734 -0.870855 -0.029207
v 1.254634 -0.886544 -0.042790
v 1.175753 -0.896834 -0.049572
v 1.105760 -0.902506 -0.049808
v 1.029153 -0.917049 -0.057495
v 0.959876 -0.907117 -0.054501
v 0.896846 -0.968255 -0.051768
v 0.902509 -1.038082 -0.051792
v 0.890434 -1.130048 -0.065831
v 0.917890 -1.167282 -0.040169
v 0.890585 -1.250313 -0.058625
v 0.907488 -1.301198 -0.040609
v 0.882002 -1.399282 -0.066682
v 0.904962 -1.449445 -0.047186
v 0.891812 -1.531309 -0.061369
v 0.899444 -1.591867 -0.053600
v 0.899524 -1.662089 -0.052155
v 0.906074 -1.723312 -0.048012
v 0.894686 -1.800782 -0.055309
v 0.910056 -1.847583 -0.033681
v 0.900319 -1.920023 -0.041918
v 0.895613 -2.001255 -0.053594
v 0.892375 -2.075031 -0.055783
v 0.897066 -2.137323 -0.047611
v 0.895353 -2.205214 -0.047238
v 0.897669 -2.266773 -0.043285
v 0.892228 -2.340124 -0.047784
v 0.894210 -2.422421 -0.053103
v 0.905919 -2.476932 -0.046263
v 0.896268 -2.550863 -0.052706
v 0.897844 -2.622844 -0.051303
v 0.900127 -2.687799 -0.049454
v 0.908146 -2.751470 -0.045862
v 0.888920 -2.848969 -0.068271
v 0.915329 -2.882379 -0.040377
v 0.893693 -2.963704 -0.052428
v 0.899525 -3.031394 -0.048284
v 0.962943 -3.102130 -0.054681
v 1.035779 -3.104915 -0.052677
v 1.117897 -3.093897 -0.038054
v 1.164391 -3.103651 -0.054364
v 1.221390 -3.115781 -0.068828
v 1.313278 -3.097540 -0.049623
v 1.368211 -3.113668 -0.062090
v 1.460689 -3.091701 -0.041280
v 1.509546 -3.109766 -0.059319
v 1.590861 -3.087771 -0.038967
v 1.631029 -3.115211 -0.066873
v 1.714389 -3.111670 -0.064104
v 1.816063 -3.083711 -0.032920
v 1.867965 -3.091140 -0.040353
v 1.926718 -3.096777 -0.051180
v 1.989668 -3.103047 -0.059683
v 2.066391 -3.093460 -0.049632
v 2.129951 -3.103812 -0.054008
v 2.202619 -3.104363 -0.049967
v 2.268575 -3.112151 -0.056935
v 2.345458 -3.093293 -0.045016
v 2.386272 -3.115154 -0.068915
v 2.468352 -3.109201 -0.063034
v 2.548389 -3.105544 -0.053852
v 2.622191 -3.096659 -0.044898
v 2.671651 -3.111433 -0.062237
v 2.752644 -3.102968 -0.055732
v 2.824788 -3.098005 -0.050584
v 2.885323 -3.100881 -0.053096
v 2.949782 -3.112377 -0.062875
v 3.046817 -3.082306 -0.035371
v 3.009150 -0.996296 -0.073465
v 2.948494 -0.974472 -0.055969
v 2.889766 -0.963391 -0.046479
v 2.828657 -0.966499 -0.049289
v 2.753917 -0.971395 -0.052454
v 2.688428 -0.966319 -0.046084
v 2.617383 -0.967324 -0.049998
v 2.565469 -0.950977 -0.035947
v 2.493756 -0.958112 -0.041027
v 2.405304 -0.971887 -0.054451
v 2.351181 -0.961068 -0.045042
v 2.256458 -0.994762 -0.064485
v 2.193236 -0.987768 -0.060012
v 2.128259 -0.975083 -0.055189
v 2.074830 -0.957521 -0.041569
v 2.017852 -0.954702 -0.037517
v 1.920394 -0.974542 -0.057906
v 1.875847 -0.954753 -0.033898
v 1.791876 -0.976658 -0.055356
v 1.708875 -0.984436 -0.062962
v 1.647479 -0.977202 -0.055523
v 1.585076 -0.974452 -0.052134
v 1.518744 -0.970485 -0.049607
v 1.449404 -0.969160 -0.049637
v 1.383024 -0.964011 -0.046707
v 1.310951 -0.966472 -0.052257
v 1.248119 -0.961287 -0.047976
v 1.160550 -0.976887 -0.057605
v 1.109793 -0.965333 -0.045023
v 1.044076 -0.966212 -0.045978
v 0.971209 -0.963638 -0.045800
v 3.039982 -1.039481 -0.046607
v 2.938741 -1.060532 -0.067442
v 2.890682 -1.032844 -0.045971
v 2.834475 -1.029926 -0.043352
v 2.747772 -1.043867 -0.056380
v 2.689360 -1.031474 -0.045415
v 2.630365 -1.025708 -0.041659
v 2.534196 -1.049098 -0.065262
v 2.478277 -1.033413 -0.051182
v 2.407987 -1.037838 -0.051379
v 2.346383 -1.037444 -0.048286
v 2.270646 -1.042146 -0.048836
v 2.221768 -1.029597 -0.028136
v 2.134065 -1.046150 -0.054399
v 2.064698 -1.041407 -0.052757
v 1.995412 -1.048133 -0.058842
v 1.910324 -1.056337 -0.068136
v 1.849090 -1.040455 -0.055744
v 1.804355 -1.028058 -0.042346
v 1.715352 -1.046984 -0.059128
v 1.658018 -1.030521 -0.042280
v 1.590187 -1.034645 -0.046988
v 1.520568 -1.037410 -0.049393
v 1.445797 -1.041062 -0.054526
v 1.384876 -1.031486 -0.047300
v 1.310511 -1.038554 -0.054041
v 1.221745 -1.056929 -0.066519
v 1.159166 -1.046499 -0.054968
v 1.118706 -1.023674 -0.034456
v 1.024922 -1.054856 -0.061782
v 0.966964 -1.040350 -0.052332
v 3.042161 -1.100308 -0.040788
v 2.959316 -1.117783 -0.054341
v 2.890252 -1.108590 -0.049687
v 2.828043 -1.105415 -0.049174
v 2.749067 -1.113232 -0.056469
v 2.691217 -1.099125 -0.045632
v 2.604394 -1.121456 -0.062285
v 2.547414 -1.115074 -0.054379
v 2.454482 -1.131919 -0.070994
v 2.409061 -1.101840 -0.047316
v 2.349645 -1.099363 -0.045051
v 2.268698 -1.104467 -0.052152
v 2.221282 -1.084087 -0.033044
v 2.135151 -1.110064 -0.051823
v 2.079846 -1.099611 -0.038959
v 2.008991 -1.106672 -0.046556
v 1.927095 -1.115528 -0.056018
v 1.846393 -1.117348 -0.060071
v 1.794635 -1.103505 -0.048055
v 1.710366 -1.126596 -0.065102
v 1.637012 -1.122253 -0.063088
v 1.587054 -1.102995 -0.048498
v 1.521528 -1.103716 -0.048584
v 1.452767 -1.104934 -0.049268
v 1.366692 -1.122640 -0.065467
v 1.302698 -1.116092 -0.058047
v 1.226062 -1.124605 -0.061050
v 1.176423 -1.100612 -0.039803
v 1.111962 -1.100088 -0.045231
v 1.047500 -1.098993 -0.041267
v 0.979336 -1.103050 -0.041111
v 3.044462 -1.157586 -0.035073
v 2.975320 -1.164954 -0.041131
v 2.897992 -1.170380 -0.046892
v 2.828301 -1.170712 -0.046937
v 2.757792 -1.175357 -0.049539
v 2.680641 -1.185084 -0.057353
v 2.609534 -1.183696 -0.054680
v 2.560678 -1.169038 -0.038073
v 2.475187 -1.187427 -0.055781
v 2.405390 -1.182118 -0.053850
v 2.339698 -1.179759 -0.055108
v 2.269733 -1.177199 -0.054964
v 2.191288 -1.180686 -0.059280
v 2.145095 -1.160236 -0.039012
v 2.078698 -1.165260 -0.042432
v 2.004239 -1.173622 -0.050276
v 1.917740 -1.190083 -0.060902
v 1.853871 -1.186474 -0.054568
v 1.785867 -1.185801 -0.054383
v 1.737466 -1.170494 -0.039640
v 1.652134 -1.183723 -0.053693
v 1.589179 -1.172189 -0.046440
v 1.511164 -1.183304 -0.057785
v 1.449695 -1.176356 -0.051146
v 1.381912 -1.179738 -0.051335
v 1.290378 -1.197713 -0.064310
v 1.250835 -1.167068 -0.036693
v 1.171763 -1.179651 -0.053843
v 1.112942 -1.166695 -0.045015
v 1.028678 -1.175935 -0.054077
v 0.983008 -1.159084 -0.036194
v 3.027224 -1.243508 -0.053211
v 2.958365 -1.245934 -0.053281
v 2.886976 -1.253967 -0.057646
v 2.816352 -1.251191 -0.057613
v 2.762769 -1.235515 -0.044356
v 2.684866 -1.244867 -0.052136
v 2.619454 -1.239132 -0.045586
v 2.552401 -1.241455 -0.048901
v 2.480040 -1.244466 -0.051050
v 2.421603 -1.235712 -0.040508
v 2.340470 -1.250830 -0.055716
v 2.275447 -1.245289 -0.051846
v 2.184166 -1.260178 -0.064644
v 2.131832 -1.240695 -0.048663
v 2.075877 -1.236942 -0.045752
v 1.993190 -1.253052 -0.057304
v 1.924119 -1.251189 -0.053758
v 1.870504 -1.236604 -0.039198
v 1.801572 -1.235610 -0.042091
v 1.733449 -1.234621 -0.043547
v 1.655851 -1.243158 -0.051596
v 1.583309 -1.245795 -0.052023
v 1.522451 -1.242958 -0.046937
v 1.444775 -1.252961 -0.055573
v 1.375553 -1.250991 -0.053445
v 1.317163 -1.241154 -0.042256
v 1.244581 -1.244208 -0.048066
v 1.190214 -1.232096 -0.038542
v 1.098765 -1.256732 -0.057675
v 1.031716 -1.249560 -0.054397
v 0.971825 -1.236520 -0.046271
v 3.016095 -1.326975 -0.063351
v 2.960754 -1.309108 -0.046481
v 2.904543 -1.305921 -0.041025
v 2.826180 -1.314830 -0.050800
v 2.744567 -1.326571 -0.061795
v 2.674612 -1.323966 -0.060851
v 2.611953 -1.313595 -0.052495
v 2.554158 -1.308219 -0.045891
v 2.475099 -1.320510 -0.056649
v 2.409586 -1.313082 -0.051794
v 2.350040 -1.308738 -0.046123
v 2.257143 -1.338804 -0.065207
v 2.198821 -1.322600 -0.054900
v 2.137166 -1.309949 -0.047481
v 2.069136 -1.311733 -0.050430
v 1.994937 -1.317329 -0.053593
v 1.936167 -1.306308 -0.042483
v 1.856308 -1.320480 -0.057120
v 1.789119 -1.315930 -0.053301
v 1.721935 -1.318659 -0.054679
v 1.646302 -1.323731 -0.058070
v 1.582066 -1.316278 -0.052246
v 1.524244 -1.306839 -0.044715
v 1.456291 -1.307747 -0.044559
v 1.379677 -1.314261 -0.048626
v 1.316362 -1.307505 -0.043437
v 1.260451 -1.297914 -0.036117
v 1.172510 -1.315494 -0.052062
v 1.115557 -1.306133 -0.040344
v 1.051169 -1.306628 -0.039657
v 0.957249 -1.325298 -0.062133
v 3.012938 -1.399806 -0.064980
v 2.957823 -1.380123 -0.048371
v 2.887732 -1.387509 -0.054444
v 2.825139 -1.386100 -0.050235
v 2.758983 -1.386822 -0.049346
v 2.688148 -1.386064 -0.050727
v 2.606780 -1.389839 -0.057848
v 2.551815 -1.375516 -0.044999
v 2.491767 -1.374528 -0.042770
v 2.402784 -1.390190 -0.055689
v 2.341582 -1.386118 -0.049235
v 2.285473 -1.379273 -0.041274
v 2.217534 -1.376619 -0.040431
v 2.121468 -1.397438 -0.063830
v 2.070125 -1.378343 -0.047079
v 1.994484 -1.387113 -0.054337
v 1.928837 -1.381295 -0.048834
v 1.875448 -1.372793 -0.039548
v 1.787302 -1.388119 -0.054480
v 1.737700 -1.370576 -0.034935
v 1.650512 -1.393975 -0.056528
v 1.599406 -1.369960 -0.037723
v 1.506013 -1.389727 -0.058504
v 1.449090 -1.379998 -0.048649
v 1.385851 -1.375345 -0.045679
v 1.324193 -1.364422 -0.036966
v 1.250312 -1.374007 -0.045905
v 1.178562 -1.375143 -0.047090
v 1.114972 -1.365385 -0.038577
v 1.048824 -1.370828 -0.042591
v 0.973958 -1.379014 -0.048732
v 3.026101 -1.453434 -0.053777
v 2.963069 -1.447389 -0.045760
v 2.893042 -1.449935 -0.049166
v 2.837614 -1.437072 -0.035857
v 2.764739 -1.444302 -0.044274
v 2.690208 -1.451479 -0.049792
v 2.610073 -1.460129 -0.056829
v 2.548622 -1.448629 -0.048766
v 2.478292 -1.454842 -0.050128
v 2.404384 -1.463429 -0.053081
v 2.359146 -1.436725 -0.031704
v 2.286737 -1.439755 -0.042231
v 2.205424 -1.451210 -0.052774
v 2.140643 -1.447762 -0.047427
v 2.066313 -1.451535 -0.051909
v 2.006553 -1.441684 -0.044361
v 1.927589 -1.445740 -0.049386
v 1.874009 -1.434947 -0.038768
v 1.787198 -1.451942 -0.052832
v 1.721494 -1.447728 -0.047682
v 1.685260 -1.425691 -0.026108
v 1.573269 -1.469311 -0.064765
v 1.508048 -1.458104 -0.053689
v 1.459055 -1.440447 -0.037732
v 1.383321 -1.450369 -0.052053
v 1.296361 -1.458168 -0.061781
v 1.254338 -1.433845 -0.038979
v 1.163281 -1.462998 -0.062168
v 1.094019 -1.457707 -0.057963
v 1.038876 -1.448296 -0.048801
v 0.960003 -1.464119 -0.060564
v 3.021369 -1.533831 -0.057859
v 2.962458 -1.519104 -0.048404
v 2.894103 -1.518316 -0.049579
v 2.822537 -1.519713 -0.051856
v 2.759022 -1.515924 -0.048800
v 2.689124 -1.517032 -0.049069
v 2.624354 -1.513462 -0.044878
v 2.551067 -1.516603 -0.049301
v 2.476101 -1.515175 -0.048176
v 2.439193 -1.491376 -0.018180
v 2.354274 -1.507148 -0.043533
v 2.275382 -1.516972 -0.050731
v 2.199625 -1.527163 -0.055655
v 2.136609 -1.521422 -0.050413
v 2.067371 -1.523967 -0.053835
v 1.984797 -1.536175 -0.064360
v 1.911242 -1.535374 -0.062353
v 1.863933 -1.517544 -0.048333
v 1.774240 -1.534587 -0.063298
v 1.739556 -1.495227 -0.027733
v 1.647234 -1.529588 -0.058253
v 1.597110 -1.514196 -0.042425
v 1.519149 -1.518181 -0.047039
v 1.461785 -1.504411 -0.038610
v 1.384005 -1.519695 -0.050891
v 1.298425 -1.536501 -0.062068
v 1.235409 -1.526122 -0.056665
v 1.181690 -1.513303 -0.044948
v 1.099368 -1.524895 -0.053620
v 1.041052 -1.514780 -0.044364
v 0.981516 -1.510974 -0.041082
v 3.045544 -1.580645 -0.037468
v 2.966955 -1.587604 -0.045311
v 2.901562 -1.584921 -0.044230
v 2.828377 -1.586890 -0.047106
v 2.762330 -1.584721 -0.045558
v 2.679657 -1.596740 -0.057958
v 2.620899 -1.584446 -0.048355
v 2.535673 -1.602757 -0.062726
v 2.475602 -1.586414 -0.051266
v 2.409694 -1.588037 -0.053243
v 2.331323 -1.602454 -0.062947
v 2.270490 -1.589641 -0.053022
v 2.214525 -1.577387 -0.040517
v 2.139613 -1.585548 -0.047847
v 2.080624 -1.580278 -0.041997
v 1.993539 -1.596094 -0.056524
v 1.933223 -1.584523 -0.044074
v 1.867258 -1.581198 -0.043738
v 1.799122 -1.581747 -0.043684
v 1.720042 -1.591456 -0.053707
v 1.664390 -1.578182 -0.041478
v 1.599615 -1.576219 -0.039063
v 1.517303 -1.587981 -0.053340
v 1.452970 -1.581942 -0.049493
v 1.356322 -1.599710 -0.062430
v 1.324447 -1.575161 -0.033461
v 1.243747 -1.594261 -0.053773
v 1.163304 -1.597038 -0.059437
v 1.102067 -1.587751 -0.050609
v 1.039472 -1.584102 -0.047522
v 0.967008 -1.591888 -0.054201
v 3.032950 -1.645251 -0.045942
v 2.973345 -1.639765 -0.036851
v 2.909221 -1.643488 -0.037864
v 2.827131 -1.653446 -0.048706
v 2.765726 -1.646195 -0.040456
v 2.693328 -1.656310 -0.047038
v 2.614456 -1.664389 -0.054139
v 2.555574 -1.654396 -0.045270
v 2.480243 -1.658776 -0.051307
v 2.410877 -1.657504 -0.049850
v 2.352237 -1.652915 -0.042144
v 2.270516 -1.665637 -0.055782
v 2.190670 -1.669829 -0.062681
v 2.142641 -1.647138 -0.044231
v 2.061298 -1.666620 -0.058560
v 1.993290 -1.664943 -0.057124
v 1.923015 -1.664866 -0.058876
v 1.830682 -1.680046 -0.068471
v 1.798558 -1.645863 -0.040893
v 1.727374 -1.655582 -0.047537
v 1.659706 -1.652469 -0.046365
v 1.590101 -1.654631 -0.049882
v 1.521995 -1.655713 -0.049524
v 1.432722 -1.683518 -0.066246
v 1.352970 -1.681442 -0.064045
v 1.317994 -1.642540 -0.036349
v 1.249423 -1.655861 -0.049715
v 1.162458 -1.668467 -0.056801
v 1.102397 -1.661066 -0.049278
v 1.042596 -1.655566 -0.046226
v 0.971277 -1.658772 -0.049384
v 3.005303 -1.743365 -0.067342
v 2.957560 -1.718561 -0.047647
v 2.909049 -1.707779 -0.037570
v 2.816498 -1.730384 -0.057430
v 2.756878 -1.718089 -0.046310
v 2.696801 -1.715233 -0.042069
v 2.624046 -1.721105 -0.045640
v 2.553188 -1.723697 -0.047651
v 2.477028 -1.734074 -0.054157
v 2.406627 -1.731913 -0.054178
v 2.350325 -1.717559 -0.044086
v 2.280072 -1.722015 -0.046162
v 2.209755 -1.726844 -0.046964
v 2.129082 -1.735469 -0.057648
v 2.073888 -1.720989 -0.044057
v 2.003724 -1.728168 -0.048332
v 1.927780 -1.735530 -0.054740
v 1.855186 -1.732408 -0.052559
v 1.798827 -1.715137 -0.040044
v 1.723209 -1.721134 -0.048744
v 1.672105 -1.708707 -0.034721
v 1.582774 -1.731287 -0.056223
v 1.521481 -1.722424 -0.047239
v 1.453860 -1.725915 -0.046443
v 1.388908 -1.721154 -0.037316
v 1.321254 -1.716389 -0.042007
v 1.239280 -1.732876 -0.056654
v 1.166474 -1.728747 -0.051595
v 1.119291 -1.710027 -0.031954
v 1.044936 -1.719718 -0.044908
v 0.978576 -1.716585 -0.042034
v 3.023747 -1.801556 -0.052338
v 2.959255 -1.793556 -0.050859
v 2.894920 -1.789523 -0.050328
v 2.816442 -1.797688 -0.056259
v 2.753726 -1.791602 -0.049011
v 2.677554 -1.801407 -0.056158
v 2.627337 -1.784817 -0.042002
v 2.547116 -1.796170 -0.052712
v 2.493800 -1.780987 -0.036649
v 2.423989 -1.785346 -0.041247
v 2.343878 -1.793410 -0.052360
v 2.262049 -1.798295 -0.058266
v 2.217284 -1.777949 -0.036261
v 2.140826 -1.794913 -0.049275
v 2.066531 -1.793988 -0.051693
v 2.010885 -1.780766 -0.039758
v 1.926977 -1.799892 -0.053814
v 1.868469 -1.788589 -0.044642
v 1.785137 -1.800882 -0.058798
v 1.716173 -1.795044 -0.054708
v 1.663843 -1.781354 -0.042141
v 1.586640 -1.795033 -0.052893
v 1.515965 -1.793754 -0.052655
v 1.444861 -1.792258 -0.053290
v 1.377759 -1.789843 -0.050905
v 1.308942 -1.795154 -0.051456
v 1.250730 -1.791701 -0.045088
v 1.166939 -1.799934 -0.053882
v 1.114114 -1.781733 -0.041404
v 1.036935 -1.791443 -0.051697
v 0.971854 -1.786650 -0.045498
v 3.035090 -1.859059 -0.043719
v 2.955458 -1.873757 -0.058913
v 2.881262 -1.878470 -0.061690
v 2.807729 -1.880287 -0.062071
v 2.752733 -1.864840 -0.049574
v 2.690727 -1.859221 -0.044322
v 2.627990 -1.855806 -0.042200
v 2.549161 -1.864546 -0.051942
v 2.477635 -1.863704 -0.052612
v 2.411787 -1.864009 -0.052025
v 2.340578 -1.871115 -0.056096
v 2.258949 -1.877903 -0.062559
v 2.192517 -1.867932 -0.056242
v 2.154711 -1.844687 -0.035215
v 2.061766 -1.870722 -0.058781
v 1.979218 -1.876013 -0.060088
v 1.938788 -1.853700 -0.040754
v 1.867071 -1.863275 -0.049911
v 1.782400 -1.875448 -0.058541
v 1.720689 -1.870367 -0.050970
v 1.641185 -1.883453 -0.061166
v 1.594673 -1.861035 -0.045379
v 1.504642 -1.881666 -0.065847
v 1.441997 -1.869274 -0.056980
v 1.358485 -1.880604 -0.064867
v 1.315675 -1.853924 -0.041753
v 1.253536 -1.853434 -0.042231
v 1.179646 -1.856031 -0.045784
v 1.115375 -1.852126 -0.042839
v 1.024007 -1.874311 -0.062485
v 0.957854 -1.864932 -0.052633
v 3.017739 -1.938789 -0.058734
v 2.970973 -1.924303 -0.041233
v 2.888129 -1.943208 -0.055446
v 2.831086 -1.927878 -0.041618
v 2.756000 -1.928965 -0.048258
v 2.690642 -1.923126 -0.043925
v 2.631434 -1.919579 -0.040645
v 2.550405 -1.929598 -0.050093
v 2.485109 -1.926910 -0.045370
v 2.409680 -1.935156 -0.051391
v 2.353286 -1.926438 -0.042228
v 2.268996 -1.940199 -0.056327
v 2.206326 -1.926805 -0.045380
v 2.131697 -1.936350 -0.054982
v 2.069116 -1.935719 -0.051517
v 1.989000 -1.938422 -0.054123
v 1.942981 -1.914253 -0.032547
v 1.859699 -1.938168 -0.055816
v 1.790917 -1.932466 -0.049268
v 1.731428 -1.925154 -0.039603
v 1.674743 -1.919976 -0.032626
v 1.600674 -1.924816 -0.040603
v 1.527280 -1.930426 -0.046622
v 1.430282 -1.953974 -0.063265
v 1.380123 -1.933488 -0.046766
v 1.312068 -1.930421 -0.049573
v 1.242420 -1.931716 -0.052453
v 1.167986 -1.937142 -0.057456
v 1.101595 -1.935154 -0.055477
v 1.030019 -1.938507 -0.056294
v 0.959211 -1.934524 -0.053114
v 3.015100 -2.016621 -0.062088
v 2.965466 -1.991842 -0.042191
v 2.898669 -1.997154 -0.045871
v 2.826832 -2.002451 -0.051322
v 2.743094 -2.010427 -0.060866
v 2.689857 -1.990585 -0.044875
v 2.623523 -1.994167 -0.047784
v 2.531319 -2.016576 -0.065131
v 2.487757 -1.989406 -0.042395
v 2.407162 -1.999077 -0.052827
v 2.354374 -1.986003 -0.039784
v 2.260622 -2.011314 -0.061453
v 2.198167 -2.005900 -0.053121
v 2.133583 -2.006105 -0.051997
v 2.078000 -1.993852 -0.040926
v 1.995516 -2.004495 -0.053687
v 1.934607 -1.993812 -0.046423
v 1.864767 -1.998598 -0.048416
v 1.787787 -2.006358 -0.053260
v 1.729218 -1.992212 -0.044862
v 1.663119 -1.988956 -0.044565
v 1.591417 -1.994086 -0.048468
v 1.511732 -2.006922 -0.056363
v 1.450662 -1.999101 -0.047368
v 1.391180 -1.989589 -0.039356
v 1.305145 -2.006079 -0.056218
v 1.246443 -1.999197 -0.046747
v 1.171638 -2.011653 -0.053746
v 1.100191 -2.014408 -0.056070
v 1.030245 -2.010931 -0.056559
v 0.968444 -1.998822 -0.049283
v 3.044919 -2.061744 -0.036831
v 2.950065 -2.076618 -0.058852
v 2.904312 -2.053354 -0.037481
v 2.836836 -2.061738 -0.043522
v 2.752779 -2.071732 -0.054779
v 2.682929 -2.068153 -0.053667
v 2.602434 -2.078820 -0.063300
v 2.556699 -2.057971 -0.039568
v 2.473469 -2.085845 -0.058997
v 2.399084 -2.085782 -0.063043
v 2.341063 -2.071452 -0.053207
v 2.255105 -2.087020 -0.064836
v 2.209211 -2.060899 -0.039922
v 2.144931 -2.060650 -0.041892
v 2.073093 -2.065381 -0.046188
v 2.008082 -2.064153 -0.044526
v 1.929334 -2.073092 -0.052355
v 1.854767 -2.075006 -0.053682
v 1.808723 -2.054434 -0.033906
v 1.728650 -2.069070 -0.049587
v 1.653087 -2.073627 -0.055548
v 1.579903 -2.074518 -0.056423
v 1.511701 -2.073303 -0.052044
v 1.455156 -2.064999 -0.046026
v 1.364386 -2.084081 -0.066146
v 1.311613 -2.063485 -0.047697
v 1.241691 -2.066971 -0.048918
v 1.186948 -2.057843 -0.037320
v 1.119515 -2.062592 -0.038975
v 1.046994 -2.065682 -0.044258
v 0.963025 -2.075609 -0.056335
v 3.036068 -2.132760 -0.047367
v 2.957075 -2.142128 -0.055788
v 2.891464 -2.133326 -0.050264
v 2.826610 -2.134827 -0.051419
v 2.737551 -2.157439 -0.067885
v 2.673303 -2.153818 -0.063217
v 2.600520 -2.156359 -0.065967
v 2.518307 -2.155265 -0.064366
v 2.500152 -2.117709 -0.028152
v 2.424638 -2.137347 -0.043373
v 2.335595 -2.149151 -0.057606
v 2.277014 -2.136746 -0.045728
v 2.200108 -2.144144 -0.055965
v 2.135111 -2.135601 -0.051987
v 2.078157 -2.122233 -0.039837
v 2.004850 -2.130815 -0.046822
v 1.936070 -2.130923 -0.045716
v 1.867911 -2.127932 -0.042301
v 1.797703 -2.130385 -0.046233
v 1.735446 -2.127771 -0.042164
v 1.660166 -2.139171 -0.049903
v 1.574196 -2.149889 -0.061194
v 1.517363 -2.131569 -0.044945
v 1.463284 -2.126976 -0.040082
v 1.371015 -2.150372 -0.061362
v 1.300025 -2.145222 -0.058726
v 1.239064 -2.134635 -0.051373
v 1.171763 -2.131876 -0.049035
v 1.116311 -2.124158 -0.041363
v 1.041659 -2.134569 -0.049610
v 0.960220 -2.145124 -0.056842
v 3.036042 -2.204016 -0.044807
v 2.961044 -2.216022 -0.054501
v 2.887171 -2.217307 -0.058867
v 2.808475 -2.223210 -0.063626
v 2.750621 -2.215766 -0.053485
v 2.681502 -2.219464 -0.054942
v 2.615210 -2.217299 -0.052611
v 2.537412 -2.217350 -0.056326
v 2.484751 -2.193370 -0.040321
v 2.412549 -2.208508 -0.050135
v 2.347381 -2.208672 -0.048455
v 2.270522 -2.209233 -0.052174
v 2.220104 -2.193744 -0.037437
v 2.126754 -2.220050 -0.062541
v 2.053230 -2.217606 -0.062843
v 1.998464 -2.204039 -0.052041
v 1.910021 -2.221241 -0.064897
v 1.857754 -2.205706 -0.051480
v 1.795120 -2.203487 -0.050531
v 1.713804 -2.209140 -0.055387
v 1.665230 -2.198482 -0.041564
v 1.579204 -2.221197 -0.059575
v 1.510193 -2.211472 -0.055149
v 1.451594 -2.204561 -0.050430
v 1.372935 -2.216342 -0.058376
v 1.307291 -2.213588 -0.054671
v 1.223944 -2.224714 -0.065767
v 1.169605 -2.205699 -0.051104
v 1.105461 -2.205675 -0.051749
v 1.032051 -2.212001 -0.056362
v 0.959824 -2.212493 -0.054988
v 3.036901 -2.267215 -0.041496
v 2.980823 -2.263442 -0.036117
v 2.896850 -2.280188 -0.051112
v 2.811659 -2.290304 -0.058820
v 2.757985 -2.273602 -0.044792
v 2.689874 -2.274832 -0.048458
v 2.617533 -2.276734 -0.049387
v 2.557630 -2.269942 -0.042850
v 2.472436 -2.283575 -0.057504
v 2.416306 -2.266298 -0.041755
v 2.364482 -2.257949 -0.031092
v 2.262280 -2.287363 -0.059936
v 2.210209 -2.269675 -0.043729
v 2.138494 -2.285107 -0.052516
v 2.064906 -2.287446 -0.054633
v 1.987936 -2.293535 -0.061538
v 1.916508 -2.290177 -0.058690
v 1.864892 -2.272480 -0.043488
v 1.789271 -2.286372 -0.057768
v 1.703079 -2.291218 -0.062569
v 1.662323 -2.262951 -0.037659
v 1.599842 -2.270052 -0.042576
v 1.516947 -2.280046 -0.051821
v 1.448471 -2.280496 -0.052714
v 1.366507 -2.290555 -0.057171
v 1.314527 -2.279889 -0.047203
v 1.238907 -2.286476 -0.055383
v 1.169299 -2.281103 -0.050782
v 1.103416 -2.285058 -0.053611
v 1.035141 -2.282910 -0.054709
v 0.961705 -2.277949 -0.053668
v 3.034161 -2.334374 -0.042182
v 2.970228 -2.338928 -0.046112
v 2.891515 -2.348842 -0.052917
v 2.828668 -2.341738 -0.045989
v 2.760877 -2.338783 -0.046480
v 2.679767 -2.348920 -0.056101
v 2.619059 -2.339757 -0.045729
v 2.552954 -2.343826 -0.047347
v 2.491200 -2.338437 -0.043580
v 2.407248 -2.342040 -0.052349
v 2.355376 -2.326762 -0.038528
v 2.275222 -2.343678 -0.049662
v 2.211239 -2.337215 -0.042609
v 2.154075 -2.330151 -0.035938
v 2.075076 -2.343967 -0.045709
v 2.005040 -2.346838 -0.046220
v 1.932814 -2.345459 -0.047258
v 1.865878 -2.340349 -0.046029
v 1.803607 -2.339104 -0.043469
v 1.718971 -2.350013 -0.052719
v 1.657988 -2.336879 -0.043716
v 1.596089 -2.336940 -0.045134
v 1.515411 -2.346133 -0.053146
v 1.460021 -2.334416 -0.040794
v 1.369715 -2.348722 -0.054363
v 1.331149 -2.322478 -0.024268
v 1.240215 -2.349458 -0.055542
v 1.175355 -2.338753 -0.044791
v 1.121514 -2.331043 -0.035046
v 1.047908 -2.340928 -0.045010
v 0.949044 -2.362606 -0.066321
v 3.040868 -2.396888 -0.032910
v 2.967275 -2.410207 -0.048376
v 2.899611 -2.406465 -0.045230
v 2.831698 -2.404696 -0.045297
v 2.742303 -2.424057 -0.060775
v 2.686176 -2.412658 -0.049344
v 2.612300 -2.413776 -0.052106
v 2.566995 -2.391957 -0.031572
v 2.487148 -2.409793 -0.047961
v 2.403927 -2.423762 -0.059052
v 2.334597 -2.418806 -0.057868
v 2.279260 -2.402188 -0.044029
v 2.208719 -2.406731 -0.046803
v 2.128272 -2.419862 -0.056504
v 2.079882 -2.399839 -0.039511
v 2.007874 -2.404579 -0.044318
v 1.937876 -2.404539 -0.045171
v 1.861183 -2.410134 -0.052098
v 1.795984 -2.404628 -0.047177
v 1.719501 -2.412731 -0.051278
v 1.662373 -2.404930 -0.042873
v 1.589603 -2.413012 -0.050258
v 1.517006 -2.415209 -0.052420
v 1.444267 -2.418199 -0.056187
v 1.374676 -2.412413 -0.052799
v 1.315786 -2.404562 -0.047182
v 1.240134 -2.413402 -0.054515
v 1.164309 -2.415109 -0.054679
v 1.107840 -2.406678 -0.047676
v 1.042272 -2.409692 -0.047914
v 0.967287 -2.418891 -0.051544
v 3.030686 -2.476619 -0.049568
v 2.970521 -2.471083 -0.044466
v 2.888202 -2.484947 -0.055365
v 2.816301 -2.492543 -0.059049
v 2.746361 -2.489662 -0.055894
v 2.693655 -2.473889 -0.042032
v 2.611960 -2.484035 -0.055172
v 2.548664 -2.477214 -0.049870
v 2.475698 -2.484193 -0.053694
v 2.423227 -2.473937 -0.038424
v 2.342883 -2.493619 -0.054043
v 2.260782 -2.496817 -0.063536
v 2.207286 -2.474946 -0.046748
v 2.145296 -2.470785 -0.041657
v 2.074029 -2.473620 -0.045246
v 1.991438 -2.491138 -0.057688
v 1.932034 -2.484941 -0.051450
v 1.849722 -2.501269 -0.064475
v 1.770853 -2.503607 -0.067756
v 1.719893 -2.479536 -0.050097
v 1.664163 -2.470009 -0.041385
v 1.587063 -2.482489 -0.051183
v 1.526548 -2.476162 -0.043637
v 1.445233 -2.491446 -0.054497
v 1.378916 -2.487199 -0.052962
v 1.311920 -2.484070 -0.053508
v 1.224308 -2.498990 -0.067071
v 1.167206 -2.481756 -0.050986
v 1.108745 -2.478023 -0.046557
v 1.028916 -2.489795 -0.057777
v 0.978492 -2.469693 -0.039485
v 3.032156 -2.548577 -0.047769
v 2.939634 -2.579994 -0.066883
v 2.892465 -2.555046 -0.049677
v 2.826984 -2.553448 -0.048142
v 2.754577 -2.554159 -0.049724
v 2.689420 -2.552218 -0.050429
v 2.605697 -2.563958 -0.059651
v 2.549338 -2.552104 -0.048726
v 2.474284 -2.557191 -0.055743
v 2.414263 -2.541676 -0.044250
v 2.367101 -2.530339 -0.030184
v 2.282359 -2.551098 -0.047654
v 2.187185 -2.568070 -0.063221
v 2.133244 -2.554369 -0.052776
v 2.056567 -2.562489 -0.061200
v 2.011452 -2.536730 -0.037243
v 1.936791 -2.547579 -0.046081
v 1.872625 -2.547543 -0.043036
v 1.792349 -2.557152 -0.051095
v 1.723297 -2.551464 -0.051334
v 1.634707 -2.560870 -0.060462
v 1.596790 -2.537958 -0.038353
v 1.510764 -2.560024 -0.058709
v 1.461711 -2.536476 -0.036824
v 1.391524 -2.544922 -0.043105
v 1.305567 -2.563024 -0.058779
v 1.237351 -2.560805 -0.055497
v 1.155599 -2.566546 -0.060700
v 1.111418 -2.543211 -0.042279
v 1.043674 -2.547395 -0.047024
v 0.959706 -2.557533 -0.058078
v 3.032979 -2.615601 -0.042860
v 2.976099 -2.612428 -0.037602
v 2.905158 -2.611899 -0.037305
v 2.825211 -2.620181 -0.050112
v 2.765478 -2.609992 -0.040205
v 2.696155 -2.616234 -0.043516
v 2.618192 -2.624413 -0.050919
v 2.559693 -2.610081 -0.039204
v 2.487045 -2.615366 -0.045743
v 2.404671 -2.627209 -0.055210
v 2.338737 -2.624166 -0.054366
v 2.284145 -2.613708 -0.045805
v 2.202189 -2.621078 -0.053230
v 2.145603 -2.608287 -0.037491
v 2.074080 -2.615619 -0.046793
v 1.987227 -2.629497 -0.061663
v 1.932436 -2.613045 -0.048445
v 1.854441 -2.624108 -0.056110
v 1.794863 -2.618186 -0.048504
v 1.726474 -2.623576 -0.052443
v 1.634682 -2.632285 -0.063152
v 1.595044 -2.600123 -0.031726
v 1.527984 -2.614422 -0.044889
v 1.436518 -2.630559 -0.060148
v 1.393026 -2.606473 -0.039635
v 1.308431 -2.627161 -0.055386
v 1.247542 -2.617401 -0.045057
v 1.173620 -2.620708 -0.049326
v 1.114458 -2.608746 -0.040910
v 1.036611 -2.620624 -0.052509
v 0.968104 -2.621320 -0.050703
v 3.038024 -2.679177 -0.040240
v 2.963412 -2.684682 -0.050547
v 2.898824 -2.677716 -0.044546
v 2.830977 -2.680070 -0.044473
v 2.757474 -2.684180 -0.047548
v 2.695736 -2.678189 -0.041828
v 2.637369 -2.671472 -0.035214
v 2.537006 -2.698433 -0.060008
v 2.485536 -2.681621 -0.045019
v 2.419599 -2.681449 -0.043401
v 2.357543 -2.675564 -0.035684
v 2.278687 -2.691246 -0.050947
v 2.187360 -2.712003 -0.067526
v 2.118404 -2.705364 -0.062608
v 2.066796 -2.691015 -0.052681
v 2.004958 -2.685317 -0.048293
v 1.911655 -2.702806 -0.062037
v 1.859072 -2.690575 -0.048477
v 1.795877 -2.688778 -0.047381
v 1.737272 -2.681754 -0.042426
v 1.644577 -2.697807 -0.060791
v 1.578777 -2.684859 -0.051950
v 1.526547 -2.676689 -0.042536
v 1.457615 -2.681856 -0.042791
v 1.381401 -2.689225 -0.050337
v 1.323428 -2.678785 -0.041907
v 1.233788 -2.696769 -0.056254
v 1.182590 -2.680701 -0.042581
v 1.100306 -2.696749 -0.056843
v 1.036113 -2.689830 -0.051123
v 0.970138 -2.686746 -0.048343
v 3.048203 -2.740617 -0.035462
v 2.958162 -2.761177 -0.055654
v 2.886364 -2.760262 -0.054463
v 2.827005 -2.751434 -0.046489
v 2.760411 -2.750648 -0.045997
v 2.695846 -2.744846 -0.043091
v 2.618965 -2.753689 -0.051748
v 2.549153 -2.753067 -0.049391
v 2.487838 -2.745628 -0.041953
v 2.402933 -2.760739 -0.058061
v 2.342234 -2.750403 -0.048572
v 2.286017 -2.747166 -0.041630
v 2.214622 -2.756131 -0.044622
v 2.138848 -2.758842 -0.046999
v 2.077819 -2.748672 -0.040478
v 1.984492 -2.779545 -0.066076
v 1.921781 -2.764206 -0.055957
v 1.869481 -2.742957 -0.036286
v 1.804518 -2.743439 -0.040176
v 1.731823 -2.752201 -0.047505
v 1.648473 -2.767223 -0.059068
v 1.572876 -2.768856 -0.060838
v 1.511651 -2.757794 -0.054115
v 1.450184 -2.749345 -0.047108
v 1.395649 -2.740162 -0.036893
v 1.302167 -2.764870 -0.058633
v 1.249891 -2.746721 -0.041038
v 1.184297 -2.748119 -0.041473
v 1.112414 -2.753795 -0.044899
v 1.041624 -2.757084 -0.045186
v 0.969719 -2.759927 -0.051278
v 3.030886 -2.823748 -0.050635
v 2.957865 -2.832903 -0.054499
v 2.897228 -2.823293 -0.045821
v 2.819689 -2.828782 -0.052319
v 2.767000 -2.814976 -0.041004
v 2.675761 -2.839669 -0.062454
v 2.612201 -2.833424 -0.055285
v 2.535728 -2.841567 -0.062852
v 2.479945 -2.826485 -0.052794
v 2.401697 -2.833721 -0.059884
v 2.336680 -2.825740 -0.052885
v 2.266953 -2.828439 -0.053704
v 2.210249 -2.821994 -0.047610
v 2.131310 -2.831202 -0.056507
v 2.056441 -2.834737 -0.057488
v 2.014910 -2.815389 -0.037160
v 1.932937 -2.827597 -0.051628
v 1.838179 -2.842429 -0.068511
v 1.793248 -2.818426 -0.048287
v 1.717861 -2.832144 -0.056418
v 1.655454 -2.829705 -0.050740
v 1.584754 -2.832460 -0.052500
v 1.517987 -2.827800 -0.051535
v 1.430277 -2.838091 -0.062106
v 1.381663 -2.821281 -0.048050
v 1.305997 -2.829684 -0.053698
v 1.244304 -2.820848 -0.046511
v 1.174736 -2.823378 -0.051454
v 1.113236 -2.812067 -0.041585
v 1.044272 -2.814308 -0.041143
v 0.991093 -2.807287 -0.031212
v 3.025372 -2.893339 -0.052693
v 2.974340 -2.878467 -0.036621
v 2.889947 -2.894664 -0.052291
v 2.830030 -2.885790 -0.042820
v 2.763882 -2.888930 -0.044921
v 2.690515 -2.895429 -0.049475
v 2.618482 -2.895309 -0.048910
v 2.561094 -2.886776 -0.037256
v 2.475524 -2.916416 -0.056117
v 2.407434 -2.910376 -0.057608
v 2.332179 -2.906004 -0.059992
v 2.270767 -2.891387 -0.048132
v 2.218043 -2.882785 -0.039078
v 2.128193 -2.903987 -0.058497
v 2.071777 -2.886666 -0.042392
v 2.005058 -2.887692 -0.046682
v 1.928801 -2.900676 -0.054732
v 1.849241 -2.912779 -0.059999
v 1.787959 -2.901637 -0.053412
v 1.719595 -2.898461 -0.054263
v 1.662264 -2.885339 -0.041755
v 1.588240 -2.894619 -0.050206
v 1.524088 -2.892697 -0.047856
v 1.435087 -2.906430 -0.061074
v 1.388978 -2.881779 -0.037645
v 1.298605 -2.904089 -0.060254
v 1.257373 -2.876398 -0.034100
v 1.164429 -2.905035 -0.059137
v 1.094443 -2.905674 -0.059123
v 1.035099 -2.890827 -0.050704
v 0.977841 -2.880921 -0.042030
v 3.010902 -2.987125 -0.068948
v 2.953633 -2.968548 -0.057068
v 2.879683 -2.971121 -0.058437
v 2.829925 -2.953199 -0.042482
v 2.756450 -2.961964 -0.050993
v 2.694959 -2.955059 -0.044597
v 2.610243 -2.969322 -0.058694
v 2.535349 -2.963978 -0.055108
v 2.509312 -2.934403 -0.020414
v 2.434680 -2.953407 -0.034675
v 2.340463 -2.970241 -0.056022
v 2.263381 -2.967272 -0.057167
v 2.211050 -2.952729 -0.044525
v 2.129350 -2.968738 -0.055694
v 2.066085 -2.964923 -0.049615
v 1.994580 -2.974490 -0.056778
v 1.926005 -2.969745 -0.052421
v 1.871445 -2.957771 -0.039066
v 1.801294 -2.962106 -0.045170
v 1.724475 -2.965703 -0.052906
v 1.640274 -2.972217 -0.060628
v 1.596073 -2.950850 -0.040597
v 1.511223 -2.973464 -0.058841
v 1.453987 -2.958780 -0.046787
v 1.364862 -2.975511 -0.063205
v 1.318517 -2.953004 -0.043319
v 1.234545 -2.971051 -0.059092
v 1.168753 -2.966480 -0.053272
v 1.120021 -2.951052 -0.034127
v 1.034965 -2.966832 -0.054246
v 0.954802 -2.974482 -0.060981
v 3.046371 -3.025723 -0.037946
v 2.954348 -3.043366 -0.058822
v 2.889465 -3.030637 -0.049220
v 2.827020 -3.027234 -0.047423
v 2.758211 -3.028594 -0.050026
v 2.682482 -3.034012 -0.054431
v 2.616823 -3.035465 -0.052796
v 2.536649 -3.040210 -0.060060
v 2.479423 -3.022360 -0.049035
v 2.405919 -3.030746 -0.055099
v 2.348056 -3.027262 -0.047530
v 2.258546 -3.048115 -0.064375
v 2.198000 -3.036403 -0.055272
v 2.128930 -3.036400 -0.054866
v 2.075914 -3.021600 -0.039630
v 2.016094 -3.019395 -0.036983
v 1.931028 -3.028893 -0.047518
v 1.868055 -3.023288 -0.041471
v 1.805220 -3.025279 -0.043317
v 1.728933 -3.032434 -0.051541
v 1.643075 -3.037137 -0.056901
v 1.584063 -3.029993 -0.049214
v 1.527266 -3.025677 -0.044334
v 1.444330 -3.040500 -0.057333
v 1.377561 -3.035016 -0.053319
v 1.307195 -3.034801 -0.054828
v 1.239396 -3.033654 -0.054112
v 1.170670 -3.029850 -0.049496
v 1.098621 -3.040328 -0.057586
v 1.037579 -3.034100 -0.051760
v 0.969716 -3.031457 -0.048461
vn -0.0270 0.1209 0.9923
vn 0.2559 -0.0891 0.9626
vn 0.0055 0.0508 0.9987
vn -0.1044 0.0133 0.9944
vn 0.1387 -0.0263 0.9900
vn -0.0008 0.0697 0.9976
vn -0.0563 -0.1232 0.9908
vn 0.0507 -0.2267 0.9726
vn -0.0830 -0.0458 0.9955
vn 0.1008 -0.0010 0.9949
vn -0.1428 0.0859 0.9860
vn 0.2974 0.5782 0.7598
vn -0.1458 0.2389 0.9600
vn 0.1155 -0.0774 0.9903
vn -0.0133 -0.1817 0.9833
vn -0.1404 -0.1510 0.9785
vn 0.2512 -0.2270 0.9409
vn -0.0479 -0.0576 0.9972
vn -0.1630 0.1149 0.9799
vn 0.2449 0.1731 0.9540
vn -0.0076 0.1518 0.9884
vn 0.0013 0.0418 0.9991
vn -0.0346 -0.0314 0.9989
vn 0.0755 -0.0417 0.9963
vn -0.0816 -0.0153 0.9965
vn -0.0486 -0.1178 0.9919
vn 0.0076 -0.1050 0.9944
vn 0.3629 0.1322 0.9224
vn -0.1593 -0.0313 0.9867
vn 0.0642 -0.1461 0.9872
vn -0.2160 0.1206 0.9689
vn 0.2565 0.0936 0.9620
vn 0.0259 -0.0642 0.9976
vn -0.1208 -0.0351 0.9921
vn 0.1867 -0.0021 0.9824
vn -0.0732 -0.1175 0.9904
vn -0.0963 -0.0571 0.9937
vn -0.0169 -0.0575 0.9982
vn 0.1779 -0.1201 0.9767
vn 0.0468 0.0567 0.9973
vn -0.0576 0.0010 0.9983
vn 0.3494 -0.0549 0.9354
vn -0.2253 -0.0010 0.9743
vn 0.1358 0.1532 0.9788
vn -0.1104 0.2001 0.9735
vn -0.1350 0.1796 0.9744
vn 0.0636 0.0665 0.9958
vn 0.2133 -0.0787 0.9738
vn -0.1774 -0.0618 0.9822
vn 0.1225 -0.1782 0.9763
vn 0.0685 -0.1457 0.9870
vn -0.0174 -0.0055 0.9998
vn -0.0425 0.0439 0.9981
vn -0.0559 -0.0793 0.9953
vn 0.0039 -0.1351 0.9908
vn -0.1033 0.0080 0.9946
vn 0.3556 0.2273 0.9066
vn 0.1449 0.0401 0.9886
vn -0.1512 0.0657 0.9863
vn 0.0962 0.3206 0.9423
vn -0.1411 0.1372 0.9804
vn -0.0064 0.1361 0.9907
vn 0.0048 0.0400 0.9992
vn -0.0710 0.0662 0.9953
vn 0.0209 -0.0343 0.9992
vn -0.0892 -0.0273 0.9956
vn 0.2633 0.2557 0.9302
vn -0.2304 0.2097 0.9502
vn 0.2476 0.0849 0.9651
vn 0.0096 -0.1057 0.9944
vn -0.0459 -0.0790 0.9958
vn 0.0928 -0.1850 0.9783
vn 0.0124 -0.0915 0.9957
vn 0.0800 0.0793 0.9936
vn -0.0971 -0.0415 0.9944
vn -0.1155 -0.0495 0.9921
vn 0.0136 0.0031 0.9999
vn 0.0991 -0.0112 0.9950
vn -0.0207 0.1525 0.9881
vn -0.1003 0.2928 0.9509
vn 0.2138 0.1110 0.9705
vn -0.0716 -0.0449 0.9964
vn 0.0413 -0.0768 0.9962
vn -0.1152 0.0849 0.9897
vn -0.0443 0.0520 0.9977
vn 0.2477 0.1773 0.9525
vn 0.0369 0.0912 0.9951
vn 0.0289 -0.0877 0.9957
vn -0.0338 -0.0818 0.9961
vn 0.1409 -0.0608 0.9882
vn -0.0333 -0.1681 0.9852
vn -0.0574 -0.1302 0.9898
vn 0.0003 -0.1321 0.9912
vn 0.0801 -0.0417 0.9959
vn -0.1080 0.0721 0.9915
vn 0.0785 0.1276 0.9887
vn 0.1056 -0.0095 0.9944
vn -0.1184 -0.0320 0.9925
vn 0.1191 0.1748 0.9774
vn -0.1146 0.0891 0.9894
vn 0.0304 0.0191 0.9994
vn -0.1104 -0.0130 0.9938
vn 0.3001 -0.1251 0.9457
vn 0.0005 -0.0869 0.9962
vn -0.1138 -0.0593 0.9917
vn -0.0486 0.0020 0.9988
vn 0.2143 0.2372 0.9475
vn -0.0207 0.2500 0.9680
vn 0.1155 0.0800 0.9901
vn -0.1330 -0.0080 0.9911
vn 0.0524 -0.0250 0.9983
vn -0.0449 0.0377 0.9983
vn -0.0153 0.0472 0.9988
vn 0.0123 -0.0463 0.9989
vn -0.0218 0.1689 0.9854
vn 0.2132 0.1130 0.9705
vn -0.0488 0.0326 0.9983
vn -0.0717 0.0169 0.9973
vn -0.0366 -0.0806 0.9961
vn 0.2128 -0.0829 0.9736
vn 0.1341 -0.0277 0.9906
vn 0.0108 0.2043 0.9789
vn -0.0771 0.1866 0.9794
vn 0.0154 -0.0725 0.9973
vn -0.0386 -0.1486 0.9881
vn 0.1040 -0.1115 0.9883
vn 0.0261 -0.0283 0.9993
vn -0.0832 -0.0166 0.9964
vn 0.1086 -0.1195 0.9869
vn -0.0639 -0.0106 0.9979
vn -0.0990 -0.0274 0.9947
vn -0.0152 -0.0292 0.9995
vn 0.2278 0.1112 0.9673
vn 0.0028 -0.0214 0.9998
vn -0.0942 -0.0056 0.9955
vn 0.1343 0.1403 0.9810
vn -0.0007 -0.0437 0.9990
vn 0.0074 -0.1693 0.9855
vn -0.0176 -0.1339 0.9908
vn -0.0671 -0.1030 0.9924
vn 0.0388 -0.0484 0.9981
vn 0.1040 0.0164 0.9944
vn -0.0641 0.1005 0.9929
vn -0.0174 0.1286 0.9915
vn 0.1383 0.0332 0.9898
vn 0.0159 0.0897 0.9958
vn -0.0438 -0.0099 0.9990
vn -0.0543 0.0275 0.9981
vn 0.0386 0.3078 0.9507
vn -0.0912 -0.0088 0.9958
vn 0.2979 -0.0333 0.9540
vn -0.0007 -0.0987 0.9951
vn -0.0358 -0.0814 0.9960
vn -0.0756 0.0920 0.9929
vn -0.0016 0.1906 0.9817
vn 0.0086 0.0357 0.9993
vn 0.1600 -0.0368 0.9864
vn -0.0645 0.1105 0.9918
vn -0.0599 0.0717 0.9956
vn 0.0894 -0.0559 0.9944
vn -0.0923 0.1596 0.9829
vn 0.1301 0.4219 0.8973
vn -0.0987 -0.0120 0.9950
vn 0.1005 -0.0939 0.9905
vn -0.0710 0.0178 0.9973
vn 0.1274 -0.0552 0.9903
vn -0.0396 0.0847 0.9956
vn -0.0829 0.1221 0.9891
vn 0.1755 0.1794 0.9680
vn -0.1707 0.1419 0.9750
vn 0.2551 0.1629 0.9531
vn -0.0869 0.0043 0.9962
vn 0.0681 -0.1221 0.9902
vn -0.0087 -0.0073 0.9999
vn 0.1223 0.0849 0.9889
vn -0.0105 -0.0239 0.9997
vn -0.1049 -0.0308 0.9940
vn 0.1802 0.0595 0.9818
vn -0.0239 -0.0076 0.9997
vn -0.1770 0.0656 0.9820
vn 0.2428 0.1413 0.9597
vn -0.0646 0.0580 0.9962
vn 0.1719 0.1964 0.9653
vn -0.0608 0.1577 0.9856
vn -0.0486 0.0466 0.9977
vn -0.0930 0.0136 0.9956
vn 0.1751 -0.0223 0.9843
vn 0.0048 -0.0752 0.9972
vn -0.1021 -0.0350 0.9942
vn 0.3045 0.2079 0.9295
vn -0.0189 0.1363 0.9905
vn -0.0581 -0.0781 0.9953
vn -0.1152 0.0281 0.9929
vn 0.1089 0.1032 0.9887
vn 0.0020 0.0391 0.9992
vn 0.0007 0.0722 0.9974
vn 0.1724 0.0007 0.9850
vn -0.1712 0.0141 0.9851
vn 0.1916 -0.0880 0.9775
vn 0.0025 0.1511 0.9885
vn -0.1254 0.0224 0.9918
vn -0.0577 -0.1293 0.9899
vn 0.2688 0.1557 0.9505
vn -0.0772 0.0278 0.9966
vn -0.0069 -0.1793 0.9838
vn 0.0974 -0.1263 0.9872
vn -0.1382 -0.0466 0.9893
vn 0.0753 -0.2070 0.9754
vn 0.0331 -0.1566 0.9871
vn -0.1009 -0.0998 0.9899
vn 0.1384 -0.0548 0.9889
vn -0.0299 -0.0200 0.9994
vn 0.0754 -0.1123 0.9908
vn -0.0318 -0.1220 0.9920
vn -0.0391 -0.0251 0.9989
vn -0.0222 0.1009 0.9946
vn 0.0299 0.0950 0.9950
vn -0.0065 0.0091 0.9999
vn 0.3151 0.4460 0.8377
vn -0.0256 0.1975 0.9800
vn -0.0944 -0.1115 0.9893
vn -0.0915 -0.0672 0.9935
vn 0.0804 -0.0442 0.9958
vn -0.0523 -0.0332 0.9981
vn -0.0178 -0.1322 0.9911
vn -0.0203 -0.1826 0.9830
vn 0.1823 -0.1627 0.9697
vn -0.1502 -0.1028 0.9833
vn 0.4280 0.0953 0.8987
vn -0.0494 -0.0784 0.9957
vn -0.1310 -0.0556 0.9898
vn 0.0594 0.2848 0.9567
vn 0.2319 0.0601 0.9709
vn -0.1585 0.0039 0.9873
vn -0.1308 0.0071 0.9914
vn 0.2196 -0.1357 0.9661
vn -0.0751 -0.0017 0.9972
vn -0.0386 0.1785 0.9832
vn 0.1695 0.0793 0.9823
vn -0.0701 0.1930 0.9787
vn 0.0187 0.2074 0.9781
vn 0.0006 0.0629 0.9980
vn -0.0382 0.0746 0.9965
vn 0.0369 0.0639 0.9973
vn -0.0796 -0.0358 0.9962
vn 0.1005 -0.0903 0.9908
vn -0.1053 -0.0947 0.9899
vn 0.0828 -0.1131 0.9901
vn 0.1786 -0.2392 0.9544
vn -0.1420 -0.2198 0.9652
vn 0.0191 -0.1339 0.9908
vn 0.0656 0.1114 0.9916
vn -0.0168 0.1460 0.9891
vn 0.0188 0.1201 0.9926
vn -0.1696 0.1339 0.9764
vn 0.1408 0.2679 0.9531
vn 0.1507 0.2307 0.9613
vn -0.1158 0.1866 0.9756
vn 0.2104 -0.0451 0.9766
vn -0.1048 -0.0501 0.9932
vn 0.1831 0.2049 0.9615
vn -0.1170 -0.0174 0.9930
vn 0.0840 -0.1211 0.9891
vn -0.1333 -0.1213 0.9836
vn 0.1774 0.1527 0.9722
vn -0.1160 0.2485 0.9617
vn 0.0435 -0.0821 0.9957
vn -0.0003 -0.0763 0.9971
vn 0.1001 -0.0004 0.9950
vn -0.0219 -0.1009 0.9947
vn 0.0134 -0.0004 0.9999
vn 0.0023 0.1235 0.9923
vn -0.0920 0.0332 0.9952
vn 0.0797 0.0291 0.9964
vn -0.1334 0.1111 0.9848
vn 0.0197 0.0376 0.9991
vn -0.0417 0.0873 0.9953
vn 0.0465 0.1541 0.9870
vn -0.0032 0.0271 0.9996
vn -0.0184 0.2073 0.9781
vn -0.0290 0.1439 0.9892
vn 0.0354 -0.1555 0.9872
vn 0.0753 -0.1263 0.9891
vn -0.0528 -0.0801 0.9954
vn -0.0754 -0.0994 0.9922
vn 0.0724 -0.1053 0.9918
vn -0.0512 -0.2044 0.9775
vn 0.2085 -0.1699 0.9632
vn -0.1116 0.0592 0.9920
vn 0.1100 0.0103 0.9939
vn -0.0075 -0.1005 0.9949
vn -0.0872 -0.0433 0.9953
vn -0.0817 -0.0786 0.9935
vn -0.0718 -0.1118 0.9911
vn 0.5904 -0.0547 0.8052
vn -0.1872 0.0052 0.9823
vn -0.0867 0.0430 0.9953
vn 0.1383 0.0279 0.9900
vn 0.0512 0.0171 0.9985
vn -0.0697 0.0418 0.9967
vn 0.1954 -0.2200 0.9557
vn 0.0692 -0.0796 0.9944
vn -0.1668 -0.0470 0.9849
vn 0.1429 -0.1099 0.9836
vn -0.0164 -0.0065 0.9998
vn -0.0785 0.1016 0.9917
vn 0.0556 0.0512 0.9971
vn -0.0799 -0.0337 0.9962
vn 0.0106 -0.0511 0.9986
vn 0.1399 -0.0479 0.9890
vn -0.1062 0.0546 0.9928
vn -0.0645 0.2080 0.9760
vn 0.0624 0.0169 0.9979
vn -0.0053 0.0081 1.0000
vn -0.0255 0.1954 0.9804
vn -0.0613 0.0929 0.9938
vn -0.0677 0.1629 0.9843
vn 0.4785 0.2039 0.8541
vn -0.0965 -0.0035 0.9953
vn 0.1388 0.0930 0.9859
vn -0.1559 0.0331 0.9872
vn 0.0713 -0.0299 0.9970
vn -0.1255 0.1695 0.9775
vn 0.1058 0.5369 0.8370
vn 0.2746 0.2467 0.9294
vn -0.1511 -0.0633 0.9865
vn -0.0171 -0.0107 0.9998
vn 0.2988 0.2479 0.9216
vn -0.0704 0.1446 0.9870
vn -0.0021 0.0692 0.9976
vn 0.2058 0.1199 0.9712
vn 0.0758 -0.1075 0.9913
vn -0.1414 -0.0649 0.9878
vn 0.1514 -0.0125 0.9884
vn -0.0168 -0.1052 0.9943
vn 0.0774 -0.0762 0.9941
vn -0.0829 -0.0091 0.9965
vn 0.0814 0.1098 0.9906
vn -0.0395 0.2703 0.9620
vn -0.0082 0.0336 0.9994
vn -0.0478 -0.1222 0.9913
vn 0.1796 -0.0141 0.9836
vn -0.1611 0.1313 0.9782
vn 0.0898 0.0058 0.9959
vn 0.0582 0.0095 0.9983
vn -0.1359 0.0663 0.9885
vn 0.0980 0.0817 0.9918
vn -0.0111 -0.0680 0.9976
vn -0.0272 -0.1435 0.9893
vn 0.2122 -0.1079 0.9713
vn -0.1784 -0.0237 0.9837
vn 0.0713 -0.0171 0.9973
vn -0.0018 -0.0819 0.9966
vn 0.0713 -0.1326 0.9886
vn -0.0231 -0.1330 0.9908
vn -0.0584 0.0141 0.9982
vn -0.0310 0.0720 0.9969
vn 0.2687 -0.0922 0.9588
vn -0.1253 -0.0875 0.9883
vn 0.0662 -0.0753 0.9950
vn -0.0874 0.0051 0.9962
vn -0.0151 -0.1186 0.9928
vn -0.0387 -0.1045 0.9938
vn 0.1589 -0.0532 0.9859
vn -0.0142 0.0872 0.9961
vn 0.1520 0.1063 0.9826
vn -0.1271 0.0032 0.9919
vn 0.1101 -0.1091 0.9879
vn -0.0230 -0.1539 0.9878
vn -0.0900 -0.0843 0.9924
vn -0.0776 -0.0481 0.9958
vn 0.2035 -0.1754 0.9632
vn 0.0627 -0.0454 0.9970
vn -0.1617 0.0434 0.9859
vn 0.0618 -0.1761 0.9824
vn 0.0428 -0.0577 0.9974
vn -0.0008 0.0581 0.9983
vn -0.1340 -0.0312 0.9905
vn 0.0915 0.0308 0.9953
vn 0.0150 -0.1042 0.9944
vn 0.0386 -0.0833 0.9958
vn -0.1206 -0.0347 0.9921
vn 0.0551 -0.1124 0.9921
vn -0.0358 -0.1060 0.9937
vn 0.1916 -0.0383 0.9807
vn 0.0516 0.1051 0.9931
vn -0.0886 0.0801 0.9928
vn 0.1351 0.0595 0.9890
vn -0.1609 -0.0645 0.9849
vn 0.1101 -0.1280 0.9856
vn 0.0190 0.0204 0.9996
vn -0.1289 0.1775 0.9756
vn 0.1339 0.2681 0.9540
vn 0.0577 0.2007 0.9779
vn 0.0761 0.0151 0.9970
vn 0.0431 0.0149 0.9990
vn -0.1225 0.0214 0.9922
vn 0.0328 0.0736 0.9967
vn -0.0405 0.0581 0.9975
vn 0.0416 0.1236 0.9915
vn -0.1448 0.1432 0.9790
vn 0.1624 0.1684 0.9723
vn 0.0896 -0.0643 0.9939
vn -0.1158 -0.0713 0.9907
vn -0.0381 0.1057 0.9937
vn 0.4721 0.1607 0.8668
vn -0.1853 0.0113 0.9826
vn -0.0148 0.0253 0.9996
vn 0.1661 0.2065 0.9642
vn -0.0333 0.3808 0.9241
vn 0.0883 0.3423 0.9354
vn -0.1832 0.1638 0.9693
vn -0.0600 0.0899 0.9941
vn 0.0729 0.0943 0.9929
vn 0.1971 0.0994 0.9753
vn -0.0194 -0.1102 0.9937
vn -0.0496 -0.1273 0.9906
vn 0.0303 -0.1513 0.9880
vn -0.1209 -0.0380 0.9919
vn 0.1030 0.0505 0.9934
vn 0.3460 -0.0416 0.9373
vn -0.1201 0.0585 0.9910
vn 0.0642 0.0032 0.9979
vn -0.0871 -0.1218 0.9887
vn 0.1508 -0.1029 0.9832
vn 0.0033 -0.0568 0.9984
vn -0.1368 -0.1147 0.9839
vn 0.2206 -0.0976 0.9705
vn -0.1072 0.0085 0.9942
vn 0.1950 0.0080 0.9808
vn -0.1946 -0.0143 0.9808
vn 0.1423 -0.0969 0.9851
vn -0.0537 -0.0324 0.9980
vn 0.1329 0.1233 0.9834
vn -0.1083 0.0796 0.9909
vn 0.2317 -0.1016 0.9675
vn -0.1435 -0.0340 0.9891
vn 0.0120 0.0272 0.9996
vn 0.1380 -0.0685 0.9881
vn 0.0466 -0.1113 0.9927
vn -0.0666 -0.1132 0.9913
vn -0.0794 -0.1000 0.9918
vn -0.0585 0.0513 0.9970
vn 0.2747 0.2697 0.9229
vn -0.1211 0.0074 0.9926
vn 0.0491 -0.0072 0.9988
vn -0.0874 0.0632 0.9942
vn -0.0027 0.0164 0.9999
vn -0.0060 -0.0103 0.9999
vn 0.0835 0.0307 0.9960
vn -0.0142 0.0648 0.9978
vn 0.1397 -0.0638 0.9881
vn -0.0872 0.1189 0.9891
vn -0.1397 0.0932 0.9858
vn 0.1358 -0.0223 0.9905
vn -0.0694 -0.1352 0.9884
vn 0.0549 0.0818 0.9951
vn 0.0236 0.0667 0.9975
vn -0.0765 -0.1461 0.9863
vn 0.1628 -0.1653 0.9727
vn -0.1701 -0.0858 0.9817
vn 0.3342 0.0958 0.9376
vn -0.0015 0.2011 0.9796
vn 0.0547 0.0410 0.9977
vn -0.0756 0.0272 0.9968
vn -0.0044 0.0237 0.9997
vn -0.0220 -0.0735 0.9970
vn 0.1373 0.1287 0.9821
vn -0.0550 0.1114 0.9922
vn -0.0364 -0.0961 0.9947
vn -0.0283 -0.1127 0.9932
vn -0.0239 -0.0250 0.9994
vn 0.1309 0.0473 0.9903
vn -0.0670 -0.1404 0.9878
vn 0.0096 -0.1175 0.9930
vn 0.0677 0.0503 0.9964
vn 0.0353 0.1241 0.9916
vn -0.0383 0.3096 0.9501
vn -0.0457 0.2571 0.9653
vn -0.0328 0.0377 0.9987
vn -0.1660 -0.0387 0.9854
vn 0.2180 -0.0800 0.9727
vn -0.0435 -0.1229 0.9915
vn -0.1407 -0.1085 0.9841
vn 0.0356 -0.1419 0.9892
vn -0.0751 -0.0714 0.9946
vn 0.1582 -0.1952 0.9679
vn 0.1579 0.0391 0.9867
vn -0.1645 0.4288 0.8883
vn -0.0293 0.1149 0.9929
vn 0.0001 0.1191 0.9929
vn 0.1214 0.0306 0.9921
vn 0.0147 -0.1555 0.9877
vn 0.0587 -0.0307 0.9978
vn -0.0381 0.0271 0.9989
vn -0.0470 0.0304 0.9984
vn 0.0162 0.1546 0.9878
vn 0.1299 -0.0066 0.9915
vn -0.0738 -0.0306 0.9968
vn -0.0991 0.0935 0.9907
vn -0.0792 0.0054 0.9968
vn 0.1739 0.0188 0.9846
vn 0.1025 0.1143 0.9882
vn -0.2347 0.0606 0.9702
vn 0.1697 -0.0499 0.9842
vn 0.0411 -0.0928 0.9948
vn 0.0988 -0.1047 0.9896
vn 0.0409 -0.0965 0.9945
vn -0.0834 -0.0471 0.9954
vn -0.1139 -0.0354 0.9929
vn -0.1182 0.0226 0.9927
vn 0.0081 -0.0518 0.9986
vn -0.0354 -0.1215 0.9920
vn -0.0440 0.0153 0.9989
vn 0.0265 0.1948 0.9805
vn -0.0039 0.1757 0.9844
vn -0.0324 0.1875 0.9817
vn 0.5499 -0.0281 0.8348
vn -0.1327 -0.0980 0.9863
vn -0.0816 0.0201 0.9965
vn 0.0653 0.0220 0.9976
vn 0.0395 0.1022 0.9940
vn -0.1390 0.0523 0.9889
vn 0.0716 -0.2022 0.9767
vn 0.0226 -0.1691 0.9853
vn -0.0649 -0.1375 0.9884
vn 0.1095 -0.1857 0.9765
vn -0.0192 -0.0869 0.9960
vn -0.0058 -0.1124 0.9936
vn 0.0461 -0.0369 0.9983
vn -0.1812 0.0611 0.9815
vn 0.1616 -0.0670 0.9846
vn 0.0660 -0.1345 0.9887
vn -0.1617 -0.0409 0.9860
vn 0.0508 0.0581 0.9970
vn -0.0258 -0.0655 0.9975
vn 0.1210 -0.1156 0.9859
vn 0.0514 -0.0848 0.9951
vn -0.0751 -0.0983 0.9923
vn -0.0382 -0.0322 0.9987
vn -0.0383 0.1805 0.9828
vn -0.1437 0.1942 0.9704
vn -0.0894 0.0864 0.9922
vn 0.2390 0.1314 0.9621
vn -0.0399 0.1236 0.9915
vn 0.0104 0.0857 0.9963
vn 0.0258 0.1506 0.9883
vn 0.0094 -0.0206 0.9997
vn 0.0439 -0.0605 0.9972
vn 0.1232 0.2563 0.9587
vn -0.1949 0.0583 0.9791
vn 0.2497 -0.1142 0.9616
vn -0.1967 0.0177 0.9803
vn -0.0186 0.1415 0.9898
vn 0.0292 -0.0131 0.9995
vn -0.0665 -0.0236 0.9975
vn 0.2998 0.1428 0.9433
vn -0.0870 0.0029 0.9962
vn -0.0614 -0.0888 0.9942
vn 0.3682 -0.0374 0.9290
vn -0.1597 0.1419 0.9769
vn -0.0366 0.1663 0.9854
vn 0.0289 0.0080 0.9996
vn -0.0845 -0.0121 0.9963
vn 0.1208 0.0640 0.9906
vn -0.1342 0.1206 0.9836
vn 0.1768 0.0954 0.9796
vn -0.0229 -0.0142 0.9996
vn -0.0380 -0.0041 0.9993
vn 0.0182 0.0218 0.9996
vn 0.0103 -0.0726 0.9973
vn -0.1242 -0.0648 0.9901
vn -0.0065 0.0924 0.9957
vn 0.1230 0.1057 0.9868
vn -0.0802 -0.0557 0.9952
vn 0.0699 -0.0309 0.9971
vn 0.0377 -0.0071 0.9993
vn -0.0775 0.0665 0.9948
vn 0.0519 0.0252 0.9983
vn 0.1841 -0.1355 0.9735
vn -0.2175 0.0153 0.9759
vn 0.2247 0.1112 0.9681
vn -0.0213 0.1503 0.9884
vn -0.0955 0.2106 0.9729
vn -0.0613 0.2000 0.9779
vn 0.0174 0.2458 0.9692
vn 0.1517 0.0862 0.9847
vn -0.0849 0.0886 0.9924
vn -0.1115 0.1907 0.9753
vn 0.3353 0.0441 0.9411
vn -0.0393 -0.0535 0.9978
vn -0.1051 -0.0227 0.9942
vn 0.1005 0.0942 0.9905
vn -0.1331 0.1058 0.9854
vn 0.4903 0.3169 0.8119
vn -0.2372 0.1396 0.9614
vn 0.1304 0.0539 0.9900
vn 0.0674 0.2363 0.9693
vn -0.0904 0.2312 0.9687
vn -0.1214 -0.0187 0.9924
vn -0.1222 0.0433 0.9916
vn -0.0257 0.0405 0.9988
vn 0.0557 0.0690 0.9961
vn -0.0927 -0.0798 0.9925
vn 0.0124 -0.0526 0.9985
vn 0.0568 0.0029 0.9984
vn 0.1762 0.0867 0.9805
vn -0.0907 0.0810 0.9926
vn -0.1151 -0.0630 0.9914
vn 0.0988 -0.1686 0.9807
vn 0.0185 -0.0915 0.9956
vn 0.0328 0.0098 0.9994
vn -0.0173 -0.1455 0.9892
vn 0.0482 -0.0966 0.9942
vn -0.0415 0.0651 0.9970
vn -0.0124 0.0337 0.9994
vn -0.0382 -0.0277 0.9989
vn 0.0522 -0.0719 0.9960
vn -0.0856 -0.0154 0.9962
vn 0.1496 0.0214 0.9885
vn -0.0575 -0.0263 0.9980
vn -0.0650 -0.0281 0.9975
vn 0.0590 -0.1011 0.9931
vn -0.0652 -0.0827 0.9944
vn 0.2734 -0.1591 0.9486
vn -0.1817 -0.1027 0.9780
vn 0.0749 -0.0664 0.9950
vn 0.1169 -0.1544 0.9811
vn -0.0620 -0.0915 0.9939
vn -0.1608 0.0777 0.9839
vn -0.0600 -0.0758 0.9953
vn -0.0489 -0.0418 0.9979
vn -0.0225 -0.1406 0.9898
vn -0.0765 -0.0551 0.9955
vn 0.2526 0.1202 0.9601
vn -0.1060 0.0283 0.9940
vn 0.1888 -0.1563 0.9695
vn -0.1066 -0.1272 0.9861
vn 0.0343 0.1253 0.9915
vn -0.1136 0.1799 0.9771
vn 0.0325 -0.1070 0.9937
vn 0.0965 -0.1331 0.9864
vn -0.0353 0.1167 0.9925
vn 0.1177 0.0796 0.9899
vn -0.0962 -0.1066 0.9896
vn 0.0341 -0.1269 0.9913
vn -0.1112 -0.1023 0.9885
vn 0.0099 -0.1880 0.9821
vn 0.0929 -0.1330 0.9868
vn 0.1496 0.0218 0.9885
vn -0.1096 0.0038 0.9940
vn 0.0438 0.0639 0.9970
vn -0.1033 0.0711 0.9921
vn 0.0375 0.0111 0.9992
vn 0.0358 -0.0447 0.9984
vn -0.1133 -0.1015 0.9884
vn 0.1171 -0.0664 0.9909
vn 0.1007 0.0407 0.9941
vn -0.0711 -0.0535 0.9960
vn 0.1210 0.0203 0.9924
vn -0.0844 -0.1189 0.9893
vn 0.0489 -0.1188 0.9917
vn -0.0172 0.1310 0.9912
vn 0.0129 0.1414 0.9899
vn 0.1058 -0.0183 0.9942
vn -0.1259 -0.0726 0.9894
vn 0.1297 -0.0269 0.9912
vn -0.0702 -0.0056 0.9975
vn 0.2184 -0.0648 0.9737
vn -0.0150 0.1555 0.9877
vn -0.2017 0.3036 0.9312
vn 0.0086 -0.0080 0.9999
vn 0.1033 -0.1802 0.9782
vn -0.0657 -0.1477 0.9868
vn 0.0953 0.0374 0.9947
vn -0.0232 0.2245 0.9742
vn -0.0847 0.2182 0.9722
vn -0.0976 0.3291 0.9392
vn 0.1701 0.1499 0.9740
vn -0.0065 -0.1280 0.9918
vn 0.0994 -0.0543 0.9936
vn -0.0825 -0.0151 0.9965
vn 0.0874 0.0226 0.9959
vn -0.0400 0.2390 0.9702
vn -0.1078 0.0295 0.9937
vn -0.0715 0.0425 0.9965
vn 0.0802 0.0114 0.9967
vn 0.1976 -0.0481 0.9791
vn -0.1134 0.1056 0.9879
vn 0.0525 -0.0571 0.9970
vn -0.1225 0.2820 0.9516
vn 0.2171 0.4982 0.8394
vn -0.0779 0.0754 0.9941
vn 0.0695 0.0662 0.9954
vn -0.0325 0.1316 0.9908
vn -0.1185 0.1099 0.9869
vn 0.2343 0.1879 0.9538
vn -0.1003 0.1470 0.9840
vn 0.0126 -0.0062 0.9999
vn 0.0927 -0.2134 0.9725
vn -0.0543 -0.1272 0.9904
vn -0.1500 0.0810 0.9854
vn 0.2938 0.2838 0.9128
vn -0.1347 0.2274 0.9644
vn 0.0647 -0.0720 0.9953
vn 0.0259 -0.1633 0.9862
vn -0.0296 -0.0953 0.9950
vn -0.0029 -0.0664 0.9978
vn -0.0291 0.0111 0.9995
vn -0.1261 -0.0219 0.9918
vn 0.5793 0.0346 0.8144
vn -0.2065 0.1225 0.9708
vn 0.0473 -0.0680 0.9966
vn 0.0977 -0.1353 0.9860
vn -0.1883 0.0423 0.9812
vn 0.1239 0.1280 0.9840
vn -0.0781 0.1775 0.9810
vn 0.2814 0.1372 0.9497
vn -0.1016 -0.0247 0.9945
vn -0.0628 0.0132 0.9979
vn -0.0324 -0.0631 0.9975
vn 0.0409 -0.1274 0.9910
vn -0.0794 -0.0084 0.9968
vn 0.0514 -0.0126 0.9986
vn 0.0161 -0.0383 0.9991
vn -0.0068 0.1477 0.9890
vn -0.0824 -0.0308 0.9961
vn 0.0566 -0.1317 0.9897
vn -0.0595 0.0949 0.9937
vn 0.0853 0.3049 0.9486
vn -0.0539 0.1011 0.9934
vn -0.1263 -0.1051 0.9864
vn 0.1224 -0.2403 0.9630
vn 0.0075 -0.1792 0.9838
vn -0.0748 0.0526 0.9958
vn -0.0067 -0.0035 1.0000
vn 0.0435 -0.0472 0.9979
vn 0.0752 0.0691 0.9948
vn 0.0058 0.0879 0.9961
vn -0.1834 0.0807 0.9797
vn 0.3212 -0.1391 0.9368
vn -0.0129 -0.1076 0.9941
vn -0.1140 0.1466 0.9826
vn 0.1117 0.0569 0.9921
vn -0.0520 0.0197 0.9985
vn -0.0300 0.0170 0.9994
vn 0.0725 -0.0328 0.9968
vn -0.0376 -0.0591 0.9975
vn -0.0364 -0.0905 0.9952
vn 0.0358 0.0296 0.9989
vn -0.1755 -0.0003 0.9845
vn 0.0489 -0.1010 0.9937
vn 0.0578 -0.0834 0.9948
vn -0.0182 -0.0034 0.9998
vn 0.0662 0.0011 0.9978
vn -0.0138 -0.1130 0.9935
vn -0.1304 -0.0364 0.9908
vn 0.2216 0.1339 0.9659
vn -0.0872 -0.0707 0.9937
vn 0.1110 -0.1822 0.9770
vn -0.0546 -0.0227 0.9983
vn -0.1534 0.2502 0.9560
vn 0.0246 0.3834 0.9233
vn 0.1811 0.2952 0.9381
vn -0.1274 -0.0349 0.9912
vn -0.0236 -0.0753 0.9969
vn 0.3656 0.2054 0.9078
vn -0.0168 0.1612 0.9868
vn -0.0189 0.0164 0.9997
vn -0.1678 -0.0191 0.9856
vn 0.0466 -0.0480 0.9978
vn 0.1158 -0.1391 0.9835
vn 0.0450 -0.1085 0.9931
vn 0.0233 0.0716 0.9972
vn -0.0852 -0.0209 0.9961
vn 0.0224 -0.0108 0.9997
vn 0.1261 0.1529 0.9802
vn -0.1232 0.0901 0.9883
vn 0.0459 0.1537 0.9871
vn -0.0223 0.0187 0.9996
vn -0.1329 -0.0775 0.9881
vn 0.0844 0.0835 0.9929
vn 0.0113 0.0207 0.9997
vn 0.0946 -0.0069 0.9955
vn -0.1069 -0.0812 0.9910
vn -0.0098 -0.1362 0.9906
vn -0.0308 -0.1031 0.9942
vn 0.1182 -0.1639 0.9794
vn -0.1304 -0.0698 0.9890
vn 0.1277 -0.0463 0.9907
vn 0.0430 -0.1098 0.9930
vn 0.0191 -0.0979 0.9950
vn -0.0686 -0.0723 0.9950
vn 0.0346 -0.1618 0.9862
vn -0.0423 0.0914 0.9949
vn -0.0366 0.3018 0.9527
vn 0.0132 -0.1645 0.9863
vn 0.0995 -0.2382 0.9661
vn -0.0878 -0.0977 0.9913
vn -0.0406 -0.0031 0.9992
vn -0.0290 0.1322 0.9908
vn 0.0661 0.0928 0.9935
vn -0.0255 -0.0795 0.9965
vn 0.1724 -0.1830 0.9679
vn -0.1549 -0.0356 0.9873
vn 0.2165 -0.0049 0.9763
vn -0.0328 -0.0964 0.9948
vn 0.0455 -0.0497 0.9977
vn 0.0001 0.0580 0.9983
vn 0.0371 0.2232 0.9741
vn 0.1131 0.1442 0.9831
vn -0.0522 0.0860 0.9949
vn 0.0225 0.0235 0.9995
vn 0.0766 0.0456 0.9960
vn -0.1644 0.0564 0.9848
vn 0.0705 0.1756 0.9819
vn 0.0357 0.3039 0.9520
vn -0.0802 0.1541 0.9848
vn -0.0486 -0.0246 0.9985
vn 0.0375 -0.0386 0.9986
vn 0.0842 -0.0121 0.9964
vn 0.1459 0.1299 0.9807
vn -0.1726 0.0400 0.9842
vn 0.1353 0.1197 0.9835
vn 0.1410 0.0487 0.9888
vn -0.1264 -0.0702 0.9895
vn -0.1433 0.0321 0.9892
vn 0.2520 0.0293 0.9673
vn -0.0566 -0.0191 0.9982
vn 0.1670 0.1040 0.9805
vn -0.0745 0.0841 0.9937
vn 0.0267 0.0477 0.9985
vn -0.1501 0.0306 0.9882
vn 0.4066 0.1241 0.9051
vn -0.1680 0.0214 0.9856
vn 0.3310 0.0578 0.9418
vn -0.1781 0.0287 0.9836
vn 0.0625 -0.1595 0.9852
vn 0.0553 -0.1690 0.9841
vn 0.1305 -0.1442 0.9809
vn 0.1831 -0.2378 0.9539
vn -0.0911 -0.1418 0.9857
vn 0.2142 -0.0506 0.9755
vn -0.0674 -0.0370 0.9970
vn 0.0130 -0.0083 0.9999
vn -0.0856 -0.0306 0.9959
vn 0.0898 -0.1798 0.9796
vn 0.1444 0.1855 0.9720
vn -0.1394 0.5600 0.8167
vn -0.1625 0.1943 0.9674
vn 0.0777 -0.0382 0.9962
vn 0.1677 -0.1101 0.9797
vn -0.1723 -0.0160 0.9849
vn 0.1812 -0.0360 0.9828
vn -0.0666 -0.1019 0.9926
vn -0.0247 -0.0535 0.9983
vn 0.0688 0.2171 0.9737
vn 0.0103 0.2693 0.9630
vn -0.0600 0.0690 0.9958
vn 0.0298 -0.1157 0.9928
vn 0.0871 -0.0694 0.9938
vn -0.1017 -0.0087 0.9948
vn -0.0079 0.0253 0.9996
vn 0.0470 -0.0766 0.9960
vn -0.0166 -0.0558 0.9983
vn 0.0764 -0.0586 0.9954
vn -0.1054 -0.1050 0.9889
vn 0.2069 0.3358 0.9189
vn -0.0887 0.1645 0.9824
vn 0.0120 -0.1377 0.9904
vn -0.0707 0.2419 0.9677
vn 0.0652 0.0611 0.9960
vn 0.1580 0.0380 0.9867
vn -0.0721 -0.0256 0.9971
vn 0.0142 -0.0615 0.9980
vn -0.0800 -0.0248 0.9965
vn -0.0325 0.0130 0.9994
vn 0.3349 -0.2440 0.9101
vn -0.0929 -0.2226 0.9705
vn -0.0767 -0.0693 0.9946
vn -0.1153 0.0102 0.9933
vn 0.1602 -0.1298 0.9785
vn -0.0664 -0.0614 0.9959
vn 0.2006 0.1019 0.9744
vn -0.0396 0.2630 0.9640
vn -0.0516 0.2090 0.9765
vn 0.1659 0.0263 0.9858
vn -0.0530 -0.0007 0.9986
vn -0.1044 0.0196 0.9943
vn -0.0892 0.0318 0.9955
vn 0.2419 -0.0442 0.9693
vn -0.0906 0.0394 0.9951
vn -0.0067 0.0290 0.9996
vn -0.0813 -0.0044 0.9967
vn 0.1523 -0.0127 0.9883
vn -0.0928 -0.0402 0.9949
vn 0.0869 0.0729 0.9935
vn 0.0735 -0.1309 0.9887
vn -0.0788 -0.1161 0.9901
vn -0.0271 0.1193 0.9925
vn -0.2117 -0.0909 0.9731
vn 0.0487 -0.0991 0.9939
vn 0.2872 0.0065 0.9578
vn 0.0330 -0.1353 0.9903
vn -0.1415 -0.0643 0.9878
vn 0.0923 0.0828 0.9923
vn 0.0269 0.0011 0.9996
vn 0.1737 -0.0331 0.9842
vn -0.1890 0.1414 0.9717
vn 0.0321 0.0673 0.9972
vn 0.1269 -0.1525 0.9801
vn -0.2164 -0.0770 0.9733
vn 0.0543 -0.0644 0.9964
vn 0.0779 -0.0517 0.9956
vn 0.2193 -0.0470 0.9745
vn -0.1078 0.1354 0.9849
vn -0.1030 0.1050 0.9891
vn 0.1325 0.2215 0.9661
vn -0.0974 0.2088 0.9731
vn -0.0265 -0.0942 0.9952
vn 0.0539 -0.1263 0.9905
vn -0.0333 -0.0060 0.9994
vn 0.0422 0.0895 0.9951
vn 0.0197 0.0667 0.9976
vn 0.0209 0.0729 0.9971
vn 0.1255 -0.1200 0.9848
vn -0.0519 -0.1542 0.9867
vn -0.0932 -0.0782 0.9926
vn 0.0984 -0.0273 0.9948
vn -0.0708 0.1293 0.9891
vn 0.0328 0.1861 0.9820
vn 0.1013 -0.0584 0.9931
vn -0.0377 -0.0442 0.9983
vn -0.1466 -0.0236 0.9889
vn -0.2105 0.2198 0.9526
vn -0.0893 -0.1478 0.9850
vn 0.0730 0.0178 0.9972
vn 0.0250 -0.0859 0.9960
vn -0.0324 0.0566 0.9979
vn -0.0496 0.0373 0.9981
vn -0.1191 -0.0314 0.9924
vn -0.0167 0.0465 0.9988
vn -0.0659 0.0857 0.9941
vn -0.0946 -0.0636 0.9935
vn 0.0807 0.1182 0.9897
vn 0.2513 -0.0728 0.9652
vn 0.0466 -0.0498 0.9977
vn -0.0251 -0.0604 0.9979
vn 0.0792 0.0616 0.9949
vn 0.1371 0.0161 0.9904
vn 0.1483 0.0436 0.9880
vn 0.2096 -0.1318 0.9689
vn 0.1435 0.0884 0.9857
vn -0.0671 0.1527 0.9860
vn -0.0086 -0.1486 0.9889
vn 0.0382 0.0711 0.9967
vn -0.0130 0.0318 0.9994
vn 0.0323 0.0032 0.9995
vn -0.1815 -0.0185 0.9832
vn -0.2238 0.1096 0.9685
vn 0.0612 -0.1879 0.9803
vn 0.0770 0.1502 0.9857
vn 0.0129 -0.0738 0.9972
vn 0.0087 -0.0499 0.9987
vn -0.0658 0.1416 0.9877
vn 0.0730 0.1240 0.9896
vn 0.1335 -0.1410 0.9810
vn -0.1102 -0.0574 0.9923
vn 0.0837 -0.0276 0.9961
vn -0.1121 0.0492 0.9925
vn 0.0383 0.0089 0.9992
vn -0.0919 -0.0323 0.9952
vn 0.3390 -0.0040 0.9408
vn -0.0468 -0.1319 0.9902
vn -0.2120 -0.0121 0.9772
vn 0.0469 0.0956 0.9943
vn 0.1368 -0.0234 0.9903
vn -0.0095 -0.1589 0.9873
vn -0.0405 -0.1809 0.9827
vn 0.1486 -0.0735 0.9862
vn -0.0258 0.0440 0.9987
vn 0.1473 0.1139 0.9825
vn -0.1783 0.0598 0.9821
vn 0.2702 -0.0969 0.9579
vn -0.0648 -0.1502 0.9865
vn 0.0061 -0.0505 0.9987
vn -0.1150 0.0992 0.9884
vn 0.1608 -0.0002 0.9870
vn -0.0649 -0.0826 0.9945
vn -0.0510 -0.0575 0.9970
vn 0.0338 -0.0510 0.9981
vn 0.1494 -0.0627 0.9868
vn -0.2431 -0.0046 0.9700
vn 0.2347 -0.0559 0.9704
vn -0.0936 0.3034 0.9482
vn -0.0878 -0.0619 0.9942
vn 0.0127 -0.0690 0.9975
vn 0.0058 -0.1537 0.9881
vn 0.1874 0.2300 0.9550
vn 0.2920 0.0513 0.9550
vn 0.2863 0.0818 0.9546
vn 0.0827 -0.0916 0.9924
vn 0.1615 -0.0552 0.9853
vn 0.4908 0.1706 0.8544
vn 0.1630 -0.1398 0.9767
vn 0.1356 0.1518 0.9791
vn 0.0959 -0.0481 0.9942
vn 0.0592 -0.0908 0.9941
vn 0.0708 0.4315 0.8993
vn -0.1020 -0.1254 0.9868
vn -0.0361 0.0044 0.9993
vn 0.2663 0.1846 0.9460
vn 0.0615 0.1018 0.9929
vn -0.0160 -0.1900 0.9817
vn -0.0159 -0.1470 0.9890
vn -0.0680 0.4100 0.9096
vn -0.0403 -0.0707 0.9967
vn -0.1973 -0.0330 0.9798
vn -0.2788 0.0380 0.9596
vn -0.1444 0.0031 0.9895
vn 0.1188 -0.1184 0.9858
vn 0.2368 0.0115 0.9715
vn 0.0702 0.0423 0.9966
vn -0.2094 0.1162 0.9709
vn 0.0199 -0.1150 -0.9932
vn -0.2499 0.0822 -0.9648
vn 0.0017 -0.0484 -0.9988
vn 0.1015 -0.0150 -0.9947
vn -0.1346 0.0285 -0.9905
vn -0.0015 -0.0729 -0.9973
vn 0.0579 0.1260 -0.9903
vn -0.0527 0.2351 -0.9705
vn 0.0806 0.0426 -0.9958
vn -0.1071 0.0028 -0.9942
vn 0.1357 -0.0886 -0.9868
vn -0.2731 -0.5509 -0.7886
vn 0.1410 -0.2354 -0.9616
vn -0.1106 0.0696 -0.9914
vn 0.0103 0.1785 -0.9839
vn 0.1360 0.1511 -0.9791
vn -0.2449 0.2340 -0.9409
vn 0.0581 0.0582 -0.9966
vn 0.1574 -0.1187 -0.9804
vn -0.2307 -0.1750 -0.9572
vn 0.0117 -0.1583 -0.9873
vn -0.0013 -0.0422 -0.9991
vn 0.0352 0.0332 -0.9988
vn -0.0748 0.0401 -0.9964
vn 0.0825 0.0178 -0.9964
vn 0.0438 0.1133 -0.9926
vn -0.0161 0.0985 -0.9950
vn -0.3774 -0.1170 -0.9186
vn 0.1700 0.0233 -0.9852
vn -0.0543 0.1412 -0.9885
vn 0.2058 -0.1160 -0.9717
vn -0.2480 -0.1055 -0.9630
vn -0.0231 0.0640 -0.9977
vn 0.1170 0.0363 -0.9925
vn -0.1848 -0.0021 -0.9828
vn 0.0745 0.1154 -0.9905
vn 0.0961 0.0523 -0.9940
vn 0.0166 0.0531 -0.9984
vn -0.1721 0.1188 -0.9779
vn -0.0456 -0.0594 -0.9972
vn 0.0487 0.0012 -0.9988
vn -0.3596 0.0730 -0.9302
vn 0.2461 0.0203 -0.9690
vn -0.1322 -0.1490 -0.9800
vn 0.1139 -0.1899 -0.9752
vn 0.1271 -0.1698 -0.9772
vn -0.0648 -0.0637 -0.9959
vn -0.2327 0.0828 -0.9690
vn 0.1779 0.0571 -0.9824
vn -0.1142 0.1703 -0.9788
vn -0.0639 0.1472 -0.9870
vn 0.0183 0.0049 -0.9998
vn 0.0419 -0.0440 -0.9982
vn 0.0564 0.0788 -0.9953
vn -0.0054 0.1311 -0.9914
vn 0.0952 -0.0123 -0.9954
vn -0.3341 -0.2147 -0.9178
vn -0.1521 -0.0455 -0.9873
vn 0.1568 -0.0591 -0.9859
vn -0.0979 -0.3127 -0.9448
vn 0.1507 -0.1506 -0.9770
vn 0.0038 -0.1445 -0.9895
vn -0.0044 -0.0398 -0.9992
vn 0.0714 -0.0666 -0.9952
vn -0.0213 0.0326 -0.9992
vn 0.0849 0.0245 -0.9961
vn -0.2633 -0.2343 -0.9358
vn 0.2238 -0.2049 -0.9529
vn -0.2430 -0.0922 -0.9656
vn -0.0040 0.1030 -0.9947
vn 0.0445 0.0811 -0.9957
vn -0.0904 0.1834 -0.9789
vn -0.0151 0.0931 -0.9955
vn -0.0809 -0.0862 -0.9930
vn 0.1004 0.0494 -0.9937
vn 0.1110 0.0493 -0.9926
vn -0.0158 -0.0041 -0.9999
vn -0.1006 0.0063 -0.9949
vn 0.0257 -0.1462 -0.9889
vn 0.0882 -0.2808 -0.9557
vn -0.2185 -0.1138 -0.9692
vn 0.0757 0.0436 -0.9962
vn -0.0422 0.0768 -0.9962
vn 0.1168 -0.0833 -0.9897
vn 0.0397 -0.0558 -0.9977
vn -0.2341 -0.1632 -0.9584
vn -0.0398 -0.0911 -0.9951
vn -0.0171 0.0949 -0.9953
vn 0.0295 0.0837 -0.9961
vn -0.1478 0.0754 -0.9861
vn 0.0315 0.1722 -0.9846
vn 0.0558 0.1283 -0.9902
vn 0.0023 0.1292 -0.9916
vn -0.0817 0.0429 -0.9957
vn 0.1092 -0.0775 -0.9910
vn -0.0737 -0.1318 -0.9885
vn -0.1127 0.0120 -0.9936
vn 0.1189 0.0436 -0.9920
vn -0.1149 -0.1814 -0.9767
vn 0.1183 -0.0849 -0.9893
vn -0.0309 -0.0195 -0.9993
vn 0.0988 0.0142 -0.9950
vn -0.2969 0.1267 -0.9465
vn 0.0033 0.0846 -0.9964
vn 0.1135 0.0575 -0.9919
vn 0.0457 -0.0023 -0.9990
vn -0.2053 -0.2348 -0.9501
vn 0.0159 -0.2620 -0.9649
vn -0.1247 -0.0855 -0.9885
vn 0.1325 0.0142 -0.9911
vn -0.0485 0.0270 -0.9985
vn 0.0472 -0.0375 -0.9982
vn 0.0154 -0.0463 -0.9988
vn -0.0146 0.0453 -0.9989
vn 0.0208 -0.1677 -0.9856
vn -0.2185 -0.1230 -0.9681
vn 0.0571 -0.0249 -0.9981
vn 0.0697 -0.0164 -0.9974
vn 0.0370 0.0765 -0.9964
vn -0.2174 0.0787 -0.9729
vn -0.1303 0.0303 -0.9910
vn -0.0008 -0.1995 -0.9799
vn 0.0716 -0.1818 -0.9807
vn -0.0147 0.0693 -0.9975
vn 0.0391 0.1454 -0.9886
vn -0.1009 0.1122 -0.9885
vn -0.0256 0.0286 -0.9993
vn 0.0833 0.0162 -0.9964
vn -0.1069 0.1204 -0.9870
vn 0.0668 0.0113 -0.9977
vn 0.0929 0.0194 -0.9955
vn 0.0168 0.0228 -0.9996
vn -0.2308 -0.1152 -0.9662
vn 0.0007 0.0243 -0.9997
vn 0.0929 0.0036 -0.9957
vn -0.1265 -0.1379 -0.9823
vn 0.0007 0.0478 -0.9989
vn 0.0004 0.1746 -0.9846
vn 0.0191 0.1319 -0.9911
vn 0.0655 0.0978 -0.9930
vn -0.0377 0.0469 -0.9982
vn -0.1073 -0.0152 -0.9941
vn 0.0655 -0.1034 -0.9925
vn 0.0173 -0.1307 -0.9913
vn -0.1375 -0.0313 -0.9900
vn -0.0163 -0.0914 -0.9957
vn 0.0446 0.0108 -0.9989
vn 0.0529 -0.0290 -0.9982
vn -0.0441 -0.3019 -0.9523
vn 0.0925 0.0108 -0.9957
vn -0.2789 0.0353 -0.9597
vn 0.0015 0.0996 -0.9950
vn 0.0351 0.0797 -0.9962
vn 0.0756 -0.0906 -0.9930
vn -0.0013 -0.1817 -0.9834
vn -0.0102 -0.0351 -0.9993
vn -0.1632 0.0392 -0.9858
vn 0.0699 -0.1124 -0.9912
vn 0.0558 -0.0716 -0.9959
vn -0.0960 0.0546 -0.9939
vn 0.0978 -0.1571 -0.9827
vn -0.1433 -0.4330 -0.8899
vn 0.1000 0.0154 -0.9949
vn -0.1010 0.0932 -0.9905
vn 0.0712 -0.0188 -0.9973
vn -0.1248 0.0553 -0.9906
vn 0.0435 -0.0837 -0.9955
vn 0.0791 -0.1193 -0.9897
vn -0.1720 -0.1646 -0.9713
vn 0.1742 -0.1413 -0.9745
vn -0.2493 -0.1670 -0.9539
vn 0.0877 -0.0059 -0.9961
vn -0.0705 0.1256 -0.9896
vn 0.0077 0.0085 -0.9999
vn -0.1231 -0.0935 -0.9880
vn 0.0125 0.0247 -0.9996
vn 0.1029 0.0322 -0.9942
vn -0.1750 -0.0637 -0.9825
vn 0.0251 0.0089 -0.9996
vn 0.1769 -0.0656 -0.9820
vn -0.2321 -0.1452 -0.9618
vn 0.0713 -0.0548 -0.9960
vn -0.1669 -0.1937 -0.9667
vn 0.0628 -0.1659 -0.9841
vn 0.0494 -0.0456 -0.9977
vn 0.0882 -0.0109 -0.9960
vn -0.1727 0.0188 -0.9848
vn -0.0096 0.0733 -0.9973
vn 0.0935 0.0236 -0.9953
vn -0.3012 -0.1983 -0.9327
vn 0.0155 -0.1450 -0.9893
vn 0.0591 0.0931 -0.9939
vn 0.1142 -0.0258 -0.9931
vn -0.1094 -0.1062 -0.9883
vn -0.0025 -0.0404 -0.9992
vn -0.0043 -0.0793 -0.9968
vn -0.1826 0.0021 -0.9832
vn 0.1672 -0.0211 -0.9857
vn -0.1905 0.0989 -0.9767
vn 0.0019 -0.1599 -0.9871
vn 0.1229 -0.0175 -0.9923
vn 0.0540 0.1236 -0.9909
vn -0.2688 -0.1414 -0.9528
vn 0.0825 -0.0289 -0.9962
vn 0.0105 0.1799 -0.9836
vn -0.1014 0.1306 -0.9862
vn 0.1399 0.0439 -0.9892
vn -0.0707 0.2011 -0.9770
vn -0.0368 0.1555 -0.9871
vn 0.1005 0.0951 -0.9904
vn -0.1336 0.0485 -0.9899
vn 0.0328 0.0219 -0.9992
vn -0.0757 0.1147 -0.9905
vn 0.0358 0.1271 -0.9913
vn 0.0385 0.0258 -0.9989
vn 0.0232 -0.1034 -0.9944
vn -0.0330 -0.0981 -0.9946
vn 0.0020 -0.0110 -0.9999
vn -0.2696 -0.4541 -0.8492
vn 0.0109 -0.2252 -0.9743
vn 0.1050 0.1243 -0.9867
vn 0.0891 0.0639 -0.9940
vn -0.0793 0.0443 -0.9959
vn 0.0535 0.0325 -0.9980
vn 0.0186 0.1279 -0.9916
vn 0.0158 0.1731 -0.9848
vn -0.1923 0.1562 -0.9688
vn 0.1428 0.0995 -0.9847
vn -0.4050 -0.0822 -0.9106
vn 0.0624 0.0720 -0.9955
vn 0.1302 0.0528 -0.9901
vn -0.0575 -0.2835 -0.9572
vn -0.2431 -0.0721 -0.9673
vn 0.1704 0.0023 -0.9854
vn 0.1208 -0.0036 -0.9927
vn -0.2190 0.1236 -0.9679
vn 0.0787 0.0030 -0.9969
vn 0.0362 -0.1733 -0.9842
vn -0.1722 -0.0742 -0.9823
vn 0.0765 -0.1905 -0.9787
vn -0.0231 -0.2050 -0.9785
vn -0.0009 -0.0624 -0.9980
vn 0.0371 -0.0715 -0.9967
vn -0.0383 -0.0612 -0.9974
vn 0.0798 0.0346 -0.9962
vn -0.0991 0.0898 -0.9910
vn 0.1047 0.0939 -0.9901
vn -0.0776 0.1118 -0.9907
vn -0.2036 0.2514 -0.9462
vn 0.1640 0.2276 -0.9598
vn -0.0165 0.1308 -0.9913
vn -0.0588 -0.1085 -0.9924
vn 0.0176 -0.1503 -0.9885
vn -0.0214 -0.1216 -0.9924
vn 0.1664 -0.1339 -0.9769
vn -0.1277 -0.2648 -0.9558
vn -0.1647 -0.2314 -0.9588
vn 0.1128 -0.1846 -0.9763
vn -0.2101 0.0355 -0.9770
vn 0.1139 0.0611 -0.9916
vn -0.1839 -0.2076 -0.9608
vn 0.1148 0.0227 -0.9931
vn -0.0801 0.1212 -0.9894
vn 0.1213 0.1123 -0.9862
vn -0.1572 -0.1384 -0.9778
vn 0.1148 -0.2469 -0.9622
vn -0.0391 0.0786 -0.9961
vn -0.0023 0.0783 -0.9969
vn -0.1015 0.0003 -0.9948
vn 0.0224 0.1053 -0.9942
vn -0.0090 0.0006 -1.0000
vn 0.0005 -0.1326 -0.9912
vn 0.0905 -0.0333 -0.9953
vn -0.0787 -0.0286 -0.9965
vn 0.1364 -0.1111 -0.9844
vn -0.0193 -0.0378 -0.9991
vn 0.0428 -0.0839 -0.9956
vn -0.0527 -0.1491 -0.9874
vn 0.0039 -0.0235 -0.9997
vn 0.0281 -0.1927 -0.9809
vn 0.0257 -0.1370 -0.9902
vn -0.0318 0.1507 -0.9881
vn -0.0742 0.1291 -0.9889
vn 0.0519 0.0814 -0.9953
vn 0.0746 0.1003 -0.9922
vn -0.0717 0.1074 -0.9916
vn 0.0419 0.2048 -0.9779
vn -0.2060 0.1766 -0.9625
vn 0.1181 -0.0630 -0.9910
vn -0.1095 -0.0113 -0.9939
vn 0.0080 0.1016 -0.9948
vn 0.0883 0.0448 -0.9951
vn 0.0736 0.0693 -0.9949
vn 0.0523 0.0929 -0.9943
vn -0.6093 0.0639 -0.7904
vn 0.2222 -0.0102 -0.9750
vn 0.0802 -0.0472 -0.9957
vn -0.1371 -0.0267 -0.9902
vn -0.0515 -0.0194 -0.9985
vn 0.0713 -0.0402 -0.9966
vn -0.1938 0.2215 -0.9557
vn -0.0749 0.0813 -0.9939
vn 0.1646 0.0462 -0.9853
vn -0.1389 0.1145 -0.9837
vn 0.0173 0.0060 -0.9998
vn 0.0796 -0.1065 -0.9911
vn -0.0557 -0.0516 -0.9971
vn 0.0793 0.0330 -0.9963
vn -0.0091 0.0483 -0.9988
vn -0.1446 0.0510 -0.9882
vn 0.1090 -0.0561 -0.9925
vn 0.0623 -0.2026 -0.9773
vn -0.0622 -0.0182 -0.9979
vn 0.0057 -0.0076 -1.0000
vn 0.0277 -0.1890 -0.9816
vn 0.0599 -0.0892 -0.9942
vn 0.0552 -0.1478 -0.9875
vn -0.5051 -0.2180 -0.8351
vn 0.1040 -0.0004 -0.9946
vn -0.1384 -0.0938 -0.9859
vn 0.1605 -0.0332 -0.9865
vn -0.0701 0.0320 -0.9970
vn 0.1334 -0.1723 -0.9760
vn -0.0910 -0.5381 -0.8379
vn -0.3215 -0.2789 -0.9049
vn 0.1682 0.0744 -0.9829
vn 0.0120 0.0121 -0.9999
vn -0.2940 -0.2467 -0.9234
vn 0.0774 -0.1493 -0.9858
vn 0.0021 -0.0707 -0.9975
vn -0.2175 -0.1187 -0.9688
vn -0.0791 0.1073 -0.9911
vn 0.1376 0.0637 -0.9884
vn -0.1464 0.0141 -0.9891
vn 0.0160 0.1023 -0.9946
vn -0.0788 0.0777 -0.9939
vn 0.0831 0.0087 -0.9965
vn -0.0772 -0.1102 -0.9909
vn 0.0360 -0.2789 -0.9597
vn 0.0059 -0.0355 -0.9994
vn 0.0443 0.1256 -0.9911
vn -0.1778 0.0255 -0.9837
vn 0.1697 -0.1388 -0.9757
vn -0.0870 -0.0084 -0.9962
vn -0.0611 -0.0074 -0.9981
vn 0.1385 -0.0727 -0.9877
vn -0.0950 -0.0826 -0.9920
vn 0.0144 0.0761 -0.9970
vn 0.0314 0.1490 -0.9883
vn -0.2209 0.1115 -0.9689
vn 0.1852 0.0235 -0.9824
vn -0.0685 0.0162 -0.9975
vn -0.0024 0.0890 -0.9960
vn -0.0771 0.1604 -0.9840
vn 0.0374 0.1485 -0.9882
vn 0.0604 -0.0157 -0.9980
vn 0.0256 -0.0688 -0.9973
vn -0.2751 0.0877 -0.9574
vn 0.1385 0.0988 -0.9854
vn -0.0639 0.0786 -0.9949
vn 0.0947 0.0011 -0.9955
vn 0.0156 0.1124 -0.9935
vn 0.0351 0.0950 -0.9949
vn -0.1563 0.0501 -0.9864
vn 0.0162 -0.0842 -0.9963
vn -0.1602 -0.1059 -0.9814
vn 0.1277 -0.0016 -0.9918
vn -0.1078 0.1094 -0.9881
vn 0.0237 0.1594 -0.9869
vn 0.0913 0.0831 -0.9924
vn 0.0720 0.0479 -0.9963
vn -0.1992 0.1708 -0.9650
vn -0.0673 0.0475 -0.9966
vn 0.1597 -0.0428 -0.9862
vn -0.0658 0.1707 -0.9831
vn -0.0410 0.0541 -0.9977
vn -0.0009 -0.0606 -0.9982
vn 0.1301 0.0297 -0.9911
vn -0.0911 -0.0276 -0.9955
vn -0.0175 0.0876 -0.9960
vn -0.0355 0.0713 -0.9968
vn 0.1208 0.0340 -0.9921
vn -0.0501 0.1060 -0.9931
vn 0.0304 0.1006 -0.9945
vn -0.1899 0.0439 -0.9808
vn -0.0521 -0.1076 -0.9928
vn 0.0834 -0.0814 -0.9932
vn -0.1429 -0.0678 -0.9874
vn 0.1624 0.0662 -0.9845
vn -0.1068 0.1275 -0.9861
vn -0.0182 -0.0202 -0.9996
vn 0.1321 -0.1768 -0.9753
vn -0.1256 -0.2613 -0.9571
vn -0.0667 -0.2061 -0.9762
vn -0.0764 -0.0152 -0.9970
vn -0.0452 -0.0165 -0.9988
vn 0.1217 -0.0218 -0.9923
vn -0.0314 -0.0728 -0.9969
vn 0.0418 -0.0568 -0.9975
vn -0.0411 -0.1172 -0.9923
vn 0.1389 -0.1406 -0.9803
vn -0.1606 -0.1688 -0.9725
vn -0.0931 0.0645 -0.9936
vn 0.1171 0.0674 -0.9908
vn 0.0288 -0.0994 -0.9946
vn -0.4893 -0.1545 -0.8583
vn 0.2092 -0.0215 -0.9776
vn 0.0146 -0.0254 -0.9996
vn -0.1584 -0.2056 -0.9657
vn 0.0440 -0.3821 -0.9231
vn -0.1116 -0.3526 -0.9291
vn 0.1829 -0.1603 -0.9700
vn 0.0549 -0.0919 -0.9943
vn -0.0702 -0.0904 -0.9934
vn -0.2066 -0.1061 -0.9727
vn 0.0246 0.1134 -0.9932
vn 0.0502 0.1289 -0.9904
vn -0.0304 0.1511 -0.9881
vn 0.1188 0.0372 -0.9922
vn -0.0992 -0.0479 -0.9939
vn -0.3445 0.0471 -0.9376
vn 0.1288 -0.0649 -0.9895
vn -0.0650 -0.0022 -0.9979
vn 0.0931 0.1309 -0.9870
vn -0.1463 0.1030 -0.9839
vn -0.0030 0.0570 -0.9984
vn 0.1311 0.1133 -0.9849
vn -0.2169 0.1022 -0.9708
vn 0.1062 -0.0120 -0.9943
vn -0.2004 -0.0057 -0.9797
vn 0.1950 0.0093 -0.9808
vn -0.1369 0.0995 -0.9856
vn 0.0587 0.0294 -0.9978
vn -0.1337 -0.1157 -0.9842
vn 0.1000 -0.0757 -0.9921
vn -0.2311 0.0923 -0.9685
vn 0.1550 0.0420 -0.9870
vn -0.0113 -0.0255 -0.9996
vn -0.1384 0.0701 -0.9879
vn -0.0497 0.1302 -0.9902
vn 0.0716 0.1308 -0.9888
vn 0.0773 0.1066 -0.9913
vn 0.0531 -0.0484 -0.9974
vn -0.2852 -0.2983 -0.9109
vn 0.1268 -0.0018 -0.9919
vn -0.0510 0.0076 -0.9987
vn 0.0873 -0.0612 -0.9943
vn 0.0026 -0.0202 -0.9998
vn 0.0092 0.0056 -0.9999
vn -0.0824 -0.0317 -0.9961
vn 0.0102 -0.0649 -0.9978
vn -0.1443 0.0679 -0.9872
vn 0.0938 -0.1257 -0.9876
vn 0.1322 -0.0921 -0.9869
vn -0.1345 0.0166 -0.9908
vn 0.0712 0.1358 -0.9882
vn -0.0452 -0.0809 -0.9957
vn -0.0256 -0.0669 -0.9974
vn 0.0839 0.1343 -0.9874
vn -0.1631 0.1541 -0.9745
vn 0.1632 0.0835 -0.9831
vn -0.3147 -0.0843 -0.9455
vn 0.0064 -0.2068 -0.9784
vn -0.0555 -0.0412 -0.9976
vn 0.0766 -0.0251 -0.9967
vn 0.0038 -0.0230 -0.9997
vn 0.0197 0.0698 -0.9974
vn -0.1322 -0.1229 -0.9836
vn 0.0525 -0.1077 -0.9928
vn 0.0389 0.0942 -0.9948
vn 0.0282 0.1103 -0.9935
vn 0.0220 0.0230 -0.9995
vn -0.1328 -0.0468 -0.9900
vn 0.0702 0.1468 -0.9867
vn -0.0078 0.1204 -0.9927
vn -0.0653 -0.0515 -0.9965
vn -0.0319 -0.1270 -0.9914
vn 0.0444 -0.3199 -0.9464
vn 0.0384 -0.2620 -0.9643
vn 0.0323 -0.0371 -0.9988
vn 0.1653 0.0517 -0.9849
vn -0.2140 0.0737 -0.9740
vn 0.0444 0.1272 -0.9909
vn 0.1373 0.1082 -0.9846
vn -0.0354 0.1360 -0.9901
vn 0.0744 0.0692 -0.9948
vn -0.1594 0.1890 -0.9690
vn -0.1661 -0.0311 -0.9856
vn 0.1701 -0.4303 -0.8865
vn 0.0278 -0.1130 -0.9932
vn 0.0008 -0.1146 -0.9934
vn -0.1238 -0.0348 -0.9917
vn -0.0042 0.1635 -0.9865
vn -0.0588 0.0305 -0.9978
vn 0.0401 -0.0322 -0.9987
vn 0.0476 -0.0335 -0.9983
vn -0.0157 -0.1633 -0.9864
vn -0.1343 0.0051 -0.9909
vn 0.0784 0.0338 -0.9963
vn 0.0998 -0.0930 -0.9906
vn 0.0766 -0.0054 -0.9970
vn -0.1654 -0.0171 -0.9861
vn -0.1110 -0.1197 -0.9866
vn 0.2323 -0.0545 -0.9711
vn -0.1583 0.0469 -0.9863
vn -0.0415 0.0937 -0.9947
vn -0.1020 0.1117 -0.9885
vn -0.0460 0.1095 -0.9929
vn 0.0866 0.0534 -0.9948
vn 0.1115 0.0355 -0.9931
vn 0.1200 -0.0230 -0.9925
vn -0.0058 0.0463 -0.9989
vn 0.0350 0.1153 -0.9927
vn 0.0447 -0.0165 -0.9989
vn -0.0236 -0.1838 -0.9827
vn 0.0034 -0.1678 -0.9858
vn 0.0119 -0.1681 -0.9857
vn -0.5887 0.0084 -0.8083
vn 0.1433 0.1001 -0.9846
vn 0.0825 -0.0184 -0.9964
vn -0.0621 -0.0229 -0.9978
vn -0.0417 -0.1030 -0.9938
vn 0.1373 -0.0469 -0.9894
vn -0.0653 0.1947 -0.9787
vn -0.0228 0.1692 -0.9853
vn 0.0590 0.1359 -0.9890
vn -0.1076 0.1879 -0.9763
vn 0.0222 0.0871 -0.9960
vn 0.0031 0.1122 -0.9937
vn -0.0493 0.0405 -0.9980
vn 0.1792 -0.0610 -0.9819
vn -0.1492 0.0582 -0.9871
vn -0.0700 0.1373 -0.9880
vn 0.1605 0.0397 -0.9862
vn -0.0495 -0.0557 -0.9972
vn 0.0256 0.0638 -0.9976
vn -0.1180 0.1115 -0.9867
vn -0.0530 0.0842 -0.9950
vn 0.0752 0.0973 -0.9924
vn 0.0358 0.0313 -0.9989
vn 0.0439 -0.1844 -0.9819
vn 0.1411 -0.1925 -0.9711
vn 0.0841 -0.0876 -0.9926
vn -0.2357 -0.1241 -0.9639
vn 0.0416 -0.1271 -0.9910
vn -0.0102 -0.0852 -0.9963
vn -0.0277 -0.1528 -0.9879
vn -0.0079 0.0255 -0.9996
vn -0.0451 0.0619 -0.9971
vn -0.1190 -0.2540 -0.9599
vn 0.1884 -0.0608 -0.9802
vn -0.2520 0.1173 -0.9606
vn 0.2067 -0.0232 -0.9781
vn 0.0162 -0.1312 -0.9912
vn -0.0291 0.0079 -0.9995
vn 0.0608 0.0192 -0.9980
vn -0.3015 -0.1291 -0.9447
vn 0.0963 -0.0042 -0.9953
vn 0.0523 0.0817 -0.9953
vn -0.3766 0.0557 -0.9247
vn 0.1804 -0.1511 -0.9719
vn 0.0316 -0.1633 -0.9861
vn -0.0305 -0.0080 -0.9995
vn 0.0767 0.0023 -0.9971
vn -0.1222 -0.0618 -0.9906
vn 0.1321 -0.1144 -0.9846
vn -0.1711 -0.0948 -0.9807
vn 0.0264 0.0096 -0.9996
vn 0.0402 0.0017 -0.9992
vn -0.0173 -0.0224 -0.9996
vn -0.0125 0.0758 -0.9970
vn 0.1216 0.0676 -0.9903
vn 0.0071 -0.0907 -0.9958
vn -0.1285 -0.1160 -0.9849
vn 0.0838 0.0623 -0.9945
vn -0.0690 0.0333 -0.9971
vn -0.0388 0.0070 -0.9992
vn 0.0773 -0.0644 -0.9949
vn -0.0526 -0.0294 -0.9982
vn -0.1958 0.1456 -0.9698
vn 0.2179 -0.0155 -0.9759
vn -0.2179 -0.1138 -0.9693
vn 0.0261 -0.1515 -0.9881
vn 0.0988 -0.2187 -0.9708
vn 0.0615 -0.2005 -0.9778
vn -0.0203 -0.2450 -0.9693
vn -0.1542 -0.0927 -0.9837
vn 0.0921 -0.0850 -0.9921
vn 0.0975 -0.1853 -0.9778
vn -0.3362 -0.0561 -0.9401
vn 0.0474 0.0583 -0.9972
vn 0.1020 0.0250 -0.9945
vn -0.1003 -0.0958 -0.9903
vn 0.1193 -0.1139 -0.9863
vn -0.4865 -0.3049 -0.8187
vn 0.2582 -0.1616 -0.9525
vn -0.1198 -0.0552 -0.9913
vn -0.0636 -0.2441 -0.9677
vn 0.0883 -0.2367 -0.9676
vn 0.1148 0.0206 -0.9932
vn 0.1456 -0.0477 -0.9882
vn 0.0267 -0.0410 -0.9988
vn -0.0573 -0.0745 -0.9956
vn 0.0923 0.0814 -0.9924
vn -0.0127 0.0515 -0.9986
vn -0.0566 -0.0026 -0.9984
vn -0.1801 -0.0861 -0.9799
vn 0.0960 -0.0865 -0.9916
vn 0.1108 0.0665 -0.9916
vn -0.0949 0.1604 -0.9825
vn -0.0201 0.0929 -0.9955
vn -0.0320 -0.0116 -0.9994
vn 0.0151 0.1510 -0.9884
vn -0.0512 0.1054 -0.9931
vn 0.0410 -0.0683 -0.9968
vn 0.0130 -0.0333 -0.9994
vn 0.0395 0.0310 -0.9987
vn -0.0544 0.0769 -0.9956
vn 0.0810 0.0131 -0.9966
vn -0.1497 -0.0229 -0.9885
vn 0.0635 0.0287 -0.9976
vn 0.0641 0.0281 -0.9975
vn -0.0597 0.1008 -0.9931
vn 0.0586 0.0890 -0.9943
vn -0.2902 0.1589 -0.9437
vn 0.1985 0.1247 -0.9721
vn -0.0705 0.0684 -0.9952
vn -0.1244 0.1652 -0.9784
vn 0.0637 0.0983 -0.9931
vn 0.1551 -0.0779 -0.9848
vn 0.0720 0.0865 -0.9936
vn 0.0488 0.0417 -0.9979
vn 0.0208 0.1388 -0.9901
vn 0.0716 0.0523 -0.9961
vn -0.2521 -0.1153 -0.9608
vn 0.1036 -0.0265 -0.9943
vn -0.1895 0.1559 -0.9694
vn 0.1096 0.1279 -0.9857
vn -0.0273 -0.1204 -0.9924
vn 0.1109 -0.1672 -0.9797
vn -0.0223 0.0935 -0.9954
vn -0.0935 0.1293 -0.9872
vn 0.0396 -0.1189 -0.9921
vn -0.1227 -0.0833 -0.9889
vn 0.0954 0.1047 -0.9899
vn -0.0354 0.1215 -0.9920
vn 0.1108 0.0964 -0.9892
vn -0.0074 0.1722 -0.9850
vn -0.0889 0.1288 -0.9877
vn -0.1533 -0.0225 -0.9879
vn 0.1146 -0.0048 -0.9934
vn -0.0423 -0.0623 -0.9972
vn 0.1024 -0.0694 -0.9923
vn -0.0371 -0.0116 -0.9992
vn -0.0366 0.0419 -0.9985
vn 0.1120 0.0997 -0.9887
vn -0.1109 0.0671 -0.9916
vn -0.1028 -0.0375 -0.9940
vn 0.0733 0.0515 -0.9960
vn -0.1174 -0.0147 -0.9930
vn 0.0739 0.1011 -0.9921
vn -0.0400 0.0989 -0.9943
vn 0.0209 -0.1233 -0.9921
vn -0.0130 -0.1369 -0.9905
vn -0.1091 0.0125 -0.9940
vn 0.1242 0.0723 -0.9896
vn -0.1303 0.0261 -0.9911
vn 0.0726 0.0057 -0.9973
vn -0.2156 0.0704 -0.9739
vn 0.0229 -0.1668 -0.9857
vn 0.1948 -0.3086 -0.9310
vn -0.0081 0.0039 -1.0000
vn -0.1048 0.1720 -0.9795
vn 0.0696 0.1431 -0.9873
vn -0.0920 -0.0350 -0.9951
vn 0.0267 -0.2261 -0.9737
vn 0.0903 -0.2164 -0.9721
vn 0.0912 -0.3194 -0.9432
vn -0.1795 -0.1550 -0.9715
vn 0.0030 0.1234 -0.9924
vn -0.1012 0.0560 -0.9933
vn 0.0858 0.0123 -0.9962
vn -0.0855 -0.0206 -0.9961
vn 0.0413 -0.2477 -0.9680
vn 0.1082 -0.0284 -0.9937
vn 0.0691 -0.0413 -0.9968
vn -0.0792 -0.0134 -0.9968
vn -0.2051 0.0476 -0.9776
vn 0.1181 -0.1041 -0.9875
vn -0.0496 0.0551 -0.9972
vn 0.1401 -0.2745 -0.9513
vn -0.2332 -0.5136 -0.8258
vn 0.0805 -0.0765 -0.9938
vn -0.0675 -0.0663 -0.9955
vn 0.0338 -0.1309 -0.9908
vn 0.1147 -0.1064 -0.9877
vn -0.2317 -0.1917 -0.9537
vn 0.1005 -0.1454 -0.9842
vn -0.0141 0.0064 -0.9999
vn -0.1012 0.2119 -0.9720
vn 0.0535 0.1322 -0.9898
vn 0.1392 -0.0809 -0.9870
vn -0.2857 -0.2891 -0.9137
vn 0.1391 -0.2285 -0.9636
vn -0.0621 0.0712 -0.9955
vn -0.0259 0.1714 -0.9849
vn 0.0242 0.1042 -0.9943
vn 0.0012 0.0758 -0.9971
vn 0.0304 -0.0098 -0.9995
vn 0.1064 0.0286 -0.9939
vn -0.5759 -0.0164 -0.8174
vn 0.2427 -0.1363 -0.9605
vn -0.0435 0.0661 -0.9969
vn -0.1038 0.1414 -0.9845
vn 0.1913 -0.0469 -0.9804
vn -0.1155 -0.1254 -0.9854
vn 0.0700 -0.1756 -0.9820
vn -0.2969 -0.1526 -0.9426
vn 0.1087 0.0263 -0.9937
vn 0.0615 -0.0132 -0.9980
vn 0.0370 0.0737 -0.9966
vn -0.0376 0.1496 -0.9880
vn 0.0849 0.0123 -0.9963
vn -0.0506 0.0135 -0.9986
vn -0.0184 0.0426 -0.9989
vn 0.0074 -0.1563 -0.9877
vn 0.0792 0.0355 -0.9962
vn -0.0546 0.1370 -0.9891
vn 0.0602 -0.0966 -0.9935
vn -0.0845 -0.3012 -0.9498
vn 0.0538 -0.0988 -0.9937
vn 0.1207 0.0994 -0.9877
vn -0.1232 0.2299 -0.9654
vn 0.0050 0.1760 -0.9844
vn 0.0730 -0.0510 -0.9960
vn 0.0035 0.0015 -1.0000
vn -0.0447 0.0427 -0.9981
vn -0.0747 -0.0666 -0.9950
vn -0.0091 -0.0870 -0.9962
vn 0.1646 -0.0709 -0.9838
vn -0.3068 0.1252 -0.9435
vn 0.0252 0.1176 -0.9927
vn 0.1150 -0.1505 -0.9819
vn -0.1154 -0.0574 -0.9917
vn 0.0527 -0.0193 -0.9984
vn 0.0276 -0.0172 -0.9995
vn -0.0714 0.0343 -0.9969
vn 0.0395 0.0605 -0.9974
vn 0.0381 0.0885 -0.9953
vn -0.0346 -0.0282 -0.9990
vn 0.1808 0.0088 -0.9835
vn -0.0467 0.0991 -0.9940
vn -0.0587 0.0834 -0.9948
vn 0.0184 0.0032 -0.9998
vn -0.0685 -0.0037 -0.9976
vn 0.0132 0.1171 -0.9930
vn 0.1250 0.0372 -0.9915
vn -0.2217 -0.1383 -0.9653
vn 0.0884 0.0715 -0.9935
vn -0.1105 0.1970 -0.9741
vn 0.0593 0.0236 -0.9980
vn 0.1608 -0.2518 -0.9543
vn -0.0265 -0.3781 -0.9254
vn -0.1999 -0.2908 -0.9357
vn 0.1309 0.0283 -0.9910
vn 0.0222 0.0735 -0.9970
vn -0.3557 -0.2104 -0.9106
vn 0.0197 -0.1749 -0.9844
vn 0.0183 -0.0165 -0.9997
vn 0.1638 0.0218 -0.9863
vn -0.0461 0.0472 -0.9978
vn -0.1167 0.1367 -0.9837
vn -0.0485 0.1135 -0.9924
vn -0.0214 -0.0780 -0.9967
vn 0.0857 0.0195 -0.9961
vn -0.0229 0.0120 -0.9997
vn -0.1306 -0.1560 -0.9791
vn 0.1260 -0.0896 -0.9880
vn -0.0438 -0.1483 -0.9880
vn 0.0240 -0.0205 -0.9995
vn 0.1323 0.0744 -0.9884
vn -0.0803 -0.0785 -0.9937
vn -0.0113 -0.0203 -0.9997
vn -0.0977 0.0064 -0.9952
vn 0.1082 0.0803 -0.9909
vn 0.0081 0.1288 -0.9916
vn 0.0305 0.0969 -0.9948
vn -0.1167 0.1554 -0.9809
vn 0.1305 0.0737 -0.9887
vn -0.1232 0.0466 -0.9913
vn -0.0478 0.1114 -0.9926
vn -0.0262 0.1059 -0.9940
vn 0.0660 0.0842 -0.9943
vn -0.0318 0.1707 -0.9848
vn 0.0469 -0.0937 -0.9945
vn 0.0219 -0.3093 -0.9507
vn -0.0113 0.1702 -0.9854
vn -0.0909 0.2453 -0.9652
vn 0.0892 0.0944 -0.9915
vn 0.0402 0.0021 -0.9992
vn 0.0277 -0.1269 -0.9915
vn -0.0708 -0.0908 -0.9933
vn 0.0229 0.0760 -0.9968
vn -0.1807 0.1848 -0.9660
vn 0.1538 0.0314 -0.9876
vn -0.2110 0.0064 -0.9775
vn 0.0367 0.0991 -0.9944
vn -0.0459 0.0528 -0.9975
vn 0.0014 -0.0635 -0.9980
vn -0.0376 -0.2327 -0.9718
vn -0.1035 -0.1450 -0.9840
vn 0.0522 -0.0929 -0.9943
vn -0.0222 -0.0241 -0.9995
vn -0.0814 -0.0469 -0.9956
vn 0.1658 -0.0539 -0.9847
vn -0.0642 -0.1732 -0.9828
vn -0.0300 -0.2941 -0.9553
vn 0.0769 -0.1505 -0.9856
vn 0.0585 0.0067 -0.9983
vn -0.0302 0.0305 -0.9991
vn -0.0829 0.0111 -0.9965
vn -0.1530 -0.1261 -0.9802
vn 0.1727 -0.0422 -0.9841
vn -0.1257 -0.1159 -0.9853
vn -0.1548 -0.0511 -0.9866
vn 0.1290 0.0735 -0.9889
vn 0.1307 -0.0310 -0.9909
vn -0.2542 -0.0309 -0.9667
vn 0.0610 0.0184 -0.9980
vn -0.1622 -0.1010 -0.9816
vn 0.0774 -0.0883 -0.9931
vn -0.0277 -0.0490 -0.9984
vn 0.1366 -0.0238 -0.9903
vn -0.4099 -0.1189 -0.9044
vn 0.1728 -0.0282 -0.9846
vn -0.3258 -0.0567 -0.9437
vn 0.1869 -0.0301 -0.9819
vn -0.0618 0.1522 -0.9864
vn -0.0518 0.1654 -0.9849
vn -0.1412 0.1538 -0.9780
vn -0.1777 0.2252 -0.9580
vn 0.0894 0.1408 -0.9860
vn -0.2128 0.0547 -0.9756
vn 0.0726 0.0368 -0.9967
vn -0.0136 0.0093 -0.9999
vn 0.0829 0.0342 -0.9960
vn -0.0915 0.1989 -0.9757
vn -0.1377 -0.1938 -0.9713
vn 0.1415 -0.6087 -0.7807
vn 0.1500 -0.1935 -0.9696
vn -0.0726 0.0356 -0.9967
vn -0.1767 0.1145 -0.9776
vn 0.1730 0.0118 -0.9848
vn -0.1760 0.0360 -0.9837
vn 0.0748 0.0968 -0.9925
vn 0.0227 0.0479 -0.9986
vn -0.0587 -0.2089 -0.9762
vn -0.0176 -0.2721 -0.9621
vn 0.0591 -0.0664 -0.9960
vn -0.0282 0.1160 -0.9929
vn -0.0898 0.0732 -0.9933
vn 0.1052 0.0061 -0.9944
vn 0.0078 -0.0244 -0.9997
vn -0.0470 0.0785 -0.9958
vn 0.0200 0.0597 -0.9980
vn -0.0781 0.0574 -0.9953
vn 0.1032 0.1089 -0.9887
vn -0.1897 -0.3212 -0.9278
vn 0.0808 -0.1570 -0.9843
vn -0.0118 0.1331 -0.9910
vn 0.0571 -0.2322 -0.9710
vn -0.0635 -0.0603 -0.9962
vn -0.1636 -0.0400 -0.9857
vn 0.0759 0.0275 -0.9967
vn -0.0138 0.0618 -0.9980
vn 0.0801 0.0238 -0.9965
vn 0.0237 -0.0053 -0.9997
vn -0.3550 0.2462 -0.9019
vn 0.0849 0.2556 -0.9630
vn 0.0834 0.0751 -0.9937
vn 0.1081 -0.0071 -0.9941
vn -0.1598 0.1242 -0.9793
vn 0.0648 0.0595 -0.9961
vn -0.1948 -0.0996 -0.9758
vn 0.0481 -0.2673 -0.9624
vn 0.0460 -0.2196 -0.9745
vn -0.1660 -0.0219 -0.9859
vn 0.0595 0.0045 -0.9982
vn 0.1049 -0.0179 -0.9943
vn 0.0789 -0.0342 -0.9963
vn -0.2465 0.0486 -0.9679
vn 0.0992 -0.0415 -0.9942
vn 0.0068 -0.0292 -0.9995
vn 0.0789 0.0064 -0.9969
vn -0.1537 0.0099 -0.9881
vn 0.0941 0.0408 -0.9947
vn -0.0817 -0.0735 -0.9939
vn -0.0847 0.1381 -0.9868
vn 0.0887 0.1218 -0.9886
vn 0.0270 -0.1161 -0.9929
vn 0.2084 0.0871 -0.9742
vn -0.0447 0.0992 -0.9941
vn -0.2911 -0.0076 -0.9567
vn -0.0308 0.1321 -0.9908
vn 0.1384 0.0649 -0.9882
vn -0.0866 -0.0818 -0.9929
vn -0.0273 -0.0002 -0.9996
vn -0.1835 0.0314 -0.9825
vn 0.1981 -0.1511 -0.9685
vn -0.0331 -0.0674 -0.9972
vn -0.1344 0.1494 -0.9796
vn 0.2124 0.0623 -0.9752
vn -0.0482 0.0516 -0.9975
vn -0.0727 0.0454 -0.9963
vn -0.2264 0.0447 -0.9730
vn 0.1222 -0.1429 -0.9822
vn 0.0966 -0.1169 -0.9884
vn -0.1212 -0.2378 -0.9637
vn 0.0974 -0.2206 -0.9705
vn 0.0300 0.0914 -0.9954
vn -0.0557 0.1198 -0.9912
vn 0.0345 0.0051 -0.9994
vn -0.0418 -0.0899 -0.9951
vn -0.0200 -0.0674 -0.9975
vn -0.0250 -0.0725 -0.9971
vn -0.1274 0.1162 -0.9850
vn 0.0536 0.1546 -0.9865
vn 0.0867 0.0727 -0.9936
vn -0.1002 0.0304 -0.9945
vn 0.0743 -0.1313 -0.9886
vn -0.0392 -0.1971 -0.9796
vn -0.0994 0.0580 -0.9934
vn 0.0383 0.0450 -0.9983
vn 0.1528 0.0183 -0.9881
vn 0.2294 -0.2333 -0.9450
vn 0.0866 0.1542 -0.9842
vn -0.0711 -0.0166 -0.9973
vn -0.0228 0.0845 -0.9962
vn 0.0331 -0.0543 -0.9980
vn 0.0491 -0.0379 -0.9981
vn 0.1201 0.0317 -0.9923
vn 0.0166 -0.0451 -0.9988
vn 0.0664 -0.0882 -0.9939
vn 0.0964 0.0606 -0.9935
vn -0.0754 -0.1156 -0.9904
vn -0.2507 0.0740 -0.9652
vn -0.0474 0.0523 -0.9975
vn 0.0254 0.0598 -0.9979
vn -0.0765 -0.0590 -0.9953
vn -0.1335 -0.0142 -0.9909
vn -0.1460 -0.0458 -0.9882
vn -0.1969 0.1281 -0.9720
vn -0.1417 -0.0880 -0.9860
vn 0.0683 -0.1618 -0.9845
vn 0.0096 0.1513 -0.9884
vn -0.0382 -0.0673 -0.9970
vn 0.0128 -0.0318 -0.9994
vn -0.0331 -0.0066 -0.9994
vn 0.1861 0.0186 -0.9824
vn 0.2395 -0.1242 -0.9629
vn -0.0665 0.1906 -0.9794
vn -0.0775 -0.1448 -0.9864
vn -0.0130 0.0785 -0.9968
vn -0.0072 0.0508 -0.9987
vn 0.0654 -0.1387 -0.9882
vn -0.0679 -0.1209 -0.9903
vn -0.1307 0.1436 -0.9810
vn 0.1089 0.0562 -0.9925
vn -0.0836 0.0271 -0.9961
vn 0.1099 -0.0497 -0.9927
vn -0.0384 -0.0075 -0.9992
vn 0.1082 0.0249 -0.9938
vn -0.3344 0.0110 -0.9424
vn 0.0410 0.1349 -0.9900
vn 0.2144 0.0096 -0.9767
vn -0.0529 -0.0952 -0.9941
vn -0.1352 0.0229 -0.9906
vn 0.0098 0.1694 -0.9855
vn 0.0425 0.1962 -0.9796
vn -0.1499 0.0739 -0.9859
vn 0.0254 -0.0444 -0.9987
vn -0.1420 -0.1107 -0.9836
vn 0.1849 -0.0645 -0.9806
vn -0.2756 0.1125 -0.9547
vn 0.0620 0.1492 -0.9869
vn -0.0081 0.0511 -0.9987
vn 0.1126 -0.0950 -0.9891
vn -0.1620 0.0057 -0.9868
vn 0.0620 0.0818 -0.9947
vn 0.0522 0.0581 -0.9969
vn -0.0324 0.0513 -0.9982
vn -0.1360 0.0648 -0.9886
vn 0.2471 0.0033 -0.9690
vn -0.2581 0.0823 -0.9626
vn 0.0964 -0.3021 -0.9484
vn 0.0864 0.0573 -0.9946
vn -0.0123 0.0688 -0.9976
vn -0.0063 0.1613 -0.9869
vn -0.2123 -0.2594 -0.9421
vn -0.3120 -0.0584 -0.9483
vn -0.3064 -0.0716 -0.9492
vn -0.0820 0.0865 -0.9929
vn -0.1639 0.0562 -0.9849
vn -0.5507 -0.1711 -0.8170
vn -0.1533 0.1312 -0.9794
vn -0.1384 -0.1550 -0.9782
vn -0.1012 0.0462 -0.9938
vn -0.0622 0.1078 -0.9922
vn -0.0815 -0.4279 -0.9002
vn 0.1038 0.1105 -0.9884
vn 0.0351 -0.0021 -0.9994
vn -0.2796 -0.2001 -0.9390
vn -0.0563 -0.0962 -0.9938
vn 0.0102 0.1835 -0.9830
vn 0.0135 0.1729 -0.9849
vn 0.0610 -0.4213 -0.9049
vn 0.0463 0.0558 -0.9974
vn 0.1848 0.0363 -0.9821
vn 0.2609 -0.0414 -0.9645
vn 0.1398 -0.0000 -0.9902
vn -0.1191 0.1151 -0.9862
vn -0.2562 -0.0044 -0.9666
vn -0.0731 -0.0339 -0.9968
vn 0.2092 -0.1138 -0.9712
vn 0.9737 -0.1677 -0.1541
vn 0.9999 0.0137 0.0018
vn 0.9905 0.1223 0.0628
vn 0.9954 -0.0955 0.0066
vn 0.9919 -0.1146 -0.0543
vn 0.9065 0.3810 -0.1820
vn 0.9627 0.0497 -0.2660
vn 0.9692 0.0123 -0.2459
vn 0.9706 -0.1751 -0.1655
vn 0.9590 0.2092 -0.1914
vn 0.9385 0.1102 -0.3273
vn 0.9420 -0.2216 -0.2519
vn 0.9678 0.2093 -0.1397
vn 0.9880 -0.1196 -0.0978
vn 0.9964 -0.0480 -0.0704
vn 0.9593 0.2746 -0.0654
vn 0.9679 -0.2455 0.0529
vn 0.9202 0.3913 -0.0100
vn 0.9710 0.1864 -0.1499
vn 0.9910 -0.0926 -0.0970
vn 0.9845 -0.1742 -0.0213
vn 0.9724 -0.2321 0.0227
vn 0.8578 0.5125 -0.0389
vn 0.9877 -0.1181 0.1027
vn 0.9437 -0.2795 0.1771
vn 0.9510 0.2162 0.2211
vn 0.9516 0.2845 0.1162
vn 0.9933 0.0946 -0.0669
vn 0.9847 -0.0601 -0.1637
vn 0.9942 -0.1012 -0.0371
vn 0.9751 -0.1654 0.1476
vn 0.9766 0.0247 0.2135
vn -0.1587 0.9851 0.0667
vn -0.1484 0.9863 0.0724
vn 0.4755 0.8793 -0.0268
vn 0.1694 0.9821 0.0823
vn -0.2910 0.9560 0.0379
vn 0.0621 0.9978 -0.0237
vn 0.1493 0.9885 -0.0220
vn 0.0976 0.9950 -0.0229
vn -0.2557 0.9635 -0.0794
vn 0.3891 0.9208 -0.0260
vn 0.2124 0.9740 0.0792
vn -0.3128 0.9469 0.0745
vn 0.0416 0.9970 0.0659
vn 0.0874 0.9952 0.0442
vn 0.2034 0.9789 -0.0189
vn -0.2357 0.9682 -0.0834
vn 0.0720 0.9882 -0.1351
vn -0.1330 0.9733 -0.1868
vn 0.2198 0.9681 -0.1200
vn 0.1130 0.9931 0.0324
vn -0.0004 0.9959 0.0906
vn -0.1532 0.9881 0.0157
vn 0.0264 0.9978 -0.0608
vn 0.0412 0.9964 -0.0746
vn 0.0346 0.9993 -0.0164
vn 0.5657 0.8237 0.0382
vn -0.2045 0.9710 0.1237
vn -0.1178 0.9895 0.0835
vn -0.0426 0.9991 0.0016
vn -0.1397 0.9845 -0.1063
vn 0.0965 0.9900 -0.1033
vn 0.4330 0.9009 -0.0297
vn -0.9830 0.1696 0.0704
vn -0.9985 -0.0391 -0.0381
vn -0.9733 0.1797 -0.1427
vn -0.7778 -0.6227 -0.0858
vn -0.9576 0.2783 -0.0752
vn -0.9396 -0.3421 0.0102
vn -0.9652 0.2600 0.0267
vn -0.9086 -0.4175 -0.0124
vn -0.9809 0.1820 -0.0683
vn -0.9864 -0.1433 -0.0799
vn -0.9984 -0.0131 -0.0556
vn -0.9941 -0.0917 -0.0578
vn -0.9906 0.1282 -0.0477
vn -0.9322 -0.3539 0.0756
vn -0.9828 0.1071 0.1506
vn -0.9921 0.0910 0.0868
vn -0.9991 0.0380 0.0170
vn -0.9928 -0.0996 0.0663
vn -0.9924 0.0116 0.1229
vn -0.9865 -0.0400 0.1591
vn -0.9815 0.0587 0.1824
vn -0.9936 0.0139 0.1117
vn -0.9860 -0.1666 0.0106
vn -0.9937 0.1119 -0.0087
vn -0.9997 -0.0220 0.0135
vn -0.9994 -0.0329 0.0122
vn -0.9951 -0.0933 -0.0323
vn -0.9558 0.2577 -0.1416
vn -0.7262 -0.6798 -0.1021
vn -0.9777 0.2097 -0.0096
vn -0.9955 -0.0753 0.0575
vn -0.9978 0.0583 0.0301
vn -0.0351 -0.9971 -0.0678
vn -0.0033 -0.9999 -0.0122
vn 0.1434 -0.9861 0.0843
vn -0.2513 -0.9657 0.0655
vn -0.2586 -0.9648 -0.0479
vn 0.2271 -0.9711 -0.0737
vn -0.2652 -0.9640 -0.0185
vn 0.2325 -0.9724 0.0191
vn -0.3616 -0.9323 -0.0008
vn 0.2530 -0.9670 -0.0306
vn -0.5744 -0.8174 0.0429
vn 0.0455 -0.9954 -0.0839
vn 0.2901 -0.9570 0.0066
vn -0.1330 -0.9904 0.0389
vn -0.1547 -0.9877 -0.0218
vn -0.1476 -0.9806 -0.1289
vn 0.1498 -0.9771 -0.1509
vn -0.1184 -0.9907 -0.0674
vn 0.0236 -0.9992 0.0325
vn -0.1104 -0.9902 0.0856
vn 0.1941 -0.9807 0.0244
vn -0.5170 -0.8557 -0.0233
vn 0.0892 -0.9886 -0.1209
vn 0.0922 -0.9950 -0.0387
vn 0.1179 -0.9924 0.0344
vn -0.3187 -0.9478 0.0143
vn 0.1028 -0.9931 -0.0562
vn 0.0774 -0.9952 -0.0602
vn -0.0487 -0.9974 -0.0538
vn -0.1824 -0.9824 -0.0406
vn 0.3018 -0.9529 -0.0301
vn -0.4620 -0.8867 0.0175
vt 0.031250 0.031250
vt 0.062500 0.031250
vt 0.062500 0.062500
vt 0.031250 0.062500
vt 0.093750 0.031250
vt 0.093750 0.062500
vt 0.125000 0.031250
vt 0.125000 0.062500
vt 0.156250 0.031250
vt 0.156250 0.062500
vt 0.187500 0.031250
vt 0.187500 0.062500
vt 0.218750 0.031250
vt 0.218750 0.062500
vt 0.250000 0.031250
vt 0.250000 0.062500
vt 0.281250 0.031250
vt 0.281250 0.062500
vt 0.312500 0.031250
vt 0.312500 0.062500
vt 0.343750 0.031250
vt 0.343750 0.062500
vt 0.375000 0.031250
vt 0.375000 0.062500
vt 0.406250 0.031250
vt 0.406250 0.062500
vt 0.437500 0.031250
vt 0.437500 0.062500
vt 0.468750 0.031250
vt 0.468750 0.062500
vt 0.500000 0.031250
vt 0.500000 0.062500
vt 0.531250 0.031250
vt 0.531250 0.062500
vt 0.562500 0.031250
vt 0.562500 0.062500
vt 0.593750 0.031250
vt 0.593750 0.062500
vt 0.625000 0.031250
vt 0.625000 0.062500
vt 0.656250 0.031250
vt 0.656250 0.062500
vt 0.687500 0.031250
vt 0.687500 0.062500
vt 0.718750 0.031250
vt 0.718750 0.062500
vt 0.750000 0.031250
vt 0.750000 0.062500
vt 0.781250 0.031250
vt 0.781250 0.062500
vt 0.812500 0.031250
vt 0.812500 0.062500
vt 0.843750 0.031250
vt 0.843750 0.062500
vt 0.875000 0.031250
vt 0.875000 0.062500
vt 0.906250 0.031250
vt 0.906250 0.062500
vt 0.937500 0.031250
vt 0.937500 0.062500
vt 0.968750 0.031250
vt 0.968750 0.062500
vt 0.062500 0.093750
vt 0.031250 0.093750
vt 0.093750 0.093750
vt 0.125000 0.093750
vt 0.156250 0.093750
vt 0.187500 0.093750
vt 0.218750 0.093750
vt 0.250000 0.093750
vt 0.281250 0.093750
vt 0.312500 0.093750
vt 0.343750 0.093750
vt 0.375000 0.093750
vt 0.406250 0.093750
vt 0.437500 0.093750
vt 0.468750 0.093750
vt 0.500000 0.093750
vt 0.531250 0.093750
vt 0.562500 0.093750
vt 0.593750 0.093750
vt 0.625000 0.093750
vt 0.656250 0.093750
vt 0.687500 0.093750
vt 0.718750 0.093750
vt 0.750000 0.093750
vt 0.781250 0.093750
vt 0.812500 0.093750
vt 0.843750 0.093750
vt 0.875000 0.093750
vt 0.906250 0.093750
vt 0.937500 0.093750
vt 0.968750 0.093750
vt 0.062500 0.125000
vt 0.031250 0.125000
vt 0.093750 0.125000
vt 0.125000 0.125000
vt 0.156250 0.125000
vt 0.187500 0.125000
vt 0.218750 0.125000
vt 0.250000 0.125000
vt 0.281250 0.125000
vt 0.312500 0.125000
vt 0.343750 0.125000
vt 0.375000 0.125000
vt 0.406250 0.125000
vt 0.437500 0.125000
vt 0.468750 0.125000
vt 0.500000 0.125000
vt 0.531250 0.125000
vt 0.562500 0.125000
vt 0.593750 0.125000
vt 0.625000 0.125000
vt 0.656250 0.125000
vt 0.687500 0.125000
vt 0.718750 0.125000
vt 0.750000 0.125000
vt 0.781250 0.125000
vt 0.812500 0.125000
vt 0.843750 0.125000
vt 0.875000 0.125000
vt 0.906250 0.125000
vt 0.937500 0.125000
vt 0.968750 0.125000
vt 0.062500 0.156250
vt 0.031250 0.156250
vt 0.093750 0.156250
vt 0.125000 0.156250
vt 0.156250 0.156250
vt 0.187500 0.156250
vt 0.218750 0.156250
vt 0.250000 0.156250
vt 0.281250 0.156250
vt 0.312500 0.156250
vt 0.343750 0.156250
vt 0.375000 0.156250
vt 0.406250 0.156250
vt 0.437500 0.156250
vt 0.468750 0.156250
vt 0.500000 0.156250
vt 0.531250 0.156250
vt 0.562500 0.156250
vt 0.593750 0.156250
vt 0.625000 0.156250
vt 0.656250 0.156250
vt 0.687500 0.156250
vt 0.718750 0.156250
vt 0.750000 0.156250
vt 0.781250 0.156250
vt 0.812500 0.156250
vt 0.843750 0.156250
vt 0.875000 0.156250
vt 0.906250 0.156250
vt 0.937500 0.156250
vt 0.968750 0.156250
vt 0.062500 0.187500
vt 0.031250 0.187500
vt 0.093750 0.187500
vt 0.125000 0.187500
vt 0.156250 0.187500
vt 0.187500 0.187500
vt 0.218750 0.187500
vt 0.250000 0.187500
vt 0.281250 0.187500
vt 0.312500 0.187500
vt 0.343750 0.187500
vt 0.375000 0.187500
vt 0.406250 0.187500
vt 0.437500 0.187500
vt 0.468750 0.187500
vt 0.500000 0.187500
vt 0.531250 0.187500
vt 0.562500 0.187500
vt 0.593750 0.187500
vt 0.625000 0.187500
vt 0.656250 0.187500
vt 0.687500 0.187500
vt 0.718750 0.187500
vt 0.750000 0.187500
vt 0.781250 0.187500
vt 0.812500 0.187500
vt 0.843750 0.187500
vt 0.875000 0.187500
vt 0.906250 0.187500
vt 0.937500 0.187500
vt 0.968750 0.187500
vt 0.062500 0.218750
vt 0.031250 0.218750
vt 0.093750 0.218750
vt 0.125000 0.218750
vt 0.156250 0.218750
vt 0.187500 0.218750
vt 0.218750 0.218750
vt 0.250000 0.218750
vt 0.281250 0.218750
vt 0.312500 0.218750
vt 0.343750 0.218750
vt 0.375000 0.218750
vt 0.406250 0.218750
vt 0.437500 0.218750
vt 0.468750 0.218750
vt 0.500000 0.218750
vt 0.531250 0.218750
vt 0.562500 0.218750
vt 0.593750 0.218750
vt 0.625000 0.218750
vt 0.656250 0.218750
vt 0.687500 0.218750
vt 0.718750 0.218750
vt 0.750000 0.218750
vt 0.781250 0.218750
vt 0.812500 0.218750
vt 0.843750 0.218750
vt 0.875000 0.218750
vt 0.906250 0.218750
vt 0.937500 0.218750
vt 0.968750 0.218750
vt 0.062500 0.250000
vt 0.031250 0.250000
vt 0.093750 0.250000
vt 0.125000 0.250000
vt 0.156250 0.250000
vt 0.187500 0.250000
vt 0.218750 0.250000
vt 0.250000 0.250000
vt 0.281250 0.250000
vt 0.312500 0.250000
vt 0.343750 0.250000
vt 0.375000 0.250000
vt 0.406250 0.250000
vt 0.437500 0.250000
vt 0.468750 0.250000
vt 0.500000 0.250000
vt 0.531250 0.250000
vt 0.562500 0.250000
vt 0.593750 0.250000
vt 0.625000 0.250000
vt 0.656250 0.250000
vt 0.687500 0.250000
vt 0.718750 0.250000
vt 0.750000 0.250000
vt 0.781250 0.250000
vt 0.812500 0.250000
vt 0.843750 0.250000
vt 0.875000 0.250000
vt 0.906250 0.250000
vt 0.937500 0.250000
vt 0.968750 0.250000
vt 0.062500 0.281250
vt 0.031250 0.281250
vt 0.093750 0.281250
vt 0.125000 0.281250
vt 0.156250 0.281250
vt 0.187500 0.281250
vt 0.218750 0.281250
vt 0.250000 0.281250
vt 0.281250 0.281250
vt 0.312500 0.281250
vt 0.343750 0.281250
vt 0.375000 0.281250
vt 0.406250 0.281250
vt 0.437500 0.281250
vt 0.468750 0.281250
vt 0.500000 0.281250
vt 0.531250 0.281250
vt 0.562500 0.281250
vt 0.593750 0.281250
vt 0.625000 0.281250
vt 0.656250 0.281250
vt 0.687500 0.281250
vt 0.718750 0.281250
vt 0.750000 0.281250
vt 0.781250 0.281250
vt 0.812500 0.281250
vt 0.843750 0.281250
vt 0.875000 0.281250
vt 0.906250 0.281250
vt 0.937500 0.281250
vt 0.968750 0.281250
vt 0.062500 0.312500
vt 0.031250 0.312500
vt 0.093750 0.312500
vt 0.125000 0.312500
vt 0.156250 0.312500
vt 0.187500 0.312500
vt 0.218750 0.312500
vt 0.250000 0.312500
vt 0.281250 0.312500
vt 0.312500 0.312500
vt 0.343750 0.312500
vt 0.375000 0.312500
vt 0.406250 0.312500
vt 0.437500 0.312500
vt 0.468750 0.312500
vt 0.500000 0.312500
vt 0.531250 0.312500
vt 0.562500 0.312500
vt 0.593750 0.312500
vt 0.625000 0.312500
vt 0.656250 0.312500
vt 0.687500 0.312500
vt 0.718750 0.312500
vt 0.750000 0.312500
vt 0.781250 0.312500
vt 0.812500 0.312500
vt 0.843750 0.312500
vt 0.875000 0.312500
vt 0.906250 0.312500
vt 0.937500 0.312500
vt 0.968750 0.312500
vt 0.062500 0.343750
vt 0.031250 0.343750
vt 0.093750 0.343750
vt 0.125000 0.343750
vt 0.156250 0.343750
vt 0.187500 0.343750
vt 0.218750 0.343750
vt 0.250000 0.343750
vt 0.281250 0.343750
vt 0.312500 0.343750
vt 0.343750 0.343750
vt 0.375000 0.343750
vt 0.406250 0.343750
vt 0.437500 0.343750
vt 0.468750 0.343750
vt 0.500000 0.343750
vt 0.531250 0.343750
vt 0.562500 0.343750
vt 0.593750 0.343750
vt 0.625000 0.343750
vt 0.656250 0.343750
vt 0.687500 0.343750
vt 0.718750 0.343750
vt 0.750000 0.343750
vt 0.781250 0.343750
vt 0.812500 0.343750
vt 0.843750 0.343750
vt 0.875000 0.343750
vt 0.906250 0.343750
vt 0.937500 0.343750
vt 0.968750 0.343750
vt 0.062500 0.375000
vt 0.031250 0.375000
vt 0.093750 0.375000
vt 0.125000 0.375000
vt 0.156250 0.375000
vt 0.187500 0.375000
vt 0.218750 0.375000
vt 0.250000 0.375000
vt 0.281250 0.375000
vt 0.312500 0.375000
vt 0.343750 0.375000
vt 0.375000 0.375000
vt 0.406250 0.375000
vt 0.437500 0.375000
vt 0.468750 0.375000
vt 0.500000 0.375000
vt 0.531250 0.375000
vt 0.562500 0.375000
vt 0.593750 0.375000
vt 0.625000 0.375000
vt 0.656250 0.375000
vt 0.687500 0.375000
vt 0.718750 0.375000
vt 0.750000 0.375000
vt 0.781250 0.375000
vt 0.812500 0.375000
vt 0.843750 0.375000
vt 0.875000 0.375000
vt 0.906250 0.375000
vt 0.937500 0.375000
vt 0.968750 0.375000
vt 0.062500 0.406250
vt 0.031250 0.406250
vt 0.093750 0.406250
vt 0.125000 0.406250
vt 0.156250 0.406250
vt 0.187500 0.406250
vt 0.218750 0.406250
vt 0.250000 0.406250
vt 0.281250 0.406250
vt 0.312500 0.406250
vt 0.343750 0.406250
vt 0.375000 0.406250
vt 0.406250 0.406250
vt 0.437500 0.406250
vt 0.468750 0.406250
vt 0.500000 0.406250
vt 0.531250 0.406250
vt 0.562500 0.406250
vt 0.593750 0.406250
vt 0.625000 0.406250
vt 0.656250 0.406250
vt 0.687500 0.406250
vt 0.718750 0.406250
vt 0.750000 0.406250
vt 0.781250 0.406250
vt 0.812500 0.406250
vt 0.843750 0.406250
vt 0.875000 0.406250
vt 0.906250 0.406250
vt 0.937500 0.406250
vt 0.968750 0.406250
vt 0.062500 0.437500
vt 0.031250 0.437500
vt 0.093750 0.437500
vt 0.125000 0.437500
vt 0.156250 0.437500
vt 0.187500 0.437500
vt 0.218750 0.437500
vt 0.250000 0.437500
vt 0.281250 0.437500
vt 0.312500 0.437500
vt 0.343750 0.437500
vt 0.375000 0.437500
vt 0.406250 0.437500
vt 0.437500 0.437500
vt 0.468750 0.437500
vt 0.500000 0.437500
vt 0.531250 0.437500
vt 0.562500 0.437500
vt 0.593750 0.437500
vt 0.625000 0.437500
vt 0.656250 0.437500
vt 0.687500 0.437500
vt 0.718750 0.437500
vt 0.750000 0.437500
vt 0.781250 0.437500
vt 0.812500 0.437500
vt 0.843750 0.437500
vt 0.875000 0.437500
vt 0.906250 0.437500
vt 0.937500 0.437500
vt 0.968750 0.437500
vt 0.062500 0.468750
vt 0.031250 0.468750
vt 0.093750 0.468750
vt 0.125000 0.468750
vt 0.156250 0.468750
vt 0.187500 0.468750
vt 0.218750 0.468750
vt 0.250000 0.468750
vt 0.281250 0.468750
vt 0.312500 0.468750
vt 0.343750 0.468750
vt 0.375000 0.468750
vt 0.406250 0.468750
vt 0.437500 0.468750
vt 0.468750 0.468750
vt 0.500000 0.468750
vt 0.531250 0.468750
vt 0.562500 0.468750
vt 0.593750 0.468750
vt 0.625000 0.468750
vt 0.656250 0.468750
vt 0.687500 0.468750
vt 0.718750 0.468750
vt 0.750000 0.468750
vt 0.781250 0.468750
vt 0.812500 0.468750
vt 0.843750 0.468750
vt 0.875000 0.468750
vt 0.906250 0.468750
vt 0.937500 0.468750
vt 0.968750 0.468750
vt 0.062500 0.500000
vt 0.031250 0.500000
vt 0.093750 0.500000
vt 0.125000 0.500000
vt 0.156250 0.500000
vt 0.187500 0.500000
vt 0.218750 0.500000
vt 0.250000 0.500000
vt 0.281250 0.500000
vt 0.312500 0.500000
vt 0.343750 0.500000
vt 0.375000 0.500000
vt 0.406250 0.500000
vt 0.437500 0.500000
vt 0.468750 0.500000
vt 0.500000 0.500000
vt 0.531250 0.500000
vt 0.562500 0.500000
vt 0.593750 0.500000
vt 0.625000 0.500000
vt 0.656250 0.500000
vt 0.687500 0.500000
vt 0.718750 0.500000
vt 0.750000 0.500000
vt 0.781250 0.500000
vt 0.812500 0.500000
vt 0.843750 0.500000
vt 0.875000 0.500000
vt 0.906250 0.500000
vt 0.937500 0.500000
vt 0.968750 0.500000
vt 0.062500 0.531250
vt 0.031250 0.531250
vt 0.093750 0.531250
vt 0.125000 0.531250
vt 0.156250 0.531250
vt 0.187500 0.531250
vt 0.218750 0.531250
vt 0.250000 0.531250
vt 0.281250 0.531250
vt 0.312500 0.531250
vt 0.343750 0.531250
vt 0.375000 0.531250
vt 0.406250 0.531250
vt 0.437500 0.531250
vt 0.468750 0.531250
vt 0.500000 0.531250
vt 0.531250 0.531250
vt 0.562500 0.531250
vt 0.593750 0.531250
vt 0.625000 0.531250
vt 0.656250 0.531250
vt 0.687500 0.531250
vt 0.718750 0.531250
vt 0.750000 0.531250
vt 0.781250 0.531250
vt 0.812500 0.531250
vt 0.843750 0.531250
vt 0.875000 0.531250
vt 0.906250 0.531250
vt 0.937500 0.531250
vt 0.968750 0.531250
vt 0.062500 0.562500
vt 0.031250 0.562500
vt 0.093750 0.562500
vt 0.125000 0.562500
vt 0.156250 0.562500
vt 0.187500 0.562500
vt 0.218750 0.562500
vt 0.250000 0.562500
vt 0.281250 0.562500
vt 0.312500 0.562500
vt 0.343750 0.562500
vt 0.375000 0.562500
vt 0.406250 0.562500
vt 0.437500 0.562500
vt 0.468750 0.562500
vt 0.500000 0.562500
vt 0.531250 0.562500
vt 0.562500 0.562500
vt 0.593750 0.562500
vt 0.625000 0.562500
vt 0.656250 0.562500
vt 0.687500 0.562500
vt 0.718750 0.562500
vt 0.750000 0.562500
vt 0.781250 0.562500
vt 0.812500 0.562500
vt 0.843750 0.562500
vt 0.875000 0.562500
vt 0.906250 0.562500
vt 0.937500 0.562500
vt 0.968750 0.562500
vt 0.062500 0.593750
vt 0.031250 0.593750
vt 0.093750 0.593750
vt 0.125000 0.593750
vt 0.156250 0.593750
vt 0.187500 0.593750
vt 0.218750 0.593750
vt 0.250000 0.593750
vt 0.281250 0.593750
vt 0.312500 0.593750
vt 0.343750 0.593750
vt 0.375000 0.593750
vt 0.406250 0.593750
vt 0.437500 0.593750
vt 0.468750 0.593750
vt 0.500000 0.593750
vt 0.531250 0.593750
vt 0.562500 0.593750
vt 0.593750 0.593750
vt 0.625000 0.593750
vt 0.656250 0.593750
vt 0.687500 0.593750
vt 0.718750 0.593750
vt 0.750000 0.593750
vt 0.781250 0.593750
vt 0.812500 0.593750
vt 0.843750 0.593750
vt 0.875000 0.593750
vt 0.906250 0.593750
vt 0.937500 0.593750
vt 0.968750 0.593750
vt 0.062500 0.625000
vt 0.031250 0.625000
vt 0.093750 0.625000
vt 0.125000 0.625000
vt 0.156250 0.625000
vt 0.187500 0.625000
vt 0.218750 0.625000
vt 0.250000 0.625000
vt 0.281250 0.625000
vt 0.312500 0.625000
vt 0.343750 0.625000
vt 0.375000 0.625000
vt 0.406250 0.625000
vt 0.437500 0.625000
vt 0.468750 0.625000
vt 0.500000 0.625000
vt 0.531250 0.625000
vt 0.562500 0.625000
vt 0.593750 0.625000
vt 0.625000 0.625000
vt 0.656250 0.625000
vt 0.687500 0.625000
vt 0.718750 0.625000
vt 0.750000 0.625000
vt 0.781250 0.625000
vt 0.812500 0.625000
vt 0.843750 0.625000
vt 0.875000 0.625000
vt 0.906250 0.625000
vt 0.937500 0.625000
vt 0.968750 0.625000
vt 0.062500 0.656250
vt 0.031250 0.656250
vt 0.093750 0.656250
vt 0.125000 0.656250
vt 0.156250 0.656250
vt 0.187500 0.656250
vt 0.218750 0.656250
vt 0.250000 0.656250
vt 0.281250 0.656250
vt 0.312500 0.656250
vt 0.343750 0.656250
vt 0.375000 0.656250
vt 0.406250 0.656250
vt 0.437500 0.656250
vt 0.468750 0.656250
vt 0.500000 0.656250
vt 0.531250 0.656250
vt 0.562500 0.656250
vt 0.593750 0.656250
vt 0.625000 0.656250
vt 0.656250 0.656250
vt 0.687500 0.656250
vt 0.718750 0.656250
vt 0.750000 0.656250
vt 0.781250 0.656250
vt 0.812500 0.656250
vt 0.843750 0.656250
vt 0.875000 0.656250
vt 0.906250 0.656250
vt 0.937500 0.656250
vt 0.968750 0.656250
vt 0.062500 0.687500
vt 0.031250 0.687500
vt 0.093750 0.687500
vt 0.125000 0.687500
vt 0.156250 0.687500
vt 0.187500 0.687500
vt 0.218750 0.687500
vt 0.250000 0.687500
vt 0.281250 0.687500
vt 0.312500 0.687500
vt 0.343750 0.687500
vt 0.375000 0.687500
vt 0.406250 0.687500
vt 0.437500 0.687500
vt 0.468750 0.687500
vt 0.500000 0.687500
vt 0.531250 0.687500
vt 0.562500 0.687500
vt 0.593750 0.687500
vt 0.625000 0.687500
vt 0.656250 0.687500
vt 0.687500 0.687500
vt 0.718750 0.687500
vt 0.750000 0.687500
vt 0.781250 0.687500
vt 0.812500 0.687500
vt 0.843750 0.687500
vt 0.875000 0.687500
vt 0.906250 0.687500
vt 0.937500 0.687500
vt 0.968750 0.687500
vt 0.062500 0.718750
vt 0.031250 0.718750
vt 0.093750 0.718750
vt 0.125000 0.718750
vt 0.156250 0.718750
vt 0.187500 0.718750
vt 0.218750 0.718750
vt 0.250000 0.718750
vt 0.281250 0.718750
vt 0.312500 0.718750
vt 0.343750 0.718750
vt 0.375000 0.718750
vt 0.406250 0.718750
vt 0.437500 0.718750
vt 0.468750 0.718750
vt 0.500000 0.718750
vt 0.531250 0.718750
vt 0.562500 0.718750
vt 0.593750 0.718750
vt 0.625000 0.718750
vt 0.656250 0.718750
vt 0.687500 0.718750
vt 0.718750 0.718750
vt 0.750000 0.718750
vt 0.781250 0.718750
vt 0.812500 0.718750
vt 0.843750 0.718750
vt 0.875000 0.718750
vt 0.906250 0.718750
vt 0.937500 0.718750
vt 0.968750 0.718750
vt 0.062500 0.750000
vt 0.031250 0.750000
vt 0.093750 0.750000
vt 0.125000 0.750000
vt 0.156250 0.750000
vt 0.187500 0.750000
vt 0.218750 0.750000
vt 0.250000 0.750000
vt 0.281250 0.750000
vt 0.312500 0.750000
vt 0.343750 0.750000
vt 0.375000 0.750000
vt 0.406250 0.750000
vt 0.437500 0.750000
vt 0.468750 0.750000
vt 0.500000 0.750000
vt 0.531250 0.750000
vt 0.562500 0.750000
vt 0.593750 0.750000
vt 0.625000 0.750000
vt 0.656250 0.750000
vt 0.687500 0.750000
vt 0.718750 0.750000
vt 0.750000 0.750000
vt 0.781250 0.750000
vt 0.812500 0.750000
vt 0.843750 0.750000
vt 0.875000 0.750000
vt 0.906250 0.750000
vt 0.937500 0.750000
vt 0.968750 0.750000
vt 0.062500 0.781250
vt 0.031250 0.781250
vt 0.093750 0.781250
vt 0.125000 0.781250
vt 0.156250 0.781250
vt 0.187500 0.781250
vt 0.218750 0.781250
vt 0.250000 0.781250
vt 0.281250 0.781250
vt 0.312500 0.781250
vt 0.343750 0.781250
vt 0.375000 0.781250
vt 0.406250 0.781250
vt 0.437500 0.781250
vt 0.468750 0.781250
vt 0.500000 0.781250
vt 0.531250 0.781250
vt 0.562500 0.781250
vt 0.593750 0.781250
vt 0.625000 0.781250
vt 0.656250 0.781250
vt 0.687500 0.781250
vt 0.718750 0.781250
vt 0.750000 0.781250
vt 0.781250 0.781250
vt 0.812500 0.781250
vt 0.843750 0.781250
vt 0.875000 0.781250
vt 0.906250 0.781250
vt 0.937500 0.781250
vt 0.968750 0.781250
vt 0.062500 0.812500
vt 0.031250 0.812500
vt 0.093750 0.812500
vt 0.125000 0.812500
vt 0.156250 0.812500
vt 0.187500 0.812500
vt 0.218750 0.812500
vt 0.250000 0.812500
vt 0.281250 0.812500
vt 0.312500 0.812500
vt 0.343750 0.812500
vt 0.375000 0.812500
vt 0.406250 0.812500
vt 0.437500 0.812500
vt 0.468750 0.812500
vt 0.500000 0.812500
vt 0.531250 0.812500
vt 0.562500 0.812500
vt 0.593750 0.812500
vt 0.625000 0.812500
vt 0.656250 0.812500
vt 0.687500 0.812500
vt 0.718750 0.812500
vt 0.750000 0.812500
vt 0.781250 0.812500
vt 0.812500 0.812500
vt 0.843750 0.812500
vt 0.875000 0.812500
vt 0.906250 0.812500
vt 0.937500 0.812500
vt 0.968750 0.812500
vt 0.062500 0.843750
vt 0.031250 0.843750
vt 0.093750 0.843750
vt 0.125000 0.843750
vt 0.156250 0.843750
vt 0.187500 0.843750
vt 0.218750 0.843750
vt 0.250000 0.843750
vt 0.281250 0.843750
vt 0.312500 0.843750
vt 0.343750 0.843750
vt 0.375000 0.843750
vt 0.406250 0.843750
vt 0.437500 0.843750
vt 0.468750 0.843750
vt 0.500000 0.843750
vt 0.531250 0.843750
vt 0.562500 0.843750
vt 0.593750 0.843750
vt 0.625000 0.843750
vt 0.656250 0.843750
vt 0.687500 0.843750
vt 0.718750 0.843750
vt 0.750000 0.843750
vt 0.781250 0.843750
vt 0.812500 0.843750
vt 0.843750 0.843750
vt 0.875000 0.843750
vt 0.906250 0.843750
vt 0.937500 0.843750
vt 0.968750 0.843750
vt 0.062500 0.875000
vt 0.031250 0.875000
vt 0.093750 0.875000
vt 0.125000 0.875000
vt 0.156250 0.875000
vt 0.187500 0.875000
vt 0.218750 0.875000
vt 0.250000 0.875000
vt 0.281250 0.875000
vt 0.312500 0.875000
vt 0.343750 0.875000
vt 0.375000 0.875000
vt 0.406250 0.875000
vt 0.437500 0.875000
vt 0.468750 0.875000
vt 0.500000 0.875000
vt 0.531250 0.875000
vt 0.562500 0.875000
vt 0.593750 0.875000
vt 0.625000 0.875000
vt 0.656250 0.875000
vt 0.687500 0.875000
vt 0.718750 0.875000
vt 0.750000 0.875000
vt 0.781250 0.875000
vt 0.812500 0.875000
vt 0.843750 0.875000
vt 0.875000 0.875000
vt 0.906250 0.875000
vt 0.937500 0.875000
vt 0.968750 0.875000
vt 0.062500 0.906250
vt 0.031250 0.906250
vt 0.093750 0.906250
vt 0.125000 0.906250
vt 0.156250 0.906250
vt 0.187500 0.906250
vt 0.218750 0.906250
vt 0.250000 0.906250
vt 0.281250 0.906250
vt 0.312500 0.906250
vt 0.343750 0.906250
vt 0.375000 0.906250
vt 0.406250 0.906250
vt 0.437500 0.906250
vt 0.468750 0.906250
vt 0.500000 0.906250
vt 0.531250 0.906250
vt 0.562500 0.906250
vt 0.593750 0.906250
vt 0.625000 0.906250
vt 0.656250 0.906250
vt 0.687500 0.906250
vt 0.718750 0.906250
vt 0.750000 0.906250
vt 0.781250 0.906250
vt 0.812500 0.906250
vt 0.843750 0.906250
vt 0.875000 0.906250
vt 0.906250 0.906250
vt 0.937500 0.906250
vt 0.968750 0.906250
vt 0.062500 0.937500
vt 0.031250 0.937500
vt 0.093750 0.937500
vt 0.125000 0.937500
vt 0.156250 0.937500
vt 0.187500 0.937500
vt 0.218750 0.937500
vt 0.250000 0.937500
vt 0.281250 0.937500
vt 0.312500 0.937500
vt 0.343750 0.937500
vt 0.375000 0.937500
vt 0.406250 0.937500
vt 0.437500 0.937500
vt 0.468750 0.937500
vt 0.500000 0.937500
vt 0.531250 0.937500
vt 0.562500 0.937500
vt 0.593750 0.937500
vt 0.625000 0.937500
vt 0.656250 0.937500
vt 0.687500 0.937500
vt 0.718750 0.937500
vt 0.750000 0.937500
vt 0.781250 0.937500
vt 0.812500 0.937500
vt 0.843750 0.937500
vt 0.875000 0.937500
vt 0.906250 0.937500
vt 0.937500 0.937500
vt 0.968750 0.937500
vt 0.062500 0.968750
vt 0.031250 0.968750
vt 0.093750 0.968750
vt 0.125000 0.968750
vt 0.156250 0.968750
vt 0.187500 0.968750
vt 0.218750 0.968750
vt 0.250000 0.968750
vt 0.281250 0.968750
vt 0.312500 0.968750
vt 0.343750 0.968750
vt 0.375000 0.968750
vt 0.406250 0.968750
vt 0.437500 0.968750
vt 0.468750 0.968750
vt 0.500000 0.968750
vt 0.531250 0.968750
vt 0.562500 0.968750
vt 0.593750 0.968750
vt 0.625000 0.968750
vt 0.656250 0.968750
vt 0.687500 0.968750
vt 0.718750 0.968750
vt 0.750000 0.968750
vt 0.781250 0.968750
vt 0.812500 0.968750
vt 0.843750 0.968750
vt 0.875000 0.968750
vt 0.906250 0.968750
vt 0.937500 0.968750
vt 0.968750 0.968750
vt 0.000000 0.000000
vt 0.031250 0.000000
vt 0.000000 0.031250
vt 0.062500 0.000000
vt 0.093750 0.000000
vt 0.125000 0.000000
vt 0.156250 0.000000
vt 0.187500 0.000000
vt 0.218750 0.000000
vt 0.250000 0.000000
vt 0.281250 0.000000
vt 0.312500 0.000000
vt 0.343750 0.000000
vt 0.375000 0.000000
vt 0.406250 0.000000
vt 0.437500 0.000000
vt 0.468750 0.000000
vt 0.500000 0.000000
vt 0.531250 0.000000
vt 0.562500 0.000000
vt 0.593750 0.000000
vt 0.625000 0.000000
vt 0.656250 0.000000
vt 0.687500 0.000000
vt 0.718750 0.000000
vt 0.750000 0.000000
vt 0.781250 0.000000
vt 0.812500 0.000000
vt 0.843750 0.000000
vt 0.875000 0.000000
vt 0.906250 0.000000
vt 0.937500 0.000000
vt 0.968750 0.000000
vt 1.000000 0.000000
vt 1.000000 0.031250
vt 1.000000 0.062500
vt 1.000000 0.093750
vt 1.000000 0.125000
vt 1.000000 0.156250
vt 1.000000 0.187500
vt 1.000000 0.218750
vt 1.000000 0.250000
vt 1.000000 0.281250
vt 1.000000 0.312500
vt 1.000000 0.343750
vt 1.000000 0.375000
vt 1.000000 0.406250
vt 1.000000 0.437500
vt 1.000000 0.468750
vt 1.000000 0.500000
vt 1.000000 0.531250
vt 1.000000 0.562500
vt 1.000000 0.593750
vt 1.000000 0.625000
vt 1.000000 0.656250
vt 1.000000 0.687500
vt 1.000000 0.718750
vt 1.000000 0.750000
vt 1.000000 0.781250
vt 1.000000 0.812500
vt 1.000000 0.843750
vt 1.000000 0.875000
vt 1.000000 0.906250
vt 1.000000 0.937500
vt 1.000000 0.968750
vt 1.000000 1.000000
vt 0.968750 1.000000
vt 0.937500 1.000000
vt 0.906250 1.000000
vt 0.875000 1.000000
vt 0.843750 1.000000
vt 0.812500 1.000000
vt 0.781250 1.000000
vt 0.750000 1.000000
vt 0.718750 1.000000
vt 0.687500 1.000000
vt 0.656250 1.000000
vt 0.625000 1.000000
vt 0.593750 1.000000
vt 0.562500 1.000000
vt 0.531250 1.000000
vt 0.500000 1.000000
vt 0.468750 1.000000
vt 0.437500 1.000000
vt 0.406250 1.000000
vt 0.375000 1.000000
vt 0.343750 1.000000
vt 0.312500 1.000000
vt 0.281250 1.000000
vt 0.250000 1.000000
vt 0.218750 1.000000
vt 0.187500 1.000000
vt 0.156250 1.000000
vt 0.125000 1.000000
vt 0.093750 1.000000
vt 0.062500 1.000000
vt 0.031250 1.000000
vt 0.000000 0.968750
vt 0.000000 1.000000
vt 0.000000 0.937500
vt 0.000000 0.906250
vt 0.000000 0.875000
vt 0.000000 0.843750
vt 0.000000 0.812500
vt 0.000000 0.781250
vt 0.000000 0.750000
vt 0.000000 0.718750
vt 0.000000 0.687500
vt 0.000000 0.656250
vt 0.000000 0.625000
vt 0.000000 0.593750
vt 0.000000 0.562500
vt 0.000000 0.531250
vt 0.000000 0.500000
vt 0.000000 0.468750
vt 0.000000 0.437500
vt 0.000000 0.406250
vt 0.000000 0.375000
vt 0.000000 0.343750
vt 0.000000 0.312500
vt 0.000000 0.281250
vt 0.000000 0.250000
vt 0.000000 0.218750
vt 0.000000 0.187500
vt 0.000000 0.156250
vt 0.000000 0.125000
vt 0.000000 0.093750
vt 0.000000 0.062500
s 0
usemtl /home/alejo/mapa_gazebo.mtl
f 2323/1098/2189 2324/1099/2189 2355/1100/2189 2354/1101/2189
f 2324/1099/2190 2325/1102/2190 2356/1103/2190 2355/1100/2190
f 2325/1102/2191 2326/1104/2191 2357/1105/2191 2356/1103/2191
f 2326/1104/2192 2327/1106/2192 2358/1107/2192 2357/1105/2192
f 2327/1106/2193 2328/1108/2193 2359/1109/2193 2358/1107/2193
f 2328/1108/2194 2329/1110/2194 2360/1111/2194 2359/1109/2194
f 2329/1110/2195 2330/1112/2195 2361/1113/2195 2360/1111/2195
f 2330/1112/2196 2331/1114/2196 2362/1115/2196 2361/1113/2196
f 2331/1114/2197 2332/1116/2197 2363/1117/2197 2362/1115/2197
f 2332/1116/2198 2333/1118/2198 2364/1119/2198 2363/1117/2198
f 2333/1118/2199 2334/1120/2199 2365/1121/2199 2364/1119/2199
f 2334/1120/2200 2335/1122/2200 2366/1123/2200 2365/1121/2200
f 2335/1122/2201 2336/1124/2201 2367/1125/2201 2366/1123/2201
f 2336/1124/2202 2337/1126/2202 2368/1127/2202 2367/1125/2202
f 2337/1126/2203 2338/1128/2203 2369/1129/2203 2368/1127/2203
f 2338/1128/2204 2339/1130/2204 2370/1131/2204 2369/1129/2204
f 2339/1130/2205 2340/1132/2205 2371/1133/2205 2370/1131/2205
f 2340/1132/2206 2341/1134/2206 2372/1135/2206 2371/1133/2206
f 2341/1134/2207 2342/1136/2207 2373/1137/2207 2372/1135/2207
f 2342/1136/2208 2343/1138/2208 2374/1139/2208 2373/1137/2208
f 2343/1138/2209 2344/1140/2209 2375/1141/2209 2374/1139/2209
f 2344/1140/2210 2345/1142/2210 2376/1143/2210 2375/1141/2210
f 2345/1142/2211 2346/1144/2211 2377/1145/2211 2376/1143/2211
f 2346/1144/2212 2347/1146/2212 2378/1147/2212 2377/1145/2212
f 2347/1146/2213 2348/1148/2213 2379/1149/2213 2378/1147/2213
f 2348/1148/2214 2349/1150/2214 2380/1151/2214 2379/1149/2214
f 2349/1150/2215 2350/1152/2215 2381/1153/2215 2380/1151/2215
f 2350/1152/2216 2351/1154/2216 2382/1155/2216 2381/1153/2216
f 2351/1154/2217 2352/1156/2217 2383/1157/2217 2382/1155/2217
f 2352/1156/2218 2353/1158/2218 2384/1159/2218 2383/1157/2218
f 2354/1101/2219 2355/1100/2219 2386/1160/2219 2385/1161/2219
f 2355/1100/2220 2356/1103/2220 2387/1162/2220 2386/1160/2220
f 2356/1103/2221 2357/1105/2221 2388/1163/2221 2387/1162/2221
f 2357/1105/2222 2358/1107/2222 2389/1164/2222 2388/1163/2222
f 2358/1107/2223 2359/1109/2223 2390/1165/2223 2389/1164/2223
f 2359/1109/2224 2360/1111/2224 2391/1166/2224 2390/1165/2224
f 2360/1111/2225 2361/1113/2225 2392/1167/2225 2391/1166/2225
f 2361/1113/2226 2362/1115/2226 2393/1168/2226 2392/1167/2226
f 2362/1115/2227 2363/1117/2227 2394/1169/2227 2393/1168/2227
f 2363/1117/2228 2364/1119/2228 2395/1170/2228 2394/1169/2228
f 2364/1119/2229 2365/1121/2229 2396/1171/2229 2395/1170/2229
f 2365/1121/2230 2366/1123/2230 2397/1172/2230 2396/1171/2230
f 2366/1123/2231 2367/1125/2231 2398/1173/2231 2397/1172/2231
f 2367/1125/2232 2368/1127/2232 2399/1174/2232 2398/1173/2232
f 2368/1127/2233 2369/1129/2233 2400/1175/2233 2399/1174/2233
f 2369/1129/2234 2370/1131/2234 2401/1176/2234 2400/1175/2234
f 2370/1131/2235 2371/1133/2235 2402/1177/2235 2401/1176/2235
f 2371/1133/2236 2372/1135/2236 2403/1178/2236 2402/1177/2236
f 2372/1135/2237 2373/1137/2237 2404/1179/2237 2403/1178/2237
f 2373/1137/2238 2374/1139/2238 2405/1180/2238 2404/1179/2238
f 2374/1139/2239 2375/1141/2239 2406/1181/2239 2405/1180/2239
f 2375/1141/2240 2376/1143/2240 2407/1182/2240 2406/1181/2240
f 2376/1143/2241 2377/1145/2241 2408/1183/2241 2407/1182/2241
f 2377/1145/2242 2378/1147/2242 2409/1184/2242 2408/1183/2242
f 2378/1147/2243 2379/1149/2243 2410/1185/2243 2409/1184/2243
f 2379/1149/2244 2380/1151/2244 2411/1186/2244 2410/1185/2244
f 2380/1151/2245 2381/1153/2245 2412/1187/2245 2411/1186/2245
f 2381/1153/2246 2382/1155/2246 2413/1188/2246 2412/1187/2246
f 2382/1155/2247 2383/1157/2247 2414/1189/2247 2413/1188/2247
f 2383/1157/2248 2384/1159/2248 2415/1190/2248 2414/1189/2248
f 2385/1161/2249 2386/1160/2249 2417/1191/2249 2416/1192/2249
f 2386/1160/2250 2387/1162/2250 2418/1193/2250 2417/1191/2250
f 2387/1162/2251 2388/1163/2251 2419/1194/2251 2418/1193/2251
f 2388/1163/2252 2389/1164/2252 2420/1195/2252 2419/1194/2252
f 2389/1164/2253 2390/1165/2253 2421/1196/2253 2420/1195/2253
f 2390/1165/2254 2391/1166/2254 2422/1197/2254 2421/1196/2254
f 2391/1166/2255 2392/1167/2255 2423/1198/2255 2422/1197/2255
f 2392/1167/2256 2393/1168/2256 2424/1199/2256 2423/1198/2256
f 2393/1168/2257 2394/1169/2257 2425/1200/2257 2424/1199/2257
f 2394/1169/2258 2395/1170/2258 2426/1201/2258 2425/1200/2258
f 2395/1170/2259 2396/1171/2259 2427/1202/2259 2426/1201/2259
f 2396/1171/2260 2397/1172/2260 2428/1203/2260 2427/1202/2260
f 2397/1172/2261 2398/1173/2261 2429/1204/2261 2428/1203/2261
f 2398/1173/2262 2399/1174/2262 2430/1205/2262 2429/1204/2262
f 2399/1174/2263 2400/1175/2263 2431/1206/2263 2430/1205/2263
f 2400/1175/2264 2401/1176/2264 2432/1207/2264 2431/1206/2264
f 2401/1176/2265 2402/1177/2265 2433/1208/2265 2432/1207/2265
f 2402/1177/2266 2403/1178/2266 2434/1209/2266 2433/1208/2266
f 2403/1178/2267 2404/1179/2267 2435/1210/2267 2434/1209/2267
f 2404/1179/2268 2405/1180/2268 2436/1211/2268 2435/1210/2268
f 2405/1180/2269 2406/1181/2269 2437/1212/2269 2436/1211/2269
f 2406/1181/2270 2407/1182/2270 2438/1213/2270 2437/1212/2270
f 2407/1182/2271 2408/1183/2271 2439/1214/2271 2438/1213/2271
f 2408/1183/2272 2409/1184/2272 2440/1215/2272 2439/1214/2272
f 2409/1184/2273 2410/1185/2273 2441/1216/2273 2440/1215/2273
f 2410/1185/2274 2411/1186/2274 2442/1217/2274 2441/1216/2274
f 2411/1186/2275 2412/1187/2275 2443/1218/2275 2442/1217/2275
f 2412/1187/2276 2413/1188/2276 2444/1219/2276 2443/1218/2276
f 2413/1188/2277 2414/1189/2277 2445/1220/2277 2444/1219/2277
f 2414/1189/2278 2415/1190/2278 2446/1221/2278 2445/1220/2278
f 2416/1192/2279 2417/1191/2279 2448/1222/2279 2447/1223/2279
f 2417/1191/2280 2418/1193/2280 2449/1224/2280 2448/1222/2280
f 2418/1193/2281 2419/1194/2281 2450/1225/2281 2449/1224/2281
f 2419/1194/2282 2420/1195/2282 2451/1226/2282 2450/1225/2282
f 2420/1195/2283 2421/1196/2283 2452/1227/2283 2451/1226/2283
f 2421/1196/2284 2422/1197/2284 2453/1228/2284 2452/1227/2284
f 2422/1197/2285 2423/1198/2285 2454/1229/2285 2453/1228/2285
f 2423/1198/2286 2424/1199/2286 2455/1230/2286 2454/1229/2286
f 2424/1199/2287 2425/1200/2287 2456/1231/2287 2455/1230/2287
f 2425/1200/2288 2426/1201/2288 2457/1232/2288 2456/1231/2288
f 2426/1201/2289 2427/1202/2289 2458/1233/2289 2457/1232/2289
f 2427/1202/2290 2428/1203/2290 2459/1234/2290 2458/1233/2290
f 2428/1203/2291 2429/1204/2291 2460/1235/2291 2459/1234/2291
f 2429/1204/2292 2430/1205/2292 2461/1236/2292 2460/1235/2292
f 2430/1205/2293 2431/1206/2293 2462/1237/2293 2461/1236/2293
f 2431/1206/2294 2432/1207/2294 2463/1238/2294 2462/1237/2294
f 2432/1207/2295 2433/1208/2295 2464/1239/2295 2463/1238/2295
f 2433/1208/2296 2434/1209/2296 2465/1240/2296 2464/1239/2296
f 2434/1209/2297 2435/1210/2297 2466/1241/2297 2465/1240/2297
f 2435/1210/2298 2436/1211/2298 2467/1242/2298 2466/1241/2298
f 2436/1211/2299 2437/1212/2299 2468/1243/2299 2467/1242/2299
f 2437/1212/2300 2438/1213/2300 2469/1244/2300 2468/1243/2300
f 2438/1213/2301 2439/1214/2301 2470/1245/2301 2469/1244/2301
f 2439/1214/2302 2440/1215/2302 2471/1246/2302 2470/1245/2302
f 2440/1215/2303 2441/1216/2303 2472/1247/2303 2471/1246/2303
f 2441/1216/2304 2442/1217/2304 2473/1248/2304 2472/1247/2304
f 2442/1217/2305 2443/1218/2305 2474/1249/2305 2473/1248/2305
f 2443/1218/2306 2444/1219/2306 2475/1250/2306 2474/1249/2306
f 2444/1219/2307 2445/1220/2307 2476/1251/2307 2475/1250/2307
f 2445/1220/2308 2446/1221/2308 2477/1252/2308 2476/1251/2308
f 2447/1223/2309 2448/1222/2309 2479/1253/2309 2478/1254/2309
f 2448/1222/2310 2449/1224/2310 2480/1255/2310 2479/1253/2310
f 2449/1224/2311 2450/1225/2311 2481/1256/2311 2480/1255/2311
f 2450/1225/2312 2451/1226/2312 2482/1257/2312 2481/1256/2312
f 2451/1226/2313 2452/1227/2313 2483/1258/2313 2482/1257/2313
f 2452/1227/2314 2453/1228/2314 2484/1259/2314 2483/1258/2314
f 2453/1228/2315 2454/1229/2315 2485/1260/2315 2484/1259/2315
f 2454/1229/2316 2455/1230/2316 2486/1261/2316 2485/1260/2316
f 2455/1230/2317 2456/1231/2317 2487/1262/2317 2486/1261/2317
f 2456/1231/2318 2457/1232/2318 2488/1263/2318 2487/1262/2318
f 2457/1232/2319 2458/1233/2319 2489/1264/2319 2488/1263/2319
f 2458/1233/2320 2459/1234/2320 2490/1265/2320 2489/1264/2320
f 2459/1234/2321 2460/1235/2321 2491/1266/2321 2490/1265/2321
f 2460/1235/2322 2461/1236/2322 2492/1267/2322 2491/1266/2322
f 2461/1236/2323 2462/1237/2323 2493/1268/2323 2492/1267/2323
f 2462/1237/2324 2463/1238/2324 2494/1269/2324 2493/1268/2324
f 2463/1238/2325 2464/1239/2325 2495/1270/2325 2494/1269/2325
f 2464/1239/2326 2465/1240/2326 2496/1271/2326 2495/1270/2326
f 2465/1240/2327 2466/1241/2327 2497/1272/2327 2496/1271/2327
f 2466/1241/2328 2467/1242/2328 2498/1273/2328 2497/1272/2328
f 2467/1242/2329 2468/1243/2329 2499/1274/2329 2498/1273/2329
f 2468/1243/2330 2469/1244/2330 2500/1275/2330 2499/1274/2330
f 2469/1244/2331 2470/1245/2331 2501/1276/2331 2500/1275/2331
f 2470/1245/2332 2471/1246/2332 2502/1277/2332 2501/1276/2332
f 2471/1246/2333 2472/1247/2333 2503/1278/2333 2502/1277/2333
f 2472/1247/2334 2473/1248/2334 2504/1279/2334 2503/1278/2334
f 2473/1248/2335 2474/1249/2335 2505/1280/2335 2504/1279/2335
f 2474/1249/2336 2475/1250/2336 2506/1281/2336 2505/1280/2336
f 2475/1250/2337 2476/1251/2337 2507/1282/2337 2506/1281/2337
f 2476/1251/2338 2477/1252/2338 2508/1283/2338 2507/1282/2338
f 2478/1254/2339 2479/1253/2339 2510/1284/2339 2509/1285/2339
f 2479/1253/2340 2480/1255/2340 2511/1286/2340 2510/1284/2340
f 2480/1255/2341 2481/1256/2341 2512/1287/2341 2511/1286/2341
f 2481/1256/2342 2482/1257/2342 2513/1288/2342 2512/1287/2342
f 2482/1257/2343 2483/1258/2343 2514/1289/2343 2513/1288/2343
f 2483/1258/2344 2484/1259/2344 2515/1290/2344 2514/1289/2344
f 2484/1259/2345 2485/1260/2345 2516/1291/2345 2515/1290/2345
f 2485/1260/2346 2486/1261/2346 2517/1292/2346 2516/1291/2346
f 2486/1261/2347 2487/1262/2347 2518/1293/2347 2517/1292/2347
f 2487/1262/2348 2488/1263/2348 2519/1294/2348 2518/1293/2348
f 2488/1263/2349 2489/1264/2349 2520/1295/2349 2519/1294/2349
f 2489/1264/2350 2490/1265/2350 2521/1296/2350 2520/1295/2350
f 2490/1265/2351 2491/1266/2351 2522/1297/2351 2521/1296/2351
f 2491/1266/2352 2492/1267/2352 2523/1298/2352 2522/1297/2352
f 2492/1267/2353 2493/1268/2353 2524/1299/2353 2523/1298/2353
f 2493/1268/2354 2494/1269/2354 2525/1300/2354 2524/1299/2354
f 2494/1269/2355 2495/1270/2355 2526/1301/2355 2525/1300/2355
f 2495/1270/2356 2496/1271/2356 2527/1302/2356 2526/1301/2356
f 2496/1271/2357 2497/1272/2357 2528/1303/2357 2527/1302/2357
f 2497/1272/2358 2498/1273/2358 2529/1304/2358 2528/1303/2358
f 2498/1273/2359 2499/1274/2359 2530/1305/2359 2529/1304/2359
f 2499/1274/2360 2500/1275/2360 2531/1306/2360 2530/1305/2360
f 2500/1275/2361 2501/1276/2361 2532/1307/2361 2531/1306/2361
f 2501/1276/2362 2502/1277/2362 2533/1308/2362 2532/1307/2362
f 2502/1277/2363 2503/1278/2363 2534/1309/2363 2533/1308/2363
f 2503/1278/2364 2504/1279/2364 2535/1310/2364 2534/1309/2364
f 2504/1279/2365 2505/1280/2365 2536/1311/2365 2535/1310/2365
f 2505/1280/2366 2506/1281/2366 2537/1312/2366 2536/1311/2366
f 2506/1281/2367 2507/1282/2367 2538/1313/2367 2537/1312/2367
f 2507/1282/2368 2508/1283/2368 2539/1314/2368 2538/1313/2368
f 2509/1285/2369 2510/1284/2369 2541/1315/2369 2540/1316/2369
f 2510/1284/2370 2511/1286/2370 2542/1317/2370 2541/1315/2370
f 2511/1286/2371 2512/1287/2371 2543/1318/2371 2542/1317/2371
f 2512/1287/2372 2513/1288/2372 2544/1319/2372 2543/1318/2372
f 2513/1288/2373 2514/1289/2373 2545/1320/2373 2544/1319/2373
f 2514/1289/2374 2515/1290/2374 2546/1321/2374 2545/1320/2374
f 2515/1290/2375 2516/1291/2375 2547/1322/2375 2546/1321/2375
f 2516/1291/2376 2517/1292/2376 2548/1323/2376 2547/1322/2376
f 2517/1292/2377 2518/1293/2377 2549/1324/2377 2548/1323/2377
f 2518/1293/2378 2519/1294/2378 2550/1325/2378 2549/1324/2378
f 2519/1294/2379 2520/1295/2379 2551/1326/2379 2550/1325/2379
f 2520/1295/2380 2521/1296/2380 2552/1327/2380 2551/1326/2380
f 2521/1296/2381 2522/1297/2381 2553/1328/2381 2552/1327/2381
f 2522/1297/2382 2523/1298/2382 2554/1329/2382 2553/1328/2382
f 2523/1298/2383 2524/1299/2383 2555/1330/2383 2554/1329/2383
f 2524/1299/2384 2525/1300/2384 2556/1331/2384 2555/1330/2384
f 2525/1300/2385 2526/1301/2385 2557/1332/2385 2556/1331/2385
f 2526/1301/2386 2527/1302/2386 2558/1333/2386 2557/1332/2386
f 2527/1302/2387 2528/1303/2387 2559/1334/2387 2558/1333/2387
f 2528/1303/2388 2529/1304/2388 2560/1335/2388 2559/1334/2388
f 2529/1304/2389 2530/1305/2389 2561/1336/2389 2560/1335/2389
f 2530/1305/2390 2531/1306/2390 2562/1337/2390 2561/1336/2390
f 2531/1306/2391 2532/1307/2391 2563/1338/2391 2562/1337/2391
f 2532/1307/2392 2533/1308/2392 2564/1339/2392 2563/1338/2392
f 2533/1308/2393 2534/1309/2393 2565/1340/2393 2564/1339/2393
f 2534/1309/2394 2535/1310/2394 2566/1341/2394 2565/1340/2394
f 2535/1310/2395 2536/1311/2395 2567/1342/2395 2566/1341/2395
f 2536/1311/2396 2537/1312/2396 2568/1343/2396 2567/1342/2396
f 2537/1312/2397 2538/1313/2397 2569/1344/2397 2568/1343/2397
f 2538/1313/2398 2539/1314/2398 2570/1345/2398 2569/1344/2398
f 2540/1316/2399 2541/1315/2399 2572/1346/2399 2571/1347/2399
f 2541/1315/2400 2542/1317/2400 2573/1348/2400 2572/1346/2400
f 2542/1317/2401 2543/1318/2401 2574/1349/2401 2573/1348/2401
f 2543/1318/2402 2544/1319/2402 2575/1350/2402 2574/1349/2402
f 2544/1319/2403 2545/1320/2403 2576/1351/2403 2575/1350/2403
f 2545/1320/2404 2546/1321/2404 2577/1352/2404 2576/1351/2404
f 2546/1321/2405 2547/1322/2405 2578/1353/2405 2577/1352/2405
f 2547/1322/2406 2548/1323/2406 2579/1354/2406 2578/1353/2406
f 2548/1323/2407 2549/1324/2407 2580/1355/2407 2579/1354/2407
f 2549/1324/2408 2550/1325/2408 2581/1356/2408 2580/1355/2408
f 2550/1325/2409 2551/1326/2409 2582/1357/2409 2581/1356/2409
f 2551/1326/2410 2552/1327/2410 2583/1358/2410 2582/1357/2410
f 2552/1327/2411 2553/1328/2411 2584/1359/2411 2583/1358/2411
f 2553/1328/2412 2554/1329/2412 2585/1360/2412 2584/1359/2412
f 2554/1329/2413 2555/1330/2413 2586/1361/2413 2585/1360/2413
f 2555/1330/2414 2556/1331/2414 2587/1362/2414 2586/1361/2414
f 2556/1331/2415 2557/1332/2415 2588/1363/2415 2587/1362/2415
f 2557/1332/2416 2558/1333/2416 2589/1364/2416 2588/1363/2416
f 2558/1333/2417 2559/1334/2417 2590/1365/2417 2589/1364/2417
f 2559/1334/2418 2560/1335/2418 2591/1366/2418 2590/1365/2418
f 2560/1335/2419 2561/1336/2419 2592/1367/2419 2591/1366/2419
f 2561/1336/2420 2562/1337/2420 2593/1368/2420 2592/1367/2420
f 2562/1337/2421 2563/1338/2421 2594/1369/2421 2593/1368/2421
f 2563/1338/2422 2564/1339/2422 2595/1370/2422 2594/1369/2422
f 2564/1339/2423 2565/1340/2423 2596/1371/2423 2595/1370/2423
f 2565/1340/2424 2566/1341/2424 2597/1372/2424 2596/1371/2424
f 2566/1341/2425 2567/1342/2425 2598/1373/2425 2597/1372/2425
f 2567/1342/2426 2568/1343/2426 2599/1374/2426 2598/1373/2426
f 2568/1343/2427 2569/1344/2427 2600/1375/2427 2599/1374/2427
f 2569/1344/2428 2570/1345/2428 2601/1376/2428 2600/1375/2428
f 2571/1347/2429 2572/1346/2429 2603/1377/2429 2602/1378/2429
f 2572/1346/2430 2573/1348/2430 2604/1379/2430 2603/1377/2430
f 2573/1348/2431 2574/1349/2431 2605/1380/2431 2604/1379/2431
f 2574/1349/2432 2575/1350/2432 2606/1381/2432 2605/1380/2432
f 2575/1350/2433 2576/1351/2433 2607/1382/2433 2606/1381/2433
f 2576/1351/2434 2577/1352/2434 2608/1383/2434 2607/1382/2434
f 2577/1352/2435 2578/1353/2435 2609/1384/2435 2608/1383/2435
f 2578/1353/2436 2579/1354/2436 2610/1385/2436 2609/1384/2436
f 2579/1354/2437 2580/1355/2437 2611/1386/2437 2610/1385/2437
f 2580/1355/2438 2581/1356/2438 2612/1387/2438 2611/1386/2438
f 2581/1356/2439 2582/1357/2439 2613/1388/2439 2612/1387/2439
f 2582/1357/2440 2583/1358/2440 2614/1389/2440 2613/1388/2440
f 2583/1358/2441 2584/1359/2441 2615/1390/2441 2614/1389/2441
f 2584/1359/2442 2585/1360/2442 2616/1391/2442 2615/1390/2442
f 2585/1360/2443 2586/1361/2443 2617/1392/2443 2616/1391/2443
f 2586/1361/2444 2587/1362/2444 2618/1393/2444 2617/1392/2444
f 2587/1362/2445 2588/1363/2445 2619/1394/2445 2618/1393/2445
f 2588/1363/2446 2589/1364/2446 2620/1395/2446 2619/1394/2446
f 2589/1364/2447 2590/1365/2447 2621/1396/2447 2620/1395/2447
f 2590/1365/2448 2591/1366/2448 2622/1397/2448 2621/1396/2448
f 2591/1366/2449 2592/1367/2449 2623/1398/2449 2622/1397/2449
f 2592/1367/2450 2593/1368/2450 2624/1399/2450 2623/1398/2450
f 2593/1368/2451 2594/1369/2451 2625/1400/2451 2624/1399/2451
f 2594/1369/2452 2595/1370/2452 2626/1401/2452 2625/1400/2452
f 2595/1370/2453 2596/1371/2453 2627/1402/2453 2626/1401/2453
f 2596/1371/2454 2597/1372/2454 2628/1403/2454 2627/1402/2454
f 2597/1372/2455 2598/1373/2455 2629/1404/2455 2628/1403/2455
f 2598/1373/2456 2599/1374/2456 2630/1405/2456 2629/1404/2456
f 2599/1374/2457 2600/1375/2457 2631/1406/2457 2630/1405/2457
f 2600/1375/2458 2601/1376/2458 2632/1407/2458 2631/1406/2458
f 2602/1378/2459 2603/1377/2459 2634/1408/2459 2633/1409/2459
f 2603/1377/2460 2604/1379/2460 2635/1410/2460 2634/1408/2460
f 2604/1379/2461 2605/1380/2461 2636/1411/2461 2635/1410/2461
f 2605/1380/2462 2606/1381/2462 2637/1412/2462 2636/1411/2462
f 2606/1381/2463 2607/1382/2463 2638/1413/2463 2637/1412/2463
f 2607/1382/2464 2608/1383/2464 2639/1414/2464 2638/1413/2464
f 2608/1383/2465 2609/1384/2465 2640/1415/2465 2639/1414/2465
f 2609/1384/2466 2610/1385/2466 2641/1416/2466 2640/1415/2466
f 2610/1385/2467 2611/1386/2467 2642/1417/2467 2641/1416/2467
f 2611/1386/2468 2612/1387/2468 2643/1418/2468 2642/1417/2468
f 2612/1387/2469 2613/1388/2469 2644/1419/2469 2643/1418/2469
f 2613/1388/2470 2614/1389/2470 2645/1420/2470 2644/1419/2470
f 2614/1389/2471 2615/1390/2471 2646/1421/2471 2645/1420/2471
f 2615/1390/2472 2616/1391/2472 2647/1422/2472 2646/1421/2472
f 2616/1391/2473 2617/1392/2473 2648/1423/2473 2647/1422/2473
f 2617/1392/2474 2618/1393/2474 2649/1424/2474 2648/1423/2474
f 2618/1393/2475 2619/1394/2475 2650/1425/2475 2649/1424/2475
f 2619/1394/2476 2620/1395/2476 2651/1426/2476 2650/1425/2476
f 2620/1395/2477 2621/1396/2477 2652/1427/2477 2651/1426/2477
f 2621/1396/2478 2622/1397/2478 2653/1428/2478 2652/1427/2478
f 2622/1397/2479 2623/1398/2479 2654/1429/2479 2653/1428/2479
f 2623/1398/2480 2624/1399/2480 2655/1430/2480 2654/1429/2480
f 2624/1399/2481 2625/1400/2481 2656/1431/2481 2655/1430/2481
f 2625/1400/2482 2626/1401/2482 2657/1432/2482 2656/1431/2482
f 2626/1401/2483 2627/1402/2483 2658/1433/2483 2657/1432/2483
f 2627/1402/2484 2628/1403/2484 2659/1434/2484 2658/1433/2484
f 2628/1403/2485 2629/1404/2485 2660/1435/2485 2659/1434/2485
f 2629/1404/2486 2630/1405/2486 2661/1436/2486 2660/1435/2486
f 2630/1405/2487 2631/1406/2487 2662/1437/2487 2661/1436/2487
f 2631/1406/2488 2632/1407/2488 2663/1438/2488 2662/1437/2488
f 2633/1409/2489 2634/1408/2489 2665/1439/2489 2664/1440/2489
f 2634/1408/2490 2635/1410/2490 2666/1441/2490 2665/1439/2490
f 2635/1410/2491 2636/1411/2491 2667/1442/2491 2666/1441/2491
f 2636/1411/2492 2637/1412/2492 2668/1443/2492 2667/1442/2492
f 2637/1412/2493 2638/1413/2493 2669/1444/2493 2668/1443/2493
f 2638/1413/2494 2639/1414/2494 2670/1445/2494 2669/1444/2494
f 2639/1414/2495 2640/1415/2495 2671/1446/2495 2670/1445/2495
f 2640/1415/2496 2641/1416/2496 2672/1447/2496 2671/1446/2496
f 2641/1416/2497 2642/1417/2497 2673/1448/2497 2672/1447/2497
f 2642/1417/2498 2643/1418/2498 2674/1449/2498 2673/1448/2498
f 2643/1418/2499 2644/1419/2499 2675/1450/2499 2674/1449/2499
f 2644/1419/2500 2645/1420/2500 2676/1451/2500 2675/1450/2500
f 2645/1420/2501 2646/1421/2501 2677/1452/2501 2676/1451/2501
f 2646/1421/2502 2647/1422/2502 2678/1453/2502 2677/1452/2502
f 2647/1422/2503 2648/1423/2503 2679/1454/2503 2678/1453/2503
f 2648/1423/2504 2649/1424/2504 2680/1455/2504 2679/1454/2504
f 2649/1424/2505 2650/1425/2505 2681/1456/2505 2680/1455/2505
f 2650/1425/2506 2651/1426/2506 2682/1457/2506 2681/1456/2506
f 2651/1426/2507 2652/1427/2507 2683/1458/2507 2682/1457/2507
f 2652/1427/2508 2653/1428/2508 2684/1459/2508 2683/1458/2508
f 2653/1428/2509 2654/1429/2509 2685/1460/2509 2684/1459/2509
f 2654/1429/2510 2655/1430/2510 2686/1461/2510 2685/1460/2510
f 2655/1430/2511 2656/1431/2511 2687/1462/2511 2686/1461/2511
f 2656/1431/2512 2657/1432/2512 2688/1463/2512 2687/1462/2512
f 2657/1432/2513 2658/1433/2513 2689/1464/2513 2688/1463/2513
f 2658/1433/2514 2659/1434/2514 2690/1465/2514 2689/1464/2514
f 2659/1434/2515 2660/1435/2515 2691/1466/2515 2690/1465/2515
f 2660/1435/2516 2661/1436/2516 2692/1467/2516 2691/1466/2516
f 2661/1436/2517 2662/1437/2517 2693/1468/2517 2692/1467/2517
f 2662/1437/2518 2663/1438/2518 2694/1469/2518 2693/1468/2518
f 2664/1440/2519 2665/1439/2519 2696/1470/2519 2695/1471/2519
f 2665/1439/2520 2666/1441/2520 2697/1472/2520 2696/1470/2520
f 2666/1441/2521 2667/1442/2521 2698/1473/2521 2697/1472/2521
f 2667/1442/2522 2668/1443/2522 2699/1474/2522 2698/1473/2522
f 2668/1443/2523 2669/1444/2523 2700/1475/2523 2699/1474/2523
f 2669/1444/2524 2670/1445/2524 2701/1476/2524 2700/1475/2524
f 2670/1445/2525 2671/1446/2525 2702/1477/2525 2701/1476/2525
f 2671/1446/2526 2672/1447/2526 2703/1478/2526 2702/1477/2526
f 2672/1447/2527 2673/1448/2527 2704/1479/2527 2703/1478/2527
f 2673/1448/2528 2674/1449/2528 2705/1480/2528 2704/1479/2528
f 2674/1449/2529 2675/1450/2529 2706/1481/2529 2705/1480/2529
f 2675/1450/2530 2676/1451/2530 2707/1482/2530 2706/1481/2530
f 2676/1451/2531 2677/1452/2531 2708/1483/2531 2707/1482/2531
f 2677/1452/2532 2678/1453/2532 2709/1484/2532 2708/1483/2532
f 2678/1453/2533 2679/1454/2533 2710/1485/2533 2709/1484/2533
f 2679/1454/2534 2680/1455/2534 2711/1486/2534 2710/1485/2534
f 2680/1455/2535 2681/1456/2535 2712/1487/2535 2711/1486/2535
f 2681/1456/2536 2682/1457/2536 2713/1488/2536 2712/1487/2536
f 2682/1457/2537 2683/1458/2537 2714/1489/2537 2713/1488/2537
f 2683/1458/2538 2684/1459/2538 2715/1490/2538 2714/1489/2538
f 2684/1459/2539 2685/1460/2539 2716/1491/2539 2715/1490/2539
f 2685/1460/2540 2686/1461/2540 2717/1492/2540 2716/1491/2540
f 2686/1461/2541 2687/1462/2541 2718/1493/2541 2717/1492/2541
f 2687/1462/2542 2688/1463/2542 2719/1494/2542 2718/1493/2542
f 2688/1463/2543 2689/1464/2543 2720/1495/2543 2719/1494/2543
f 2689/1464/2544 2690/1465/2544 2721/1496/2544 2720/1495/2544
f 2690/1465/2545 2691/1466/2545 2722/1497/2545 2721/1496/2545
f 2691/1466/2546 2692/1467/2546 2723/1498/2546 2722/1497/2546
f 2692/1467/2547 2693/1468/2547 2724/1499/2547 2723/1498/2547
f 2693/1468/2548 2694/1469/2548 2725/1500/2548 2724/1499/2548
f 2695/1471/2549 2696/1470/2549 2727/1501/2549 2726/1502/2549
f 2696/1470/2550 2697/1472/2550 2728/1503/2550 2727/1501/2550
f 2697/1472/2551 2698/1473/2551 2729/1504/2551 2728/1503/2551
f 2698/1473/2552 2699/1474/2552 2730/1505/2552 2729/1504/2552
f 2699/1474/2553 2700/1475/2553 2731/1506/2553 2730/1505/2553
f 2700/1475/2554 2701/1476/2554 2732/1507/2554 2731/1506/2554
f 2701/1476/2555 2702/1477/2555 2733/1508/2555 2732/1507/2555
f 2702/1477/2556 2703/1478/2556 2734/1509/2556 2733/1508/2556
f 2703/1478/2557 2704/1479/2557 2735/1510/2557 2734/1509/2557
f 2704/1479/2558 2705/1480/2558 2736/1511/2558 2735/1510/2558
f 2705/1480/2559 2706/1481/2559 2737/1512/2559 2736/1511/2559
f 2706/1481/2560 2707/1482/2560 2738/1513/2560 2737/1512/2560
f 2707/1482/2561 2708/1483/2561 2739/1514/2561 2738/1513/2561
f 2708/1483/2562 2709/1484/2562 2740/1515/2562 2739/1514/2562
f 2709/1484/2563 2710/1485/2563 2741/1516/2563 2740/1515/2563
f 2710/1485/2564 2711/1486/2564 2742/1517/2564 2741/1516/2564
f 2711/1486/2565 2712/1487/2565 2743/1518/2565 2742/1517/2565
f 2712/1487/2566 2713/1488/2566 2744/1519/2566 2743/1518/2566
f 2713/1488/2567 2714/1489/2567 2745/1520/2567 2744/1519/2567
f 2714/1489/2568 2715/1490/2568 2746/1521/2568 2745/1520/2568
f 2715/1490/2569 2716/1491/2569 2747/1522/2569 2746/1521/2569
f 2716/1491/2570 2717/1492/2570 2748/1523/2570 2747/1522/2570
f 2717/1492/2571 2718/1493/2571 2749/1524/2571 2748/1523/2571
f 2718/1493/2572 2719/1494/2572 2750/1525/2572 2749/1524/2572
f 2719/1494/2573 2720/1495/2573 2751/1526/2573 2750/1525/2573
f 2720/1495/2574 2721/1496/2574 2752/1527/2574 2751/1526/2574
f 2721/1496/2575 2722/1497/2575 2753/1528/2575 2752/1527/2575
f 2722/1497/2576 2723/1498/2576 2754/1529/2576 2753/1528/2576
f 2723/1498/2577 2724/1499/2577 2755/1530/2577 2754/1529/2577
f 2724/1499/2578 2725/1500/2578 2756/1531/2578 2755/1530/2578
f 2726/1502/2579 2727/1501/2579 2758/1532/2579 2757/1533/2579
f 2727/1501/2580 2728/1503/2580 2759/1534/2580 2758/1532/2580
f 2728/1503/2581 2729/1504/2581 2760/1535/2581 2759/1534/2581
f 2729/1504/2582 2730/1505/2582 2761/1536/2582 2760/1535/2582
f 2730/1505/2583 2731/1506/2583 2762/1537/2583 2761/1536/2583
f 2731/1506/2584 2732/1507/2584 2763/1538/2584 2762/1537/2584
f 2732/1507/2585 2733/1508/2585 2764/1539/2585 2763/1538/2585
f 2733/1508/2586 2734/1509/2586 2765/1540/2586 2764/1539/2586
f 2734/1509/2587 2735/1510/2587 2766/1541/2587 2765/1540/2587
f 2735/1510/2588 2736/1511/2588 2767/1542/2588 2766/1541/2588
f 2736/1511/2589 2737/1512/2589 2768/1543/2589 2767/1542/2589
f 2737/1512/2590 2738/1513/2590 2769/1544/2590 2768/1543/2590
f 2738/1513/2591 2739/1514/2591 2770/1545/2591 2769/1544/2591
f 2739/1514/2592 2740/1515/2592 2771/1546/2592 2770/1545/2592
f 2740/1515/2593 2741/1516/2593 2772/1547/2593 2771/1546/2593
f 2741/1516/2594 2742/1517/2594 2773/1548/2594 2772/1547/2594
f 2742/1517/2595 2743/1518/2595 2774/1549/2595 2773/1548/2595
f 2743/1518/2596 2744/1519/2596 2775/1550/2596 2774/1549/2596
f 2744/1519/2597 2745/1520/2597 2776/1551/2597 2775/1550/2597
f 2745/1520/2598 2746/1521/2598 2777/1552/2598 2776/1551/2598
f 2746/1521/2599 2747/1522/2599 2778/1553/2599 2777/1552/2599
f 2747/1522/2600 2748/1523/2600 2779/1554/2600 2778/1553/2600
f 2748/1523/2601 2749/1524/2601 2780/1555/2601 2779/1554/2601
f 2749/1524/2602 2750/1525/2602 2781/1556/2602 2780/1555/2602
f 2750/1525/2603 2751/1526/2603 2782/1557/2603 2781/1556/2603
f 2751/1526/2604 2752/1527/2604 2783/1558/2604 2782/1557/2604
f 2752/1527/2605 2753/1528/2605 2784/1559/2605 2783/1558/2605
f 2753/1528/2606 2754/1529/2606 2785/1560/2606 2784/1559/2606
f 2754/1529/2607 2755/1530/2607 2786/1561/2607 2785/1560/2607
f 2755/1530/2608 2756/1531/2608 2787/1562/2608 2786/1561/2608
f 2757/1533/2609 2758/1532/2609 2789/1563/2609 2788/1564/2609
f 2758/1532/2610 2759/1534/2610 2790/1565/2610 2789/1563/2610
f 2759/1534/2611 2760/1535/2611 2791/1566/2611 2790/1565/2611
f 2760/1535/2612 2761/1536/2612 2792/1567/2612 2791/1566/2612
f 2761/1536/2613 2762/1537/2613 2793/1568/2613 2792/1567/2613
f 2762/1537/2614 2763/1538/2614 2794/1569/2614 2793/1568/2614
f 2763/1538/2615 2764/1539/2615 2795/1570/2615 2794/1569/2615
f 2764/1539/2616 2765/1540/2616 2796/1571/2616 2795/1570/2616
f 2765/1540/2617 2766/1541/2617 2797/1572/2617 2796/1571/2617
f 2766/1541/2618 2767/1542/2618 2798/1573/2618 2797/1572/2618
f 2767/1542/2619 2768/1543/2619 2799/1574/2619 2798/1573/2619
f 2768/1543/2620 2769/1544/2620 2800/1575/2620 2799/1574/2620
f 2769/1544/2621 2770/1545/2621 2801/1576/2621 2800/1575/2621
f 2770/1545/2622 2771/1546/2622 2802/1577/2622 2801/1576/2622
f 2771/1546/2623 2772/1547/2623 2803/1578/2623 2802/1577/2623
f 2772/1547/2624 2773/1548/2624 2804/1579/2624 2803/1578/2624
f 2773/1548/2625 2774/1549/2625 2805/1580/2625 2804/1579/2625
f 2774/1549/2626 2775/1550/2626 2806/1581/2626 2805/1580/2626
f 2775/1550/2627 2776/1551/2627 2807/1582/2627 2806/1581/2627
f 2776/1551/2628 2777/1552/2628 2808/1583/2628 2807/1582/2628
f 2777/1552/2629 2778/1553/2629 2809/1584/2629 2808/1583/2629
f 2778/1553/2630 2779/1554/2630 2810/1585/2630 2809/1584/2630
f 2779/1554/2631 2780/1555/2631 2811/1586/2631 2810/1585/2631
f 2780/1555/2632 2781/1556/2632 2812/1587/2632 2811/1586/2632
f 2781/1556/2633 2782/1557/2633 2813/1588/2633 2812/1587/2633
f 2782/1557/2634 2783/1558/2634 2814/1589/2634 2813/1588/2634
f 2783/1558/2635 2784/1559/2635 2815/1590/2635 2814/1589/2635
f 2784/1559/2636 2785/1560/2636 2816/1591/2636 2815/1590/2636
f 2785/1560/2637 2786/1561/2637 2817/1592/2637 2816/1591/2637
f 2786/1561/2638 2787/1562/2638 2818/1593/2638 2817/1592/2638
f 2788/1564/2639 2789/1563/2639 2820/1594/2639 2819/1595/2639
f 2789/1563/2640 2790/1565/2640 2821/1596/2640 2820/1594/2640
f 2790/1565/2641 2791/1566/2641 2822/1597/2641 2821/1596/2641
f 2791/1566/2642 2792/1567/2642 2823/1598/2642 2822/1597/2642
f 2792/1567/2643 2793/1568/2643 2824/1599/2643 2823/1598/2643
f 2793/1568/2644 2794/1569/2644 2825/1600/2644 2824/1599/2644
f 2794/1569/2645 2795/1570/2645 2826/1601/2645 2825/1600/2645
f 2795/1570/2646 2796/1571/2646 2827/1602/2646 2826/1601/2646
f 2796/1571/2647 2797/1572/2647 2828/1603/2647 2827/1602/2647
f 2797/1572/2648 2798/1573/2648 2829/1604/2648 2828/1603/2648
f 2798/1573/2649 2799/1574/2649 2830/1605/2649 2829/1604/2649
f 2799/1574/2650 2800/1575/2650 2831/1606/2650 2830/1605/2650
f 2800/1575/2651 2801/1576/2651 2832/1607/2651 2831/1606/2651
f 2801/1576/2652 2802/1577/2652 2833/1608/2652 2832/1607/2652
f 2802/1577/2653 2803/1578/2653 2834/1609/2653 2833/1608/2653
f 2803/1578/2654 2804/1579/2654 2835/1610/2654 2834/1609/2654
f 2804/1579/2655 2805/1580/2655 2836/1611/2655 2835/1610/2655
f 2805/1580/2656 2806/1581/2656 2837/1612/2656 2836/1611/2656
f 2806/1581/2657 2807/1582/2657 2838/1613/2657 2837/1612/2657
f 2807/1582/2658 2808/1583/2658 2839/1614/2658 2838/1613/2658
f 2808/1583/2659 2809/1584/2659 2840/1615/2659 2839/1614/2659
f 2809/1584/2660 2810/1585/2660 2841/1616/2660 2840/1615/2660
f 2810/1585/2661 2811/1586/2661 2842/1617/2661 2841/1616/2661
f 2811/1586/2662 2812/1587/2662 2843/1618/2662 2842/1617/2662
f 2812/1587/2663 2813/1588/2663 2844/1619/2663 2843/1618/2663
f 2813/1588/2664 2814/1589/2664 2845/1620/2664 2844/1619/2664
f 2814/1589/2665 2815/1590/2665 2846/1621/2665 2845/1620/2665
f 2815/1590/2666 2816/1591/2666 2847/1622/2666 2846/1621/2666
f 2816/1591/2667 2817/1592/2667 2848/1623/2667 2847/1622/2667
f 2817/1592/2668 2818/1593/2668 2849/1624/2668 2848/1623/2668
f 2819/1595/2669 2820/1594/2669 2851/1625/2669 2850/1626/2669
f 2820/1594/2670 2821/1596/2670 2852/1627/2670 2851/1625/2670
f 2821/1596/2671 2822/1597/2671 2853/1628/2671 2852/1627/2671
f 2822/1597/2672 2823/1598/2672 2854/1629/2672 2853/1628/2672
f 2823/1598/2673 2824/1599/2673 2855/1630/2673 2854/1629/2673
f 2824/1599/2674 2825/1600/2674 2856/1631/2674 2855/1630/2674
f 2825/1600/2675 2826/1601/2675 2857/1632/2675 2856/1631/2675
f 2826/1601/2676 2827/1602/2676 2858/1633/2676 2857/1632/2676
f 2827/1602/2677 2828/1603/2677 2859/1634/2677 2858/1633/2677
f 2828/1603/2678 2829/1604/2678 2860/1635/2678 2859/1634/2678
f 2829/1604/2679 2830/1605/2679 2861/1636/2679 2860/1635/2679
f 2830/1605/2680 2831/1606/2680 2862/1637/2680 2861/1636/2680
f 2831/1606/2681 2832/1607/2681 2863/1638/2681 2862/1637/2681
f 2832/1607/2682 2833/1608/2682 2864/1639/2682 2863/1638/2682
f 2833/1608/2683 2834/1609/2683 2865/1640/2683 2864/1639/2683
f 2834/1609/2684 2835/1610/2684 2866/1641/2684 2865/1640/2684
f 2835/1610/2685 2836/1611/2685 2867/1642/2685 2866/1641/2685
f 2836/1611/2686 2837/1612/2686 2868/1643/2686 2867/1642/2686
f 2837/1612/2687 2838/1613/2687 2869/1644/2687 2868/1643/2687
f 2838/1613/2688 2839/1614/2688 2870/1645/2688 2869/1644/2688
f 2839/1614/2689 2840/1615/2689 2871/1646/2689 2870/1645/2689
f 2840/1615/2690 2841/1616/2690 2872/1647/2690 2871/1646/2690
f 2841/1616/2691 2842/1617/2691 2873/1648/2691 2872/1647/2691
f 2842/1617/2692 2843/1618/2692 2874/1649/2692 2873/1648/2692
f 2843/1618/2693 2844/1619/2693 2875/1650/2693 2874/1649/2693
f 2844/1619/2694 2845/1620/2694 2876/1651/2694 2875/1650/2694
f 2845/1620/2695 2846/1621/2695 2877/1652/2695 2876/1651/2695
f 2846/1621/2696 2847/1622/2696 2878/1653/2696 2877/1652/2696
f 2847/1622/2697 2848/1623/2697 2879/1654/2697 2878/1653/2697
f 2848/1623/2698 2849/1624/2698 2880/1655/2698 2879/1654/2698
f 2850/1626/2699 2851/1625/2699 2882/1656/2699 2881/1657/2699
f 2851/1625/2700 2852/1627/2700 2883/1658/2700 2882/1656/2700
f 2852/1627/2701 2853/1628/2701 2884/1659/2701 2883/1658/2701
f 2853/1628/2702 2854/1629/2702 2885/1660/2702 2884/1659/2702
f 2854/1629/2703 2855/1630/2703 2886/1661/2703 2885/1660/2703
f 2855/1630/2704 2856/1631/2704 2887/1662/2704 2886/1661/2704
f 2856/1631/2705 2857/1632/2705 2888/1663/2705 2887/1662/2705
f 2857/1632/2706 2858/1633/2706 2889/1664/2706 2888/1663/2706
f 2858/1633/2707 2859/1634/2707 2890/1665/2707 2889/1664/2707
f 2859/1634/2708 2860/1635/2708 2891/1666/2708 2890/1665/2708
f 2860/1635/2709 2861/1636/2709 2892/1667/2709 2891/1666/2709
f 2861/1636/2710 2862/1637/2710 2893/1668/2710 2892/1667/2710
f 2862/1637/2711 2863/1638/2711 2894/1669/2711 2893/1668/2711
f 2863/1638/2712 2864/1639/2712 2895/1670/2712 2894/1669/2712
f 2864/1639/2713 2865/1640/2713 2896/1671/2713 2895/1670/2713
f 2865/1640/2714 2866/1641/2714 2897/1672/2714 2896/1671/2714
f 2866/1641/2715 2867/1642/2715 2898/1673/2715 2897/1672/2715
f 2867/1642/2716 2868/1643/2716 2899/1674/2716 2898/1673/2716
f 2868/1643/2717 2869/1644/2717 2900/1675/2717 2899/1674/2717
f 2869/1644/2718 2870/1645/2718 2901/1676/2718 2900/1675/2718
f 2870/1645/2719 2871/1646/2719 2902/1677/2719 2901/1676/2719
f 2871/1646/2720 2872/1647/2720 2903/1678/2720 2902/1677/2720
f 2872/1647/2721 2873/1648/2721 2904/1679/2721 2903/1678/2721
f 2873/1648/2722 2874/1649/2722 2905/1680/2722 2904/1679/2722
f 2874/1649/2723 2875/1650/2723 2906/1681/2723 2905/1680/2723
f 2875/1650/2724 2876/1651/2724 2907/1682/2724 2906/1681/2724
f 2876/1651/2725 2877/1652/2725 2908/1683/2725 2907/1682/2725
f 2877/1652/2726 2878/1653/2726 2909/1684/2726 2908/1683/2726
f 2878/1653/2727 2879/1654/2727 2910/1685/2727 2909/1684/2727
f 2879/1654/2728 2880/1655/2728 2911/1686/2728 2910/1685/2728
f 2881/1657/2729 2882/1656/2729 2913/1687/2729 2912/1688/2729
f 2882/1656/2730 2883/1658/2730 2914/1689/2730 2913/1687/2730
f 2883/1658/2731 2884/1659/2731 2915/1690/2731 2914/1689/2731
f 2884/1659/2732 2885/1660/2732 2916/1691/2732 2915/1690/2732
f 2885/1660/2733 2886/1661/2733 2917/1692/2733 2916/1691/2733
f 2886/1661/2734 2887/1662/2734 2918/1693/2734 2917/1692/2734
f 2887/1662/2735 2888/1663/2735 2919/1694/2735 2918/1693/2735
f 2888/1663/2736 2889/1664/2736 2920/1695/2736 2919/1694/2736
f 2889/1664/2737 2890/1665/2737 2921/1696/2737 2920/1695/2737
f 2890/1665/2738 2891/1666/2738 2922/1697/2738 2921/1696/2738
f 2891/1666/2739 2892/1667/2739 2923/1698/2739 2922/1697/2739
f 2892/1667/2740 2893/1668/2740 2924/1699/2740 2923/1698/2740
f 2893/1668/2741 2894/1669/2741 2925/1700/2741 2924/1699/2741
f 2894/1669/2742 2895/1670/2742 2926/1701/2742 2925/1700/2742
f 2895/1670/2743 2896/1671/2743 2927/1702/2743 2926/1701/2743
f 2896/1671/2744 2897/1672/2744 2928/1703/2744 2927/1702/2744
f 2897/1672/2745 2898/1673/2745 2929/1704/2745 2928/1703/2745
f 2898/1673/2746 2899/1674/2746 2930/1705/2746 2929/1704/2746
f 2899/1674/2747 2900/1675/2747 2931/1706/2747 2930/1705/2747
f 2900/1675/2748 2901/1676/2748 2932/1707/2748 2931/1706/2748
f 2901/1676/2749 2902/1677/2749 2933/1708/2749 2932/1707/2749
f 2902/1677/2750 2903/1678/2750 2934/1709/2750 2933/1708/2750
f 2903/1678/2751 2904/1679/2751 2935/1710/2751 2934/1709/2751
f 2904/1679/2752 2905/1680/2752 2936/1711/2752 2935/1710/2752
f 2905/1680/2753 2906/1681/2753 2937/1712/2753 2936/1711/2753
f 2906/1681/2754 2907/1682/2754 2938/1713/2754 2937/1712/2754
f 2907/1682/2755 2908/1683/2755 2939/1714/2755 2938/1713/2755
f 2908/1683/2756 2909/1684/2756 2940/1715/2756 2939/1714/2756
f 2909/1684/2757 2910/1685/2757 2941/1716/2757 2940/1715/2757
f 2910/1685/2758 2911/1686/2758 2942/1717/2758 2941/1716/2758
f 2912/1688/2759 2913/1687/2759 2944/1718/2759 2943/1719/2759
f 2913/1687/2760 2914/1689/2760 2945/1720/2760 2944/1718/2760
f 2914/1689/2761 2915/1690/2761 2946/1721/2761 2945/1720/2761
f 2915/1690/2762 2916/1691/2762 2947/1722/2762 2946/1721/2762
f 2916/1691/2763 2917/1692/2763 2948/1723/2763 2947/1722/2763
f 2917/1692/2764 2918/1693/2764 2949/1724/2764 2948/1723/2764
f 2918/1693/2765 2919/1694/2765 2950/1725/2765 2949/1724/2765
f 2919/1694/2766 2920/1695/2766 2951/1726/2766 2950/1725/2766
f 2920/1695/2767 2921/1696/2767 2952/1727/2767 2951/1726/2767
f 2921/1696/2768 2922/1697/2768 2953/1728/2768 2952/1727/2768
f 2922/1697/2769 2923/1698/2769 2954/1729/2769 2953/1728/2769
f 2923/1698/2770 2924/1699/2770 2955/1730/2770 2954/1729/2770
f 2924/1699/2771 2925/1700/2771 2956/1731/2771 2955/1730/2771
f 2925/1700/2772 2926/1701/2772 2957/1732/2772 2956/1731/2772
f 2926/1701/2773 2927/1702/2773 2958/1733/2773 2957/1732/2773
f 2927/1702/2774 2928/1703/2774 2959/1734/2774 2958/1733/2774
f 2928/1703/2775 2929/1704/2775 2960/1735/2775 2959/1734/2775
f 2929/1704/2776 2930/1705/2776 2961/1736/2776 2960/1735/2776
f 2930/1705/2777 2931/1706/2777 2962/1737/2777 2961/1736/2777
f 2931/1706/2778 2932/1707/2778 2963/1738/2778 2962/1737/2778
f 2932/1707/2779 2933/1708/2779 2964/1739/2779 2963/1738/2779
f 2933/1708/2780 2934/1709/2780 2965/1740/2780 2964/1739/2780
f 2934/1709/2781 2935/1710/2781 2966/1741/2781 2965/1740/2781
f 2935/1710/2782 2936/1711/2782 2967/1742/2782 2966/1741/2782
f 2936/1711/2783 2937/1712/2783 2968/1743/2783 2967/1742/2783
f 2937/1712/2784 2938/1713/2784 2969/1744/2784 2968/1743/2784
f 2938/1713/2785 2939/1714/2785 2970/1745/2785 2969/1744/2785
f 2939/1714/2786 2940/1715/2786 2971/1746/2786 2970/1745/2786
f 2940/1715/2787 2941/1716/2787 2972/1747/2787 2971/1746/2787
f 2941/1716/2788 2942/1717/2788 2973/1748/2788 2972/1747/2788
f 2943/1719/2789 2944/1718/2789 2975/1749/2789 2974/1750/2789
f 2944/1718/2790 2945/1720/2790 2976/1751/2790 2975/1749/2790
f 2945/1720/2791 2946/1721/2791 2977/1752/2791 2976/1751/2791
f 2946/1721/2792 2947/1722/2792 2978/1753/2792 2977/1752/2792
f 2947/1722/2793 2948/1723/2793 2979/1754/2793 2978/1753/2793
f 2948/1723/2794 2949/1724/2794 2980/1755/2794 2979/1754/2794
f 2949/1724/2795 2950/1725/2795 2981/1756/2795 2980/1755/2795
f 2950/1725/2796 2951/1726/2796 2982/1757/2796 2981/1756/2796
f 2951/1726/2797 2952/1727/2797 2983/1758/2797 2982/1757/2797
f 2952/1727/2798 2953/1728/2798 2984/1759/2798 2983/1758/2798
f 2953/1728/2799 2954/1729/2799 2985/1760/2799 2984/1759/2799
f 2954/1729/2800 2955/1730/2800 2986/1761/2800 2985/1760/2800
f 2955/1730/2801 2956/1731/2801 2987/1762/2801 2986/1761/2801
f 2956/1731/2802 2957/1732/2802 2988/1763/2802 2987/1762/2802
f 2957/1732/2803 2958/1733/2803 2989/1764/2803 2988/1763/2803
f 2958/1733/2804 2959/1734/2804 2990/1765/2804 2989/1764/2804
f 2959/1734/2805 2960/1735/2805 2991/1766/2805 2990/1765/2805
f 2960/1735/2806 2961/1736/2806 2992/1767/2806 2991/1766/2806
f 2961/1736/2807 2962/1737/2807 2993/1768/2807 2992/1767/2807
f 2962/1737/2808 2963/1738/2808 2994/1769/2808 2993/1768/2808
f 2963/1738/2809 2964/1739/2809 2995/1770/2809 2994/1769/2809
f 2964/1739/2810 2965/1740/2810 2996/1771/2810 2995/1770/2810
f 2965/1740/2811 2966/1741/2811 2997/1772/2811 2996/1771/2811
f 2966/1741/2812 2967/1742/2812 2998/1773/2812 2997/1772/2812
f 2967/1742/2813 2968/1743/2813 2999/1774/2813 2998/1773/2813
f 2968/1743/2814 2969/1744/2814 3000/1775/2814 2999/1774/2814
f 2969/1744/2815 2970/1745/2815 3001/1776/2815 3000/1775/2815
f 2970/1745/2816 2971/1746/2816 3002/1777/2816 3001/1776/2816
f 2971/1746/2817 2972/1747/2817 3003/1778/2817 3002/1777/2817
f 2972/1747/2818 2973/1748/2818 3004/1779/2818 3003/1778/2818
f 2974/1750/2819 2975/1749/2819 3006/1780/2819 3005/1781/2819
f 2975/1749/2820 2976/1751/2820 3007/1782/2820 3006/1780/2820
f 2976/1751/2821 2977/1752/2821 3008/1783/2821 3007/1782/2821
f 2977/1752/2822 2978/1753/2822 3009/1784/2822 3008/1783/2822
f 2978/1753/2823 2979/1754/2823 3010/1785/2823 3009/1784/2823
f 2979/1754/2824 2980/1755/2824 3011/1786/2824 3010/1785/2824
f 2980/1755/2825 2981/1756/2825 3012/1787/2825 3011/1786/2825
f 2981/1756/2826 2982/1757/2826 3013/1788/2826 3012/1787/2826
f 2982/1757/2827 2983/1758/2827 3014/1789/2827 3013/1788/2827
f 2983/1758/2828 2984/1759/2828 3015/1790/2828 3014/1789/2828
f 2984/1759/2829 2985/1760/2829 3016/1791/2829 3015/1790/2829
f 2985/1760/2830 2986/1761/2830 3017/1792/2830 3016/1791/2830
f 2986/1761/2831 2987/1762/2831 3018/1793/2831 3017/1792/2831
f 2987/1762/2832 2988/1763/2832 3019/1794/2832 3018/1793/2832
f 2988/1763/2833 2989/1764/2833 3020/1795/2833 3019/1794/2833
f 2989/1764/2834 2990/1765/2834 3021/1796/2834 3020/1795/2834
f 2990/1765/2835 2991/1766/2835 3022/1797/2835 3021/1796/2835
f 2991/1766/2836 2992/1767/2836 3023/1798/2836 3022/1797/2836
f 2992/1767/2837 2993/1768/2837 3024/1799/2837 3023/1798/2837
f 2993/1768/2838 2994/1769/2838 3025/1800/2838 3024/1799/2838
f 2994/1769/2839 2995/1770/2839 3026/1801/2839 3025/1800/2839
f 2995/1770/2840 2996/1771/2840 3027/1802/2840 3026/1801/2840
f 2996/1771/2841 2997/1772/2841 3028/1803/2841 3027/1802/2841
f 2997/1772/2842 2998/1773/2842 3029/1804/2842 3028/1803/2842
f 2998/1773/2843 2999/1774/2843 3030/1805/2843 3029/1804/2843
f 2999/1774/2844 3000/1775/2844 3031/1806/2844 3030/1805/2844
f 3000/1775/2845 3001/1776/2845 3032/1807/2845 3031/1806/2845
f 3001/1776/2846 3002/1777/2846 3033/1808/2846 3032/1807/2846
f 3002/1777/2847 3003/1778/2847 3034/1809/2847 3033/1808/2847
f 3003/1778/2848 3004/1779/2848 3035/1810/2848 3034/1809/2848
f 3005/1781/2849 3006/1780/2849 3037/1811/2849 3036/1812/2849
f 3006/1780/2850 3007/1782/2850 3038/1813/2850 3037/1811/2850
f 3007/1782/2851 3008/1783/2851 3039/1814/2851 3038/1813/2851
f 3008/1783/2852 3009/1784/2852 3040/1815/2852 3039/1814/2852
f 3009/1784/2853 3010/1785/2853 3041/1816/2853 3040/1815/2853
f 3010/1785/2854 3011/1786/2854 3042/1817/2854 3041/1816/2854
f 3011/1786/2855 3012/1787/2855 3043/1818/2855 3042/1817/2855
f 3012/1787/2856 3013/1788/2856 3044/1819/2856 3043/1818/2856
f 3013/1788/2857 3014/1789/2857 3045/1820/2857 3044/1819/2857
f 3014/1789/2858 3015/1790/2858 3046/1821/2858 3045/1820/2858
f 3015/1790/2859 3016/1791/2859 3047/1822/2859 3046/1821/2859
f 3016/1791/2860 3017/1792/2860 3048/1823/2860 3047/1822/2860
f 3017/1792/2861 3018/1793/2861 3049/1824/2861 3048/1823/2861
f 3018/1793/2862 3019/1794/2862 3050/1825/2862 3049/1824/2862
f 3019/1794/2863 3020/1795/2863 3051/1826/2863 3050/1825/2863
f 3020/1795/2864 3021/1796/2864 3052/1827/2864 3051/1826/2864
f 3021/1796/2865 3022/1797/2865 3053/1828/2865 3052/1827/2865
f 3022/1797/2866 3023/1798/2866 3054/1829/2866 3053/1828/2866
f 3023/1798/2867 3024/1799/2867 3055/1830/2867 3054/1829/2867
f 3024/1799/2868 3025/1800/2868 3056/1831/2868 3055/1830/2868
f 3025/1800/2869 3026/1801/2869 3057/1832/2869 3056/1831/2869
f 3026/1801/2870 3027/1802/2870 3058/1833/2870 3057/1832/2870
f 3027/1802/2871 3028/1803/2871 3059/1834/2871 3058/1833/2871
f 3028/1803/2872 3029/1804/2872 3060/1835/2872 3059/1834/2872
f 3029/1804/2873 3030/1805/2873 3061/1836/2873 3060/1835/2873
f 3030/1805/2874 3031/1806/2874 3062/1837/2874 3061/1836/2874
f 3031/1806/2875 3032/1807/2875 3063/1838/2875 3062/1837/2875
f 3032/1807/2876 3033/1808/2876 3064/1839/2876 3063/1838/2876
f 3033/1808/2877 3034/1809/2877 3065/1840/2877 3064/1839/2877
f 3034/1809/2878 3035/1810/2878 3066/1841/2878 3065/1840/2878
f 3036/1812/2879 3037/1811/2879 3068/1842/2879 3067/1843/2879
f 3037/1811/2880 3038/1813/2880 3069/1844/2880 3068/1842/2880
f 3038/1813/2881 3039/1814/2881 3070/1845/2881 3069/1844/2881
f 3039/1814/2882 3040/1815/2882 3071/1846/2882 3070/1845/2882
f 3040/1815/2883 3041/1816/2883 3072/1847/2883 3071/1846/2883
f 3041/1816/2884 3042/1817/2884 3073/1848/2884 3072/1847/2884
f 3042/1817/2885 3043/1818/2885 3074/1849/2885 3073/1848/2885
f 3043/1818/2886 3044/1819/2886 3075/1850/2886 3074/1849/2886
f 3044/1819/2887 3045/1820/2887 3076/1851/2887 3075/1850/2887
f 3045/1820/2888 3046/1821/2888 3077/1852/2888 3076/1851/2888
f 3046/1821/2889 3047/1822/2889 3078/1853/2889 3077/1852/2889
f 3047/1822/2890 3048/1823/2890 3079/1854/2890 3078/1853/2890
f 3048/1823/2891 3049/1824/2891 3080/1855/2891 3079/1854/2891
f 3049/1824/2892 3050/1825/2892 3081/1856/2892 3080/1855/2892
f 3050/1825/2893 3051/1826/2893 3082/1857/2893 3081/1856/2893
f 3051/1826/2894 3052/1827/2894 3083/1858/2894 3082/1857/2894
f 3052/1827/2895 3053/1828/2895 3084/1859/2895 3083/1858/2895
f 3053/1828/2896 3054/1829/2896 3085/1860/2896 3084/1859/2896
f 3054/1829/2897 3055/1830/2897 3086/1861/2897 3085/1860/2897
f 3055/1830/2898 3056/1831/2898 3087/1862/2898 3086/1861/2898
f 3056/1831/2899 3057/1832/2899 3088/1863/2899 3087/1862/2899
f 3057/1832/2900 3058/1833/2900 3089/1864/2900 3088/1863/2900
f 3058/1833/2901 3059/1834/2901 3090/1865/2901 3089/1864/2901
f 3059/1834/2902 3060/1835/2902 3091/1866/2902 3090/1865/2902
f 3060/1835/2903 3061/1836/2903 3092/1867/2903 3091/1866/2903
f 3061/1836/2904 3062/1837/2904 3093/1868/2904 3092/1867/2904
f 3062/1837/2905 3063/1838/2905 3094/1869/2905 3093/1868/2905
f 3063/1838/2906 3064/1839/2906 3095/1870/2906 3094/1869/2906
f 3064/1839/2907 3065/1840/2907 3096/1871/2907 3095/1870/2907
f 3065/1840/2908 3066/1841/2908 3097/1872/2908 3096/1871/2908
f 3067/1843/2909 3068/1842/2909 3099/1873/2909 3098/1874/2909
f 3068/1842/2910 3069/1844/2910 3100/1875/2910 3099/1873/2910
f 3069/1844/2911 3070/1845/2911 3101/1876/2911 3100/1875/2911
f 3070/1845/2912 3071/1846/2912 3102/1877/2912 3101/1876/2912
f 3071/1846/2913 3072/1847/2913 3103/1878/2913 3102/1877/2913
f 3072/1847/2914 3073/1848/2914 3104/1879/2914 3103/1878/2914
f 3073/1848/2915 3074/1849/2915 3105/1880/2915 3104/1879/2915
f 3074/1849/2916 3075/1850/2916 3106/1881/2916 3105/1880/2916
f 3075/1850/2917 3076/1851/2917 3107/1882/2917 3106/1881/2917
f 3076/1851/2918 3077/1852/2918 3108/1883/2918 3107/1882/2918
f 3077/1852/2919 3078/1853/2919 3109/1884/2919 3108/1883/2919
f 3078/1853/2920 3079/1854/2920 3110/1885/2920 3109/1884/2920
f 3079/1854/2921 3080/1855/2921 3111/1886/2921 3110/1885/2921
f 3080/1855/2922 3081/1856/2922 3112/1887/2922 3111/1886/2922
f 3081/1856/2923 3082/1857/2923 3113/1888/2923 3112/1887/2923
f 3082/1857/2924 3083/1858/2924 3114/1889/2924 3113/1888/2924
f 3083/1858/2925 3084/1859/2925 3115/1890/2925 3114/1889/2925
f 3084/1859/2926 3085/1860/2926 3116/1891/2926 3115/1890/2926
f 3085/1860/2927 3086/1861/2927 3117/1892/2927 3116/1891/2927
f 3086/1861/2928 3087/1862/2928 3118/1893/2928 3117/1892/2928
f 3087/1862/2929 3088/1863/2929 3119/1894/2929 3118/1893/2929
f 3088/1863/2930 3089/1864/2930 3120/1895/2930 3119/1894/2930
f 3089/1864/2931 3090/1865/2931 3121/1896/2931 3120/1895/2931
f 3090/1865/2932 3091/1866/2932 3122/1897/2932 3121/1896/2932
f 3091/1866/2933 3092/1867/2933 3123/1898/2933 3122/1897/2933
f 3092/1867/2934 3093/1868/2934 3124/1899/2934 3123/1898/2934
f 3093/1868/2935 3094/1869/2935 3125/1900/2935 3124/1899/2935
f 3094/1869/2936 3095/1870/2936 3126/1901/2936 3125/1900/2936
f 3095/1870/2937 3096/1871/2937 3127/1902/2937 3126/1901/2937
f 3096/1871/2938 3097/1872/2938 3128/1903/2938 3127/1902/2938
f 3098/1874/2939 3099/1873/2939 3130/1904/2939 3129/1905/2939
f 3099/1873/2940 3100/1875/2940 3131/1906/2940 3130/1904/2940
f 3100/1875/2941 3101/1876/2941 3132/1907/2941 3131/1906/2941
f 3101/1876/2942 3102/1877/2942 3133/1908/2942 3132/1907/2942
f 3102/1877/2943 3103/1878/2943 3134/1909/2943 3133/1908/2943
f 3103/1878/2944 3104/1879/2944 3135/1910/2944 3134/1909/2944
f 3104/1879/2945 3105/1880/2945 3136/1911/2945 3135/1910/2945
f 3105/1880/2946 3106/1881/2946 3137/1912/2946 3136/1911/2946
f 3106/1881/2947 3107/1882/2947 3138/1913/2947 3137/1912/2947
f 3107/1882/2948 3108/1883/2948 3139/1914/2948 3138/1913/2948
f 3108/1883/2949 3109/1884/2949 3140/1915/2949 3139/1914/2949
f 3109/1884/2950 3110/1885/2950 3141/1916/2950 3140/1915/2950
f 3110/1885/2951 3111/1886/2951 3142/1917/2951 3141/1916/2951
f 3111/1886/2952 3112/1887/2952 3143/1918/2952 3142/1917/2952
f 3112/1887/2953 3113/1888/2953 3144/1919/2953 3143/1918/2953
f 3113/1888/2954 3114/1889/2954 3145/1920/2954 3144/1919/2954
f 3114/1889/2955 3115/1890/2955 3146/1921/2955 3145/1920/2955
f 3115/1890/2956 3116/1891/2956 3147/1922/2956 3146/1921/2956
f 3116/1891/2957 3117/1892/2957 3148/1923/2957 3147/1922/2957
f 3117/1892/2958 3118/1893/2958 3149/1924/2958 3148/1923/2958
f 3118/1893/2959 3119/1894/2959 3150/1925/2959 3149/1924/2959
f 3119/1894/2960 3120/1895/2960 3151/1926/2960 3150/1925/2960
f 3120/1895/2961 3121/1896/2961 3152/1927/2961 3151/1926/2961
f 3121/1896/2962 3122/1897/2962 3153/1928/2962 3152/1927/2962
f 3122/1897/2963 3123/1898/2963 3154/1929/2963 3153/1928/2963
f 3123/1898/2964 3124/1899/2964 3155/1930/2964 3154/1929/2964
f 3124/1899/2965 3125/1900/2965 3156/1931/2965 3155/1930/2965
f 3125/1900/2966 3126/1901/2966 3157/1932/2966 3156/1931/2966
f 3126/1901/2967 3127/1902/2967 3158/1933/2967 3157/1932/2967
f 3127/1902/2968 3128/1903/2968 3159/1934/2968 3158/1933/2968
f 3129/1905/2969 3130/1904/2969 3161/1935/2969 3160/1936/2969
f 3130/1904/2970 3131/1906/2970 3162/1937/2970 3161/1935/2970
f 3131/1906/2971 3132/1907/2971 3163/1938/2971 3162/1937/2971
f 3132/1907/2972 3133/1908/2972 3164/1939/2972 3163/1938/2972
f 3133/1908/2973 3134/1909/2973 3165/1940/2973 3164/1939/2973
f 3134/1909/2974 3135/1910/2974 3166/1941/2974 3165/1940/2974
f 3135/1910/2975 3136/1911/2975 3167/1942/2975 3166/1941/2975
f 3136/1911/2976 3137/1912/2976 3168/1943/2976 3167/1942/2976
f 3137/1912/2977 3138/1913/2977 3169/1944/2977 3168/1943/2977
f 3138/1913/2978 3139/1914/2978 3170/1945/2978 3169/1944/2978
f 3139/1914/2979 3140/1915/2979 3171/1946/2979 3170/1945/2979
f 3140/1915/2980 3141/1916/2980 3172/1947/2980 3171/1946/2980
f 3141/1916/2981 3142/1917/2981 3173/1948/2981 3172/1947/2981
f 3142/1917/2982 3143/1918/2982 3174/1949/2982 3173/1948/2982
f 3143/1918/2983 3144/1919/2983 3175/1950/2983 3174/1949/2983
f 3144/1919/2984 3145/1920/2984 3176/1951/2984 3175/1950/2984
f 3145/1920/2985 3146/1921/2985 3177/1952/2985 3176/1951/2985
f 3146/1921/2986 3147/1922/2986 3178/1953/2986 3177/1952/2986
f 3147/1922/2987 3148/1923/2987 3179/1954/2987 3178/1953/2987
f 3148/1923/2988 3149/1924/2988 3180/1955/2988 3179/1954/2988
f 3149/1924/2989 3150/1925/2989 3181/1956/2989 3180/1955/2989
f 3150/1925/2990 3151/1926/2990 3182/1957/2990 3181/1956/2990
f 3151/1926/2991 3152/1927/2991 3183/1958/2991 3182/1957/2991
f 3152/1927/2992 3153/1928/2992 3184/1959/2992 3183/1958/2992
f 3153/1928/2993 3154/1929/2993 3185/1960/2993 3184/1959/2993
f 3154/1929/2994 3155/1930/2994 3186/1961/2994 3185/1960/2994
f 3155/1930/2995 3156/1931/2995 3187/1962/2995 3186/1961/2995
f 3156/1931/2996 3157/1932/2996 3188/1963/2996 3187/1962/2996
f 3157/1932/2997 3158/1933/2997 3189/1964/2997 3188/1963/2997
f 3158/1933/2998 3159/1934/2998 3190/1965/2998 3189/1964/2998
f 3160/1936/2999 3161/1935/2999 3192/1966/2999 3191/1967/2999
f 3161/1935/3000 3162/1937/3000 3193/1968/3000 3192/1966/3000
f 3162/1937/3001 3163/1938/3001 3194/1969/3001 3193/1968/3001
f 3163/1938/3002 3164/1939/3002 3195/1970/3002 3194/1969/3002
f 3164/1939/3003 3165/1940/3003 3196/1971/3003 3195/1970/3003
f 3165/1940/3004 3166/1941/3004 3197/1972/3004 3196/1971/3004
f 3166/1941/3005 3167/1942/3005 3198/1973/3005 3197/1972/3005
f 3167/1942/3006 3168/1943/3006 3199/1974/3006 3198/1973/3006
f 3168/1943/3007 3169/1944/3007 3200/1975/3007 3199/1974/3007
f 3169/1944/3008 3170/1945/3008 3201/1976/3008 3200/1975/3008
f 3170/1945/3009 3171/1946/3009 3202/1977/3009 3201/1976/3009
f 3171/1946/3010 3172/1947/3010 3203/1978/3010 3202/1977/3010
f 3172/1947/3011 3173/1948/3011 3204/1979/3011 3203/1978/3011
f 3173/1948/3012 3174/1949/3012 3205/1980/3012 3204/1979/3012
f 3174/1949/3013 3175/1950/3013 3206/1981/3013 3205/1980/3013
f 3175/1950/3014 3176/1951/3014 3207/1982/3014 3206/1981/3014
f 3176/1951/3015 3177/1952/3015 3208/1983/3015 3207/1982/3015
f 3177/1952/3016 3178/1953/3016 3209/1984/3016 3208/1983/3016
f 3178/1953/3017 3179/1954/3017 3210/1985/3017 3209/1984/3017
f 3179/1954/3018 3180/1955/3018 3211/1986/3018 3210/1985/3018
f 3180/1955/3019 3181/1956/3019 3212/1987/3019 3211/1986/3019
f 3181/1956/3020 3182/1957/3020 3213/1988/3020 3212/1987/3020
f 3182/1957/3021 3183/1958/3021 3214/1989/3021 3213/1988/3021
f 3183/1958/3022 3184/1959/3022 3215/1990/3022 3214/1989/3022
f 3184/1959/3023 3185/1960/3023 3216/1991/3023 3215/1990/3023
f 3185/1960/3024 3186/1961/3024 3217/1992/3024 3216/1991/3024
f 3186/1961/3025 3187/1962/3025 3218/1993/3025 3217/1992/3025
f 3187/1962/3026 3188/1963/3026 3219/1994/3026 3218/1993/3026
f 3188/1963/3027 3189/1964/3027 3220/1995/3027 3219/1994/3027
f 3189/1964/3028 3190/1965/3028 3221/1996/3028 3220/1995/3028
f 3191/1967/3029 3192/1966/3029 3223/1997/3029 3222/1998/3029
f 3192/1966/3030 3193/1968/3030 3224/1999/3030 3223/1997/3030
f 3193/1968/3031 3194/1969/3031 3225/2000/3031 3224/1999/3031
f 3194/1969/3032 3195/1970/3032 3226/2001/3032 3225/2000/3032
f 3195/1970/3033 3196/1971/3033 3227/2002/3033 3226/2001/3033
f 3196/1971/3034 3197/1972/3034 3228/2003/3034 3227/2002/3034
f 3197/1972/3035 3198/1973/3035 3229/2004/3035 3228/2003/3035
f 3198/1973/3036 3199/1974/3036 3230/2005/3036 3229/2004/3036
f 3199/1974/3037 3200/1975/3037 3231/2006/3037 3230/2005/3037
f 3200/1975/3038 3201/1976/3038 3232/2007/3038 3231/2006/3038
f 3201/1976/3039 3202/1977/3039 3233/2008/3039 3232/2007/3039
f 3202/1977/3040 3203/1978/3040 3234/2009/3040 3233/2008/3040
f 3203/1978/3041 3204/1979/3041 3235/2010/3041 3234/2009/3041
f 3204/1979/3042 3205/1980/3042 3236/2011/3042 3235/2010/3042
f 3205/1980/3043 3206/1981/3043 3237/2012/3043 3236/2011/3043
f 3206/1981/3044 3207/1982/3044 3238/2013/3044 3237/2012/3044
f 3207/1982/3045 3208/1983/3045 3239/2014/3045 3238/2013/3045
f 3208/1983/3046 3209/1984/3046 3240/2015/3046 3239/2014/3046
f 3209/1984/3047 3210/1985/3047 3241/2016/3047 3240/2015/3047
f 3210/1985/3048 3211/1986/3048 3242/2017/3048 3241/2016/3048
f 3211/1986/3049 3212/1987/3049 3243/2018/3049 3242/2017/3049
f 3212/1987/3050 3213/1988/3050 3244/2019/3050 3243/2018/3050
f 3213/1988/3051 3214/1989/3051 3245/2020/3051 3244/2019/3051
f 3214/1989/3052 3215/1990/3052 3246/2021/3052 3245/2020/3052
f 3215/1990/3053 3216/1991/3053 3247/2022/3053 3246/2021/3053
f 3216/1991/3054 3217/1992/3054 3248/2023/3054 3247/2022/3054
f 3217/1992/3055 3218/1993/3055 3249/2024/3055 3248/2023/3055
f 3218/1993/3056 3219/1994/3056 3250/2025/3056 3249/2024/3056
f 3219/1994/3057 3220/1995/3057 3251/2026/3057 3250/2025/3057
f 3220/1995/3058 3221/1996/3058 3252/2027/3058 3251/2026/3058
f 3222/1998/3059 3223/1997/3059 3254/2028/3059 3253/2029/3059
f 3223/1997/3060 3224/1999/3060 3255/2030/3060 3254/2028/3060
f 3224/1999/3061 3225/2000/3061 3256/2031/3061 3255/2030/3061
f 3225/2000/3062 3226/2001/3062 3257/2032/3062 3256/2031/3062
f 3226/2001/3063 3227/2002/3063 3258/2033/3063 3257/2032/3063
f 3227/2002/3064 3228/2003/3064 3259/2034/3064 3258/2033/3064
f 3228/2003/3065 3229/2004/3065 3260/2035/3065 3259/2034/3065
f 3229/2004/3066 3230/2005/3066 3261/2036/3066 3260/2035/3066
f 3230/2005/3067 3231/2006/3067 3262/2037/3067 3261/2036/3067
f 3231/2006/3068 3232/2007/3068 3263/2038/3068 3262/2037/3068
f 3232/2007/3069 3233/2008/3069 3264/2039/3069 3263/2038/3069
f 3233/2008/3070 3234/2009/3070 3265/2040/3070 3264/2039/3070
f 3234/2009/3071 3235/2010/3071 3266/2041/3071 3265/2040/3071
f 3235/2010/3072 3236/2011/3072 3267/2042/3072 3266/2041/3072
f 3236/2011/3073 3237/2012/3073 3268/2043/3073 3267/2042/3073
f 3237/2012/3074 3238/2013/3074 3269/2044/3074 3268/2043/3074
f 3238/2013/3075 3239/2014/3075 3270/2045/3075 3269/2044/3075
f 3239/2014/3076 3240/2015/3076 3271/2046/3076 3270/2045/3076
f 3240/2015/3077 3241/2016/3077 3272/2047/3077 3271/2046/3077
f 3241/2016/3078 3242/2017/3078 3273/2048/3078 3272/2047/3078
f 3242/2017/3079 3243/2018/3079 3274/2049/3079 3273/2048/3079
f 3243/2018/3080 3244/2019/3080 3275/2050/3080 3274/2049/3080
f 3244/2019/3081 3245/2020/3081 3276/2051/3081 3275/2050/3081
f 3245/2020/3082 3246/2021/3082 3277/2052/3082 3276/2051/3082
f 3246/2021/3083 3247/2022/3083 3278/2053/3083 3277/2052/3083
f 3247/2022/3084 3248/2023/3084 3279/2054/3084 3278/2053/3084
f 3248/2023/3085 3249/2024/3085 3280/2055/3085 3279/2054/3085
f 3249/2024/3086 3250/2025/3086 3281/2056/3086 3280/2055/3086
f 3250/2025/3087 3251/2026/3087 3282/2057/3087 3281/2056/3087
f 3251/2026/3088 3252/2027/3088 3283/2058/3088 3282/2057/3088
f 2195/2059/3089 2230/2060/3089 2323/1098/3089 2229/2061/3089
f 2230/2060/3090 2231/2062/3090 2324/1099/3090 2323/1098/3090
f 2231/2062/3091 2232/2063/3091 2325/1102/3091 2324/1099/3091
f 2232/2063/3092 2233/2064/3092 2326/1104/3092 2325/1102/3092
f 2233/2064/3093 2234/2065/3093 2327/1106/3093 2326/1104/3093
f 2234/2065/3094 2235/2066/3094 2328/1108/3094 2327/1106/3094
f 2235/2066/3095 2236/2067/3095 2329/1110/3095 2328/1108/3095
f 2236/2067/3096 2237/2068/3096 2330/1112/3096 2329/1110/3096
f 2237/2068/3097 2238/2069/3097 2331/1114/3097 2330/1112/3097
f 2238/2069/3098 2239/2070/3098 2332/1116/3098 2331/1114/3098
f 2239/2070/3099 2240/2071/3099 2333/1118/3099 2332/1116/3099
f 2240/2071/3100 2241/2072/3100 2334/1120/3100 2333/1118/3100
f 2241/2072/3101 2242/2073/3101 2335/1122/3101 2334/1120/3101
f 2242/2073/3102 2243/2074/3102 2336/1124/3102 2335/1122/3102
f 2243/2074/3103 2244/2075/3103 2337/1126/3103 2336/1124/3103
f 2244/2075/3104 2245/2076/3104 2338/1128/3104 2337/1126/3104
f 2245/2076/3105 2246/2077/3105 2339/1130/3105 2338/1128/3105
f 2246/2077/3106 2247/2078/3106 2340/1132/3106 2339/1130/3106
f 2247/2078/3107 2248/2079/3107 2341/1134/3107 2340/1132/3107
f 2248/2079/3108 2249/2080/3108 2342/1136/3108 2341/1134/3108
f 2249/2080/3109 2250/2081/3109 2343/1138/3109 2342/1136/3109
f 2250/2081/3110 2251/2082/3110 2344/1140/3110 2343/1138/3110
f 2251/2082/3111 2252/2083/3111 2345/1142/3111 2344/1140/3111
f 2252/2083/3112 2253/2084/3112 2346/1144/3112 2345/1142/3112
f 2253/2084/3113 2254/2085/3113 2347/1146/3113 2346/1144/3113
f 2254/2085/3114 2255/2086/3114 2348/1148/3114 2347/1146/3114
f 2255/2086/3115 2256/2087/3115 2349/1150/3115 2348/1148/3115
f 2256/2087/3116 2257/2088/3116 2350/1152/3116 2349/1150/3116
f 2257/2088/3117 2258/2089/3117 2351/1154/3117 2350/1152/3117
f 2258/2089/3118 2259/2090/3118 2352/1156/3118 2351/1154/3118
f 2259/2090/3119 2260/2091/3119 2353/1158/3119 2352/1156/3119
f 2260/2091/3120 2196/2092/3120 2261/2093/3120 2353/1158/3120
f 2353/1158/3121 2261/2093/3121 2262/2094/3121 2384/1159/3121
f 2384/1159/3122 2262/2094/3122 2263/2095/3122 2415/1190/3122
f 2415/1190/3123 2263/2095/3123 2264/2096/3123 2446/1221/3123
f 2446/1221/3124 2264/2096/3124 2265/2097/3124 2477/1252/3124
f 2477/1252/3125 2265/2097/3125 2266/2098/3125 2508/1283/3125
f 2508/1283/3126 2266/2098/3126 2267/2099/3126 2539/1314/3126
f 2539/1314/3127 2267/2099/3127 2268/2100/3127 2570/1345/3127
f 2570/1345/3128 2268/2100/3128 2269/2101/3128 2601/1376/3128
f 2601/1376/3129 2269/2101/3129 2270/2102/3129 2632/1407/3129
f 2632/1407/3130 2270/2102/3130 2271/2103/3130 2663/1438/3130
f 2663/1438/3131 2271/2103/3131 2272/2104/3131 2694/1469/3131
f 2694/1469/3132 2272/2104/3132 2273/2105/3132 2725/1500/3132
f 2725/1500/3133 2273/2105/3133 2274/2106/3133 2756/1531/3133
f 2756/1531/3134 2274/2106/3134 2275/2107/3134 2787/1562/3134
f 2787/1562/3135 2275/2107/3135 2276/2108/3135 2818/1593/3135
f 2818/1593/3136 2276/2108/3136 2277/2109/3136 2849/1624/3136
f 2849/1624/3137 2277/2109/3137 2278/2110/3137 2880/1655/3137
f 2880/1655/3138 2278/2110/3138 2279/2111/3138 2911/1686/3138
f 2911/1686/3139 2279/2111/3139 2280/2112/3139 2942/1717/3139
f 2942/1717/3140 2280/2112/3140 2281/2113/3140 2973/1748/3140
f 2973/1748/3141 2281/2113/3141 2282/2114/3141 3004/1779/3141
f 3004/1779/3142 2282/2114/3142 2283/2115/3142 3035/1810/3142
f 3035/1810/3143 2283/2115/3143 2284/2116/3143 3066/1841/3143
f 3066/1841/3144 2284/2116/3144 2285/2117/3144 3097/1872/3144
f 3097/1872/3145 2285/2117/3145 2286/2118/3145 3128/1903/3145
f 3128/1903/3146 2286/2118/3146 2287/2119/3146 3159/1934/3146
f 3159/1934/3147 2287/2119/3147 2288/2120/3147 3190/1965/3147
f 3190/1965/3148 2288/2120/3148 2289/2121/3148 3221/1996/3148
f 3221/1996/3149 2289/2121/3149 2290/2122/3149 3252/2027/3149
f 3252/2027/3150 2290/2122/3150 2291/2123/3150 3283/2058/3150
f 3283/2058/3151 2291/2123/3151 2198/2124/3151 2292/2125/3151
f 3282/2057/3152 3283/2058/3152 2292/2125/3152 2293/2126/3152
f 3281/2056/3153 3282/2057/3153 2293/2126/3153 2294/2127/3153
f 3280/2055/3154 3281/2056/3154 2294/2127/3154 2295/2128/3154
f 3279/2054/3155 3280/2055/3155 2295/2128/3155 2296/2129/3155
f 3278/2053/3156 3279/2054/3156 2296/2129/3156 2297/2130/3156
f 3277/2052/3157 3278/2053/3157 2297/2130/3157 2298/2131/3157
f 3276/2051/3158 3277/2052/3158 2298/2131/3158 2299/2132/3158
f 3275/2050/3159 3276/2051/3159 2299/2132/3159 2300/2133/3159
f 3274/2049/3160 3275/2050/3160 2300/2133/3160 2301/2134/3160
f 3273/2048/3161 3274/2049/3161 2301/2134/3161 2302/2135/3161
f 3272/2047/3162 3273/2048/3162 2302/2135/3162 2303/2136/3162
f 3271/2046/3163 3272/2047/3163 2303/2136/3163 2304/2137/3163
f 3270/2045/3164 3271/2046/3164 2304/2137/3164 2305/2138/3164
f 3269/2044/3165 3270/2045/3165 2305/2138/3165 2306/2139/3165
f 3268/2043/3166 3269/2044/3166 2306/2139/3166 2307/2140/3166
f 3267/2042/3167 3268/2043/3167 2307/2140/3167 2308/2141/3167
f 3266/2041/3168 3267/2042/3168 2308/2141/3168 2309/2142/3168
f 3265/2040/3169 3266/2041/3169 2309/2142/3169 2310/2143/3169
f 3264/2039/3170 3265/2040/3170 2310/2143/3170 2311/2144/3170
f 3263/2038/3171 3264/2039/3171 2311/2144/3171 2312/2145/3171
f 3262/2037/3172 3263/2038/3172 2312/2145/3172 2313/2146/3172
f 3261/2036/3173 3262/2037/3173 2313/2146/3173 2314/2147/3173
f 3260/2035/3174 3261/2036/3174 2314/2147/3174 2315/2148/3174
f 3259/2034/3175 3260/2035/3175 2315/2148/3175 2316/2149/3175
f 3258/2033/3176 3259/2034/3176 2316/2149/3176 2317/2150/3176
f 3257/2032/3177 3258/2033/3177 2317/2150/3177 2318/2151/3177
f 3256/2031/3178 3257/2032/3178 2318/2151/3178 2319/2152/3178
f 3255/2030/3179 3256/2031/3179 2319/2152/3179 2320/2153/3179
f 3254/2028/3180 3255/2030/3180 2320/2153/3180 2321/2154/3180
f 3253/2029/3181 3254/2028/3181 2321/2154/3181 2322/2155/3181
f 2199/2156/3182 3253/2029/3182 2322/2155/3182 2197/2157/3182
f 2200/2158/3183 3222/1998/3183 3253/2029/3183 2199/2156/3183
f 2201/2159/3184 3191/1967/3184 3222/1998/3184 2200/2158/3184
f 2202/2160/3185 3160/1936/3185 3191/1967/3185 2201/2159/3185
f 2203/2161/3186 3129/1905/3186 3160/1936/3186 2202/2160/3186
f 2204/2162/3187 3098/1874/3187 3129/1905/3187 2203/2161/3187
f 2205/2163/3188 3067/1843/3188 3098/1874/3188 2204/2162/3188
f 2206/2164/3189 3036/1812/3189 3067/1843/3189 2205/2163/3189
f 2207/2165/3190 3005/1781/3190 3036/1812/3190 2206/2164/3190
f 2208/2166/3191 2974/1750/3191 3005/1781/3191 2207/2165/3191
f 2209/2167/3192 2943/1719/3192 2974/1750/3192 2208/2166/3192
f 2210/2168/3193 2912/1688/3193 2943/1719/3193 2209/2167/3193
f 2211/2169/3194 2881/1657/3194 2912/1688/3194 2210/2168/3194
f 2212/2170/3195 2850/1626/3195 2881/1657/3195 2211/2169/3195
f 2213/2171/3196 2819/1595/3196 2850/1626/3196 2212/2170/3196
f 2214/2172/3197 2788/1564/3197 2819/1595/3197 2213/2171/3197
f 2215/2173/3198 2757/1533/3198 2788/1564/3198 2214/2172/3198
f 2216/2174/3199 2726/1502/3199 2757/1533/3199 2215/2173/3199
f 2217/2175/3200 2695/1471/3200 2726/1502/3200 2216/2174/3200
f 2218/2176/3201 2664/1440/3201 2695/1471/3201 2217/2175/3201
f 2219/2177/3202 2633/1409/3202 2664/1440/3202 2218/2176/3202
f 2220/2178/3203 2602/1378/3203 2633/1409/3203 2219/2177/3203
f 2221/2179/3204 2571/1347/3204 2602/1378/3204 2220/2178/3204
f 2222/2180/3205 2540/1316/3205 2571/1347/3205 2221/2179/3205
f 2223/2181/3206 2509/1285/3206 2540/1316/3206 2222/2180/3206
f 2224/2182/3207 2478/1254/3207 2509/1285/3207 2223/2181/3207
f 2225/2183/3208 2447/1223/3208 2478/1254/3208 2224/2182/3208
f 2226/2184/3209 2416/1192/3209 2447/1223/3209 2225/2183/3209
f 2227/2185/3210 2385/1161/3210 2416/1192/3210 2226/2184/3210
f 2228/2186/3211 2354/1101/3211 2385/1161/3211 2227/2185/3211
f 2229/2061/3212 2323/1098/3212 2354/1101/3212 2228/2186/3212
f 3412/1098/3213 3443/1101/3213 3444/1100/3213 3413/1099/3213
f 3413/1099/3214 3444/1100/3214 3445/1103/3214 3414/1102/3214
f 3414/1102/3215 3445/1103/3215 3446/1105/3215 3415/1104/3215
f 3415/1104/3216 3446/1105/3216 3447/1107/3216 3416/1106/3216
f 3416/1106/3217 3447/1107/3217 3448/1109/3217 3417/1108/3217
f 3417/1108/3218 3448/1109/3218 3449/1111/3218 3418/1110/3218
f 3418/1110/3219 3449/1111/3219 3450/1113/3219 3419/1112/3219
f 3419/1112/3220 3450/1113/3220 3451/1115/3220 3420/1114/3220
f 3420/1114/3221 3451/1115/3221 3452/1117/3221 3421/1116/3221
f 3421/1116/3222 3452/1117/3222 3453/1119/3222 3422/1118/3222
f 3422/1118/3223 3453/1119/3223 3454/1121/3223 3423/1120/3223
f 3423/1120/3224 3454/1121/3224 3455/1123/3224 3424/1122/3224
f 3424/1122/3225 3455/1123/3225 3456/1125/3225 3425/1124/3225
f 3425/1124/3226 3456/1125/3226 3457/1127/3226 3426/1126/3226
f 3426/1126/3227 3457/1127/3227 3458/1129/3227 3427/1128/3227
f 3427/1128/3228 3458/1129/3228 3459/1131/3228 3428/1130/3228
f 3428/1130/3229 3459/1131/3229 3460/1133/3229 3429/1132/3229
f 3429/1132/3230 3460/1133/3230 3461/1135/3230 3430/1134/3230
f 3430/1134/3231 3461/1135/3231 3462/1137/3231 3431/1136/3231
f 3431/1136/3232 3462/1137/3232 3463/1139/3232 3432/1138/3232
f 3432/1138/3233 3463/1139/3233 3464/1141/3233 3433/1140/3233
f 3433/1140/3234 3464/1141/3234 3465/1143/3234 3434/1142/3234
f 3434/1142/3235 3465/1143/3235 3466/1145/3235 3435/1144/3235
f 3435/1144/3236 3466/1145/3236 3467/1147/3236 3436/1146/3236
f 3436/1146/3237 3467/1147/3237 3468/1149/3237 3437/1148/3237
f 3437/1148/3238 3468/1149/3238 3469/1151/3238 3438/1150/3238
f 3438/1150/3239 3469/1151/3239 3470/1153/3239 3439/1152/3239
f 3439/1152/3240 3470/1153/3240 3471/1155/3240 3440/1154/3240
f 3440/1154/3241 3471/1155/3241 3472/1157/3241 3441/1156/3241
f 3441/1156/3242 3472/1157/3242 3473/1159/3242 3442/1158/3242
f 3443/1101/3243 3474/1161/3243 3475/1160/3243 3444/1100/3243
f 3444/1100/3244 3475/1160/3244 3476/1162/3244 3445/1103/3244
f 3445/1103/3245 3476/1162/3245 3477/1163/3245 3446/1105/3245
f 3446/1105/3246 3477/1163/3246 3478/1164/3246 3447/1107/3246
f 3447/1107/3247 3478/1164/3247 3479/1165/3247 3448/1109/3247
f 3448/1109/3248 3479/1165/3248 3480/1166/3248 3449/1111/3248
f 3449/1111/3249 3480/1166/3249 3481/1167/3249 3450/1113/3249
f 3450/1113/3250 3481/1167/3250 3482/1168/3250 3451/1115/3250
f 3451/1115/3251 3482/1168/3251 3483/1169/3251 3452/1117/3251
f 3452/1117/3252 3483/1169/3252 3484/1170/3252 3453/1119/3252
f 3453/1119/3253 3484/1170/3253 3485/1171/3253 3454/1121/3253
f 3454/1121/3254 3485/1171/3254 3486/1172/3254 3455/1123/3254
f 3455/1123/3255 3486/1172/3255 3487/1173/3255 3456/1125/3255
f 3456/1125/3256 3487/1173/3256 3488/1174/3256 3457/1127/3256
f 3457/1127/3257 3488/1174/3257 3489/1175/3257 3458/1129/3257
f 3458/1129/3258 3489/1175/3258 3490/1176/3258 3459/1131/3258
f 3459/1131/3259 3490/1176/3259 3491/1177/3259 3460/1133/3259
f 3460/1133/3260 3491/1177/3260 3492/1178/3260 3461/1135/3260
f 3461/1135/3261 3492/1178/3261 3493/1179/3261 3462/1137/3261
f 3462/1137/3262 3493/1179/3262 3494/1180/3262 3463/1139/3262
f 3463/1139/3263 3494/1180/3263 3495/1181/3263 3464/1141/3263
f 3464/1141/3264 3495/1181/3264 3496/1182/3264 3465/1143/3264
f 3465/1143/3265 3496/1182/3265 3497/1183/3265 3466/1145/3265
f 3466/1145/3266 3497/1183/3266 3498/1184/3266 3467/1147/3266
f 3467/1147/3267 3498/1184/3267 3499/1185/3267 3468/1149/3267
f 3468/1149/3268 3499/1185/3268 3500/1186/3268 3469/1151/3268
f 3469/1151/3269 3500/1186/3269 3501/1187/3269 3470/1153/3269
f 3470/1153/3270 3501/1187/3270 3502/1188/3270 3471/1155/3270
f 3471/1155/3271 3502/1188/3271 3503/1189/3271 3472/1157/3271
f 3472/1157/3272 3503/1189/3272 3504/1190/3272 3473/1159/3272
f 3474/1161/3273 3505/1192/3273 3506/1191/3273 3475/1160/3273
f 3475/1160/3274 3506/1191/3274 3507/1193/3274 3476/1162/3274
f 3476/1162/3275 3507/1193/3275 3508/1194/3275 3477/1163/3275
f 3477/1163/3276 3508/1194/3276 3509/1195/3276 3478/1164/3276
f 3478/1164/3277 3509/1195/3277 3510/1196/3277 3479/1165/3277
f 3479/1165/3278 3510/1196/3278 3511/1197/3278 3480/1166/3278
f 3480/1166/3279 3511/1197/3279 3512/1198/3279 3481/1167/3279
f 3481/1167/3280 3512/1198/3280 3513/1199/3280 3482/1168/3280
f 3482/1168/3281 3513/1199/3281 3514/1200/3281 3483/1169/3281
f 3483/1169/3282 3514/1200/3282 3515/1201/3282 3484/1170/3282
f 3484/1170/3283 3515/1201/3283 3516/1202/3283 3485/1171/3283
f 3485/1171/3284 3516/1202/3284 3517/1203/3284 3486/1172/3284
f 3486/1172/3285 3517/1203/3285 3518/1204/3285 3487/1173/3285
f 3487/1173/3286 3518/1204/3286 3519/1205/3286 3488/1174/3286
f 3488/1174/3287 3519/1205/3287 3520/1206/3287 3489/1175/3287
f 3489/1175/3288 3520/1206/3288 3521/1207/3288 3490/1176/3288
f 3490/1176/3289 3521/1207/3289 3522/1208/3289 3491/1177/3289
f 3491/1177/3290 3522/1208/3290 3523/1209/3290 3492/1178/3290
f 3492/1178/3291 3523/1209/3291 3524/1210/3291 3493/1179/3291
f 3493/1179/3292 3524/1210/3292 3525/1211/3292 3494/1180/3292
f 3494/1180/3293 3525/1211/3293 3526/1212/3293 3495/1181/3293
f 3495/1181/3294 3526/1212/3294 3527/1213/3294 3496/1182/3294
f 3496/1182/3295 3527/1213/3295 3528/1214/3295 3497/1183/3295
f 3497/1183/3296 3528/1214/3296 3529/1215/3296 3498/1184/3296
f 3498/1184/3297 3529/1215/3297 3530/1216/3297 3499/1185/3297
f 3499/1185/3298 3530/1216/3298 3531/1217/3298 3500/1186/3298
f 3500/1186/3299 3531/1217/3299 3532/1218/3299 3501/1187/3299
f 3501/1187/3300 3532/1218/3300 3533/1219/3300 3502/1188/3300
f 3502/1188/3301 3533/1219/3301 3534/1220/3301 3503/1189/3301
f 3503/1189/3302 3534/1220/3302 3535/1221/3302 3504/1190/3302
f 3505/1192/3303 3536/1223/3303 3537/1222/3303 3506/1191/3303
f 3506/1191/3304 3537/1222/3304 3538/1224/3304 3507/1193/3304
f 3507/1193/3305 3538/1224/3305 3539/1225/3305 3508/1194/3305
f 3508/1194/3306 3539/1225/3306 3540/1226/3306 3509/1195/3306
f 3509/1195/3307 3540/1226/3307 3541/1227/3307 3510/1196/3307
f 3510/1196/3308 3541/1227/3308 3542/1228/3308 3511/1197/3308
f 3511/1197/3309 3542/1228/3309 3543/1229/3309 3512/1198/3309
f 3512/1198/3310 3543/1229/3310 3544/1230/3310 3513/1199/3310
f 3513/1199/3311 3544/1230/3311 3545/1231/3311 3514/1200/3311
f 3514/1200/3312 3545/1231/3312 3546/1232/3312 3515/1201/3312
f 3515/1201/3313 3546/1232/3313 3547/1233/3313 3516/1202/3313
f 3516/1202/3314 3547/1233/3314 3548/1234/3314 3517/1203/3314
f 3517/1203/3315 3548/1234/3315 3549/1235/3315 3518/1204/3315
f 3518/1204/3316 3549/1235/3316 3550/1236/3316 3519/1205/3316
f 3519/1205/3317 3550/1236/3317 3551/1237/3317 3520/1206/3317
f 3520/1206/3318 3551/1237/3318 3552/1238/3318 3521/1207/3318
f 3521/1207/3319 3552/1238/3319 3553/1239/3319 3522/1208/3319
f 3522/1208/3320 3553/1239/3320 3554/1240/3320 3523/1209/3320
f 3523/1209/3321 3554/1240/3321 3555/1241/3321 3524/1210/3321
f 3524/1210/3322 3555/1241/3322 3556/1242/3322 3525/1211/3322
f 3525/1211/3323 3556/1242/3323 3557/1243/3323 3526/1212/3323
f 3526/1212/3324 3557/1243/3324 3558/1244/3324 3527/1213/3324
f 3527/1213/3325 3558/1244/3325 3559/1245/3325 3528/1214/3325
f 3528/1214/3326 3559/1245/3326 3560/1246/3326 3529/1215/3326
f 3529/1215/3327 3560/1246/3327 3561/1247/3327 3530/1216/3327
f 3530/1216/3328 3561/1247/3328 3562/1248/3328 3531/1217/3328
f 3531/1217/3329 3562/1248/3329 3563/1249/3329 3532/1218/3329
f 3532/1218/3330 3563/1249/3330 3564/1250/3330 3533/1219/3330
f 3533/1219/3331 3564/1250/3331 3565/1251/3331 3534/1220/3331
f 3534/1220/3332 3565/1251/3332 3566/1252/3332 3535/1221/3332
f 3536/1223/3333 3567/1254/3333 3568/1253/3333 3537/1222/3333
f 3537/1222/3334 3568/1253/3334 3569/1255/3334 3538/1224/3334
f 3538/1224/3335 3569/1255/3335 3570/1256/3335 3539/1225/3335
f 3539/1225/3336 3570/1256/3336 3571/1257/3336 3540/1226/3336
f 3540/1226/3337 3571/1257/3337 3572/1258/3337 3541/1227/3337
f 3541/1227/3338 3572/1258/3338 3573/1259/3338 3542/1228/3338
f 3542/1228/3339 3573/1259/3339 3574/1260/3339 3543/1229/3339
f 3543/1229/3340 3574/1260/3340 3575/1261/3340 3544/1230/3340
f 3544/1230/3341 3575/1261/3341 3576/1262/3341 3545/1231/3341
f 3545/1231/3342 3576/1262/3342 3577/1263/3342 3546/1232/3342
f 3546/1232/3343 3577/1263/3343 3578/1264/3343 3547/1233/3343
f 3547/1233/3344 3578/1264/3344 3579/1265/3344 3548/1234/3344
f 3548/1234/3345 3579/1265/3345 3580/1266/3345 3549/1235/3345
f 3549/1235/3346 3580/1266/3346 3581/1267/3346 3550/1236/3346
f 3550/1236/3347 3581/1267/3347 3582/1268/3347 3551/1237/3347
f 3551/1237/3348 3582/1268/3348 3583/1269/3348 3552/1238/3348
f 3552/1238/3349 3583/1269/3349 3584/1270/3349 3553/1239/3349
f 3553/1239/3350 3584/1270/3350 3585/1271/3350 3554/1240/3350
f 3554/1240/3351 3585/1271/3351 3586/1272/3351 3555/1241/3351
f 3555/1241/3352 3586/1272/3352 3587/1273/3352 3556/1242/3352
f 3556/1242/3353 3587/1273/3353 3588/1274/3353 3557/1243/3353
f 3557/1243/3354 3588/1274/3354 3589/1275/3354 3558/1244/3354
f 3558/1244/3355 3589/1275/3355 3590/1276/3355 3559/1245/3355
f 3559/1245/3356 3590/1276/3356 3591/1277/3356 3560/1246/3356
f 3560/1246/3357 3591/1277/3357 3592/1278/3357 3561/1247/3357
f 3561/1247/3358 3592/1278/3358 3593/1279/3358 3562/1248/3358
f 3562/1248/3359 3593/1279/3359 3594/1280/3359 3563/1249/3359
f 3563/1249/3360 3594/1280/3360 3595/1281/3360 3564/1250/3360
f 3564/1250/3361 3595/1281/3361 3596/1282/3361 3565/1251/3361
f 3565/1251/3362 3596/1282/3362 3597/1283/3362 3566/1252/3362
f 3567/1254/3363 3598/1285/3363 3599/1284/3363 3568/1253/3363
f 3568/1253/3364 3599/1284/3364 3600/1286/3364 3569/1255/3364
f 3569/1255/3365 3600/1286/3365 3601/1287/3365 3570/1256/3365
f 3570/1256/3366 3601/1287/3366 3602/1288/3366 3571/1257/3366
f 3571/1257/3367 3602/1288/3367 3603/1289/3367 3572/1258/3367
f 3572/1258/3368 3603/1289/3368 3604/1290/3368 3573/1259/3368
f 3573/1259/3369 3604/1290/3369 3605/1291/3369 3574/1260/3369
f 3574/1260/3370 3605/1291/3370 3606/1292/3370 3575/1261/3370
f 3575/1261/3371 3606/1292/3371 3607/1293/3371 3576/1262/3371
f 3576/1262/3372 3607/1293/3372 3608/1294/3372 3577/1263/3372
f 3577/1263/3373 3608/1294/3373 3609/1295/3373 3578/1264/3373
f 3578/1264/3374 3609/1295/3374 3610/1296/3374 3579/1265/3374
f 3579/1265/3375 3610/1296/3375 3611/1297/3375 3580/1266/3375
f 3580/1266/3376 3611/1297/3376 3612/1298/3376 3581/1267/3376
f 3581/1267/3377 3612/1298/3377 3613/1299/3377 3582/1268/3377
f 3582/1268/3378 3613/1299/3378 3614/1300/3378 3583/1269/3378
f 3583/1269/3379 3614/1300/3379 3615/1301/3379 3584/1270/3379
f 3584/1270/3380 3615/1301/3380 3616/1302/3380 3585/1271/3380
f 3585/1271/3381 3616/1302/3381 3617/1303/3381 3586/1272/3381
f 3586/1272/3382 3617/1303/3382 3618/1304/3382 3587/1273/3382
f 3587/1273/3383 3618/1304/3383 3619/1305/3383 3588/1274/3383
f 3588/1274/3384 3619/1305/3384 3620/1306/3384 3589/1275/3384
f 3589/1275/3385 3620/1306/3385 3621/1307/3385 3590/1276/3385
f 3590/1276/3386 3621/1307/3386 3622/1308/3386 3591/1277/3386
f 3591/1277/3387 3622/1308/3387 3623/1309/3387 3592/1278/3387
f 3592/1278/3388 3623/1309/3388 3624/1310/3388 3593/1279/3388
f 3593/1279/3389 3624/1310/3389 3625/1311/3389 3594/1280/3389
f 3594/1280/3390 3625/1311/3390 3626/1312/3390 3595/1281/3390
f 3595/1281/3391 3626/1312/3391 3627/1313/3391 3596/1282/3391
f 3596/1282/3392 3627/1313/3392 3628/1314/3392 3597/1283/3392
f 3598/1285/3393 3629/1316/3393 3630/1315/3393 3599/1284/3393
f 3599/1284/3394 3630/1315/3394 3631/1317/3394 3600/1286/3394
f 3600/1286/3395 3631/1317/3395 3632/1318/3395 3601/1287/3395
f 3601/1287/3396 3632/1318/3396 3633/1319/3396 3602/1288/3396
f 3602/1288/3397 3633/1319/3397 3634/1320/3397 3603/1289/3397
f 3603/1289/3398 3634/1320/3398 3635/1321/3398 3604/1290/3398
f 3604/1290/3399 3635/1321/3399 3636/1322/3399 3605/1291/3399
f 3605/1291/3400 3636/1322/3400 3637/1323/3400 3606/1292/3400
f 3606/1292/3401 3637/1323/3401 3638/1324/3401 3607/1293/3401
f 3607/1293/3402 3638/1324/3402 3639/1325/3402 3608/1294/3402
f 3608/1294/3403 3639/1325/3403 3640/1326/3403 3609/1295/3403
f 3609/1295/3404 3640/1326/3404 3641/1327/3404 3610/1296/3404
f 3610/1296/3405 3641/1327/3405 3642/1328/3405 3611/1297/3405
f 3611/1297/3406 3642/1328/3406 3643/1329/3406 3612/1298/3406
f 3612/1298/3407 3643/1329/3407 3644/1330/3407 3613/1299/3407
f 3613/1299/3408 3644/1330/3408 3645/1331/3408 3614/1300/3408
f 3614/1300/3409 3645/1331/3409 3646/1332/3409 3615/1301/3409
f 3615/1301/3410 3646/1332/3410 3647/1333/3410 3616/1302/3410
f 3616/1302/3411 3647/1333/3411 3648/1334/3411 3617/1303/3411
f 3617/1303/3412 3648/1334/3412 3649/1335/3412 3618/1304/3412
f 3618/1304/3413 3649/1335/3413 3650/1336/3413 3619/1305/3413
f 3619/1305/3414 3650/1336/3414 3651/1337/3414 3620/1306/3414
f 3620/1306/3415 3651/1337/3415 3652/1338/3415 3621/1307/3415
f 3621/1307/3416 3652/1338/3416 3653/1339/3416 3622/1308/3416
f 3622/1308/3417 3653/1339/3417 3654/1340/3417 3623/1309/3417
f 3623/1309/3418 3654/1340/3418 3655/1341/3418 3624/1310/3418
f 3624/1310/3419 3655/1341/3419 3656/1342/3419 3625/1311/3419
f 3625/1311/3420 3656/1342/3420 3657/1343/3420 3626/1312/3420
f 3626/1312/3421 3657/1343/3421 3658/1344/3421 3627/1313/3421
f 3627/1313/3422 3658/1344/3422 3659/1345/3422 3628/1314/3422
f 3629/1316/3423 3660/1347/3423 3661/1346/3423 3630/1315/3423
f 3630/1315/3424 3661/1346/3424 3662/1348/3424 3631/1317/3424
f 3631/1317/3425 3662/1348/3425 3663/1349/3425 3632/1318/3425
f 3632/1318/3426 3663/1349/3426 3664/1350/3426 3633/1319/3426
f 3633/1319/3427 3664/1350/3427 3665/1351/3427 3634/1320/3427
f 3634/1320/3428 3665/1351/3428 3666/1352/3428 3635/1321/3428
f 3635/1321/3429 3666/1352/3429 3667/1353/3429 3636/1322/3429
f 3636/1322/3430 3667/1353/3430 3668/1354/3430 3637/1323/3430
f 3637/1323/3431 3668/1354/3431 3669/1355/3431 3638/1324/3431
f 3638/1324/3432 3669/1355/3432 3670/1356/3432 3639/1325/3432
f 3639/1325/3433 3670/1356/3433 3671/1357/3433 3640/1326/3433
f 3640/1326/3434 3671/1357/3434 3672/1358/3434 3641/1327/3434
f 3641/1327/3435 3672/1358/3435 3673/1359/3435 3642/1328/3435
f 3642/1328/3436 3673/1359/3436 3674/1360/3436 3643/1329/3436
f 3643/1329/3437 3674/1360/3437 3675/1361/3437 3644/1330/3437
f 3644/1330/3438 3675/1361/3438 3676/1362/3438 3645/1331/3438
f 3645/1331/3439 3676/1362/3439 3677/1363/3439 3646/1332/3439
f 3646/1332/3440 3677/1363/3440 3678/1364/3440 3647/1333/3440
f 3647/1333/3441 3678/1364/3441 3679/1365/3441 3648/1334/3441
f 3648/1334/3442 3679/1365/3442 3680/1366/3442 3649/1335/3442
f 3649/1335/3443 3680/1366/3443 3681/1367/3443 3650/1336/3443
f 3650/1336/3444 3681/1367/3444 3682/1368/3444 3651/1337/3444
f 3651/1337/3445 3682/1368/3445 3683/1369/3445 3652/1338/3445
f 3652/1338/3446 3683/1369/3446 3684/1370/3446 3653/1339/3446
f 3653/1339/3447 3684/1370/3447 3685/1371/3447 3654/1340/3447
f 3654/1340/3448 3685/1371/3448 3686/1372/3448 3655/1341/3448
f 3655/1341/3449 3686/1372/3449 3687/1373/3449 3656/1342/3449
f 3656/1342/3450 3687/1373/3450 3688/1374/3450 3657/1343/3450
f 3657/1343/3451 3688/1374/3451 3689/1375/3451 3658/1344/3451
f 3658/1344/3452 3689/1375/3452 3690/1376/3452 3659/1345/3452
f 3660/1347/3453 3691/1378/3453 3692/1377/3453 3661/1346/3453
f 3661/1346/3454 3692/1377/3454 3693/1379/3454 3662/1348/3454
f 3662/1348/3455 3693/1379/3455 3694/1380/3455 3663/1349/3455
f 3663/1349/3456 3694/1380/3456 3695/1381/3456 3664/1350/3456
f 3664/1350/3457 3695/1381/3457 3696/1382/3457 3665/1351/3457
f 3665/1351/3458 3696/1382/3458 3697/1383/3458 3666/1352/3458
f 3666/1352/3459 3697/1383/3459 3698/1384/3459 3667/1353/3459
f 3667/1353/3460 3698/1384/3460 3699/1385/3460 3668/1354/3460
f 3668/1354/3461 3699/1385/3461 3700/1386/3461 3669/1355/3461
f 3669/1355/3462 3700/1386/3462 3701/1387/3462 3670/1356/3462
f 3670/1356/3463 3701/1387/3463 3702/1388/3463 3671/1357/3463
f 3671/1357/3464 3702/1388/3464 3703/1389/3464 3672/1358/3464
f 3672/1358/3465 3703/1389/3465 3704/1390/3465 3673/1359/3465
f 3673/1359/3466 3704/1390/3466 3705/1391/3466 3674/1360/3466
f 3674/1360/3467 3705/1391/3467 3706/1392/3467 3675/1361/3467
f 3675/1361/3468 3706/1392/3468 3707/1393/3468 3676/1362/3468
f 3676/1362/3469 3707/1393/3469 3708/1394/3469 3677/1363/3469
f 3677/1363/3470 3708/1394/3470 3709/1395/3470 3678/1364/3470
f 3678/1364/3471 3709/1395/3471 3710/1396/3471 3679/1365/3471
f 3679/1365/3472 3710/1396/3472 3711/1397/3472 3680/1366/3472
f 3680/1366/3473 3711/1397/3473 3712/1398/3473 3681/1367/3473
f 3681/1367/3474 3712/1398/3474 3713/1399/3474 3682/1368/3474
f 3682/1368/3475 3713/1399/3475 3714/1400/3475 3683/1369/3475
f 3683/1369/3476 3714/1400/3476 3715/1401/3476 3684/1370/3476
f 3684/1370/3477 3715/1401/3477 3716/1402/3477 3685/1371/3477
f 3685/1371/3478 3716/1402/3478 3717/1403/3478 3686/1372/3478
f 3686/1372/3479 3717/1403/3479 3718/1404/3479 3687/1373/3479
f 3687/1373/3480 3718/1404/3480 3719/1405/3480 3688/1374/3480
f 3688/1374/3481 3719/1405/3481 3720/1406/3481 3689/1375/3481
f 3689/1375/3482 3720/1406/3482 3721/1407/3482 3690/1376/3482
f 3691/1378/3483 3722/1409/3483 3723/1408/3483 3692/1377/3483
f 3692/1377/3484 3723/1408/3484 3724/1410/3484 3693/1379/3484
f 3693/1379/3485 3724/1410/3485 3725/1411/3485 3694/1380/3485
f 3694/1380/3486 3725/1411/3486 3726/1412/3486 3695/1381/3486
f 3695/1381/3487 3726/1412/3487 3727/1413/3487 3696/1382/3487
f 3696/1382/3488 3727/1413/3488 3728/1414/3488 3697/1383/3488
f 3697/1383/3489 3728/1414/3489 3729/1415/3489 3698/1384/3489
f 3698/1384/3490 3729/1415/3490 3730/1416/3490 3699/1385/3490
f 3699/1385/3491 3730/1416/3491 3731/1417/3491 3700/1386/3491
f 3700/1386/3492 3731/1417/3492 3732/1418/3492 3701/1387/3492
f 3701/1387/3493 3732/1418/3493 3733/1419/3493 3702/1388/3493
f 3702/1388/3494 3733/1419/3494 3734/1420/3494 3703/1389/3494
f 3703/1389/3495 3734/1420/3495 3735/1421/3495 3704/1390/3495
f 3704/1390/3496 3735/1421/3496 3736/1422/3496 3705/1391/3496
f 3705/1391/3497 3736/1422/3497 3737/1423/3497 3706/1392/3497
f 3706/1392/3498 3737/1423/3498 3738/1424/3498 3707/1393/3498
f 3707/1393/3499 3738/1424/3499 3739/1425/3499 3708/1394/3499
f 3708/1394/3500 3739/1425/3500 3740/1426/3500 3709/1395/3500
f 3709/1395/3501 3740/1426/3501 3741/1427/3501 3710/1396/3501
f 3710/1396/3502 3741/1427/3502 3742/1428/3502 3711/1397/3502
f 3711/1397/3503 3742/1428/3503 3743/1429/3503 3712/1398/3503
f 3712/1398/3504 3743/1429/3504 3744/1430/3504 3713/1399/3504
f 3713/1399/3505 3744/1430/3505 3745/1431/3505 3714/1400/3505
f 3714/1400/3506 3745/1431/3506 3746/1432/3506 3715/1401/3506
f 3715/1401/3507 3746/1432/3507 3747/1433/3507 3716/1402/3507
f 3716/1402/3508 3747/1433/3508 3748/1434/3508 3717/1403/3508
f 3717/1403/3509 3748/1434/3509 3749/1435/3509 3718/1404/3509
f 3718/1404/3510 3749/1435/3510 3750/1436/3510 3719/1405/3510
f 3719/1405/3511 3750/1436/3511 3751/1437/3511 3720/1406/3511
f 3720/1406/3512 3751/1437/3512 3752/1438/3512 3721/1407/3512
f 3722/1409/3513 3753/1440/3513 3754/1439/3513 3723/1408/3513
f 3723/1408/3514 3754/1439/3514 3755/1441/3514 3724/1410/3514
f 3724/1410/3515 3755/1441/3515 3756/1442/3515 3725/1411/3515
f 3725/1411/3516 3756/1442/3516 3757/1443/3516 3726/1412/3516
f 3726/1412/3517 3757/1443/3517 3758/1444/3517 3727/1413/3517
f 3727/1413/3518 3758/1444/3518 3759/1445/3518 3728/1414/3518
f 3728/1414/3519 3759/1445/3519 3760/1446/3519 3729/1415/3519
f 3729/1415/3520 3760/1446/3520 3761/1447/3520 3730/1416/3520
f 3730/1416/3521 3761/1447/3521 3762/1448/3521 3731/1417/3521
f 3731/1417/3522 3762/1448/3522 3763/1449/3522 3732/1418/3522
f 3732/1418/3523 3763/1449/3523 3764/1450/3523 3733/1419/3523
f 3733/1419/3524 3764/1450/3524 3765/1451/3524 3734/1420/3524
f 3734/1420/3525 3765/1451/3525 3766/1452/3525 3735/1421/3525
f 3735/1421/3526 3766/1452/3526 3767/1453/3526 3736/1422/3526
f 3736/1422/3527 3767/1453/3527 3768/1454/3527 3737/1423/3527
f 3737/1423/3528 3768/1454/3528 3769/1455/3528 3738/1424/3528
f 3738/1424/3529 3769/1455/3529 3770/1456/3529 3739/1425/3529
f 3739/1425/3530 3770/1456/3530 3771/1457/3530 3740/1426/3530
f 3740/1426/3531 3771/1457/3531 3772/1458/3531 3741/1427/3531
f 3741/1427/3532 3772/1458/3532 3773/1459/3532 3742/1428/3532
f 3742/1428/3533 3773/1459/3533 3774/1460/3533 3743/1429/3533
f 3743/1429/3534 3774/1460/3534 3775/1461/3534 3744/1430/3534
f 3744/1430/3535 3775/1461/3535 3776/1462/3535 3745/1431/3535
f 3745/1431/3536 3776/1462/3536 3777/1463/3536 3746/1432/3536
f 3746/1432/3537 3777/1463/3537 3778/1464/3537 3747/1433/3537
f 3747/1433/3538 3778/1464/3538 3779/1465/3538 3748/1434/3538
f 3748/1434/3539 3779/1465/3539 3780/1466/3539 3749/1435/3539
f 3749/1435/3540 3780/1466/3540 3781/1467/3540 3750/1436/3540
f 3750/1436/3541 3781/1467/3541 3782/1468/3541 3751/1437/3541
f 3751/1437/3542 3782/1468/3542 3783/1469/3542 3752/1438/3542
f 3753/1440/3543 3784/1471/3543 3785/1470/3543 3754/1439/3543
f 3754/1439/3544 3785/1470/3544 3786/1472/3544 3755/1441/3544
f 3755/1441/3545 3786/1472/3545 3787/1473/3545 3756/1442/3545
f 3756/1442/3546 3787/1473/3546 3788/1474/3546 3757/1443/3546
f 3757/1443/3547 3788/1474/3547 3789/1475/3547 3758/1444/3547
f 3758/1444/3548 3789/1475/3548 3790/1476/3548 3759/1445/3548
f 3759/1445/3549 3790/1476/3549 3791/1477/3549 3760/1446/3549
f 3760/1446/3550 3791/1477/3550 3792/1478/3550 3761/1447/3550
f 3761/1447/3551 3792/1478/3551 3793/1479/3551 3762/1448/3551
f 3762/1448/3552 3793/1479/3552 3794/1480/3552 3763/1449/3552
f 3763/1449/3553 3794/1480/3553 3795/1481/3553 3764/1450/3553
f 3764/1450/3554 3795/1481/3554 3796/1482/3554 3765/1451/3554
f 3765/1451/3555 3796/1482/3555 3797/1483/3555 3766/1452/3555
f 3766/1452/3556 3797/1483/3556 3798/1484/3556 3767/1453/3556
f 3767/1453/3557 3798/1484/3557 3799/1485/3557 3768/1454/3557
f 3768/1454/3558 3799/1485/3558 3800/1486/3558 3769/1455/3558
f 3769/1455/3559 3800/1486/3559 3801/1487/3559 3770/1456/3559
f 3770/1456/3560 3801/1487/3560 3802/1488/3560 3771/1457/3560
f 3771/1457/3561 3802/1488/3561 3803/1489/3561 3772/1458/3561
f 3772/1458/3562 3803/1489/3562 3804/1490/3562 3773/1459/3562
f 3773/1459/3563 3804/1490/3563 3805/1491/3563 3774/1460/3563
f 3774/1460/3564 3805/1491/3564 3806/1492/3564 3775/1461/3564
f 3775/1461/3565 3806/1492/3565 3807/1493/3565 3776/1462/3565
f 3776/1462/3566 3807/1493/3566 3808/1494/3566 3777/1463/3566
f 3777/1463/3567 3808/1494/3567 3809/1495/3567 3778/1464/3567
f 3778/1464/3568 3809/1495/3568 3810/1496/3568 3779/1465/3568
f 3779/1465/3569 3810/1496/3569 3811/1497/3569 3780/1466/3569
f 3780/1466/3570 3811/1497/3570 3812/1498/3570 3781/1467/3570
f 3781/1467/3571 3812/1498/3571 3813/1499/3571 3782/1468/3571
f 3782/1468/3572 3813/1499/3572 3814/1500/3572 3783/1469/3572
f 3784/1471/3573 3815/1502/3573 3816/1501/3573 3785/1470/3573
f 3785/1470/3574 3816/1501/3574 3817/1503/3574 3786/1472/3574
f 3786/1472/3575 3817/1503/3575 3818/1504/3575 3787/1473/3575
f 3787/1473/3576 3818/1504/3576 3819/1505/3576 3788/1474/3576
f 3788/1474/3577 3819/1505/3577 3820/1506/3577 3789/1475/3577
f 3789/1475/3578 3820/1506/3578 3821/1507/3578 3790/1476/3578
f 3790/1476/3579 3821/1507/3579 3822/1508/3579 3791/1477/3579
f 3791/1477/3580 3822/1508/3580 3823/1509/3580 3792/1478/3580
f 3792/1478/3581 3823/1509/3581 3824/1510/3581 3793/1479/3581
f 3793/1479/3582 3824/1510/3582 3825/1511/3582 3794/1480/3582
f 3794/1480/3583 3825/1511/3583 3826/1512/3583 3795/1481/3583
f 3795/1481/3584 3826/1512/3584 3827/1513/3584 3796/1482/3584
f 3796/1482/3585 3827/1513/3585 3828/1514/3585 3797/1483/3585
f 3797/1483/3586 3828/1514/3586 3829/1515/3586 3798/1484/3586
f 3798/1484/3587 3829/1515/3587 3830/1516/3587 3799/1485/3587
f 3799/1485/3588 3830/1516/3588 3831/1517/3588 3800/1486/3588
f 3800/1486/3589 3831/1517/3589 3832/1518/3589 3801/1487/3589
f 3801/1487/3590 3832/1518/3590 3833/1519/3590 3802/1488/3590
f 3802/1488/3591 3833/1519/3591 3834/1520/3591 3803/1489/3591
f 3803/1489/3592 3834/1520/3592 3835/1521/3592 3804/1490/3592
f 3804/1490/3593 3835/1521/3593 3836/1522/3593 3805/1491/3593
f 3805/1491/3594 3836/1522/3594 3837/1523/3594 3806/1492/3594
f 3806/1492/3595 3837/1523/3595 3838/1524/3595 3807/1493/3595
f 3807/1493/3596 3838/1524/3596 3839/1525/3596 3808/1494/3596
f 3808/1494/3597 3839/1525/3597 3840/1526/3597 3809/1495/3597
f 3809/1495/3598 3840/1526/3598 3841/1527/3598 3810/1496/3598
f 3810/1496/3599 3841/1527/3599 3842/1528/3599 3811/1497/3599
f 3811/1497/3600 3842/1528/3600 3843/1529/3600 3812/1498/3600
f 3812/1498/3601 3843/1529/3601 3844/1530/3601 3813/1499/3601
f 3813/1499/3602 3844/1530/3602 3845/1531/3602 3814/1500/3602
f 3815/1502/3603 3846/1533/3603 3847/1532/3603 3816/1501/3603
f 3816/1501/3604 3847/1532/3604 3848/1534/3604 3817/1503/3604
f 3817/1503/3605 3848/1534/3605 3849/1535/3605 3818/1504/3605
f 3818/1504/3606 3849/1535/3606 3850/1536/3606 3819/1505/3606
f 3819/1505/3607 3850/1536/3607 3851/1537/3607 3820/1506/3607
f 3820/1506/3608 3851/1537/3608 3852/1538/3608 3821/1507/3608
f 3821/1507/3609 3852/1538/3609 3853/1539/3609 3822/1508/3609
f 3822/1508/3610 3853/1539/3610 3854/1540/3610 3823/1509/3610
f 3823/1509/3611 3854/1540/3611 3855/1541/3611 3824/1510/3611
f 3824/1510/3612 3855/1541/3612 3856/1542/3612 3825/1511/3612
f 3825/1511/3613 3856/1542/3613 3857/1543/3613 3826/1512/3613
f 3826/1512/3614 3857/1543/3614 3858/1544/3614 3827/1513/3614
f 3827/1513/3615 3858/1544/3615 3859/1545/3615 3828/1514/3615
f 3828/1514/3616 3859/1545/3616 3860/1546/3616 3829/1515/3616
f 3829/1515/3617 3860/1546/3617 3861/1547/3617 3830/1516/3617
f 3830/1516/3618 3861/1547/3618 3862/1548/3618 3831/1517/3618
f 3831/1517/3619 3862/1548/3619 3863/1549/3619 3832/1518/3619
f 3832/1518/3620 3863/1549/3620 3864/1550/3620 3833/1519/3620
f 3833/1519/3621 3864/1550/3621 3865/1551/3621 3834/1520/3621
f 3834/1520/3622 3865/1551/3622 3866/1552/3622 3835/1521/3622
f 3835/1521/3623 3866/1552/3623 3867/1553/3623 3836/1522/3623
f 3836/1522/3624 3867/1553/3624 3868/1554/3624 3837/1523/3624
f 3837/1523/3625 3868/1554/3625 3869/1555/3625 3838/1524/3625
f 3838/1524/3626 3869/1555/3626 3870/1556/3626 3839/1525/3626
f 3839/1525/3627 3870/1556/3627 3871/1557/3627 3840/1526/3627
f 3840/1526/3628 3871/1557/3628 3872/1558/3628 3841/1527/3628
f 3841/1527/3629 3872/1558/3629 3873/1559/3629 3842/1528/3629
f 3842/1528/3630 3873/1559/3630 3874/1560/3630 3843/1529/3630
f 3843/1529/3631 3874/1560/3631 3875/1561/3631 3844/1530/3631
f 3844/1530/3632 3875/1561/3632 3876/1562/3632 3845/1531/3632
f 3846/1533/3633 3877/1564/3633 3878/1563/3633 3847/1532/3633
f 3847/1532/3634 3878/1563/3634 3879/1565/3634 3848/1534/3634
f 3848/1534/3635 3879/1565/3635 3880/1566/3635 3849/1535/3635
f 3849/1535/3636 3880/1566/3636 3881/1567/3636 3850/1536/3636
f 3850/1536/3637 3881/1567/3637 3882/1568/3637 3851/1537/3637
f 3851/1537/3638 3882/1568/3638 3883/1569/3638 3852/1538/3638
f 3852/1538/3639 3883/1569/3639 3884/1570/3639 3853/1539/3639
f 3853/1539/3640 3884/1570/3640 3885/1571/3640 3854/1540/3640
f 3854/1540/3641 3885/1571/3641 3886/1572/3641 3855/1541/3641
f 3855/1541/3642 3886/1572/3642 3887/1573/3642 3856/1542/3642
f 3856/1542/3643 3887/1573/3643 3888/1574/3643 3857/1543/3643
f 3857/1543/3644 3888/1574/3644 3889/1575/3644 3858/1544/3644
f 3858/1544/3645 3889/1575/3645 3890/1576/3645 3859/1545/3645
f 3859/1545/3646 3890/1576/3646 3891/1577/3646 3860/1546/3646
f 3860/1546/3647 3891/1577/3647 3892/1578/3647 3861/1547/3647
f 3861/1547/3648 3892/1578/3648 3893/1579/3648 3862/1548/3648
f 3862/1548/3649 3893/1579/3649 3894/1580/3649 3863/1549/3649
f 3863/1549/3650 3894/1580/3650 3895/1581/3650 3864/1550/3650
f 3864/1550/3651 3895/1581/3651 3896/1582/3651 3865/1551/3651
f 3865/1551/3652 3896/1582/3652 3897/1583/3652 3866/1552/3652
f 3866/1552/3653 3897/1583/3653 3898/1584/3653 3867/1553/3653
f 3867/1553/3654 3898/1584/3654 3899/1585/3654 3868/1554/3654
f 3868/1554/3655 3899/1585/3655 3900/1586/3655 3869/1555/3655
f 3869/1555/3656 3900/1586/3656 3901/1587/3656 3870/1556/3656
f 3870/1556/3657 3901/1587/3657 3902/1588/3657 3871/1557/3657
f 3871/1557/3658 3902/1588/3658 3903/1589/3658 3872/1558/3658
f 3872/1558/3659 3903/1589/3659 3904/1590/3659 3873/1559/3659
f 3873/1559/3660 3904/1590/3660 3905/1591/3660 3874/1560/3660
f 3874/1560/3661 3905/1591/3661 3906/1592/3661 3875/1561/3661
f 3875/1561/3662 3906/1592/3662 3907/1593/3662 3876/1562/3662
f 3877/1564/3663 3908/1595/3663 3909/1594/3663 3878/1563/3663
f 3878/1563/3664 3909/1594/3664 3910/1596/3664 3879/1565/3664
f 3879/1565/3665 3910/1596/3665 3911/1597/3665 3880/1566/3665
f 3880/1566/3666 3911/1597/3666 3912/1598/3666 3881/1567/3666
f 3881/1567/3667 3912/1598/3667 3913/1599/3667 3882/1568/3667
f 3882/1568/3668 3913/1599/3668 3914/1600/3668 3883/1569/3668
f 3883/1569/3669 3914/1600/3669 3915/1601/3669 3884/1570/3669
f 3884/1570/3670 3915/1601/3670 3916/1602/3670 3885/1571/3670
f 3885/1571/3671 3916/1602/3671 3917/1603/3671 3886/1572/3671
f 3886/1572/3672 3917/1603/3672 3918/1604/3672 3887/1573/3672
f 3887/1573/3673 3918/1604/3673 3919/1605/3673 3888/1574/3673
f 3888/1574/3674 3919/1605/3674 3920/1606/3674 3889/1575/3674
f 3889/1575/3675 3920/1606/3675 3921/1607/3675 3890/1576/3675
f 3890/1576/3676 3921/1607/3676 3922/1608/3676 3891/1577/3676
f 3891/1577/3677 3922/1608/3677 3923/1609/3677 3892/1578/3677
f 3892/1578/3678 3923/1609/3678 3924/1610/3678 3893/1579/3678
f 3893/1579/3679 3924/1610/3679 3925/1611/3679 3894/1580/3679
f 3894/1580/3680 3925/1611/3680 3926/1612/3680 3895/1581/3680
f 3895/1581/3681 3926/1612/3681 3927/1613/3681 3896/1582/3681
f 3896/1582/3682 3927/1613/3682 3928/1614/3682 3897/1583/3682
f 3897/1583/3683 3928/1614/3683 3929/1615/3683 3898/1584/3683
f 3898/1584/3684 3929/1615/3684 3930/1616/3684 3899/1585/3684
f 3899/1585/3685 3930/1616/3685 3931/1617/3685 3900/1586/3685
f 3900/1586/3686 3931/1617/3686 3932/1618/3686 3901/1587/3686
f 3901/1587/3687 3932/1618/3687 3933/1619/3687 3902/1588/3687
f 3902/1588/3688 3933/1619/3688 3934/1620/3688 3903/1589/3688
f 3903/1589/3689 3934/1620/3689 3935/1621/3689 3904/1590/3689
f 3904/1590/3690 3935/1621/3690 3936/1622/3690 3905/1591/3690
f 3905/1591/3691 3936/1622/3691 3937/1623/3691 3906/1592/3691
f 3906/1592/3692 3937/1623/3692 3938/1624/3692 3907/1593/3692
f 3908/1595/3693 3939/1626/3693 3940/1625/3693 3909/1594/3693
f 3909/1594/3694 3940/1625/3694 3941/1627/3694 3910/1596/3694
f 3910/1596/3695 3941/1627/3695 3942/1628/3695 3911/1597/3695
f 3911/1597/3696 3942/1628/3696 3943/1629/3696 3912/1598/3696
f 3912/1598/3697 3943/1629/3697 3944/1630/3697 3913/1599/3697
f 3913/1599/3698 3944/1630/3698 3945/1631/3698 3914/1600/3698
f 3914/1600/3699 3945/1631/3699 3946/1632/3699 3915/1601/3699
f 3915/1601/3700 3946/1632/3700 3947/1633/3700 3916/1602/3700
f 3916/1602/3701 3947/1633/3701 3948/1634/3701 3917/1603/3701
f 3917/1603/3702 3948/1634/3702 3949/1635/3702 3918/1604/3702
f 3918/1604/3703 3949/1635/3703 3950/1636/3703 3919/1605/3703
f 3919/1605/3704 3950/1636/3704 3951/1637/3704 3920/1606/3704
f 3920/1606/3705 3951/1637/3705 3952/1638/3705 3921/1607/3705
f 3921/1607/3706 3952/1638/3706 3953/1639/3706 3922/1608/3706
f 3922/1608/3707 3953/1639/3707 3954/1640/3707 3923/1609/3707
f 3923/1609/3708 3954/1640/3708 3955/1641/3708 3924/1610/3708
f 3924/1610/3709 3955/1641/3709 3956/1642/3709 3925/1611/3709
f 3925/1611/3710 3956/1642/3710 3957/1643/3710 3926/1612/3710
f 3926/1612/3711 3957/1643/3711 3958/1644/3711 3927/1613/3711
f 3927/1613/3712 3958/1644/3712 3959/1645/3712 3928/1614/3712
f 3928/1614/3713 3959/1645/3713 3960/1646/3713 3929/1615/3713
f 3929/1615/3714 3960/1646/3714 3961/1647/3714 3930/1616/3714
f 3930/1616/3715 3961/1647/3715 3962/1648/3715 3931/1617/3715
f 3931/1617/3716 3962/1648/3716 3963/1649/3716 3932/1618/3716
f 3932/1618/3717 3963/1649/3717 3964/1650/3717 3933/1619/3717
f 3933/1619/3718 3964/1650/3718 3965/1651/3718 3934/1620/3718
f 3934/1620/3719 3965/1651/3719 3966/1652/3719 3935/1621/3719
f 3935/1621/3720 3966/1652/3720 3967/1653/3720 3936/1622/3720
f 3936/1622/3721 3967/1653/3721 3968/1654/3721 3937/1623/3721
f 3937/1623/3722 3968/1654/3722 3969/1655/3722 3938/1624/3722
f 3939/1626/3723 3970/1657/3723 3971/1656/3723 3940/1625/3723
f 3940/1625/3724 3971/1656/3724 3972/1658/3724 3941/1627/3724
f 3941/1627/3725 3972/1658/3725 3973/1659/3725 3942/1628/3725
f 3942/1628/3726 3973/1659/3726 3974/1660/3726 3943/1629/3726
f 3943/1629/3727 3974/1660/3727 3975/1661/3727 3944/1630/3727
f 3944/1630/3728 3975/1661/3728 3976/1662/3728 3945/1631/3728
f 3945/1631/3729 3976/1662/3729 3977/1663/3729 3946/1632/3729
f 3946/1632/3730 3977/1663/3730 3978/1664/3730 3947/1633/3730
f 3947/1633/3731 3978/1664/3731 3979/1665/3731 3948/1634/3731
f 3948/1634/3732 3979/1665/3732 3980/1666/3732 3949/1635/3732
f 3949/1635/3733 3980/1666/3733 3981/1667/3733 3950/1636/3733
f 3950/1636/3734 3981/1667/3734 3982/1668/3734 3951/1637/3734
f 3951/1637/3735 3982/1668/3735 3983/1669/3735 3952/1638/3735
f 3952/1638/3736 3983/1669/3736 3984/1670/3736 3953/1639/3736
f 3953/1639/3737 3984/1670/3737 3985/1671/3737 3954/1640/3737
f 3954/1640/3738 3985/1671/3738 3986/1672/3738 3955/1641/3738
f 3955/1641/3739 3986/1672/3739 3987/1673/3739 3956/1642/3739
f 3956/1642/3740 3987/1673/3740 3988/1674/3740 3957/1643/3740
f 3957/1643/3741 3988/1674/3741 3989/1675/3741 3958/1644/3741
f 3958/1644/3742 3989/1675/3742 3990/1676/3742 3959/1645/3742
f 3959/1645/3743 3990/1676/3743 3991/1677/3743 3960/1646/3743
f 3960/1646/3744 3991/1677/3744 3992/1678/3744 3961/1647/3744
f 3961/1647/3745 3992/1678/3745 3993/1679/3745 3962/1648/3745
f 3962/1648/3746 3993/1679/3746 3994/1680/3746 3963/1649/3746
f 3963/1649/3747 3994/1680/3747 3995/1681/3747 3964/1650/3747
f 3964/1650/3748 3995/1681/3748 3996/1682/3748 3965/1651/3748
f 3965/1651/3749 3996/1682/3749 3997/1683/3749 3966/1652/3749
f 3966/1652/3750 3997/1683/3750 3998/1684/3750 3967/1653/3750
f 3967/1653/3751 3998/1684/3751 3999/1685/3751 3968/1654/3751
f 3968/1654/3752 3999/1685/3752 4000/1686/3752 3969/1655/3752
f 3970/1657/3753 4001/1688/3753 4002/1687/3753 3971/1656/3753
f 3971/1656/3754 4002/1687/3754 4003/1689/3754 3972/1658/3754
f 3972/1658/3755 4003/1689/3755 4004/1690/3755 3973/1659/3755
f 3973/1659/3756 4004/1690/3756 4005/1691/3756 3974/1660/3756
f 3974/1660/3757 4005/1691/3757 4006/1692/3757 3975/1661/3757
f 3975/1661/3758 4006/1692/3758 4007/1693/3758 3976/1662/3758
f 3976/1662/3759 4007/1693/3759 4008/1694/3759 3977/1663/3759
f 3977/1663/3760 4008/1694/3760 4009/1695/3760 3978/1664/3760
f 3978/1664/3761 4009/1695/3761 4010/1696/3761 3979/1665/3761
f 3979/1665/3762 4010/1696/3762 4011/1697/3762 3980/1666/3762
f 3980/1666/3763 4011/1697/3763 4012/1698/3763 3981/1667/3763
f 3981/1667/3764 4012/1698/3764 4013/1699/3764 3982/1668/3764
f 3982/1668/3765 4013/1699/3765 4014/1700/3765 3983/1669/3765
f 3983/1669/3766 4014/1700/3766 4015/1701/3766 3984/1670/3766
f 3984/1670/3767 4015/1701/3767 4016/1702/3767 3985/1671/3767
f 3985/1671/3768 4016/1702/3768 4017/1703/3768 3986/1672/3768
f 3986/1672/3769 4017/1703/3769 4018/1704/3769 3987/1673/3769
f 3987/1673/3770 4018/1704/3770 4019/1705/3770 3988/1674/3770
f 3988/1674/3771 4019/1705/3771 4020/1706/3771 3989/1675/3771
f 3989/1675/3772 4020/1706/3772 4021/1707/3772 3990/1676/3772
f 3990/1676/3773 4021/1707/3773 4022/1708/3773 3991/1677/3773
f 3991/1677/3774 4022/1708/3774 4023/1709/3774 3992/1678/3774
f 3992/1678/3775 4023/1709/3775 4024/1710/3775 3993/1679/3775
f 3993/1679/3776 4024/1710/3776 4025/1711/3776 3994/1680/3776
f 3994/1680/3777 4025/1711/3777 4026/1712/3777 3995/1681/3777
f 3995/1681/3778 4026/1712/3778 4027/1713/3778 3996/1682/3778
f 3996/1682/3779 4027/1713/3779 4028/1714/3779 3997/1683/3779
f 3997/1683/3780 4028/1714/3780 4029/1715/3780 3998/1684/3780
f 3998/1684/3781 4029/1715/3781 4030/1716/3781 3999/1685/3781
f 3999/1685/3782 4030/1716/3782 4031/1717/3782 4000/1686/3782
f 4001/1688/3783 4032/1719/3783 4033/1718/3783 4002/1687/3783
f 4002/1687/3784 4033/1718/3784 4034/1720/3784 4003/1689/3784
f 4003/1689/3785 4034/1720/3785 4035/1721/3785 4004/1690/3785
f 4004/1690/3786 4035/1721/3786 4036/1722/3786 4005/1691/3786
f 4005/1691/3787 4036/1722/3787 4037/1723/3787 4006/1692/3787
f 4006/1692/3788 4037/1723/3788 4038/1724/3788 4007/1693/3788
f 4007/1693/3789 4038/1724/3789 4039/1725/3789 4008/1694/3789
f 4008/1694/3790 4039/1725/3790 4040/1726/3790 4009/1695/3790
f 4009/1695/3791 4040/1726/3791 4041/1727/3791 4010/1696/3791
f 4010/1696/3792 4041/1727/3792 4042/1728/3792 4011/1697/3792
f 4011/1697/3793 4042/1728/3793 4043/1729/3793 4012/1698/3793
f 4012/1698/3794 4043/1729/3794 4044/1730/3794 4013/1699/3794
f 4013/1699/3795 4044/1730/3795 4045/1731/3795 4014/1700/3795
f 4014/1700/3796 4045/1731/3796 4046/1732/3796 4015/1701/3796
f 4015/1701/3797 4046/1732/3797 4047/1733/3797 4016/1702/3797
f 4016/1702/3798 4047/1733/3798 4048/1734/3798 4017/1703/3798
f 4017/1703/3799 4048/1734/3799 4049/1735/3799 4018/1704/3799
f 4018/1704/3800 4049/1735/3800 4050/1736/3800 4019/1705/3800
f 4019/1705/3801 4050/1736/3801 4051/1737/3801 4020/1706/3801
f 4020/1706/3802 4051/1737/3802 4052/1738/3802 4021/1707/3802
f 4021/1707/3803 4052/1738/3803 4053/1739/3803 4022/1708/3803
f 4022/1708/3804 4053/1739/3804 4054/1740/3804 4023/1709/3804
f 4023/1709/3805 4054/1740/3805 4055/1741/3805 4024/1710/3805
f 4024/1710/3806 4055/1741/3806 4056/1742/3806 4025/1711/3806
f 4025/1711/3807 4056/1742/3807 4057/1743/3807 4026/1712/3807
f 4026/1712/3808 4057/1743/3808 4058/1744/3808 4027/1713/3808
f 4027/1713/3809 4058/1744/3809 4059/1745/3809 4028/1714/3809
f 4028/1714/3810 4059/1745/3810 4060/1746/3810 4029/1715/3810
f 4029/1715/3811 4060/1746/3811 4061/1747/3811 4030/1716/3811
f 4030/1716/3812 4061/1747/3812 4062/1748/3812 4031/1717/3812
f 4032/1719/3813 4063/1750/3813 4064/1749/3813 4033/1718/3813
f 4033/1718/3814 4064/1749/3814 4065/1751/3814 4034/1720/3814
f 4034/1720/3815 4065/1751/3815 4066/1752/3815 4035/1721/3815
f 4035/1721/3816 4066/1752/3816 4067/1753/3816 4036/1722/3816
f 4036/1722/3817 4067/1753/3817 4068/1754/3817 4037/1723/3817
f 4037/1723/3818 4068/1754/3818 4069/1755/3818 4038/1724/3818
f 4038/1724/3819 4069/1755/3819 4070/1756/3819 4039/1725/3819
f 4039/1725/3820 4070/1756/3820 4071/1757/3820 4040/1726/3820
f 4040/1726/3821 4071/1757/3821 4072/1758/3821 4041/1727/3821
f 4041/1727/3822 4072/1758/3822 4073/1759/3822 4042/1728/3822
f 4042/1728/3823 4073/1759/3823 4074/1760/3823 4043/1729/3823
f 4043/1729/3824 4074/1760/3824 4075/1761/3824 4044/1730/3824
f 4044/1730/3825 4075/1761/3825 4076/1762/3825 4045/1731/3825
f 4045/1731/3826 4076/1762/3826 4077/1763/3826 4046/1732/3826
f 4046/1732/3827 4077/1763/3827 4078/1764/3827 4047/1733/3827
f 4047/1733/3828 4078/1764/3828 4079/1765/3828 4048/1734/3828
f 4048/1734/3829 4079/1765/3829 4080/1766/3829 4049/1735/3829
f 4049/1735/3830 4080/1766/3830 4081/1767/3830 4050/1736/3830
f 4050/1736/3831 4081/1767/3831 4082/1768/3831 4051/1737/3831
f 4051/1737/3832 4082/1768/3832 4083/1769/3832 4052/1738/3832
f 4052/1738/3833 4083/1769/3833 4084/1770/3833 4053/1739/3833
f 4053/1739/3834 4084/1770/3834 4085/1771/3834 4054/1740/3834
f 4054/1740/3835 4085/1771/3835 4086/1772/3835 4055/1741/3835
f 4055/1741/3836 4086/1772/3836 4087/1773/3836 4056/1742/3836
f 4056/1742/3837 4087/1773/3837 4088/1774/3837 4057/1743/3837
f 4057/1743/3838 4088/1774/3838 4089/1775/3838 4058/1744/3838
f 4058/1744/3839 4089/1775/3839 4090/1776/3839 4059/1745/3839
f 4059/1745/3840 4090/1776/3840 4091/1777/3840 4060/1746/3840
f 4060/1746/3841 4091/1777/3841 4092/1778/3841 4061/1747/3841
f 4061/1747/3842 4092/1778/3842 4093/1779/3842 4062/1748/3842
f 4063/1750/3843 4094/1781/3843 4095/1780/3843 4064/1749/3843
f 4064/1749/3844 4095/1780/3844 4096/1782/3844 4065/1751/3844
f 4065/1751/3845 4096/1782/3845 4097/1783/3845 4066/1752/3845
f 4066/1752/3846 4097/1783/3846 4098/1784/3846 4067/1753/3846
f 4067/1753/3847 4098/1784/3847 4099/1785/3847 4068/1754/3847
f 4068/1754/3848 4099/1785/3848 4100/1786/3848 4069/1755/3848
f 4069/1755/3849 4100/1786/3849 4101/1787/3849 4070/1756/3849
f 4070/1756/3850 4101/1787/3850 4102/1788/3850 4071/1757/3850
f 4071/1757/3851 4102/1788/3851 4103/1789/3851 4072/1758/3851
f 4072/1758/3852 4103/1789/3852 4104/1790/3852 4073/1759/3852
f 4073/1759/3853 4104/1790/3853 4105/1791/3853 4074/1760/3853
f 4074/1760/3854 4105/1791/3854 4106/1792/3854 4075/1761/3854
f 4075/1761/3855 4106/1792/3855 4107/1793/3855 4076/1762/3855
f 4076/1762/3856 4107/1793/3856 4108/1794/3856 4077/1763/3856
f 4077/1763/3857 4108/1794/3857 4109/1795/3857 4078/1764/3857
f 4078/1764/3858 4109/1795/3858 4110/1796/3858 4079/1765/3858
f 4079/1765/3859 4110/1796/3859 4111/1797/3859 4080/1766/3859
f 4080/1766/3860 4111/1797/3860 4112/1798/3860 4081/1767/3860
f 4081/1767/3861 4112/1798/3861 4113/1799/3861 4082/1768/3861
f 4082/1768/3862 4113/1799/3862 4114/1800/3862 4083/1769/3862
f 4083/1769/3863 4114/1800/3863 4115/1801/3863 4084/1770/3863
f 4084/1770/3864 4115/1801/3864 4116/1802/3864 4085/1771/3864
f 4085/1771/3865 4116/1802/3865 4117/1803/3865 4086/1772/3865
f 4086/1772/3866 4117/1803/3866 4118/1804/3866 4087/1773/3866
f 4087/1773/3867 4118/1804/3867 4119/1805/3867 4088/1774/3867
f 4088/1774/3868 4119/1805/3868 4120/1806/3868 4089/1775/3868
f 4089/1775/3869 4120/1806/3869 4121/1807/3869 4090/1776/3869
f 4090/1776/3870 4121/1807/3870 4122/1808/3870 4091/1777/3870
f 4091/1777/3871 4122/1808/3871 4123/1809/3871 4092/1778/3871
f 4092/1778/3872 4123/1809/3872 4124/1810/3872 4093/1779/3872
f 4094/1781/3873 4125/1812/3873 4126/1811/3873 4095/1780/3873
f 4095/1780/3874 4126/1811/3874 4127/1813/3874 4096/1782/3874
f 4096/1782/3875 4127/1813/3875 4128/1814/3875 4097/1783/3875
f 4097/1783/3876 4128/1814/3876 4129/1815/3876 4098/1784/3876
f 4098/1784/3877 4129/1815/3877 4130/1816/3877 4099/1785/3877
f 4099/1785/3878 4130/1816/3878 4131/1817/3878 4100/1786/3878
f 4100/1786/3879 4131/1817/3879 4132/1818/3879 4101/1787/3879
f 4101/1787/3880 4132/1818/3880 4133/1819/3880 4102/1788/3880
f 4102/1788/3881 4133/1819/3881 4134/1820/3881 4103/1789/3881
f 4103/1789/3882 4134/1820/3882 4135/1821/3882 4104/1790/3882
f 4104/1790/3883 4135/1821/3883 4136/1822/3883 4105/1791/3883
f 4105/1791/3884 4136/1822/3884 4137/1823/3884 4106/1792/3884
f 4106/1792/3885 4137/1823/3885 4138/1824/3885 4107/1793/3885
f 4107/1793/3886 4138/1824/3886 4139/1825/3886 4108/1794/3886
f 4108/1794/3887 4139/1825/3887 4140/1826/3887 4109/1795/3887
f 4109/1795/3888 4140/1826/3888 4141/1827/3888 4110/1796/3888
f 4110/1796/3889 4141/1827/3889 4142/1828/3889 4111/1797/3889
f 4111/1797/3890 4142/1828/3890 4143/1829/3890 4112/1798/3890
f 4112/1798/3891 4143/1829/3891 4144/1830/3891 4113/1799/3891
f 4113/1799/3892 4144/1830/3892 4145/1831/3892 4114/1800/3892
f 4114/1800/3893 4145/1831/3893 4146/1832/3893 4115/1801/3893
f 4115/1801/3894 4146/1832/3894 4147/1833/3894 4116/1802/3894
f 4116/1802/3895 4147/1833/3895 4148/1834/3895 4117/1803/3895
f 4117/1803/3896 4148/1834/3896 4149/1835/3896 4118/1804/3896
f 4118/1804/3897 4149/1835/3897 4150/1836/3897 4119/1805/3897
f 4119/1805/3898 4150/1836/3898 4151/1837/3898 4120/1806/3898
f 4120/1806/3899 4151/1837/3899 4152/1838/3899 4121/1807/3899
f 4121/1807/3900 4152/1838/3900 4153/1839/3900 4122/1808/3900
f 4122/1808/3901 4153/1839/3901 4154/1840/3901 4123/1809/3901
f 4123/1809/3902 4154/1840/3902 4155/1841/3902 4124/1810/3902
f 4125/1812/3903 4156/1843/3903 4157/1842/3903 4126/1811/3903
f 4126/1811/3904 4157/1842/3904 4158/1844/3904 4127/1813/3904
f 4127/1813/3905 4158/1844/3905 4159/1845/3905 4128/1814/3905
f 4128/1814/3906 4159/1845/3906 4160/1846/3906 4129/1815/3906
f 4129/1815/3907 4160/1846/3907 4161/1847/3907 4130/1816/3907
f 4130/1816/3908 4161/1847/3908 4162/1848/3908 4131/1817/3908
f 4131/1817/3909 4162/1848/3909 4163/1849/3909 4132/1818/3909
f 4132/1818/3910 4163/1849/3910 4164/1850/3910 4133/1819/3910
f 4133/1819/3911 4164/1850/3911 4165/1851/3911 4134/1820/3911
f 4134/1820/3912 4165/1851/3912 4166/1852/3912 4135/1821/3912
f 4135/1821/3913 4166/1852/3913 4167/1853/3913 4136/1822/3913
f 4136/1822/3914 4167/1853/3914 4168/1854/3914 4137/1823/3914
f 4137/1823/3915 4168/1854/3915 4169/1855/3915 4138/1824/3915
f 4138/1824/3916 4169/1855/3916 4170/1856/3916 4139/1825/3916
f 4139/1825/3917 4170/1856/3917 4171/1857/3917 4140/1826/3917
f 4140/1826/3918 4171/1857/3918 4172/1858/3918 4141/1827/3918
f 4141/1827/3919 4172/1858/3919 4173/1859/3919 4142/1828/3919
f 4142/1828/3920 4173/1859/3920 4174/1860/3920 4143/1829/3920
f 4143/1829/3921 4174/1860/3921 4175/1861/3921 4144/1830/3921
f 4144/1830/3922 4175/1861/3922 4176/1862/3922 4145/1831/3922
f 4145/1831/3923 4176/1862/3923 4177/1863/3923 4146/1832/3923
f 4146/1832/3924 4177/1863/3924 4178/1864/3924 4147/1833/3924
f 4147/1833/3925 4178/1864/3925 4179/1865/3925 4148/1834/3925
f 4148/1834/3926 4179/1865/3926 4180/1866/3926 4149/1835/3926
f 4149/1835/3927 4180/1866/3927 4181/1867/3927 4150/1836/3927
f 4150/1836/3928 4181/1867/3928 4182/1868/3928 4151/1837/3928
f 4151/1837/3929 4182/1868/3929 4183/1869/3929 4152/1838/3929
f 4152/1838/3930 4183/1869/3930 4184/1870/3930 4153/1839/3930
f 4153/1839/3931 4184/1870/3931 4185/1871/3931 4154/1840/3931
f 4154/1840/3932 4185/1871/3932 4186/1872/3932 4155/1841/3932
f 4156/1843/3933 4187/1874/3933 4188/1873/3933 4157/1842/3933
f 4157/1842/3934 4188/1873/3934 4189/1875/3934 4158/1844/3934
f 4158/1844/3935 4189/1875/3935 4190/1876/3935 4159/1845/3935
f 4159/1845/3936 4190/1876/3936 4191/1877/3936 4160/1846/3936
f 4160/1846/3937 4191/1877/3937 4192/1878/3937 4161/1847/3937
f 4161/1847/3938 4192/1878/3938 4193/1879/3938 4162/1848/3938
f 4162/1848/3939 4193/1879/3939 4194/1880/3939 4163/1849/3939
f 4163/1849/3940 4194/1880/3940 4195/1881/3940 4164/1850/3940
f 4164/1850/3941 4195/1881/3941 4196/1882/3941 4165/1851/3941
f 4165/1851/3942 4196/1882/3942 4197/1883/3942 4166/1852/3942
f 4166/1852/3943 4197/1883/3943 4198/1884/3943 4167/1853/3943
f 4167/1853/3944 4198/1884/3944 4199/1885/3944 4168/1854/3944
f 4168/1854/3945 4199/1885/3945 4200/1886/3945 4169/1855/3945
f 4169/1855/3946 4200/1886/3946 4201/1887/3946 4170/1856/3946
f 4170/1856/3947 4201/1887/3947 4202/1888/3947 4171/1857/3947
f 4171/1857/3948 4202/1888/3948 4203/1889/3948 4172/1858/3948
f 4172/1858/3949 4203/1889/3949 4204/1890/3949 4173/1859/3949
f 4173/1859/3950 4204/1890/3950 4205/1891/3950 4174/1860/3950
f 4174/1860/3951 4205/1891/3951 4206/1892/3951 4175/1861/3951
f 4175/1861/3952 4206/1892/3952 4207/1893/3952 4176/1862/3952
f 4176/1862/3953 4207/1893/3953 4208/1894/3953 4177/1863/3953
f 4177/1863/3954 4208/1894/3954 4209/1895/3954 4178/1864/3954
f 4178/1864/3955 4209/1895/3955 4210/1896/3955 4179/1865/3955
f 4179/1865/3956 4210/1896/3956 4211/1897/3956 4180/1866/3956
f 4180/1866/3957 4211/1897/3957 4212/1898/3957 4181/1867/3957
f 4181/1867/3958 4212/1898/3958 4213/1899/3958 4182/1868/3958
f 4182/1868/3959 4213/1899/3959 4214/1900/3959 4183/1869/3959
f 4183/1869/3960 4214/1900/3960 4215/1901/3960 4184/1870/3960
f 4184/1870/3961 4215/1901/3961 4216/1902/3961 4185/1871/3961
f 4185/1871/3962 4216/1902/3962 4217/1903/3962 4186/1872/3962
f 4187/1874/3963 4218/1905/3963 4219/1904/3963 4188/1873/3963
f 4188/1873/3964 4219/1904/3964 4220/1906/3964 4189/1875/3964
f 4189/1875/3965 4220/1906/3965 4221/1907/3965 4190/1876/3965
f 4190/1876/3966 4221/1907/3966 4222/1908/3966 4191/1877/3966
f 4191/1877/3967 4222/1908/3967 4223/1909/3967 4192/1878/3967
f 4192/1878/3968 4223/1909/3968 4224/1910/3968 4193/1879/3968
f 4193/1879/3969 4224/1910/3969 4225/1911/3969 4194/1880/3969
f 4194/1880/3970 4225/1911/3970 4226/1912/3970 4195/1881/3970
f 4195/1881/3971 4226/1912/3971 4227/1913/3971 4196/1882/3971
f 4196/1882/3972 4227/1913/3972 4228/1914/3972 4197/1883/3972
f 4197/1883/3973 4228/1914/3973 4229/1915/3973 4198/1884/3973
f 4198/1884/3974 4229/1915/3974 4230/1916/3974 4199/1885/3974
f 4199/1885/3975 4230/1916/3975 4231/1917/3975 4200/1886/3975
f 4200/1886/3976 4231/1917/3976 4232/1918/3976 4201/1887/3976
f 4201/1887/3977 4232/1918/3977 4233/1919/3977 4202/1888/3977
f 4202/1888/3978 4233/1919/3978 4234/1920/3978 4203/1889/3978
f 4203/1889/3979 4234/1920/3979 4235/1921/3979 4204/1890/3979
f 4204/1890/3980 4235/1921/3980 4236/1922/3980 4205/1891/3980
f 4205/1891/3981 4236/1922/3981 4237/1923/3981 4206/1892/3981
f 4206/1892/3982 4237/1923/3982 4238/1924/3982 4207/1893/3982
f 4207/1893/3983 4238/1924/3983 4239/1925/3983 4208/1894/3983
f 4208/1894/3984 4239/1925/3984 4240/1926/3984 4209/1895/3984
f 4209/1895/3985 4240/1926/3985 4241/1927/3985 4210/1896/3985
f 4210/1896/3986 4241/1927/3986 4242/1928/3986 4211/1897/3986
f 4211/1897/3987 4242/1928/3987 4243/1929/3987 4212/1898/3987
f 4212/1898/3988 4243/1929/3988 4244/1930/3988 4213/1899/3988
f 4213/1899/3989 4244/1930/3989 4245/1931/3989 4214/1900/3989
f 4214/1900/3990 4245/1931/3990 4246/1932/3990 4215/1901/3990
f 4215/1901/3991 4246/1932/3991 4247/1933/3991 4216/1902/3991
f 4216/1902/3992 4247/1933/3992 4248/1934/3992 4217/1903/3992
f 4218/1905/3993 4249/1936/3993 4250/1935/3993 4219/1904/3993
f 4219/1904/3994 4250/1935/3994 4251/1937/3994 4220/1906/3994
f 4220/1906/3995 4251/1937/3995 4252/1938/3995 4221/1907/3995
f 4221/1907/3996 4252/1938/3996 4253/1939/3996 4222/1908/3996
f 4222/1908/3997 4253/1939/3997 4254/1940/3997 4223/1909/3997
f 4223/1909/3998 4254/1940/3998 4255/1941/3998 4224/1910/3998
f 4224/1910/3999 4255/1941/3999 4256/1942/3999 4225/1911/3999
f 4225/1911/4000 4256/1942/4000 4257/1943/4000 4226/1912/4000
f 4226/1912/4001 4257/1943/4001 4258/1944/4001 4227/1913/4001
f 4227/1913/4002 4258/1944/4002 4259/1945/4002 4228/1914/4002
f 4228/1914/4003 4259/1945/4003 4260/1946/4003 4229/1915/4003
f 4229/1915/4004 4260/1946/4004 4261/1947/4004 4230/1916/4004
f 4230/1916/4005 4261/1947/4005 4262/1948/4005 4231/1917/4005
f 4231/1917/4006 4262/1948/4006 4263/1949/4006 4232/1918/4006
f 4232/1918/4007 4263/1949/4007 4264/1950/4007 4233/1919/4007
f 4233/1919/4008 4264/1950/4008 4265/1951/4008 4234/1920/4008
f 4234/1920/4009 4265/1951/4009 4266/1952/4009 4235/1921/4009
f 4235/1921/4010 4266/1952/4010 4267/1953/4010 4236/1922/4010
f 4236/1922/4011 4267/1953/4011 4268/1954/4011 4237/1923/4011
f 4237/1923/4012 4268/1954/4012 4269/1955/4012 4238/1924/4012
f 4238/1924/4013 4269/1955/4013 4270/1956/4013 4239/1925/4013
f 4239/1925/4014 4270/1956/4014 4271/1957/4014 4240/1926/4014
f 4240/1926/4015 4271/1957/4015 4272/1958/4015 4241/1927/4015
f 4241/1927/4016 4272/1958/4016 4273/1959/4016 4242/1928/4016
f 4242/1928/4017 4273/1959/4017 4274/1960/4017 4243/1929/4017
f 4243/1929/4018 4274/1960/4018 4275/1961/4018 4244/1930/4018
f 4244/1930/4019 4275/1961/4019 4276/1962/4019 4245/1931/4019
f 4245/1931/4020 4276/1962/4020 4277/1963/4020 4246/1932/4020
f 4246/1932/4021 4277/1963/4021 4278/1964/4021 4247/1933/4021
f 4247/1933/4022 4278/1964/4022 4279/1965/4022 4248/1934/4022
f 4249/1936/4023 4280/1967/4023 4281/1966/4023 4250/1935/4023
f 4250/1935/4024 4281/1966/4024 4282/1968/4024 4251/1937/4024
f 4251/1937/4025 4282/1968/4025 4283/1969/4025 4252/1938/4025
f 4252/1938/4026 4283/1969/4026 4284/1970/4026 4253/1939/4026
f 4253/1939/4027 4284/1970/4027 4285/1971/4027 4254/1940/4027
f 4254/1940/4028 4285/1971/4028 4286/1972/4028 4255/1941/4028
f 4255/1941/4029 4286/1972/4029 4287/1973/4029 4256/1942/4029
f 4256/1942/4030 4287/1973/4030 4288/1974/4030 4257/1943/4030
f 4257/1943/4031 4288/1974/4031 4289/1975/4031 4258/1944/4031
f 4258/1944/4032 4289/1975/4032 4290/1976/4032 4259/1945/4032
f 4259/1945/4033 4290/1976/4033 4291/1977/4033 4260/1946/4033
f 4260/1946/4034 4291/1977/4034 4292/1978/4034 4261/1947/4034
f 4261/1947/4035 4292/1978/4035 4293/1979/4035 4262/1948/4035
f 4262/1948/4036 4293/1979/4036 4294/1980/4036 4263/1949/4036
f 4263/1949/4037 4294/1980/4037 4295/1981/4037 4264/1950/4037
f 4264/1950/4038 4295/1981/4038 4296/1982/4038 4265/1951/4038
f 4265/1951/4039 4296/1982/4039 4297/1983/4039 4266/1952/4039
f 4266/1952/4040 4297/1983/4040 4298/1984/4040 4267/1953/4040
f 4267/1953/4041 4298/1984/4041 4299/1985/4041 4268/1954/4041
f 4268/1954/4042 4299/1985/4042 4300/1986/4042 4269/1955/4042
f 4269/1955/4043 4300/1986/4043 4301/1987/4043 4270/1956/4043
f 4270/1956/4044 4301/1987/4044 4302/1988/4044 4271/1957/4044
f 4271/1957/4045 4302/1988/4045 4303/1989/4045 4272/1958/4045
f 4272/1958/4046 4303/1989/4046 4304/1990/4046 4273/1959/4046
f 4273/1959/4047 4304/1990/4047 4305/1991/4047 4274/1960/4047
f 4274/1960/4048 4305/1991/4048 4306/1992/4048 4275/1961/4048
f 4275/1961/4049 4306/1992/4049 4307/1993/4049 4276/1962/4049
f 4276/1962/4050 4307/1993/4050 4308/1994/4050 4277/1963/4050
f 4277/1963/4051 4308/1994/4051 4309/1995/4051 4278/1964/4051
f 4278/1964/4052 4309/1995/4052 4310/1996/4052 4279/1965/4052
f 4280/1967/4053 4311/1998/4053 4312/1997/4053 4281/1966/4053
f 4281/1966/4054 4312/1997/4054 4313/1999/4054 4282/1968/4054
f 4282/1968/4055 4313/1999/4055 4314/2000/4055 4283/1969/4055
f 4283/1969/4056 4314/2000/4056 4315/2001/4056 4284/1970/4056
f 4284/1970/4057 4315/2001/4057 4316/2002/4057 4285/1971/4057
f 4285/1971/4058 4316/2002/4058 4317/2003/4058 4286/1972/4058
f 4286/1972/4059 4317/2003/4059 4318/2004/4059 4287/1973/4059
f 4287/1973/4060 4318/2004/4060 4319/2005/4060 4288/1974/4060
f 4288/1974/4061 4319/2005/4061 4320/2006/4061 4289/1975/4061
f 4289/1975/4062 4320/2006/4062 4321/2007/4062 4290/1976/4062
f 4290/1976/4063 4321/2007/4063 4322/2008/4063 4291/1977/4063
f 4291/1977/4064 4322/2008/4064 4323/2009/4064 4292/1978/4064
f 4292/1978/4065 4323/2009/4065 4324/2010/4065 4293/1979/4065
f 4293/1979/4066 4324/2010/4066 4325/2011/4066 4294/1980/4066
f 4294/1980/4067 4325/2011/4067 4326/2012/4067 4295/1981/4067
f 4295/1981/4068 4326/2012/4068 4327/2013/4068 4296/1982/4068
f 4296/1982/4069 4327/2013/4069 4328/2014/4069 4297/1983/4069
f 4297/1983/4070 4328/2014/4070 4329/2015/4070 4298/1984/4070
f 4298/1984/4071 4329/2015/4071 4330/2016/4071 4299/1985/4071
f 4299/1985/4072 4330/2016/4072 4331/2017/4072 4300/1986/4072
f 4300/1986/4073 4331/2017/4073 4332/2018/4073 4301/1987/4073
f 4301/1987/4074 4332/2018/4074 4333/2019/4074 4302/1988/4074
f 4302/1988/4075 4333/2019/4075 4334/2020/4075 4303/1989/4075
f 4303/1989/4076 4334/2020/4076 4335/2021/4076 4304/1990/4076
f 4304/1990/4077 4335/2021/4077 4336/2022/4077 4305/1991/4077
f 4305/1991/4078 4336/2022/4078 4337/2023/4078 4306/1992/4078
f 4306/1992/4079 4337/2023/4079 4338/2024/4079 4307/1993/4079
f 4307/1993/4080 4338/2024/4080 4339/2025/4080 4308/1994/4080
f 4308/1994/4081 4339/2025/4081 4340/2026/4081 4309/1995/4081
f 4309/1995/4082 4340/2026/4082 4341/2027/4082 4310/1996/4082
f 4311/1998/4083 4342/2029/4083 4343/2028/4083 4312/1997/4083
f 4312/1997/4084 4343/2028/4084 4344/2030/4084 4313/1999/4084
f 4313/1999/4085 4344/2030/4085 4345/2031/4085 4314/2000/4085
f 4314/2000/4086 4345/2031/4086 4346/2032/4086 4315/2001/4086
f 4315/2001/4087 4346/2032/4087 4347/2033/4087 4316/2002/4087
f 4316/2002/4088 4347/2033/4088 4348/2034/4088 4317/2003/4088
f 4317/2003/4089 4348/2034/4089 4349/2035/4089 4318/2004/4089
f 4318/2004/4090 4349/2035/4090 4350/2036/4090 4319/2005/4090
f 4319/2005/4091 4350/2036/4091 4351/2037/4091 4320/2006/4091
f 4320/2006/4092 4351/2037/4092 4352/2038/4092 4321/2007/4092
f 4321/2007/4093 4352/2038/4093 4353/2039/4093 4322/2008/4093
f 4322/2008/4094 4353/2039/4094 4354/2040/4094 4323/2009/4094
f 4323/2009/4095 4354/2040/4095 4355/2041/4095 4324/2010/4095
f 4324/2010/4096 4355/2041/4096 4356/2042/4096 4325/2011/4096
f 4325/2011/4097 4356/2042/4097 4357/2043/4097 4326/2012/4097
f 4326/2012/4098 4357/2043/4098 4358/2044/4098 4327/2013/4098
f 4327/2013/4099 4358/2044/4099 4359/2045/4099 4328/2014/4099
f 4328/2014/4100 4359/2045/4100 4360/2046/4100 4329/2015/4100
f 4329/2015/4101 4360/2046/4101 4361/2047/4101 4330/2016/4101
f 4330/2016/4102 4361/2047/4102 4362/2048/4102 4331/2017/4102
f 4331/2017/4103 4362/2048/4103 4363/2049/4103 4332/2018/4103
f 4332/2018/4104 4363/2049/4104 4364/2050/4104 4333/2019/4104
f 4333/2019/4105 4364/2050/4105 4365/2051/4105 4334/2020/4105
f 4334/2020/4106 4365/2051/4106 4366/2052/4106 4335/2021/4106
f 4335/2021/4107 4366/2052/4107 4367/2053/4107 4336/2022/4107
f 4336/2022/4108 4367/2053/4108 4368/2054/4108 4337/2023/4108
f 4337/2023/4109 4368/2054/4109 4369/2055/4109 4338/2024/4109
f 4338/2024/4110 4369/2055/4110 4370/2056/4110 4339/2025/4110
f 4339/2025/4111 4370/2056/4111 4371/2057/4111 4340/2026/4111
f 4340/2026/4112 4371/2057/4112 4372/2058/4112 4341/2027/4112
f 3284/2059/4113 3318/2061/4113 3412/1098/4113 3319/2060/4113
f 3319/2060/4114 3412/1098/4114 3413/1099/4114 3320/2062/4114
f 3320/2062/4115 3413/1099/4115 3414/1102/4115 3321/2063/4115
f 3321/2063/4116 3414/1102/4116 3415/1104/4116 3322/2064/4116
f 3322/2064/4117 3415/1104/4117 3416/1106/4117 3323/2065/4117
f 3323/2065/4118 3416/1106/4118 3417/1108/4118 3324/2066/4118
f 3324/2066/4119 3417/1108/4119 3418/1110/4119 3325/2067/4119
f 3325/2067/4120 3418/1110/4120 3419/1112/4120 3326/2068/4120
f 3326/2068/4121 3419/1112/4121 3420/1114/4121 3327/2069/4121
f 3327/2069/4122 3420/1114/4122 3421/1116/4122 3328/2070/4122
f 3328/2070/4123 3421/1116/4123 3422/1118/4123 3329/2071/4123
f 3329/2071/4124 3422/1118/4124 3423/1120/4124 3330/2072/4124
f 3330/2072/4125 3423/1120/4125 3424/1122/4125 3331/2073/4125
f 3331/2073/4126 3424/1122/4126 3425/1124/4126 3332/2074/4126
f 3332/2074/4127 3425/1124/4127 3426/1126/4127 3333/2075/4127
f 3333/2075/4128 3426/1126/4128 3427/1128/4128 3334/2076/4128
f 3334/2076/4129 3427/1128/4129 3428/1130/4129 3335/2077/4129
f 3335/2077/4130 3428/1130/4130 3429/1132/4130 3336/2078/4130
f 3336/2078/4131 3429/1132/4131 3430/1134/4131 3337/2079/4131
f 3337/2079/4132 3430/1134/4132 3431/1136/4132 3338/2080/4132
f 3338/2080/4133 3431/1136/4133 3432/1138/4133 3339/2081/4133
f 3339/2081/4134 3432/1138/4134 3433/1140/4134 3340/2082/4134
f 3340/2082/4135 3433/1140/4135 3434/1142/4135 3341/2083/4135
f 3341/2083/4136 3434/1142/4136 3435/1144/4136 3342/2084/4136
f 3342/2084/4137 3435/1144/4137 3436/1146/4137 3343/2085/4137
f 3343/2085/4138 3436/1146/4138 3437/1148/4138 3344/2086/4138
f 3344/2086/4139 3437/1148/4139 3438/1150/4139 3345/2087/4139
f 3345/2087/4140 3438/1150/4140 3439/1152/4140 3346/2088/4140
f 3346/2088/4141 3439/1152/4141 3440/1154/4141 3347/2089/4141
f 3347/2089/4142 3440/1154/4142 3441/1156/4142 3348/2090/4142
f 3348/2090/4143 3441/1156/4143 3442/1158/4143 3349/2091/4143
f 3349/2091/4144 3442/1158/4144 3350/2093/4144 3285/2092/4144
f 3442/1158/4145 3473/1159/4145 3351/2094/4145 3350/2093/4145
f 3473/1159/4146 3504/1190/4146 3352/2095/4146 3351/2094/4146
f 3504/1190/4147 3535/1221/4147 3353/2096/4147 3352/2095/4147
f 3535/1221/4148 3566/1252/4148 3354/2097/4148 3353/2096/4148
f 3566/1252/4149 3597/1283/4149 3355/2098/4149 3354/2097/4149
f 3597/1283/4150 3628/1314/4150 3356/2099/4150 3355/2098/4150
f 3628/1314/4151 3659/1345/4151 3357/2100/4151 3356/2099/4151
f 3659/1345/4152 3690/1376/4152 3358/2101/4152 3357/2100/4152
f 3690/1376/4153 3721/1407/4153 3359/2102/4153 3358/2101/4153
f 3721/1407/4154 3752/1438/4154 3360/2103/4154 3359/2102/4154
f 3752/1438/4155 3783/1469/4155 3361/2104/4155 3360/2103/4155
f 3783/1469/4156 3814/1500/4156 3362/2105/4156 3361/2104/4156
f 3814/1500/4157 3845/1531/4157 3363/2106/4157 3362/2105/4157
f 3845/1531/4158 3876/1562/4158 3364/2107/4158 3363/2106/4158
f 3876/1562/4159 3907/1593/4159 3365/2108/4159 3364/2107/4159
f 3907/1593/4160 3938/1624/4160 3366/2109/4160 3365/2108/4160
f 3938/1624/4161 3969/1655/4161 3367/2110/4161 3366/2109/4161
f 3969/1655/4162 4000/1686/4162 3368/2111/4162 3367/2110/4162
f 4000/1686/4163 4031/1717/4163 3369/2112/4163 3368/2111/4163
f 4031/1717/4164 4062/1748/4164 3370/2113/4164 3369/2112/4164
f 4062/1748/4165 4093/1779/4165 3371/2114/4165 3370/2113/4165
f 4093/1779/4166 4124/1810/4166 3372/2115/4166 3371/2114/4166
f 4124/1810/4167 4155/1841/4167 3373/2116/4167 3372/2115/4167
f 4155/1841/4168 4186/1872/4168 3374/2117/4168 3373/2116/4168
f 4186/1872/4169 4217/1903/4169 3375/2118/4169 3374/2117/4169
f 4217/1903/4170 4248/1934/4170 3376/2119/4170 3375/2118/4170
f 4248/1934/4171 4279/1965/4171 3377/2120/4171 3376/2119/4171
f 4279/1965/4172 4310/1996/4172 3378/2121/4172 3377/2120/4172
f 4310/1996/4173 4341/2027/4173 3379/2122/4173 3378/2121/4173
f 4341/2027/4174 4372/2058/4174 3380/2123/4174 3379/2122/4174
f 4372/2058/4175 3381/2125/4175 3287/2124/4175 3380/2123/4175
f 4371/2057/4176 3382/2126/4176 3381/2125/4176 4372/2058/4176
f 4370/2056/4177 3383/2127/4177 3382/2126/4177 4371/2057/4177
f 4369/2055/4178 3384/2128/4178 3383/2127/4178 4370/2056/4178
f 4368/2054/4179 3385/2129/4179 3384/2128/4179 4369/2055/4179
f 4367/2053/4180 3386/2130/4180 3385/2129/4180 4368/2054/4180
f 4366/2052/4181 3387/2131/4181 3386/2130/4181 4367/2053/4181
f 4365/2051/4182 3388/2132/4182 3387/2131/4182 4366/2052/4182
f 4364/2050/4183 3389/2133/4183 3388/2132/4183 4365/2051/4183
f 4363/2049/4184 3390/2134/4184 3389/2133/4184 4364/2050/4184
f 4362/2048/4185 3391/2135/4185 3390/2134/4185 4363/2049/4185
f 4361/2047/4186 3392/2136/4186 3391/2135/4186 4362/2048/4186
f 4360/2046/4187 3393/2137/4187 3392/2136/4187 4361/2047/4187
f 4359/2045/4188 3394/2138/4188 3393/2137/4188 4360/2046/4188
f 4358/2044/4189 3395/2139/4189 3394/2138/4189 4359/2045/4189
f 4357/2043/4190 3396/2140/4190 3395/2139/4190 4358/2044/4190
f 4356/2042/4191 3397/2141/4191 3396/2140/4191 4357/2043/4191
f 4355/2041/4192 3398/2142/4192 3397/2141/4192 4356/2042/4192
f 4354/2040/4193 3399/2143/4193 3398/2142/4193 4355/2041/4193
f 4353/2039/4194 3400/2144/4194 3399/2143/4194 4354/2040/4194
f 4352/2038/4195 3401/2145/4195 3400/2144/4195 4353/2039/4195
f 4351/2037/4196 3402/2146/4196 3401/2145/4196 4352/2038/4196
f 4350/2036/4197 3403/2147/4197 3402/2146/4197 4351/2037/4197
f 4349/2035/4198 3404/2148/4198 3403/2147/4198 4350/2036/4198
f 4348/2034/4199 3405/2149/4199 3404/2148/4199 4349/2035/4199
f 4347/2033/4200 3406/2150/4200 3405/2149/4200 4348/2034/4200
f 4346/2032/4201 3407/2151/4201 3406/2150/4201 4347/2033/4201
f 4345/2031/4202 3408/2152/4202 3407/2151/4202 4346/2032/4202
f 4344/2030/4203 3409/2153/4203 3408/2152/4203 4345/2031/4203
f 4343/2028/4204 3410/2154/4204 3409/2153/4204 4344/2030/4204
f 4342/2029/4205 3411/2155/4205 3410/2154/4205 4343/2028/4205
f 3288/2156/4206 3286/2157/4206 3411/2155/4206 4342/2029/4206
f 3289/2158/4207 3288/2156/4207 4342/2029/4207 4311/1998/4207
f 3290/2159/4208 3289/2158/4208 4311/1998/4208 4280/1967/4208
f 3291/2160/4209 3290/2159/4209 4280/1967/4209 4249/1936/4209
f 3292/2161/4210 3291/2160/4210 4249/1936/4210 4218/1905/4210
f 3293/2162/4211 3292/2161/4211 4218/1905/4211 4187/1874/4211
f 3294/2163/4212 3293/2162/4212 4187/1874/4212 4156/1843/4212
f 3295/2164/4213 3294/2163/4213 4156/1843/4213 4125/1812/4213
f 3296/2165/4214 3295/2164/4214 4125/1812/4214 4094/1781/4214
f 3297/2166/4215 3296/2165/4215 4094/1781/4215 4063/1750/4215
f 3298/2167/4216 3297/2166/4216 4063/1750/4216 4032/1719/4216
f 3299/2168/4217 3298/2167/4217 4032/1719/4217 4001/1688/4217
f 3300/2169/4218 3299/2168/4218 4001/1688/4218 3970/1657/4218
f 3301/2170/4219 3300/2169/4219 3970/1657/4219 3939/1626/4219
f 3302/2171/4220 3301/2170/4220 3939/1626/4220 3908/1595/4220
f 3303/2172/4221 3302/2171/4221 3908/1595/4221 3877/1564/4221
f 3304/2173/4222 3303/2172/4222 3877/1564/4222 3846/1533/4222
f 3305/2174/4223 3304/2173/4223 3846/1533/4223 3815/1502/4223
f 3306/2175/4224 3305/2174/4224 3815/1502/4224 3784/1471/4224
f 3307/2176/4225 3306/2175/4225 3784/1471/4225 3753/1440/4225
f 3308/2177/4226 3307/2176/4226 3753/1440/4226 3722/1409/4226
f 3309/2178/4227 3308/2177/4227 3722/1409/4227 3691/1378/4227
f 3310/2179/4228 3309/2178/4228 3691/1378/4228 3660/1347/4228
f 3311/2180/4229 3310/2179/4229 3660/1347/4229 3629/1316/4229
f 3312/2181/4230 3311/2180/4230 3629/1316/4230 3598/1285/4230
f 3313/2182/4231 3312/2181/4231 3598/1285/4231 3567/1254/4231
f 3314/2183/4232 3313/2182/4232 3567/1254/4232 3536/1223/4232
f 3315/2184/4233 3314/2183/4233 3536/1223/4233 3505/1192/4233
f 3316/2185/4234 3315/2184/4234 3505/1192/4234 3474/1161/4234
f 3317/2186/4235 3316/2185/4235 3474/1161/4235 3443/1101/4235
f 3318/2061/4236 3317/2186/4236 3443/1101/4236 3412/1098/4236
f 2199/2156/4237 2197/2157/4237 3286/2157/4237 3288/2156/4237
f 2200/2158/4238 2199/2156/4238 3288/2156/4238 3289/2158/4238
f 2201/2159/4239 2200/2158/4239 3289/2158/4239 3290/2159/4239
f 2202/2160/4240 2201/2159/4240 3290/2159/4240 3291/2160/4240
f 2203/2161/4241 2202/2160/4241 3291/2160/4241 3292/2161/4241
f 2204/2162/4242 2203/2161/4242 3292/2161/4242 3293/2162/4242
f 2205/2163/4243 2204/2162/4243 3293/2162/4243 3294/2163/4243
f 2206/2164/4244 2205/2163/4244 3294/2163/4244 3295/2164/4244
f 2207/2165/4245 2206/2164/4245 3295/2164/4245 3296/2165/4245
f 2208/2166/4246 2207/2165/4246 3296/2165/4246 3297/2166/4246
f 2209/2167/4247 2208/2166/4247 3297/2166/4247 3298/2167/4247
f 2210/2168/4248 2209/2167/4248 3298/2167/4248 3299/2168/4248
f 2211/2169/4249 2210/2168/4249 3299/2168/4249 3300/2169/4249
f 2212/2170/4250 2211/2169/4250 3300/2169/4250 3301/2170/4250
f 2213/2171/4251 2212/2170/4251 3301/2170/4251 3302/2171/4251
f 2214/2172/4252 2213/2171/4252 3302/2171/4252 3303/2172/4252
f 2215/2173/4253 2214/2172/4253 3303/2172/4253 3304/2173/4253
f 2216/2174/4254 2215/2173/4254 3304/2173/4254 3305/2174/4254
f 2217/2175/4255 2216/2174/4255 3305/2174/4255 3306/2175/4255
f 2218/2176/4256 2217/2175/4256 3306/2175/4256 3307/2176/4256
f 2219/2177/4257 2218/2176/4257 3307/2176/4257 3308/2177/4257
f 2220/2178/4258 2219/2177/4258 3308/2177/4258 3309/2178/4258
f 2221/2179/4259 2220/2178/4259 3309/2178/4259 3310/2179/4259
f 2222/2180/4260 2221/2179/4260 3310/2179/4260 3311/2180/4260
f 2223/2181/4261 2222/2180/4261 3311/2180/4261 3312/2181/4261
f 2224/2182/4262 2223/2181/4262 3312/2181/4262 3313/2182/4262
f 2225/2183/4263 2224/2182/4263 3313/2182/4263 3314/2183/4263
f 2226/2184/4264 2225/2183/4264 3314/2183/4264 3315/2184/4264
f 2227/2185/4265 2226/2184/4265 3315/2184/4265 3316/2185/4265
f 2228/2186/4266 2227/2185/4266 3316/2185/4266 3317/2186/4266
f 2229/2061/4267 2228/2186/4267 3317/2186/4267 3318/2061/4267
f 2195/2059/4268 2229/2061/4268 3318/2061/4268 3284/2059/4268
f 2230/2060/4269 2195/2059/4269 3284/2059/4269 3319/2060/4269
f 2231/2062/4270 2230/2060/4270 3319/2060/4270 3320/2062/4270
f 2232/2063/4271 2231/2062/4271 3320/2062/4271 3321/2063/4271
f 2233/2064/4272 2232/2063/4272 3321/2063/4272 3322/2064/4272
f 2234/2065/4273 2233/2064/4273 3322/2064/4273 3323/2065/4273
f 2235/2066/4274 2234/2065/4274 3323/2065/4274 3324/2066/4274
f 2236/2067/4275 2235/2066/4275 3324/2066/4275 3325/2067/4275
f 2237/2068/4276 2236/2067/4276 3325/2067/4276 3326/2068/4276
f 2238/2069/4277 2237/2068/4277 3326/2068/4277 3327/2069/4277
f 2239/2070/4278 2238/2069/4278 3327/2069/4278 3328/2070/4278
f 2240/2071/4279 2239/2070/4279 3328/2070/4279 3329/2071/4279
f 2241/2072/4280 2240/2071/4280 3329/2071/4280 3330/2072/4280
f 2242/2073/4281 2241/2072/4281 3330/2072/4281 3331/2073/4281
f 2243/2074/4282 2242/2073/4282 3331/2073/4282 3332/2074/4282
f 2244/2075/4283 2243/2074/4283 3332/2074/4283 3333/2075/4283
f 2245/2076/4284 2244/2075/4284 3333/2075/4284 3334/2076/4284
f 2246/2077/4285 2245/2076/4285 3334/2076/4285 3335/2077/4285
f 2247/2078/4286 2246/2077/4286 3335/2077/4286 3336/2078/4286
f 2248/2079/4287 2247/2078/4287 3336/2078/4287 3337/2079/4287
f 2249/2080/4288 2248/2079/4288 3337/2079/4288 3338/2080/4288
f 2250/2081/4289 2249/2080/4289 3338/2080/4289 3339/2081/4289
f 2251/2082/4290 2250/2081/4290 3339/2081/4290 3340/2082/4290
f 2252/2083/4291 2251/2082/4291 3340/2082/4291 3341/2083/4291
f 2253/2084/4292 2252/2083/4292 3341/2083/4292 3342/2084/4292
f 2254/2085/4293 2253/2084/4293 3342/2084/4293 3343/2085/4293
f 2255/2086/4294 2254/2085/4294 3343/2085/4294 3344/2086/4294
f 2256/2087/4295 2255/2086/4295 3344/2086/4295 3345/2087/4295
f 2257/2088/4296 2256/2087/4296 3345/2087/4296 3346/2088/4296
f 2258/2089/4297 2257/2088/4297 3346/2088/4297 3347/2089/4297
f 2259/2090/4298 2258/2089/4298 3347/2089/4298 3348/2090/4298
f 2260/2091/4299 2259/2090/4299 3348/2090/4299 3349/2091/4299
f 2196/2092/4300 2260/2091/4300 3349/2091/4300 3285/2092/4300
f 2261/2093/4301 2196/2092/4301 3285/2092/4301 3350/2093/4301
f 2262/2094/4302 2261/2093/4302 3350/2093/4302 3351/2094/4302
f 2263/2095/4303 2262/2094/4303 3351/2094/4303 3352/2095/4303
f 2264/2096/4304 2263/2095/4304 3352/2095/4304 3353/2096/4304
f 2265/2097/4305 2264/2096/4305 3353/2096/4305 3354/2097/4305
f 2266/2098/4306 2265/2097/4306 3354/2097/4306 3355/2098/4306
f 2267/2099/4307 2266/2098/4307 3355/2098/4307 3356/2099/4307
f 2268/2100/4308 2267/2099/4308 3356/2099/4308 3357/2100/4308
f 2269/2101/4309 2268/2100/4309 3357/2100/4309 3358/2101/4309
f 2270/2102/4310 2269/2101/4310 3358/2101/4310 3359/2102/4310
f 2271/2103/4311 2270/2102/4311 3359/2102/4311 3360/2103/4311
f 2272/2104/4312 2271/2103/4312 3360/2103/4312 3361/2104/4312
f 2273/2105/4313 2272/2104/4313 3361/2104/4313 3362/2105/4313
f 2274/2106/4314 2273/2105/4314 3362/2105/4314 3363/2106/4314
f 2275/2107/4315 2274/2106/4315 3363/2106/4315 3364/2107/4315
f 2276/2108/4316 2275/2107/4316 3364/2107/4316 3365/2108/4316
f 2277/2109/4317 2276/2108/4317 3365/2108/4317 3366/2109/4317
f 2278/2110/4318 2277/2109/4318 3366/2109/4318 3367/2110/4318
f 2279/2111/4319 2278/2110/4319 3367/2110/4319 3368/2111/4319
f 2280/2112/4320 2279/2111/4320 3368/2111/4320 3369/2112/4320
f 2281/2113/4321 2280/2112/4321 3369/2112/4321 3370/2113/4321
f 2282/2114/4322 2281/2113/4322 3370/2113/4322 3371/2114/4322
f 2283/2115/4323 2282/2114/4323 3371/2114/4323 3372/2115/4323
f 2284/2116/4324 2283/2115/4324 3372/2115/4324 3373/2116/4324
f 2285/2117/4325 2284/2116/4325 3373/2116/4325 3374/2117/4325
f 2286/2118/4326 2285/2117/4326 3374/2117/4326 3375/2118/4326
f 2287/2119/4327 2286/2118/4327 3375/2118/4327 3376/2119/4327
f 2288/2120/4328 2287/2119/4328 3376/2119/4328 3377/2120/4328
f 2289/2121/4329 2288/2120/4329 3377/2120/4329 3378/2121/4329
f 2290/2122/4330 2289/2121/4330 3378/2121/4330 3379/2122/4330
f 2291/2123/4331 2290/2122/4331 3379/2122/4331 3380/2123/4331
f 2198/2124/4332 2291/2123/4332 3380/2123/4332 3287/2124/4332
f 2292/2125/4333 2198/2124/4333 3287/2124/4333 3381/2125/4333
f 2293/2126/4334 2292/2125/4334 3381/2125/4334 3382/2126/4334
f 2294/2127/4335 2293/2126/4335 3382/2126/4335 3383/2127/4335
f 2295/2128/4336 2294/2127/4336 3383/2127/4336 3384/2128/4336
f 2296/2129/4337 2295/2128/4337 3384/2128/4337 3385/2129/4337
f 2297/2130/4338 2296/2129/4338 3385/2129/4338 3386/2130/4338
f 2298/2131/4339 2297/2130/4339 3386/2130/4339 3387/2131/4339
f 2299/2132/4340 2298/2131/4340 3387/2131/4340 3388/2132/4340
f 2300/2133/4341 2299/2132/4341 3388/2132/4341 3389/2133/4341
f 2301/2134/4342 2300/2133/4342 3389/2133/4342 3390/2134/4342
f 2302/2135/4343 2301/2134/4343 3390/2134/4343 3391/2135/4343
f 2303/2136/4344 2302/2135/4344 3391/2135/4344 3392/2136/4344
f 2304/2137/4345 2303/2136/4345 3392/2136/4345 3393/2137/4345
f 2305/2138/4346 2304/2137/4346 3393/2137/4346 3394/2138/4346
f 2306/2139/4347 2305/2138/4347 3394/2138/4347 3395/2139/4347
f 2307/2140/4348 2306/2139/4348 3395/2139/4348 3396/2140/4348
f 2308/2141/4349 2307/2140/4349 3396/2140/4349 3397/2141/4349
f 2309/2142/4350 2308/2141/4350 3397/2141/4350 3398/2142/4350
f 2310/2143/4351 2309/2142/4351 3398/2142/4351 3399/2143/4351
f 2311/2144/4352 2310/2143/4352 3399/2143/4352 3400/2144/4352
f 2312/2145/4353 2311/2144/4353 3400/2144/4353 3401/2145/4353
f 2313/2146/4354 2312/2145/4354 3401/2145/4354 3402/2146/4354
f 2314/2147/4355 2313/2146/4355 3402/2146/4355 3403/2147/4355
f 2315/2148/4356 2314/2147/4356 3403/2147/4356 3404/2148/4356
f 2316/2149/4357 2315/2148/4357 3404/2148/4357 3405/2149/4357
f 2317/2150/4358 2316/2149/4358 3405/2149/4358 3406/2150/4358
f 2318/2151/4359 2317/2150/4359 3406/2150/4359 3407/2151/4359
f 2319/2152/4360 2318/2151/4360 3407/2151/4360 3408/2152/4360
f 2320/2153/4361 2319/2152/4361 3408/2152/4361 3409/2153/4361
f 2321/2154/4362 2320/2153/4362 3409/2153/4362 3410/2154/4362
f 2322/2155/4363 2321/2154/4363 3410/2154/4363 3411/2155/4363
f 2197/2157/4364 2322/2155/4364 3411/2155/4364 3286/2157/4364
o PlanoRugoso1
v -1.000000 -0.900000 -0.000000
v -1.000000 -3.100000 -0.000000
v 1.000000 -0.900000 0.000000
v 1.000000 -3.100000 0.000000
v -1.000000 -0.900000 -0.050000
v -1.000000 -3.100000 -0.050000
v 1.000000 -0.900000 -0.050000
v 1.000000 -3.100000 -0.050000
vn -0.0000 -0.0000 1.0000
vn -0.0000 -0.0000 -1.0000
vn -0.0000 1.0000 -0.0000
vn -1.0000 -0.0000 -0.0000
vn -0.0000 -1.0000 -0.0000
vn 1.0000 -0.0000 -0.0000
vt 0.000000 0.000000
vt 1.000000 0.000000
vt 1.000000 1.000000
vt 0.000000 1.000000
s 0
usemtl Material.004
f 4373/2187/4365 4374/2188/4365 4376/2189/4365 4375/2190/4365
f 4377/2187/4366 4379/2190/4366 4380/2189/4366 4378/2188/4366
f 4373/2187/4367 4375/2190/4367 4379/2190/4367 4377/2187/4367
f 4374/2188/4368 4373/2187/4368 4377/2187/4368 4378/2188/4368
f 4376/2189/4369 4374/2188/4369 4378/2188/4369 4380/2189/4369
f 4375/2190/4370 4376/2189/4370 4380/2189/4370 4379/2190/4370
o Plano.003
v 2.960000 -3.100000 -0.000000
v 5.040000 -3.100000 -0.000000
v 2.960000 -0.900000 0.000000
v 5.040000 -0.900000 0.000000
v 2.960000 -3.100000 -0.050000
v 5.040000 -3.100000 -0.050000
v 2.960000 -0.900000 -0.050000
v 5.040000 -0.900000 -0.050000
vn -0.0000 -0.0000 1.0000
vn -0.0000 -0.0000 -1.0000
vn -1.0000 -0.0000 -0.0000
vn -0.0000 -1.0000 -0.0000
vn 1.0000 -0.0000 -0.0000
vn -0.0000 1.0000 -0.0000
vt 0.000000 0.000000
vt 1.000000 0.000000
vt 1.000000 1.000000
vt 0.000000 1.000000
s 0
usemtl Material.008
f 4381/2191/4371 4382/2192/4371 4384/2193/4371 4383/2194/4371
f 4385/2191/4372 4387/2194/4372 4388/2193/4372 4386/2192/4372
f 4381/2191/4373 4383/2194/4373 4387/2194/4373 4385/2191/4373
f 4382/2192/4374 4381/2191/4374 4385/2191/4374 4386/2192/4374
f 4384/2193/4375 4382/2192/4375 4386/2192/4375 4388/2193/4375
f 4383/2194/4376 4384/2193/4376 4388/2193/4376 4387/2194/4376
o InclinadoExp1
v 5.000001 0.900000 -0.001974
v 5.000001 -0.900000 -0.001974
v 9.000000 0.900000 0.455011
v 9.000000 -0.900000 0.455011
v 8.500000 0.900000 0.271846
v 8.000000 0.900000 0.160752
v 7.500000 0.900000 0.093369
v 7.000000 0.900000 0.052500
v 6.500000 0.900000 0.027711
v 6.000000 0.900000 0.012676
v 5.500000 0.900000 0.003557
v 5.000001 0.675000 -0.001974
v 5.000001 0.450000 -0.001974
v 5.000001 0.225000 -0.001974
v 5.000001 0.000000 -0.001974
v 5.000001 -0.225000 -0.001974
v 5.000001 -0.450000 -0.001974
v 5.000001 -0.675000 -0.001974
v 5.500000 -0.900000 0.003557
v 6.000000 -0.900000 0.012676
v 6.500000 -0.900000 0.027711
v 7.000000 -0.900000 0.052500
v 7.500000 -0.900000 0.093369
v 8.000000 -0.900000 0.160752
v 8.500000 -0.900000 0.271846
v 9.000000 -0.675000 0.455011
v 9.000000 -0.450000 0.455011
v 9.000000 -0.225000 0.455011
v 9.000000 -0.000000 0.455011
v 9.000000 0.225000 0.455011
v 9.000000 0.450000 0.455011
v 9.000000 0.675000 0.455011
v 5.500000 0.675000 0.003557
v 5.500000 0.450000 0.003557
v 5.500000 0.225000 0.003557
v 5.500000 0.000000 0.003557
v 5.500000 -0.225000 0.003557
v 5.500000 -0.450000 0.003557
v 5.500000 -0.675000 0.003557
v 6.000000 0.675000 0.012676
v 6.000000 0.450000 0.012676
v 6.000000 0.225000 0.012676
v 6.000000 0.000000 0.012676
v 6.000000 -0.225000 0.012676
v 6.000000 -0.450000 0.012676
v 6.000000 -0.675000 0.012676
v 6.500000 0.675000 0.027711
v 6.500000 0.450000 0.027711
v 6.500000 0.225000 0.027711
v 6.500000 0.000000 0.027711
v 6.500000 -0.225000 0.027711
v 6.500000 -0.450000 0.027711
v 6.500000 -0.675000 0.027711
v 7.000000 0.675000 0.052500
v 7.000000 0.450000 0.052500
v 7.000000 0.225000 0.052500
v 7.000000 0.000000 0.052500
v 7.000000 -0.225000 0.052500
v 7.000000 -0.450000 0.052500
v 7.000000 -0.675000 0.052500
v 7.500000 0.675000 0.093369
v 7.500000 0.450000 0.093369
v 7.500000 0.225000 0.093369
v 7.500000 0.000000 0.093369
v 7.500000 -0.225000 0.093369
v 7.500000 -0.450000 0.093369
v 7.500000 -0.675000 0.093369
v 8.000000 0.675000 0.160752
v 8.000000 0.450000 0.160752
v 8.000000 0.225000 0.160752
v 8.000000 0.000000 0.160752
v 8.000000 -0.225000 0.160752
v 8.000000 -0.450000 0.160752
v 8.000000 -0.675000 0.160752
v 8.500000 0.675000 0.271846
v 8.500000 0.450000 0.271846
v 8.500000 0.225000 0.271846
v 8.500000 -0.000000 0.271846
v 8.500000 -0.225000 0.271846
v 8.500000 -0.450000 0.271846
v 8.500000 -0.675000 0.271846
v 5.000527 0.900000 -0.054471
v 5.000527 -0.900000 -0.054471
v 9.016470 0.900000 0.405441
v 9.016470 -0.900000 0.405441
v 8.513438 0.900000 0.221278
v 8.008365 0.900000 0.108992
v 7.505125 0.900000 0.041146
v 7.003120 0.900000 0.000102
v 6.501895 0.900000 -0.024751
v 6.001150 0.900000 -0.039810
v 5.500698 0.900000 -0.048938
v 5.000527 0.675000 -0.054471
v 5.000527 0.450000 -0.054471
v 5.000527 0.225000 -0.054471
v 5.000527 0.000000 -0.054471
v 5.000527 -0.225000 -0.054471
v 5.000527 -0.450000 -0.054471
v 5.000527 -0.675000 -0.054471
v 5.500698 -0.900000 -0.048938
v 6.001150 -0.900000 -0.039810
v 6.501895 -0.900000 -0.024751
v 7.003120 -0.900000 0.000102
v 7.505125 -0.900000 0.041146
v 8.008365 -0.900000 0.108992
v 8.513438 -0.900000 0.221278
v 9.016470 -0.675000 0.405441
v 9.016470 -0.450000 0.405441
v 9.016470 -0.225000 0.405441
v 9.016470 -0.000000 0.405441
v 9.016470 0.225000 0.405441
v 9.016470 0.450000 0.405441
v 9.016470 0.675000 0.405441
v 5.500698 0.675000 -0.048938
v 5.500698 0.450000 -0.048938
v 5.500698 0.225000 -0.048938
v 5.500698 0.000000 -0.048938
v 5.500698 -0.225000 -0.048938
v 5.500698 -0.450000 -0.048938
v 5.500698 -0.675000 -0.048938
v 6.001150 0.675000 -0.039810
v 6.001150 0.450000 -0.039810
v 6.001150 0.225000 -0.039810
v 6.001150 0.000000 -0.039810
v 6.001150 -0.225000 -0.039810
v 6.001150 -0.450000 -0.039810
v 6.001150 -0.675000 -0.039810
v 6.501895 0.675000 -0.024751
v 6.501895 0.450000 -0.024751
v 6.501895 0.225000 -0.024751
v 6.501895 0.000000 -0.024751
v 6.501895 -0.225000 -0.024751
v 6.501895 -0.450000 -0.024751
v 6.501895 -0.675000 -0.024751
v 7.003120 0.675000 0.000102
v 7.003120 0.450000 0.000102
v 7.003120 0.225000 0.000102
v 7.003120 0.000000 0.000102
v 7.003120 -0.225000 0.000102
v 7.003120 -0.450000 0.000102
v 7.003120 -0.675000 0.000102
v 7.505125 0.675000 0.041146
v 7.505125 0.450000 0.041146
v 7.505125 0.225000 0.041146
v 7.505125 0.000000 0.041146
v 7.505125 -0.225000 0.041146
v 7.505125 -0.450000 0.041146
v 7.505125 -0.675000 0.041146
v 8.008365 0.675000 0.108992
v 8.008365 0.450000 0.108992
v 8.008365 0.225000 0.108992
v 8.008365 -0.000000 0.108992
v 8.008365 -0.225000 0.108992
v 8.008365 -0.450000 0.108992
v 8.008365 -0.675000 0.108992
v 8.513438 0.675000 0.221278
v 8.513438 0.450000 0.221278
v 8.513438 0.225000 0.221278
v 8.513438 -0.000000 0.221278
v 8.513438 -0.225000 0.221278
v 8.513438 -0.450000 0.221278
v 8.513438 -0.675000 0.221278
vn -0.0182 -0.0000 0.9998
vn -0.0301 -0.0000 0.9995
vn -0.0495 -0.0000 0.9988
vn -0.0815 -0.0000 0.9967
vn -0.1336 -0.0000 0.9910
vn -0.2169 -0.0000 0.9762
vn -0.0111 -0.0000 0.9999
vn -0.3440 -0.0000 0.9390
vn 0.0182 -0.0000 -0.9998
vn 0.0301 -0.0000 -0.9995
vn 0.0495 -0.0000 -0.9988
vn 0.0815 -0.0000 -0.9967
vn 0.1336 -0.0000 -0.9910
vn 0.2170 -0.0000 -0.9762
vn 0.0111 -0.0000 -0.9999
vn 0.3438 -0.0000 -0.9390
vn -0.0000 1.0000 -0.0000
vn -0.9999 -0.0000 -0.0100
vn -0.0000 -1.0000 -0.0000
vn 0.9490 -0.0000 0.3153
vt 0.125000 0.125000
vt 0.250000 0.125000
vt 0.250000 0.250000
vt 0.125000 0.250000
vt 0.375000 0.125000
vt 0.375000 0.250000
vt 0.500000 0.125000
vt 0.500000 0.250000
vt 0.625000 0.125000
vt 0.625000 0.250000
vt 0.750000 0.125000
vt 0.750000 0.250000
vt 0.875000 0.125000
vt 0.875000 0.250000
vt 0.250000 0.375000
vt 0.125000 0.375000
vt 0.375000 0.375000
vt 0.500000 0.375000
vt 0.625000 0.375000
vt 0.750000 0.375000
vt 0.875000 0.375000
vt 0.250000 0.500000
vt 0.125000 0.500000
vt 0.375000 0.500000
vt 0.500000 0.500000
vt 0.625000 0.500000
vt 0.750000 0.500000
vt 0.875000 0.500000
vt 0.250000 0.625000
vt 0.125000 0.625000
vt 0.375000 0.625000
vt 0.500000 0.625000
vt 0.625000 0.625000
vt 0.750000 0.625000
vt 0.875000 0.625000
vt 0.250000 0.750000
vt 0.125000 0.750000
vt 0.375000 0.750000
vt 0.500000 0.750000
vt 0.625000 0.750000
vt 0.750000 0.750000
vt 0.875000 0.750000
vt 0.250000 0.875000
vt 0.125000 0.875000
vt 0.375000 0.875000
vt 0.500000 0.875000
vt 0.625000 0.875000
vt 0.750000 0.875000
vt 0.875000 0.875000
vt 0.000000 0.000000
vt 0.125000 0.000000
vt 0.000000 0.125000
vt 0.250000 0.000000
vt 0.375000 0.000000
vt 0.500000 0.000000
vt 0.625000 0.000000
vt 0.750000 0.000000
vt 0.875000 0.000000
vt 1.000000 0.000000
vt 1.000000 0.125000
vt 1.000000 0.250000
vt 1.000000 0.375000
vt 1.000000 0.500000
vt 1.000000 0.625000
vt 1.000000 0.750000
vt 1.000000 0.875000
vt 1.000000 1.000000
vt 0.875000 1.000000
vt 0.750000 1.000000
vt 0.625000 1.000000
vt 0.500000 1.000000
vt 0.375000 1.000000
vt 0.250000 1.000000
vt 0.125000 1.000000
vt 0.000000 0.875000
vt 0.000000 1.000000
vt 0.000000 0.750000
vt 0.000000 0.625000
vt 0.000000 0.500000
vt 0.000000 0.375000
vt 0.000000 0.250000
s 0
usemtl Material.009
f 4421/2195/4377 4422/2196/4377 4429/2197/4377 4428/2198/4377
f 4422/2196/4377 4423/2199/4377 4430/2200/4377 4429/2197/4377
f 4423/2199/4377 4424/2201/4377 4431/2202/4377 4430/2200/4377
f 4424/2201/4377 4425/2203/4377 4432/2204/4377 4431/2202/4377
f 4425/2203/4377 4426/2205/4377 4433/2206/4377 4432/2204/4377
f 4426/2205/4377 4427/2207/4377 4434/2208/4377 4433/2206/4377
f 4428/2198/4378 4429/2197/4378 4436/2209/4378 4435/2210/4378
f 4429/2197/4378 4430/2200/4378 4437/2211/4378 4436/2209/4378
f 4430/2200/4378 4431/2202/4378 4438/2212/4378 4437/2211/4378
f 4431/2202/4378 4432/2204/4378 4439/2213/4378 4438/2212/4378
f 4432/2204/4378 4433/2206/4378 4440/2214/4378 4439/2213/4378
f 4433/2206/4378 4434/2208/4378 4441/2215/4378 4440/2214/4378
f 4435/2210/4379 4436/2209/4379 4443/2216/4379 4442/2217/4379
f 4436/2209/4379 4437/2211/4379 4444/2218/4379 4443/2216/4379
f 4437/2211/4379 4438/2212/4379 4445/2219/4379 4444/2218/4379
f 4438/2212/4379 4439/2213/4379 4446/2220/4379 4445/2219/4379
f 4439/2213/4379 4440/2214/4379 4447/2221/4379 4446/2220/4379
f 4440/2214/4379 4441/2215/4379 4448/2222/4379 4447/2221/4379
f 4442/2217/4380 4443/2216/4380 4450/2223/4380 4449/2224/4380
f 4443/2216/4380 4444/2218/4380 4451/2225/4380 4450/2223/4380
f 4444/2218/4380 4445/2219/4380 4452/2226/4380 4451/2225/4380
f 4445/2219/4380 4446/2220/4380 4453/2227/4380 4452/2226/4380
f 4446/2220/4380 4447/2221/4380 4454/2228/4380 4453/2227/4380
f 4447/2221/4380 4448/2222/4380 4455/2229/4380 4454/2228/4380
f 4449/2224/4381 4450/2223/4381 4457/2230/4381 4456/2231/4381
f 4450/2223/4381 4451/2225/4381 4458/2232/4381 4457/2230/4381
f 4451/2225/4381 4452/2226/4381 4459/2233/4381 4458/2232/4381
f 4452/2226/4381 4453/2227/4381 4460/2234/4381 4459/2233/4381
f 4453/2227/4381 4454/2228/4381 4461/2235/4381 4460/2234/4381
f 4454/2228/4381 4455/2229/4381 4462/2236/4381 4461/2235/4381
f 4456/2231/4382 4457/2230/4382 4464/2237/4382 4463/2238/4382
f 4457/2230/4382 4458/2232/4382 4465/2239/4382 4464/2237/4382
f 4458/2232/4382 4459/2233/4382 4466/2240/4382 4465/2239/4382
f 4459/2233/4382 4460/2234/4382 4467/2241/4382 4466/2240/4382
f 4460/2234/4382 4461/2235/4382 4468/2242/4382 4467/2241/4382
f 4461/2235/4382 4462/2236/4382 4469/2243/4382 4468/2242/4382
f 4389/2244/4383 4400/2245/4383 4421/2195/4383 4399/2246/4383
f 4400/2245/4383 4401/2247/4383 4422/2196/4383 4421/2195/4383
f 4401/2247/4383 4402/2248/4383 4423/2199/4383 4422/2196/4383
f 4402/2248/4383 4403/2249/4383 4424/2201/4383 4423/2199/4383
f 4403/2249/4383 4404/2250/4383 4425/2203/4383 4424/2201/4383
f 4404/2250/4383 4405/2251/4383 4426/2205/4383 4425/2203/4383
f 4405/2251/4383 4406/2252/4383 4427/2207/4383 4426/2205/4383
f 4406/2252/4383 4390/2253/4383 4407/2254/4383 4427/2207/4383
f 4427/2207/4377 4407/2254/4377 4408/2255/4377 4434/2208/4377
f 4434/2208/4378 4408/2255/4378 4409/2256/4378 4441/2215/4378
f 4441/2215/4379 4409/2256/4379 4410/2257/4379 4448/2222/4379
f 4448/2222/4380 4410/2257/4380 4411/2258/4380 4455/2229/4380
f 4455/2229/4381 4411/2258/4381 4412/2259/4381 4462/2236/4381
f 4462/2236/4382 4412/2259/4382 4413/2260/4382 4469/2243/4382
f 4469/2243/4384 4413/2260/4384 4392/2261/4384 4414/2262/4384
f 4468/2242/4384 4469/2243/4384 4414/2262/4384 4415/2263/4384
f 4467/2241/4384 4468/2242/4384 4415/2263/4384 4416/2264/4384
f 4466/2240/4384 4467/2241/4384 4416/2264/4384 4417/2265/4384
f 4465/2239/4384 4466/2240/4384 4417/2265/4384 4418/2266/4384
f 4464/2237/4384 4465/2239/4384 4418/2266/4384 4419/2267/4384
f 4463/2238/4384 4464/2237/4384 4419/2267/4384 4420/2268/4384
f 4393/2269/4384 4463/2238/4384 4420/2268/4384 4391/2270/4384
f 4394/2271/4382 4456/2231/4382 4463/2238/4382 4393/2269/4382
f 4395/2272/4381 4449/2224/4381 4456/2231/4381 4394/2271/4381
f 4396/2273/4380 4442/2217/4380 4449/2224/4380 4395/2272/4380
f 4397/2274/4379 4435/2210/4379 4442/2217/4379 4396/2273/4379
f 4398/2275/4378 4428/2198/4378 4435/2210/4378 4397/2274/4378
f 4399/2246/4377 4421/2195/4377 4428/2198/4377 4398/2275/4377
f 4502/2195/4385 4509/2198/4385 4510/2197/4385 4503/2196/4385
f 4503/2196/4385 4510/2197/4385 4511/2200/4385 4504/2199/4385
f 4504/2199/4385 4511/2200/4385 4512/2202/4385 4505/2201/4385
f 4505/2201/4385 4512/2202/4385 4513/2204/4385 4506/2203/4385
f 4506/2203/4385 4513/2204/4385 4514/2206/4385 4507/2205/4385
f 4507/2205/4385 4514/2206/4385 4515/2208/4385 4508/2207/4385
f 4509/2198/4386 4516/2210/4386 4517/2209/4386 4510/2197/4386
f 4510/2197/4386 4517/2209/4386 4518/2211/4386 4511/2200/4386
f 4511/2200/4386 4518/2211/4386 4519/2212/4386 4512/2202/4386
f 4512/2202/4386 4519/2212/4386 4520/2213/4386 4513/2204/4386
f 4513/2204/4386 4520/2213/4386 4521/2214/4386 4514/2206/4386
f 4514/2206/4386 4521/2214/4386 4522/2215/4386 4515/2208/4386
f 4516/2210/4387 4523/2217/4387 4524/2216/4387 4517/2209/4387
f 4517/2209/4387 4524/2216/4387 4525/2218/4387 4518/2211/4387
f 4518/2211/4387 4525/2218/4387 4526/2219/4387 4519/2212/4387
f 4519/2212/4387 4526/2219/4387 4527/2220/4387 4520/2213/4387
f 4520/2213/4387 4527/2220/4387 4528/2221/4387 4521/2214/4387
f 4521/2214/4387 4528/2221/4387 4529/2222/4387 4522/2215/4387
f 4523/2217/4388 4530/2224/4388 4531/2223/4388 4524/2216/4388
f 4524/2216/4388 4531/2223/4388 4532/2225/4388 4525/2218/4388
f 4525/2218/4388 4532/2225/4388 4533/2226/4388 4526/2219/4388
f 4526/2219/4388 4533/2226/4388 4534/2227/4388 4527/2220/4388
f 4527/2220/4388 4534/2227/4388 4535/2228/4388 4528/2221/4388
f 4528/2221/4388 4535/2228/4388 4536/2229/4388 4529/2222/4388
f 4530/2224/4389 4537/2231/4389 4538/2230/4389 4531/2223/4389
f 4531/2223/4389 4538/2230/4389 4539/2232/4389 4532/2225/4389
f 4532/2225/4389 4539/2232/4389 4540/2233/4389 4533/2226/4389
f 4533/2226/4389 4540/2233/4389 4541/2234/4389 4534/2227/4389
f 4534/2227/4389 4541/2234/4389 4542/2235/4389 4535/2228/4389
f 4535/2228/4389 4542/2235/4389 4543/2236/4389 4536/2229/4389
f 4537/2231/4390 4544/2238/4390 4545/2237/4390 4538/2230/4390
f 4538/2230/4390 4545/2237/4390 4546/2239/4390 4539/2232/4390
f 4539/2232/4390 4546/2239/4390 4547/2240/4390 4540/2233/4390
f 4540/2233/4390 4547/2240/4390 4548/2241/4390 4541/2234/4390
f 4541/2234/4390 4548/2241/4390 4549/2242/4390 4542/2235/4390
f 4542/2235/4390 4549/2242/4390 4550/2243/4390 4543/2236/4390
f 4470/2244/4391 4480/2246/4391 4502/2195/4391 4481/2245/4391
f 4481/2245/4391 4502/2195/4391 4503/2196/4391 4482/2247/4391
f 4482/2247/4391 4503/2196/4391 4504/2199/4391 4483/2248/4391
f 4483/2248/4391 4504/2199/4391 4505/2201/4391 4484/2249/4391
f 4484/2249/4391 4505/2201/4391 4506/2203/4391 4485/2250/4391
f 4485/2250/4391 4506/2203/4391 4507/2205/4391 4486/2251/4391
f 4486/2251/4391 4507/2205/4391 4508/2207/4391 4487/2252/4391
f 4487/2252/4391 4508/2207/4391 4488/2254/4391 4471/2253/4391
f 4508/2207/4385 4515/2208/4385 4489/2255/4385 4488/2254/4385
f 4515/2208/4386 4522/2215/4386 4490/2256/4386 4489/2255/4386
f 4522/2215/4387 4529/2222/4387 4491/2257/4387 4490/2256/4387
f 4529/2222/4388 4536/2229/4388 4492/2258/4388 4491/2257/4388
f 4536/2229/4389 4543/2236/4389 4493/2259/4389 4492/2258/4389
f 4543/2236/4390 4550/2243/4390 4494/2260/4390 4493/2259/4390
f 4550/2243/4392 4495/2262/4392 4473/2261/4392 4494/2260/4392
f 4549/2242/4392 4496/2263/4392 4495/2262/4392 4550/2243/4392
f 4548/2241/4392 4497/2264/4392 4496/2263/4392 4549/2242/4392
f 4547/2240/4392 4498/2265/4392 4497/2264/4392 4548/2241/4392
f 4546/2239/4392 4499/2266/4392 4498/2265/4392 4547/2240/4392
f 4545/2237/4392 4500/2267/4392 4499/2266/4392 4546/2239/4392
f 4544/2238/4392 4501/2268/4392 4500/2267/4392 4545/2237/4392
f 4474/2269/4392 4472/2270/4392 4501/2268/4392 4544/2238/4392
f 4475/2271/4390 4474/2269/4390 4544/2238/4390 4537/2231/4390
f 4476/2272/4389 4475/2271/4389 4537/2231/4389 4530/2224/4389
f 4477/2273/4388 4476/2272/4388 4530/2224/4388 4523/2217/4388
f 4478/2274/4387 4477/2273/4387 4523/2217/4387 4516/2210/4387
f 4479/2275/4386 4478/2274/4386 4516/2210/4386 4509/2198/4386
f 4480/2246/4385 4479/2275/4385 4509/2198/4385 4502/2195/4385
f 4393/2269/4393 4391/2270/4393 4472/2270/4393 4474/2269/4393
f 4394/2271/4393 4393/2269/4393 4474/2269/4393 4475/2271/4393
f 4395/2272/4393 4394/2271/4393 4475/2271/4393 4476/2272/4393
f 4396/2273/4393 4395/2272/4393 4476/2272/4393 4477/2273/4393
f 4397/2274/4393 4396/2273/4393 4477/2273/4393 4478/2274/4393
f 4398/2275/4393 4397/2274/4393 4478/2274/4393 4479/2275/4393
f 4399/2246/4393 4398/2275/4393 4479/2275/4393 4480/2246/4393
f 4389/2244/4393 4399/2246/4393 4480/2246/4393 4470/2244/4393
f 4400/2245/4394 4389/2244/4394 4470/2244/4394 4481/2245/4394
f 4401/2247/4394 4400/2245/4394 4481/2245/4394 4482/2247/4394
f 4402/2248/4394 4401/2247/4394 4482/2247/4394 4483/2248/4394
f 4403/2249/4394 4402/2248/4394 4483/2248/4394 4484/2249/4394
f 4404/2250/4394 4403/2249/4394 4484/2249/4394 4485/2250/4394
f 4405/2251/4394 4404/2250/4394 4485/2250/4394 4486/2251/4394
f 4406/2252/4394 4405/2251/4394 4486/2251/4394 4487/2252/4394
f 4390/2253/4394 4406/2252/4394 4487/2252/4394 4471/2253/4394
f 4407/2254/4395 4390/2253/4395 4471/2253/4395 4488/2254/4395
f 4408/2255/4395 4407/2254/4395 4488/2254/4395 4489/2255/4395
f 4409/2256/4395 4408/2255/4395 4489/2255/4395 4490/2256/4395
f 4410/2257/4395 4409/2256/4395 4490/2256/4395 4491/2257/4395
f 4411/2258/4395 4410/2257/4395 4491/2257/4395 4492/2258/4395
f 4412/2259/4395 4411/2258/4395 4492/2258/4395 4493/2259/4395
f 4413/2260/4395 4412/2259/4395 4493/2259/4395 4494/2260/4395
f 4392/2261/4395 4413/2260/4395 4494/2260/4395 4473/2261/4395
f 4414/2262/4396 4392/2261/4396 4473/2261/4396 4495/2262/4396
f 4415/2263/4396 4414/2262/4396 4495/2262/4396 4496/2263/4396
f 4416/2264/4396 4415/2263/4396 4496/2263/4396 4497/2264/4396
f 4417/2265/4396 4416/2264/4396 4497/2264/4396 4498/2265/4396
f 4418/2266/4396 4417/2265/4396 4498/2265/4396 4499/2266/4396
f 4419/2267/4396 4418/2266/4396 4499/2266/4396 4500/2267/4396
f 4420/2268/4396 4419/2267/4396 4500/2267/4396 4501/2268/4396
f 4391/2270/4396 4420/2268/4396 4501/2268/4396 4472/2270/4396
o InclinadoExp2
v 5.000001 -0.900000 -0.001974
v 5.000001 -3.100000 -0.001974
v 9.000000 -0.900000 0.455011
v 9.000000 -3.100000 0.455011
v 8.500000 -0.900000 0.271846
v 8.000000 -0.900000 0.160752
v 7.500000 -0.900000 0.093369
v 7.000000 -0.900000 0.052500
v 6.500000 -0.900000 0.027711
v 6.000000 -0.900000 0.012676
v 5.500000 -0.900000 0.003557
v 5.000001 -1.175000 -0.001974
v 5.000001 -1.450000 -0.001974
v 5.000001 -1.725000 -0.001974
v 5.000001 -2.000000 -0.001974
v 5.000001 -2.275000 -0.001974
v 5.000001 -2.550000 -0.001974
v 5.000001 -2.825000 -0.001974
v 5.500000 -3.100000 0.003557
v 6.000000 -3.100000 0.012676
v 6.500000 -3.100000 0.027711
v 7.000000 -3.100000 0.052500
v 7.500000 -3.100000 0.093369
v 8.000000 -3.100000 0.160752
v 8.500000 -3.100000 0.271846
v 9.000000 -2.825000 0.455011
v 9.000000 -2.550000 0.455011
v 9.000000 -2.275000 0.455011
v 9.000000 -2.000000 0.455011
v 9.000000 -1.725000 0.455011
v 9.000000 -1.450000 0.455011
v 9.000000 -1.175000 0.455011
v 5.500000 -1.175000 0.003557
v 5.500000 -1.450000 0.003557
v 5.500000 -1.725000 0.003557
v 5.500000 -2.000000 0.003557
v 5.500000 -2.275000 0.003557
v 5.500000 -2.550000 0.003557
v 5.500000 -2.825000 0.003557
v 6.000000 -1.175000 0.012676
v 6.000000 -1.450000 0.012676
v 6.000000 -1.725000 0.012676
v 6.000000 -2.000000 0.012676
v 6.000000 -2.275000 0.012676
v 6.000000 -2.550000 0.012676
v 6.000000 -2.825000 0.012676
v 6.500000 -1.175000 0.027711
v 6.500000 -1.450000 0.027711
v 6.500000 -1.725000 0.027711
v 6.500000 -2.000000 0.027711
v 6.500000 -2.275000 0.027711
v 6.500000 -2.550000 0.027711
v 6.500000 -2.825000 0.027711
v 7.000000 -1.175000 0.052500
v 7.000000 -1.450000 0.052500
v 7.000000 -1.725000 0.052500
v 7.000000 -2.000000 0.052500
v 7.000000 -2.275000 0.052500
v 7.000000 -2.550000 0.052500
v 7.000000 -2.825000 0.052500
v 7.500000 -1.175000 0.093369
v 7.500000 -1.450000 0.093369
v 7.500000 -1.725000 0.093369
v 7.500000 -2.000000 0.093369
v 7.500000 -2.275000 0.093369
v 7.500000 -2.550000 0.093369
v 7.500000 -2.825000 0.093369
v 8.000000 -1.175000 0.160752
v 8.000000 -1.450000 0.160752
v 8.000000 -1.725000 0.160752
v 8.000000 -2.000000 0.160752
v 8.000000 -2.275000 0.160752
v 8.000000 -2.550000 0.160752
v 8.000000 -2.825000 0.160752
v 8.500000 -1.175000 0.271846
v 8.500000 -1.450000 0.271846
v 8.500000 -1.725000 0.271846
v 8.500000 -2.000000 0.271846
v 8.500000 -2.275000 0.271846
v 8.500000 -2.550000 0.271846
v 8.500000 -2.825000 0.271846
v 5.000527 -0.900000 -0.054471
v 5.000527 -3.100000 -0.054471
v 9.016470 -0.900000 0.405441
v 9.016470 -3.100000 0.405441
v 8.513438 -0.900000 0.221278
v 8.008365 -0.900000 0.108992
v 7.505125 -0.900000 0.041146
v 7.003120 -0.900000 0.000102
v 6.501895 -0.900000 -0.024751
v 6.001150 -0.900000 -0.039810
v 5.500698 -0.900000 -0.048938
v 5.000527 -1.175000 -0.054471
v 5.000527 -1.450000 -0.054471
v 5.000527 -1.725000 -0.054471
v 5.000527 -2.000000 -0.054471
v 5.000527 -2.275000 -0.054471
v 5.000527 -2.550000 -0.054471
v 5.000527 -2.825000 -0.054471
v 5.500698 -3.100000 -0.048938
v 6.001150 -3.100000 -0.039810
v 6.501895 -3.100000 -0.024751
v 7.003120 -3.100000 0.000102
v 7.505125 -3.100000 0.041146
v 8.008365 -3.100000 0.108992
v 8.513438 -3.100000 0.221278
v 9.016470 -2.825000 0.405441
v 9.016470 -2.550000 0.405441
v 9.016470 -2.275000 0.405441
v 9.016470 -2.000000 0.405441
v 9.016470 -1.725000 0.405441
v 9.016470 -1.450000 0.405441
v 9.016470 -1.175000 0.405441
v 5.500698 -1.175000 -0.048938
v 5.500698 -1.450000 -0.048938
v 5.500698 -1.725000 -0.048938
v 5.500698 -2.000000 -0.048938
v 5.500698 -2.275000 -0.048938
v 5.500698 -2.550000 -0.048938
v 5.500698 -2.825000 -0.048938
v 6.001150 -1.175000 -0.039810
v 6.001150 -1.450000 -0.039810
v 6.001150 -1.725000 -0.039810
v 6.001150 -2.000000 -0.039810
v 6.001150 -2.275000 -0.039810
v 6.001150 -2.550000 -0.039810
v 6.001150 -2.825000 -0.039810
v 6.501895 -1.175000 -0.024751
v 6.501895 -1.450000 -0.024751
v 6.501895 -1.725000 -0.024751
v 6.501895 -2.000000 -0.024751
v 6.501895 -2.275000 -0.024751
v 6.501895 -2.550000 -0.024751
v 6.501895 -2.825000 -0.024751
v 7.003120 -1.175000 0.000102
v 7.003120 -1.450000 0.000102
v 7.003120 -1.725000 0.000102
v 7.003120 -2.000000 0.000102
v 7.003120 -2.275000 0.000102
v 7.003120 -2.550000 0.000102
v 7.003120 -2.825000 0.000102
v 7.505125 -1.175000 0.041146
v 7.505125 -1.450000 0.041146
v 7.505125 -1.725000 0.041146
v 7.505125 -2.000000 0.041146
v 7.505125 -2.275000 0.041146
v 7.505125 -2.550000 0.041146
v 7.505125 -2.825000 0.041146
v 8.008365 -1.175000 0.108992
v 8.008365 -1.450000 0.108992
v 8.008365 -1.725000 0.108992
v 8.008365 -2.000000 0.108992
v 8.008365 -2.275000 0.108992
v 8.008365 -2.550000 0.108992
v 8.008365 -2.825000 0.108992
v 8.513438 -1.175000 0.221278
v 8.513438 -1.450000 0.221278
v 8.513438 -1.725000 0.221278
v 8.513438 -2.000000 0.221278
v 8.513438 -2.275000 0.221278
v 8.513438 -2.550000 0.221278
v 8.513438 -2.825000 0.221278
vn -0.0182 -0.0000 0.9998
vn -0.0301 -0.0000 0.9995
vn -0.0495 -0.0000 0.9988
vn -0.0815 -0.0000 0.9967
vn -0.1336 -0.0000 0.9910
vn -0.2169 -0.0000 0.9762
vn -0.0111 -0.0000 0.9999
vn -0.3440 -0.0000 0.9390
vn 0.0182 -0.0000 -0.9998
vn 0.0301 -0.0000 -0.9995
vn 0.0495 -0.0000 -0.9988
vn 0.0815 -0.0000 -0.9967
vn 0.1336 -0.0000 -0.9910
vn 0.2170 -0.0000 -0.9762
vn 0.0111 -0.0000 -0.9999
vn 0.3438 -0.0000 -0.9390
vn -0.0000 1.0000 -0.0000
vn -0.9999 -0.0000 -0.0100
vn -0.0000 -1.0000 -0.0000
vn 0.9490 -0.0000 0.3153
vt 0.198642 0.875000
vt 0.198642 0.750000
vt 0.238299 0.750000
vt 0.238299 0.875000
vt 0.198642 0.625000
vt 0.238299 0.625000
vt 0.198642 0.500000
vt 0.238299 0.500000
vt 0.198642 0.375000
vt 0.238299 0.375000
vt 0.198642 0.250000
vt 0.238299 0.250000
vt 0.198642 0.125000
vt 0.238299 0.125000
vt 0.277956 0.750000
vt 0.277956 0.875000
vt 0.277956 0.625000
vt 0.277956 0.500000
vt 0.277956 0.375000
vt 0.277956 0.250000
vt 0.277956 0.125000
vt 0.317613 0.750000
vt 0.317613 0.875000
vt 0.317613 0.625000
vt 0.317613 0.500000
vt 0.317613 0.375000
vt 0.317613 0.250000
vt 0.317613 0.125000
vt 0.357271 0.750000
vt 0.357271 0.875000
vt 0.357271 0.625000
vt 0.357271 0.500000
vt 0.357271 0.375000
vt 0.357271 0.250000
vt 0.357271 0.125000
vt 0.396928 0.750000
vt 0.396928 0.875000
vt 0.396928 0.625000
vt 0.396928 0.500000
vt 0.396928 0.375000
vt 0.396928 0.250000
vt 0.396928 0.125000
vt 0.436585 0.750000
vt 0.436585 0.875000
vt 0.436585 0.625000
vt 0.436585 0.500000
vt 0.436585 0.375000
vt 0.436585 0.250000
vt 0.436585 0.125000
vt 0.158984 1.000000
vt 0.158984 0.875000
vt 0.198642 1.000000
vt 0.158984 0.750000
vt 0.158984 0.625000
vt 0.158984 0.500000
vt 0.158984 0.375000
vt 0.158984 0.250000
vt 0.158984 0.125000
vt 0.158984 0.000000
vt 0.198642 0.000000
vt 0.238299 0.000000
vt 0.277956 0.000000
vt 0.317613 0.000000
vt 0.357271 0.000000
vt 0.396928 0.000000
vt 0.436585 0.000000
vt 0.476243 0.000000
vt 0.476243 0.125000
vt 0.476243 0.250000
vt 0.476243 0.375000
vt 0.476243 0.500000
vt 0.476243 0.625000
vt 0.476243 0.750000
vt 0.476243 0.875000
vt 0.436585 1.000000
vt 0.476243 1.000000
vt 0.396928 1.000000
vt 0.357271 1.000000
vt 0.317613 1.000000
vt 0.277956 1.000000
vt 0.238299 1.000000
s 0
usemtl /home/alejo/mapa_gazebo.mtl.001
f 4583/2276/4397 4584/2277/4397 4591/2278/4397 4590/2279/4397
f 4584/2277/4397 4585/2280/4397 4592/2281/4397 4591/2278/4397
f 4585/2280/4397 4586/2282/4397 4593/2283/4397 4592/2281/4397
f 4586/2282/4397 4587/2284/4397 4594/2285/4397 4593/2283/4397
f 4587/2284/4397 4588/2286/4397 4595/2287/4397 4594/2285/4397
f 4588/2286/4397 4589/2288/4397 4596/2289/4397 4595/2287/4397
f 4590/2279/4398 4591/2278/4398 4598/2290/4398 4597/2291/4398
f 4591/2278/4398 4592/2281/4398 4599/2292/4398 4598/2290/4398
f 4592/2281/4398 4593/2283/4398 4600/2293/4398 4599/2292/4398
f 4593/2283/4398 4594/2285/4398 4601/2294/4398 4600/2293/4398
f 4594/2285/4398 4595/2287/4398 4602/2295/4398 4601/2294/4398
f 4595/2287/4398 4596/2289/4398 4603/2296/4398 4602/2295/4398
f 4597/2291/4399 4598/2290/4399 4605/2297/4399 4604/2298/4399
f 4598/2290/4399 4599/2292/4399 4606/2299/4399 4605/2297/4399
f 4599/2292/4399 4600/2293/4399 4607/2300/4399 4606/2299/4399
f 4600/2293/4399 4601/2294/4399 4608/2301/4399 4607/2300/4399
f 4601/2294/4399 4602/2295/4399 4609/2302/4399 4608/2301/4399
f 4602/2295/4399 4603/2296/4399 4610/2303/4399 4609/2302/4399
f 4604/2298/4400 4605/2297/4400 4612/2304/4400 4611/2305/4400
f 4605/2297/4400 4606/2299/4400 4613/2306/4400 4612/2304/4400
f 4606/2299/4400 4607/2300/4400 4614/2307/4400 4613/2306/4400
f 4607/2300/4400 4608/2301/4400 4615/2308/4400 4614/2307/4400
f 4608/2301/4400 4609/2302/4400 4616/2309/4400 4615/2308/4400
f 4609/2302/4400 4610/2303/4400 4617/2310/4400 4616/2309/4400
f 4611/2305/4401 4612/2304/4401 4619/2311/4401 4618/2312/4401
f 4612/2304/4401 4613/2306/4401 4620/2313/4401 4619/2311/4401
f 4613/2306/4401 4614/2307/4401 4621/2314/4401 4620/2313/4401
f 4614/2307/4401 4615/2308/4401 4622/2315/4401 4621/2314/4401
f 4615/2308/4401 4616/2309/4401 4623/2316/4401 4622/2315/4401
f 4616/2309/4401 4617/2310/4401 4624/2317/4401 4623/2316/4401
f 4618/2312/4402 4619/2311/4402 4626/2318/4402 4625/2319/4402
f 4619/2311/4402 4620/2313/4402 4627/2320/4402 4626/2318/4402
f 4620/2313/4402 4621/2314/4402 4628/2321/4402 4627/2320/4402
f 4621/2314/4402 4622/2315/4402 4629/2322/4402 4628/2321/4402
f 4622/2315/4402 4623/2316/4402 4630/2323/4402 4629/2322/4402
f 4623/2316/4402 4624/2317/4402 4631/2324/4402 4630/2323/4402
f 4551/2325/4403 4562/2326/4403 4583/2276/4403 4561/2327/4403
f 4562/2326/4403 4563/2328/4403 4584/2277/4403 4583/2276/4403
f 4563/2328/4403 4564/2329/4403 4585/2280/4403 4584/2277/4403
f 4564/2329/4403 4565/2330/4403 4586/2282/4403 4585/2280/4403
f 4565/2330/4403 4566/2331/4403 4587/2284/4403 4586/2282/4403
f 4566/2331/4403 4567/2332/4403 4588/2286/4403 4587/2284/4403
f 4567/2332/4403 4568/2333/4403 4589/2288/4403 4588/2286/4403
f 4568/2333/4403 4552/2334/4403 4569/2335/4403 4589/2288/4403
f 4589/2288/4397 4569/2335/4397 4570/2336/4397 4596/2289/4397
f 4596/2289/4398 4570/2336/4398 4571/2337/4398 4603/2296/4398
f 4603/2296/4399 4571/2337/4399 4572/2338/4399 4610/2303/4399
f 4610/2303/4400 4572/2338/4400 4573/2339/4400 4617/2310/4400
f 4617/2310/4401 4573/2339/4401 4574/2340/4401 4624/2317/4401
f 4624/2317/4402 4574/2340/4402 4575/2341/4402 4631/2324/4402
f 4631/2324/4404 4575/2341/4404 4554/2342/4404 4576/2343/4404
f 4630/2323/4404 4631/2324/4404 4576/2343/4404 4577/2344/4404
f 4629/2322/4404 4630/2323/4404 4577/2344/4404 4578/2345/4404
f 4628/2321/4404 4629/2322/4404 4578/2345/4404 4579/2346/4404
f 4627/2320/4404 4628/2321/4404 4579/2346/4404 4580/2347/4404
f 4626/2318/4404 4627/2320/4404 4580/2347/4404 4581/2348/4404
f 4625/2319/4404 4626/2318/4404 4581/2348/4404 4582/2349/4404
f 4555/2350/4404 4625/2319/4404 4582/2349/4404 4553/2351/4404
f 4556/2352/4402 4618/2312/4402 4625/2319/4402 4555/2350/4402
f 4557/2353/4401 4611/2305/4401 4618/2312/4401 4556/2352/4401
f 4558/2354/4400 4604/2298/4400 4611/2305/4400 4557/2353/4400
f 4559/2355/4399 4597/2291/4399 4604/2298/4399 4558/2354/4399
f 4560/2356/4398 4590/2279/4398 4597/2291/4398 4559/2355/4398
f 4561/2327/4397 4583/2276/4397 4590/2279/4397 4560/2356/4397
f 4664/2276/4405 4671/2279/4405 4672/2278/4405 4665/2277/4405
f 4665/2277/4405 4672/2278/4405 4673/2281/4405 4666/2280/4405
f 4666/2280/4405 4673/2281/4405 4674/2283/4405 4667/2282/4405
f 4667/2282/4405 4674/2283/4405 4675/2285/4405 4668/2284/4405
f 4668/2284/4405 4675/2285/4405 4676/2287/4405 4669/2286/4405
f 4669/2286/4405 4676/2287/4405 4677/2289/4405 4670/2288/4405
f 4671/2279/4406 4678/2291/4406 4679/2290/4406 4672/2278/4406
f 4672/2278/4406 4679/2290/4406 4680/2292/4406 4673/2281/4406
f 4673/2281/4406 4680/2292/4406 4681/2293/4406 4674/2283/4406
f 4674/2283/4406 4681/2293/4406 4682/2294/4406 4675/2285/4406
f 4675/2285/4406 4682/2294/4406 4683/2295/4406 4676/2287/4406
f 4676/2287/4406 4683/2295/4406 4684/2296/4406 4677/2289/4406
f 4678/2291/4407 4685/2298/4407 4686/2297/4407 4679/2290/4407
f 4679/2290/4407 4686/2297/4407 4687/2299/4407 4680/2292/4407
f 4680/2292/4407 4687/2299/4407 4688/2300/4407 4681/2293/4407
f 4681/2293/4407 4688/2300/4407 4689/2301/4407 4682/2294/4407
f 4682/2294/4407 4689/2301/4407 4690/2302/4407 4683/2295/4407
f 4683/2295/4407 4690/2302/4407 4691/2303/4407 4684/2296/4407
f 4685/2298/4408 4692/2305/4408 4693/2304/4408 4686/2297/4408
f 4686/2297/4408 4693/2304/4408 4694/2306/4408 4687/2299/4408
f 4687/2299/4408 4694/2306/4408 4695/2307/4408 4688/2300/4408
f 4688/2300/4408 4695/2307/4408 4696/2308/4408 4689/2301/4408
f 4689/2301/4408 4696/2308/4408 4697/2309/4408 4690/2302/4408
f 4690/2302/4408 4697/2309/4408 4698/2310/4408 4691/2303/4408
f 4692/2305/4409 4699/2312/4409 4700/2311/4409 4693/2304/4409
f 4693/2304/4409 4700/2311/4409 4701/2313/4409 4694/2306/4409
f 4694/2306/4409 4701/2313/4409 4702/2314/4409 4695/2307/4409
f 4695/2307/4409 4702/2314/4409 4703/2315/4409 4696/2308/4409
f 4696/2308/4409 4703/2315/4409 4704/2316/4409 4697/2309/4409
f 4697/2309/4409 4704/2316/4409 4705/2317/4409 4698/2310/4409
f 4699/2312/4410 4706/2319/4410 4707/2318/4410 4700/2311/4410
f 4700/2311/4410 4707/2318/4410 4708/2320/4410 4701/2313/4410
f 4701/2313/4410 4708/2320/4410 4709/2321/4410 4702/2314/4410
f 4702/2314/4410 4709/2321/4410 4710/2322/4410 4703/2315/4410
f 4703/2315/4410 4710/2322/4410 4711/2323/4410 4704/2316/4410
f 4704/2316/4410 4711/2323/4410 4712/2324/4410 4705/2317/4410
f 4632/2325/4411 4642/2327/4411 4664/2276/4411 4643/2326/4411
f 4643/2326/4411 4664/2276/4411 4665/2277/4411 4644/2328/4411
f 4644/2328/4411 4665/2277/4411 4666/2280/4411 4645/2329/4411
f 4645/2329/4411 4666/2280/4411 4667/2282/4411 4646/2330/4411
f 4646/2330/4411 4667/2282/4411 4668/2284/4411 4647/2331/4411
f 4647/2331/4411 4668/2284/4411 4669/2286/4411 4648/2332/4411
f 4648/2332/4411 4669/2286/4411 4670/2288/4411 4649/2333/4411
f 4649/2333/4411 4670/2288/4411 4650/2335/4411 4633/2334/4411
f 4670/2288/4405 4677/2289/4405 4651/2336/4405 4650/2335/4405
f 4677/2289/4406 4684/2296/4406 4652/2337/4406 4651/2336/4406
f 4684/2296/4407 4691/2303/4407 4653/2338/4407 4652/2337/4407
f 4691/2303/4408 4698/2310/4408 4654/2339/4408 4653/2338/4408
f 4698/2310/4409 4705/2317/4409 4655/2340/4409 4654/2339/4409
f 4705/2317/4410 4712/2324/4410 4656/2341/4410 4655/2340/4410
f 4712/2324/4412 4657/2343/4412 4635/2342/4412 4656/2341/4412
f 4711/2323/4412 4658/2344/4412 4657/2343/4412 4712/2324/4412
f 4710/2322/4412 4659/2345/4412 4658/2344/4412 4711/2323/4412
f 4709/2321/4412 4660/2346/4412 4659/2345/4412 4710/2322/4412
f 4708/2320/4412 4661/2347/4412 4660/2346/4412 4709/2321/4412
f 4707/2318/4412 4662/2348/4412 4661/2347/4412 4708/2320/4412
f 4706/2319/4412 4663/2349/4412 4662/2348/4412 4707/2318/4412
f 4636/2350/4412 4634/2351/4412 4663/2349/4412 4706/2319/4412
f 4637/2352/4410 4636/2350/4410 4706/2319/4410 4699/2312/4410
f 4638/2353/4409 4637/2352/4409 4699/2312/4409 4692/2305/4409
f 4639/2354/4408 4638/2353/4408 4692/2305/4408 4685/2298/4408
f 4640/2355/4407 4639/2354/4407 4685/2298/4407 4678/2291/4407
f 4641/2356/4406 4640/2355/4406 4678/2291/4406 4671/2279/4406
f 4642/2327/4405 4641/2356/4405 4671/2279/4405 4664/2276/4405
f 4555/2350/4413 4553/2351/4413 4634/2351/4413 4636/2350/4413
f 4556/2352/4413 4555/2350/4413 4636/2350/4413 4637/2352/4413
f 4557/2353/4413 4556/2352/4413 4637/2352/4413 4638/2353/4413
f 4558/2354/4413 4557/2353/4413 4638/2353/4413 4639/2354/4413
f 4559/2355/4413 4558/2354/4413 4639/2354/4413 4640/2355/4413
f 4560/2356/4413 4559/2355/4413 4640/2355/4413 4641/2356/4413
f 4561/2327/4413 4560/2356/4413 4641/2356/4413 4642/2327/4413
f 4551/2325/4413 4561/2327/4413 4642/2327/4413 4632/2325/4413
f 4562/2326/4414 4551/2325/4414 4632/2325/4414 4643/2326/4414
f 4563/2328/4414 4562/2326/4414 4643/2326/4414 4644/2328/4414
f 4564/2329/4414 4563/2328/4414 4644/2328/4414 4645/2329/4414
f 4565/2330/4414 4564/2329/4414 4645/2329/4414 4646/2330/4414
f 4566/2331/4414 4565/2330/4414 4646/2330/4414 4647/2331/4414
f 4567/2332/4414 4566/2331/4414 4647/2331/4414 4648/2332/4414
f 4568/2333/4414 4567/2332/4414 4648/2332/4414 4649/2333/4414
f 4552/2334/4414 4568/2333/4414 4649/2333/4414 4633/2334/4414
f 4569/2335/4415 4552/2334/4415 4633/2334/4415 4650/2335/4415
f 4570/2336/4415 4569/2335/4415 4650/2335/4415 4651/2336/4415
f 4571/2337/4415 4570/2336/4415 4651/2336/4415 4652/2337/4415
f 4572/2338/4415 4571/2337/4415 4652/2337/4415 4653/2338/4415
f 4573/2339/4415 4572/2338/4415 4653/2338/4415 4654/2339/4415
f 4574/2340/4415 4573/2339/4415 4654/2339/4415 4655/2340/4415
f 4575/2341/4415 4574/2340/4415 4655/2340/4415 4656/2341/4415
f 4554/2342/4415 4575/2341/4415 4656/2341/4415 4635/2342/4415
f 4576/2343/4416 4554/2342/4416 4635/2342/4416 4657/2343/4416
f 4577/2344/4416 4576/2343/4416 4657/2343/4416 4658/2344/4416
f 4578/2345/4416 4577/2344/4416 4658/2344/4416 4659/2345/4416
f 4579/2346/4416 4578/2345/4416 4659/2345/4416 4660/2346/4416
f 4580/2347/4416 4579/2346/4416 4660/2346/4416 4661/2347/4416
f 4581/2348/4416 4580/2347/4416 4661/2347/4416 4662/2348/4416
f 4582/2349/4416 4581/2348/4416 4662/2348/4416 4663/2349/4416
f 4553/2351/4416 4582/2349/4416 4663/2349/4416 4634/2351/4416
o Rugoso2.001
v 3.109745 3.109745 0.008859
v 0.916171 3.116171 0.014701
v 3.093801 0.893800 -0.005636
v 0.896692 0.896693 -0.003007
v 3.104472 0.973222 0.004065
v 3.099174 1.036674 -0.000751
v 3.092654 1.098904 -0.006678
v 3.101365 1.176364 0.001240
v 3.112806 1.256557 0.011642
v 3.093656 1.306156 -0.005767
v 3.091043 1.372293 -0.008142
v 3.086842 1.436842 -0.011962
v 3.103097 1.521847 0.002816
v 3.092961 1.580461 -0.006399
v 3.086345 1.642595 -0.012413
v 3.106523 1.731523 0.005930
v 3.092413 1.786163 -0.006898
v 3.102128 1.864628 0.001934
v 3.105303 1.936553 0.004821
v 3.087784 1.987784 -0.011105
v 3.109870 2.078620 0.008973
v 3.092670 2.130170 -0.006664
v 3.083055 2.189305 -0.015405
v 3.086423 2.261423 -0.012343
v 3.101077 2.344826 0.000979
v 3.119057 2.431557 0.017325
v 3.093196 2.474446 -0.006185
v 3.100543 2.550542 0.000493
v 3.119798 2.638547 0.017998
v 3.109665 2.697165 0.008786
v 3.098116 2.754366 -0.001713
v 3.096261 2.821260 -0.003400
v 3.101216 2.894966 0.001105
v 3.102353 2.964853 0.002139
v 3.111217 3.042467 0.010197
v 3.028193 3.096942 -0.002780
v 2.948403 3.085903 -0.012815
v 2.903212 3.109462 0.008602
v 2.842747 3.117747 0.016133
v 2.749238 3.092987 -0.006375
v 2.685405 3.097904 -0.001905
v 2.624810 3.106060 0.005509
v 2.563690 3.113690 0.012445
v 2.469472 3.088222 -0.010707
v 2.419877 3.107377 0.006706
v 2.360959 3.117209 0.015644
v 2.264141 3.089141 -0.009872
v 2.198477 3.092227 -0.007066
v 2.135432 3.097932 -0.001880
v 2.080216 3.111466 0.010424
v 1.991007 3.091007 -0.008175
v 1.928904 3.097654 -0.002132
v 1.848689 3.086189 -0.012556
v 1.790016 3.096266 -0.003394
v 1.724812 3.099812 -0.000171
v 1.656894 3.100644 0.000585
v 1.579143 3.091642 -0.007598
v 1.513152 3.094402 -0.005089
v 1.447125 3.097125 -0.002613
v 1.378052 3.096802 -0.002907
v 1.334807 3.122307 0.020279
v 1.251139 3.107389 0.006717
v 1.175384 3.100384 0.000349
v 1.106381 3.100131 0.000119
v 1.028529 3.091029 -0.008155
v 0.963604 3.094853 -0.004679
v 0.897971 3.029222 -0.001844
v 0.897748 2.960248 -0.002048
v 0.881376 2.875126 -0.016931
v 0.910077 2.835077 0.009161
v 0.890411 2.746661 -0.008718
v 0.910235 2.697735 0.009304
v 0.881647 2.600397 -0.016684
v 0.902988 2.552988 0.002716
v 0.887266 2.468516 -0.011576
v 0.895901 2.408401 -0.003726
v 0.897463 2.341213 -0.002306
v 0.902003 2.277004 0.001821
v 0.894141 2.200392 -0.005326
v 0.917306 2.154806 0.015733
v 0.908110 2.076860 0.007373
v 0.895960 1.995960 -0.003673
v 0.893621 1.924871 -0.005799
v 0.902279 1.864779 0.002072
v 0.902458 1.796208 0.002234
v 0.906490 1.731490 0.005900
v 0.901442 1.657692 0.001311
v 0.896140 1.583640 -0.003509
v 0.904073 1.522823 0.003702
v 0.896967 1.446967 -0.002758
v 0.898489 1.379739 -0.001374
v 0.900590 1.313090 0.000536
v 0.904395 1.248145 0.003995
v 0.878652 1.153652 -0.019407
v 0.910292 1.116543 0.009357
v 0.897167 1.034667 -0.002576
v 0.901790 0.970541 0.001628
v 0.963490 0.894740 -0.004782
v 1.034497 0.896997 -0.002730
v 1.118905 0.912655 0.011504
v 1.169846 0.894847 -0.004685
v 1.222716 0.878966 -0.019122
v 1.312864 0.900364 0.000331
v 1.367949 0.886699 -0.012092
v 1.459561 0.909561 0.008692
v 1.508484 0.889734 -0.009332
v 1.598912 0.911412 0.010374
v 1.637110 0.880860 -0.017400
v 1.708945 0.883945 -0.014596
v 1.812327 0.918577 0.016888
v 1.872827 0.910327 0.009388
v 1.929598 0.898348 -0.001502
v 1.988554 0.888554 -0.010406
v 2.068607 0.899857 -0.000130
v 2.132984 0.895484 -0.004106
v 2.205978 0.899728 -0.000248
v 2.267145 0.892145 -0.007141
v 2.349067 0.905317 0.004834
v 2.391001 0.878501 -0.019545
v 2.466542 0.885292 -0.013371
v 2.545665 0.895665 -0.003941
v 2.624263 0.905514 0.005012
v 2.673932 0.886432 -0.012334
v 2.749709 0.893459 -0.005947
v 2.824273 0.899273 -0.000661
v 2.890012 0.896262 -0.003398
v 2.948275 0.885775 -0.012932
v 3.047309 0.916059 0.014599
v 3.005244 3.005244 -0.023642
v 2.955387 3.024137 -0.006466
v 2.896995 3.034495 0.002950
v 2.825655 3.031905 0.000596
v 2.753549 3.028549 -0.002456
v 2.691660 3.035410 0.003782
v 2.618709 3.031209 -0.000037
v 2.565396 3.046646 0.013997
v 2.491030 3.041030 0.008891
v 2.407513 3.026262 -0.004534
v 2.349095 3.036595 0.004859
v 2.258112 3.014362 -0.015352
v 2.194613 3.019613 -0.010579
v 2.131662 3.025412 -0.005307
v 2.077873 3.040373 0.008294
v 2.013522 3.044771 0.012292
v 1.922407 3.022407 -0.008040
v 1.879903 3.048653 0.015821
v 1.787624 3.025124 -0.005569
v 1.710685 3.016935 -0.013014
v 1.650046 3.025046 -0.005640
v 1.585037 3.028787 -0.002239
v 1.519131 3.031631 0.000346
v 1.450382 3.031632 0.000347
v 1.384822 3.034822 0.003247
v 1.309718 3.028468 -0.002529
v 1.245549 3.033049 0.001635
v 1.166269 3.022519 -0.007937
v 1.111644 3.036644 0.004903
v 1.041833 3.035583 0.003939
v 0.973318 3.035818 0.004152
v 3.034346 2.965596 0.002815
v 2.942980 2.942979 -0.017746
v 2.897640 2.966390 0.003536
v 2.832258 2.969758 0.006598
v 2.749204 2.955454 -0.006406
v 2.692426 2.967426 0.004479
v 2.627766 2.971516 0.008196
v 2.532852 2.945352 -0.015589
v 2.479564 2.960814 -0.001533
v 2.410873 2.960873 -0.001479
v 2.345593 2.964343 0.001676
v 2.275685 2.963185 0.000623
v 2.227796 2.984046 0.019587
v 2.132488 2.957488 -0.004557
v 2.065698 2.959448 -0.002775
v 1.989940 2.952439 -0.009146
v 1.911276 2.942526 -0.018158
v 1.855544 2.955544 -0.006324
v 1.802101 2.970851 0.007592
v 1.714954 2.952454 -0.009133
v 1.664295 2.970545 0.007313
v 1.590806 2.965806 0.003006
v 1.519399 2.963149 0.000590
v 1.444992 2.957492 -0.004553
v 1.384103 2.965353 0.002594
v 1.307832 2.957832 -0.004244
v 1.225417 2.944167 -0.016667
v 1.168499 2.955999 -0.005910
v 1.123044 2.979294 0.015267
v 1.024342 2.949342 -0.011962
v 0.966177 2.959927 -0.002339
v 3.041196 2.903696 0.009042
v 2.957242 2.888492 -0.004780
v 2.893881 2.893881 0.000119
v 2.825856 2.894606 0.000778
v 2.749134 2.886634 -0.006469
v 2.692230 2.898480 0.004300
v 2.605199 2.880199 -0.012319
v 2.544959 2.888709 -0.004583
v 2.457961 2.870461 -0.021172
v 2.415021 2.896271 0.002292
v 2.349168 2.899168 0.004925
v 2.272267 2.891016 -0.002485
v 2.224620 2.912120 0.016700
v 2.135459 2.891709 -0.001855
v 2.080591 2.905591 0.010764
v 2.003276 2.897026 0.002978
v 1.924486 2.886986 -0.006149
v 1.851170 2.882420 -0.010300
v 1.795868 2.895868 0.001925
v 1.708198 2.876948 -0.015274
v 1.641601 2.879101 -0.013317
v 1.589076 2.895326 0.001433
v 1.520279 2.895279 0.001390
v 1.450758 2.894508 0.000689
v 1.364161 2.876661 -0.015536
v 1.303628 2.884878 -0.008065
v 1.230982 2.880982 -0.011607
v 1.185146 2.903896 0.009224
v 1.111483 2.898983 0.004758
v 1.047047 2.903297 0.008679
v 0.978094 2.903094 0.008494
v 3.047551 2.841301 0.014819
v 2.972142 2.834642 0.008766
v 2.897144 2.828394 0.003086
v 2.828360 2.828360 0.003055
v 2.756737 2.825487 0.000442
v 2.679353 2.816853 -0.007407
v 2.613326 2.819576 -0.004931
v 2.562593 2.837593 0.011448
v 2.474527 2.818276 -0.006112
v 2.408102 2.820602 -0.003998
v 2.338094 2.819344 -0.005141
v 2.269413 2.819412 -0.005080
v 2.195564 2.814313 -0.009715
v 2.149295 2.836795 0.010723
v 2.077020 2.833270 0.007518
v 1.999394 2.824394 -0.000551
v 1.919139 2.812889 -0.011010
v 1.856977 2.819477 -0.005021
v 1.788510 2.819760 -0.004764
v 1.735916 2.835916 0.009923
v 1.651970 2.820720 -0.003891
v 1.591352 2.828852 0.003502
v 1.510175 2.816425 -0.007795
v 1.448729 2.823729 -0.001155
v 1.379617 2.823367 -0.001485
v 1.295985 2.808485 -0.015014
v 1.257515 2.838765 0.012514
v 1.170760 2.820760 -0.003854
v 1.111619 2.830369 0.004881
v 1.032673 2.820173 -0.004389
v 0.983921 2.840171 0.013792
v 3.027545 2.752545 -0.003368
v 2.958865 2.752615 -0.003305
v 2.885274 2.747774 -0.007705
v 2.816615 2.747865 -0.007623
v 2.762410 2.762409 0.005600
v 2.685132 2.753882 -0.002153
v 2.623430 2.760930 0.004255
v 2.551179 2.757429 0.001072
v 2.480093 2.755093 -0.001052
v 2.422865 2.766614 0.009422
v 2.337350 2.749850 -0.005818
v 2.272894 2.754144 -0.001915
v 2.189792 2.739792 -0.014962
v 2.138438 2.757188 0.000853
v 2.073293 2.760793 0.004130
v 1.991932 2.748182 -0.007335
v 1.926923 2.751923 -0.003934
v 1.874032 2.767782 0.010484
v 1.802439 2.764939 0.007899
v 1.732028 2.763278 0.006389
v 1.654406 2.754406 -0.001677
v 1.585233 2.753983 -0.002061
v 1.522048 2.759548 0.002998
v 1.443761 2.750011 -0.005672
v 1.377306 2.752306 -0.003585
v 1.320561 2.764311 0.007328
v 1.245792 2.758292 0.001857
v 1.187516 2.768766 0.011378
v 1.097587 2.747587 -0.007875
v 1.032644 2.751394 -0.004415
v 0.972727 2.760227 0.003615
v 3.016562 2.672811 -0.013353
v 2.966060 2.691059 0.003236
v 2.903500 2.697250 0.008864
v 2.824049 2.686549 -0.000864
v 2.743244 2.674494 -0.011824
v 2.675551 2.675551 -0.010862
v 2.615804 2.684554 -0.002678
v 2.554518 2.692018 0.004107
v 2.473916 2.680166 -0.006668
v 2.410495 2.685495 -0.001822
v 2.347965 2.691715 0.003832
v 2.257427 2.669927 -0.015976
v 2.200606 2.681856 -0.005131
v 2.140172 2.690172 0.002429
v 2.068250 2.687000 -0.000454
v 1.996026 2.683526 -0.003612
v 1.939365 2.695615 0.007378
v 1.854637 2.679637 -0.007148
v 1.790107 2.683857 -0.003311
v 1.719793 2.682293 -0.004734
v 1.647305 2.678555 -0.008132
v 1.584923 2.684923 -0.002342
v 1.524563 2.693313 0.005284
v 1.455968 2.693468 0.005426
v 1.382565 2.688815 0.001196
v 1.319560 2.694560 0.006418
v 1.258993 2.702743 0.013857
v 1.172726 2.685226 -0.002067
v 1.116676 2.697926 0.009478
v 1.048508 2.698508 0.010007
v 0.955361 2.674111 -0.012172
v 3.014694 2.602194 -0.015051
v 2.963886 2.620136 0.001260
v 2.888829 2.613828 -0.004474
v 2.824527 2.618277 -0.000430
v 2.756525 2.619025 0.000250
v 2.686510 2.617759 -0.000900
v 2.610003 2.610003 -0.007952
v 2.555361 2.624111 0.004874
v 2.489111 2.626611 0.007146
v 2.406056 2.612306 -0.005858
v 2.344203 2.619203 0.000412
v 2.284027 2.627776 0.008206
v 2.216424 2.628923 0.009249
v 2.122269 2.603519 -0.013846
v 2.071927 2.621927 0.002888
v 1.995210 2.613960 -0.004354
v 1.932379 2.619879 0.001026
v 1.873876 2.630126 0.010342
v 1.788759 2.613760 -0.004537
v 1.741116 2.634866 0.014651
v 1.648735 2.611235 -0.006832
v 1.600929 2.632179 0.012208
v 1.509268 2.609267 -0.008620
v 1.451426 2.620176 0.001296
v 1.385987 2.623487 0.004307
v 1.326692 2.632942 0.012902
v 1.248110 2.623110 0.003964
v 1.178099 2.621849 0.002817
v 1.118533 2.631033 0.011167
v 1.045458 2.626708 0.007234
v 0.969957 2.619957 0.001097
v 3.027078 2.545828 -0.003792
v 2.966959 2.554459 0.004054
v 2.894632 2.550882 0.000802
v 2.840404 2.565403 0.014003
v 2.762489 2.556239 0.005672
v 2.687628 2.550128 0.000116
v 2.611154 2.542404 -0.006905
v 2.551280 2.551279 0.001163
v 2.480824 2.549573 -0.000388
v 2.408063 2.545563 -0.004033
v 2.363259 2.569509 0.017735
v 2.283383 2.558383 0.007621
v 2.203097 2.546847 -0.002866
v 2.140326 2.552826 0.002569
v 2.066646 2.547896 -0.001913
v 2.006150 2.556150 0.005591
v 1.931579 2.550329 0.000299
v 1.874763 2.562263 0.011148
v 1.790496 2.546746 -0.002958
v 1.727192 2.552191 0.001992
v 1.682403 2.576153 0.023776
v 1.571113 2.533613 -0.014898
v 1.514146 2.545396 -0.004186
v 1.463165 2.563165 0.011968
v 1.378705 2.547455 -0.002314
v 1.299159 2.536659 -0.012128
v 1.255655 2.561904 0.010822
v 1.161581 2.536581 -0.012199
v 1.097352 2.541102 -0.008089
v 1.038818 2.551318 0.001198
v 0.956968 2.538218 -0.010711
v 3.022196 2.472196 -0.008231
v 2.964178 2.482928 0.001525
v 2.894213 2.481713 0.000421
v 2.822944 2.479193 -0.001870
v 2.757519 2.482518 0.001153
v 2.688514 2.482264 0.000922
v 2.624382 2.486882 0.005120
v 2.550746 2.481996 0.000678
v 2.482723 2.482723 0.001339
v 2.446440 2.515190 0.030855
v 2.350433 2.487933 0.006076
v 2.274098 2.480348 -0.000820
v 2.199978 2.474978 -0.005702
v 2.136992 2.480742 -0.000461
v 2.064427 2.476927 -0.003930
v 1.984171 2.465421 -0.014390
v 1.917197 2.467197 -0.012775
v 1.864327 2.483077 0.001661
v 1.778875 2.466375 -0.013523
v 1.748589 2.504838 0.021444
v 1.647139 2.472139 -0.008283
v 1.595666 2.489416 0.007423
v 1.521856 2.484356 0.002824
v 1.462486 2.493736 0.011351
v 1.380102 2.480102 -0.001044
v 1.299020 2.467770 -0.012254
v 1.236408 2.473907 -0.006675
v 1.180542 2.486792 0.005038
v 1.102138 2.477138 -0.003738
v 1.043581 2.487330 0.005528
v 0.978414 2.490914 0.008786
v 3.044563 2.425813 0.012103
v 2.967381 2.417381 0.004438
v 2.899925 2.418675 0.005614
v 2.828114 2.415614 0.002831
v 2.761073 2.417323 0.004385
v 2.678734 2.403734 -0.007969
v 2.620540 2.414290 0.001627
v 2.535984 2.398484 -0.012742
v 2.479599 2.410849 -0.001501
v 2.408815 2.408815 -0.003350
v 2.329466 2.398216 -0.012986
v 2.271645 2.409145 -0.003050
v 2.216631 2.422881 0.009437
v 2.139866 2.414866 0.002151
v 2.077417 2.421167 0.007879
v 1.992796 2.405296 -0.006549
v 1.937456 2.418706 0.005642
v 1.869338 2.419338 0.006216
v 1.800657 2.419407 0.006279
v 1.720914 2.408414 -0.003715
v 1.665608 2.421858 0.008507
v 1.599524 2.424525 0.010931
v 1.514886 2.408636 -0.003513
v 1.450146 2.412647 0.000133
v 1.366374 2.397624 -0.013523
v 1.330046 2.430046 0.015951
v 1.239323 2.408073 -0.004024
v 1.164593 2.402093 -0.009461
v 1.105450 2.411700 -0.000727
v 1.040214 2.415215 0.002468
v 0.964030 2.407780 -0.004291
v 3.035098 2.347597 0.003498
v 2.976781 2.358031 0.012982
v 2.907044 2.357044 0.012086
v 2.826395 2.345145 0.001268
v 2.766736 2.354235 0.009532
v 2.690566 2.346816 0.002787
v 2.614064 2.339064 -0.004260
v 2.555086 2.348836 0.004623
v 2.479798 2.342298 -0.001320
v 2.412611 2.343861 0.000101
v 2.352113 2.352113 0.007602
v 2.268503 2.337253 -0.005906
v 2.192271 2.329771 -0.012708
v 2.143742 2.349992 0.005675
v 2.059280 2.334280 -0.008609
v 1.992141 2.335891 -0.007144
v 1.921444 2.333944 -0.008915
v 1.840952 2.322202 -0.019589
v 1.803494 2.353494 0.008858
v 1.727665 2.346415 0.002423
v 1.660245 2.347745 0.003632
v 1.587529 2.343779 0.000027
v 1.519187 2.344187 0.000397
v 1.431295 2.325045 -0.017005
v 1.363811 2.326311 -0.015854
v 1.326678 2.357928 0.012889
v 1.243700 2.343700 -0.000045
v 1.167079 2.335829 -0.007201
v 1.106562 2.344062 0.000284
v 1.041516 2.347766 0.003651
v 0.969281 2.344281 0.000483
v 3.011705 2.255455 -0.017768
v 2.964345 2.276845 0.001677
v 2.907233 2.288483 0.012257
v 2.816735 2.266734 -0.007514
v 2.760092 2.278841 0.003492
v 2.696208 2.283708 0.007916
v 2.623534 2.279784 0.004349
v 2.552562 2.277562 0.002329
v 2.476470 2.270221 -0.004345
v 2.407833 2.270333 -0.004243
v 2.350245 2.281495 0.005905
v 2.279197 2.279197 0.003815
v 2.209321 2.278071 0.002792
v 2.129043 2.266543 -0.007688
v 2.075203 2.281453 0.005866
v 2.001538 2.276538 0.001398
v 1.925714 2.269464 -0.005033
v 1.859302 2.271802 -0.002907
v 1.804358 2.285608 0.009644
v 1.726205 2.276205 0.001095
v 1.673044 2.291794 0.015268
v 1.580598 2.268098 -0.006275
v 1.521784 2.278034 0.002758
v 1.453680 2.278680 0.003345
v 1.394025 2.287775 0.011614
v 1.321292 2.283792 0.007993
v 1.236333 2.267583 -0.006743
v 1.172781 2.272781 -0.002018
v 1.125477 2.294227 0.017479
v 1.043062 2.280562 0.005056
v 0.977499 2.283749 0.007953
v 3.028208 2.203208 -0.002765
v 2.961484 2.205234 -0.000923
v 2.893088 2.205588 -0.000602
v 2.817985 2.199235 -0.006377
v 2.757189 2.207189 0.000854
v 2.680616 2.199366 -0.006258
v 2.627547 2.215047 0.007998
v 2.547013 2.203263 -0.002715
v 2.495852 2.220852 0.013275
v 2.422073 2.215823 0.008703
v 2.340950 2.203450 -0.002545
v 2.265506 2.196755 -0.008631
v 2.221187 2.221187 0.013579
v 2.138183 2.206933 0.000621
v 2.066857 2.204357 -0.001721
v 2.011231 2.217481 0.010210
v 1.927015 2.202015 -0.003850
v 1.868388 2.212138 0.005352
v 1.783981 2.196481 -0.008881
v 1.719503 2.200753 -0.004997
v 1.664716 2.214716 0.007697
v 1.584208 2.202958 -0.002993
v 1.515728 2.203228 -0.002747
v 1.446038 2.202288 -0.003602
v 1.379898 2.204898 -0.001229
v 1.310858 2.204608 -0.001493
v 1.249007 2.211507 0.004779
v 1.170553 2.201803 -0.004043
v 1.115603 2.215603 0.008503
v 1.035392 2.204142 -0.001917
v 0.973613 2.211113 0.004421
v 3.037951 2.144201 0.006092
v 2.952585 2.127585 -0.009014
v 2.880788 2.124538 -0.011783
v 2.811383 2.123883 -0.012379
v 2.756490 2.137740 0.000218
v 2.693571 2.143570 0.005519
v 2.627287 2.146037 0.007761
v 2.547844 2.135344 -0.001960
v 2.478340 2.134589 -0.002646
v 2.410240 2.135240 -0.002055
v 2.336859 2.130609 -0.006265
v 2.261109 2.123609 -0.012628
v 2.198894 2.130144 -0.006687
v 2.153725 2.153725 0.014750
v 2.058979 2.127729 -0.008883
v 1.988019 2.125519 -0.010892
v 1.941331 2.147581 0.009165
v 1.862348 2.137348 -0.000138
v 1.784193 2.127943 -0.008688
v 1.723415 2.135915 -0.001441
v 1.643225 2.124475 -0.011841
v 1.592396 2.142396 0.004451
v 1.501157 2.119907 -0.015994
v 1.442312 2.129812 -0.006989
v 1.364480 2.120730 -0.015246
v 1.321231 2.146231 0.007937
v 1.252275 2.146025 0.007750
v 1.179599 2.142099 0.004181
v 1.114033 2.145283 0.007076
v 1.023723 2.123723 -0.012525
v 0.965237 2.133988 -0.003193
v 3.021435 2.058935 -0.008923
v 2.972055 2.078305 0.008687
v 2.887406 2.062405 -0.005768
v 2.833812 2.077562 0.008011
v 2.758115 2.070615 0.001695
v 2.694028 2.075278 0.005934
v 2.628948 2.078948 0.009271
v 2.549860 2.068609 -0.000128
v 2.486321 2.073821 0.004610
v 2.410896 2.067146 -0.001459
v 2.352143 2.077143 0.007630
v 2.267987 2.061737 -0.006375
v 2.211081 2.073581 0.004392
v 2.132017 2.063267 -0.004985
v 2.066951 2.066951 -0.001635
v 1.995012 2.063762 -0.004534
v 1.949891 2.087391 0.016946
v 1.855946 2.062196 -0.005958
v 1.794385 2.069385 0.000577
v 1.735950 2.079700 0.009954
v 1.674779 2.087279 0.016845
v 1.597585 2.078835 0.009168
v 1.522099 2.072100 0.003045
v 1.434606 2.053356 -0.013995
v 1.384305 2.071805 0.002777
v 1.312959 2.069209 0.000417
v 1.240969 2.065969 -0.002528
v 1.166718 2.060468 -0.007529
v 1.100150 2.062650 -0.005546
v 1.030572 2.061823 -0.006298
v 0.964957 2.064957 -0.003448
v 3.017766 1.986516 -0.012258
v 2.970778 2.008278 0.007526
v 2.898260 2.004510 0.004100
v 2.823409 1.998409 -0.001447
v 2.744256 1.988006 -0.010904
v 2.692857 2.005356 0.004870
v 2.620973 2.002223 0.002021
v 2.533312 1.983312 -0.015171
v 2.489522 2.008272 0.007520
v 2.409145 1.996645 -0.003050
v 2.354895 2.011145 0.010132
v 2.262349 1.987349 -0.011501
v 2.202552 1.996302 -0.003362
v 2.135123 1.997624 -0.002160
v 2.078579 2.009829 0.008935
v 1.995940 1.995940 -0.003691
v 1.935123 2.003873 0.003521
v 1.864238 2.001738 0.001580
v 1.790032 1.996282 -0.003380
v 1.730578 2.005578 0.005071
v 1.661890 2.005640 0.005127
v 1.588889 2.001389 0.001263
v 1.511751 1.993001 -0.006363
v 1.452805 2.002805 0.002550
v 1.392908 2.011658 0.010598
v 1.305650 1.993151 -0.006227
v 1.247241 2.003491 0.003174
v 1.170322 1.995322 -0.004253
v 1.098991 1.992741 -0.006599
v 1.030145 1.992645 -0.006687
v 0.969524 2.000774 0.000704
v 3.045202 1.945201 0.012683
v 2.952646 1.921396 -0.008958
v 2.907383 1.944883 0.012394
v 2.831851 1.938101 0.006229
v 2.750891 1.925891 -0.004872
v 2.683201 1.926951 -0.003908
v 2.603840 1.916340 -0.013555
v 2.561245 1.942495 0.010223
v 2.470788 1.920788 -0.009511
v 2.398067 1.916817 -0.013121
v 2.340206 1.927706 -0.003222
v 2.258517 1.914767 -0.014985
v 2.216651 1.941651 0.009456
v 2.146389 1.940138 0.008080
v 2.072935 1.935435 0.003805
v 2.005952 1.937202 0.005411
v 1.928621 1.928621 -0.002390
v 1.858269 1.927019 -0.003846
v 1.811269 1.948769 0.015927
v 1.725328 1.931578 0.000298
v 1.650024 1.925024 -0.005660
v 1.580412 1.924162 -0.006443
v 1.516230 1.928730 -0.002291
v 1.454361 1.935611 0.003964
v 1.363409 1.913409 -0.016219
v 1.314825 1.933575 0.002113
v 1.244826 1.932326 0.000978
v 1.188817 1.945067 0.012561
v 1.118007 1.943007 0.010688
v 1.043588 1.937338 0.005535
v 0.961764 1.924264 -0.006351
v 3.034061 1.865311 0.002555
v 2.956087 1.856087 -0.005830
v 2.893179 1.861929 -0.000519
v 2.823066 1.860566 -0.001758
v 2.736565 1.842815 -0.017896
v 2.672926 1.847926 -0.013249
v 2.601164 1.844914 -0.015987
v 2.532072 1.844572 -0.016298
v 2.504875 1.886124 0.021477
v 2.418992 1.868991 0.005901
v 2.335271 1.854021 -0.007708
v 2.279479 1.866979 0.004072
v 2.199686 1.855936 -0.005967
v 2.135112 1.860112 -0.002171
v 2.079697 1.873447 0.009952
v 2.003348 1.865848 0.003044
v 1.935922 1.867172 0.004247
v 1.870858 1.870858 0.007598
v 1.797789 1.866539 0.003672
v 1.733565 1.871065 0.007787
v 1.656152 1.862402 -0.000089
v 1.575176 1.850176 -0.011204
v 1.523840 1.867590 0.004627
v 1.460843 1.873343 0.009857
v 1.368692 1.849942 -0.011417
v 1.302774 1.852774 -0.008842
v 1.241906 1.860656 -0.001676
v 1.175621 1.863121 0.000564
v 1.115566 1.871816 0.008469
v 1.037670 1.862670 0.000155
v 0.961213 1.854963 -0.006852
v 3.036832 1.799332 0.005074
v 2.957165 1.788415 -0.004850
v 2.883861 1.783861 -0.008990
v 2.809948 1.778698 -0.013684
v 2.752078 1.789578 -0.003793
v 2.681490 1.787740 -0.005464
v 2.615247 1.790247 -0.003184
v 2.542594 1.786344 -0.006733
v 2.491332 1.803832 0.009165
v 2.412304 1.793554 -0.000178
v 2.345231 1.795231 0.001346
v 2.272560 1.791310 -0.002218
v 2.220051 1.807550 0.012546
v 2.123595 1.779845 -0.012641
v 2.054513 1.779513 -0.012943
v 1.997500 1.791250 -0.002272
v 1.914601 1.777102 -0.015135
v 1.860715 1.791965 -0.001622
v 1.792978 1.792978 -0.000702
v 1.718682 1.787432 -0.005744
v 1.665504 1.803004 0.008413
v 1.576708 1.782958 -0.009811
v 1.512996 1.787996 -0.005231
v 1.449419 1.793169 -0.000529
v 1.372019 1.784519 -0.008392
v 1.307312 1.788562 -0.004717
v 1.226331 1.776331 -0.015835
v 1.173570 1.792320 -0.001300
v 1.104236 1.791736 -0.001831
v 1.030455 1.786705 -0.006404
v 0.963137 1.788137 -0.005102
v 3.040444 1.734194 0.008358
v 2.977519 1.740019 0.013654
v 2.892141 1.723391 -0.001463
v 2.814886 1.714885 -0.009195
v 2.761653 1.730403 0.004912
v 2.689166 1.726666 0.001514
v 2.619330 1.725580 0.000527
v 2.557783 1.732783 0.007075
v 2.472991 1.716741 -0.007508
v 2.421295 1.733795 0.007996
v 2.364406 1.745656 0.018778
v 2.264016 1.714016 -0.009985
v 2.213036 1.731786 0.006169
v 2.134024 1.721524 -0.003160
v 2.063106 1.719356 -0.005131
v 1.986964 1.711964 -0.011851
v 1.921165 1.714915 -0.009168
v 1.869255 1.731755 0.006141
v 1.784926 1.716176 -0.008022
v 1.710527 1.710527 -0.013157
v 1.669279 1.738029 0.011845
v 1.595351 1.732851 0.007137
v 1.516650 1.722900 -0.001909
v 1.446924 1.721924 -0.002797
v 1.372461 1.716211 -0.007990
v 1.314975 1.727475 0.002250
v 1.237506 1.718756 -0.005677
v 1.173676 1.723676 -0.001204
v 1.101893 1.720643 -0.003961
v 1.032149 1.719649 -0.004865
v 0.964607 1.720857 -0.003767
v 3.039519 1.664519 0.007518
v 2.966629 1.660379 0.003754
v 2.890492 1.652992 -0.002962
v 2.829347 1.660597 0.003952
v 2.760101 1.660101 0.003501
v 2.680750 1.649500 -0.006136
v 2.623252 1.660752 0.004093
v 2.552825 1.659075 0.002569
v 2.488183 1.663183 0.006303
v 2.409621 1.653371 -0.002617
v 2.356129 1.668629 0.011254
v 2.275371 1.656621 0.000337
v 2.214256 1.664256 0.007279
v 2.152916 1.671667 0.014015
v 2.073191 1.660691 0.004037
v 2.003636 1.659886 0.003306
v 1.934028 1.659028 0.002525
v 1.866848 1.660598 0.003952
v 1.800784 1.663284 0.006394
v 1.721816 1.653066 -0.002895
v 1.662896 1.662897 0.006042
v 1.592697 1.661447 0.004724
v 1.515276 1.652776 -0.003158
v 1.460120 1.666370 0.009200
v 1.376012 1.651012 -0.004761
v 1.339625 1.683375 0.024659
v 1.237575 1.650075 -0.005614
v 1.180442 1.661692 0.004947
v 1.122545 1.672545 0.014814
v 1.042622 1.661372 0.004657
v 0.950756 1.638256 -0.016358
v 3.049215 1.605465 0.016332
v 2.964176 1.589176 0.001524
v 2.898985 1.592735 0.004760
v 2.830060 1.592561 0.004601
v 2.744350 1.575600 -0.010818
v 2.688171 1.588171 0.000610
v 2.616245 1.584995 -0.002277
v 2.570159 1.607659 0.018327
v 2.483327 1.589577 0.001889
v 2.402503 1.577503 -0.009088
v 2.335029 1.578779 -0.007928
v 2.281346 1.593846 0.005769
v 2.209696 1.590946 0.003133
v 2.130300 1.580300 -0.006545
v 2.080272 1.599023 0.010475
v 2.006185 1.593685 0.005623
v 1.936456 1.592706 0.004733
v 1.859902 1.584902 -0.002362
v 1.796570 1.590320 0.002564
v 1.723405 1.585905 -0.001450
v 1.664058 1.595308 0.007098
v 1.587149 1.587149 -0.000319
v 1.516078 1.584828 -0.002429
v 1.443167 1.580667 -0.006212
v 1.377926 1.584177 -0.003021
v 1.315307 1.590307 0.002552
v 1.238553 1.582303 -0.004725
v 1.169465 1.581965 -0.005032
v 1.108671 1.589921 0.002201
v 1.039719 1.589719 0.002017
v 0.966829 1.585579 -0.001746
v 3.031507 1.519006 0.000233
v 2.968327 1.524577 0.005297
v 2.887790 1.512790 -0.005418
v 2.815009 1.508759 -0.009083
v 2.749615 1.512115 -0.006032
v 2.696176 1.527426 0.007888
v 2.612950 1.512950 -0.005273
v 2.549940 1.518690 -0.000055
v 2.477148 1.514648 -0.003729
v 2.424916 1.531165 0.011287
v 2.338526 1.513527 -0.004749
v 2.260101 1.503851 -0.013545
v 2.209672 1.522172 0.003111
v 2.146638 1.527888 0.008308
v 2.073912 1.523912 0.004693
v 1.991521 1.510271 -0.007708
v 1.929543 1.517043 -0.001552
v 1.846288 1.502538 -0.014738
v 1.774031 1.499031 -0.017927
v 1.724599 1.518349 -0.000364
v 1.665665 1.528165 0.008559
v 1.586190 1.517440 -0.001191
v 1.525703 1.525703 0.006321
v 1.444778 1.513528 -0.004747
v 1.377905 1.515406 -0.003040
v 1.308496 1.514746 -0.003640
v 1.224955 1.499955 -0.017086
v 1.173470 1.517220 -0.001391
v 1.110016 1.522516 0.003424
v 1.028946 1.510196 -0.007777
v 0.980282 1.530282 0.010483
v 3.033668 1.452418 0.002198
v 2.942675 1.430175 -0.018022
v 2.893800 1.450050 0.000045
v 2.826746 1.451746 0.001587
v 2.756323 1.450073 0.000066
v 2.686930 1.449430 -0.000518
v 2.607966 1.439216 -0.009804
v 2.551239 1.451239 0.001126
v 2.474920 1.443670 -0.005754
v 2.418565 1.456065 0.005514
v 2.365472 1.471722 0.019747
v 2.277165 1.452165 0.001968
v 2.191397 1.435147 -0.013503
v 2.134413 1.446914 -0.002806
v 2.056429 1.437679 -0.011201
v 2.013958 1.463958 0.012689
v 1.935506 1.454256 0.003869
v 1.869813 1.457313 0.006648
v 1.792199 1.448449 -0.001410
v 1.723532 1.448532 -0.001334
v 1.643798 1.437548 -0.011320
v 1.600181 1.462681 0.011528
v 1.509140 1.440390 -0.008737
v 1.464405 1.464405 0.013095
v 1.388685 1.457435 0.006759
v 1.302638 1.440138 -0.008965
v 1.237477 1.443727 -0.005703
v 1.162517 1.437518 -0.011348
v 1.114604 1.458354 0.007595
v 1.040671 1.453171 0.002882
v 0.959843 1.441093 -0.008097
v 3.038567 1.388567 0.006652
v 2.975624 1.394374 0.011931
v 2.907189 1.394689 0.012217
v 2.824857 1.381107 -0.000130
v 2.766958 1.391958 0.009735
v 2.694387 1.388137 0.006261
v 2.617518 1.380018 -0.001120
v 2.561727 1.392977 0.010661
v 2.485901 1.385901 0.004228
v 2.406651 1.375401 -0.005317
v 2.338943 1.376443 -0.004370
v 2.279356 1.385606 0.003960
v 2.202677 1.377678 -0.003248
v 2.150862 1.394612 0.012147
v 2.072239 1.384739 0.003172
v 1.987121 1.368371 -0.011708
v 1.932766 1.382766 0.001378
v 1.855739 1.374489 -0.006146
v 1.795380 1.382880 0.001482
v 1.722059 1.378309 -0.002674
v 1.641279 1.366279 -0.013610
v 1.606211 1.399962 0.017011
v 1.524200 1.386700 0.004955
v 1.438777 1.370027 -0.010203
v 1.392641 1.392641 0.010355
v 1.306471 1.375221 -0.005481
v 1.248996 1.386496 0.004769
v 1.175624 1.381874 0.000567
v 1.116215 1.391215 0.009059
v 1.034689 1.378440 -0.002555
v 0.967942 1.380443 -0.000734
v 3.041777 1.323027 0.009570
v 2.961725 1.311725 -0.000705
v 2.899570 1.318320 0.005291
v 2.831059 1.318560 0.005509
v 2.758920 1.315170 0.002427
v 2.696482 1.321482 0.008165
v 2.634950 1.328700 0.014727
v 2.538949 1.301450 -0.010046
v 2.486712 1.317962 0.004966
v 2.419743 1.319743 0.006585
v 2.359318 1.328068 0.014152
v 2.273613 1.311113 -0.001261
v 2.186697 1.292947 -0.017776
v 2.123231 1.298231 -0.012972
v 2.065786 1.309536 -0.002694
v 2.001764 1.314264 0.001603
v 1.917590 1.298840 -0.012418
v 1.863731 1.313731 0.001119
v 1.796452 1.315202 0.002457
v 1.733077 1.320577 0.007343
v 1.644351 1.300601 -0.010817
v 1.584640 1.309640 -0.002600
v 1.526880 1.320630 0.007391
v 1.457875 1.320375 0.007159
v 1.380857 1.312107 -0.000358
v 1.321354 1.321354 0.008049
v 1.236721 1.305471 -0.006390
v 1.183138 1.320638 0.007398
v 1.098663 1.304913 -0.006897
v 1.036252 1.311252 -0.001134
v 0.970559 1.314309 0.001644
v 3.047230 1.259730 0.014527
v 2.956218 1.237468 -0.005711
v 2.888766 1.238766 -0.004531
v 2.828815 1.247566 0.003469
v 2.760636 1.248136 0.003988
v 2.694915 1.251165 0.006741
v 2.616506 1.241506 -0.002040
v 2.550572 1.244322 0.000520
v 2.490012 1.252512 0.007965
v 2.403396 1.234646 -0.008276
v 2.345003 1.245003 0.001139
v 2.284169 1.252919 0.008336
v 2.211755 1.249255 0.005005
v 2.140436 1.246686 0.002669
v 2.079120 1.254120 0.009427
v 1.981942 1.225692 -0.016417
v 1.924591 1.237092 -0.006053
v 1.876953 1.258203 0.013139
v 1.804510 1.254510 0.009782
v 1.727513 1.246264 0.002285
v 1.646209 1.233709 -0.009128
v 1.575499 1.231749 -0.010910
v 1.514050 1.239051 -0.004272
v 1.452924 1.246674 0.002658
v 1.395636 1.258136 0.013078
v 1.302988 1.234238 -0.008647
v 1.253467 1.253467 0.008833
v 1.184363 1.253113 0.008512
v 1.111754 1.249254 0.005003
v 1.042422 1.248672 0.004475
v 0.967224 1.242225 -0.001387
v 3.030506 1.174256 -0.000676
v 2.957458 1.169959 -0.004583
v 2.898249 1.179499 0.004090
v 2.822356 1.172356 -0.002403
v 2.766137 1.184887 0.008988
v 2.673747 1.161247 -0.012503
v 2.612861 1.169111 -0.005354
v 2.535801 1.160801 -0.012908
v 2.478110 1.171860 -0.002855
v 2.401573 1.164073 -0.009933
v 2.340350 1.171600 -0.003091
v 2.270759 1.170759 -0.003855
v 2.208855 1.177605 0.002369
v 2.130321 1.167821 -0.006527
v 2.060328 1.166578 -0.007657
v 2.013910 1.188910 0.012645
v 1.929310 1.173060 -0.001764
v 1.841875 1.154375 -0.018750
v 1.795309 1.176560 0.001418
v 1.717940 1.167940 -0.006418
v 1.655282 1.174032 -0.000880
v 1.584527 1.172027 -0.002703
v 1.517038 1.173288 -0.001556
v 1.436281 1.161281 -0.012472
v 1.383335 1.177085 0.001896
v 1.308367 1.170868 -0.003757
v 1.247475 1.178725 0.003387
v 1.173252 1.173252 -0.001589
v 1.115293 1.184043 0.008221
v 1.047140 1.184640 0.008764
v 0.989293 1.195543 0.018675
v 3.028066 1.103065 -0.002895
v 2.977127 1.120877 0.013297
v 2.891183 1.103683 -0.002334
v 2.832813 1.114063 0.007103
v 2.761783 1.111783 0.005030
v 2.687955 1.106705 0.000414
v 2.619851 1.107351 0.001001
v 2.563486 1.119736 0.012260
v 2.472294 1.097294 -0.008142
v 2.403329 1.097079 -0.008337
v 2.332738 1.095238 -0.010011
v 2.276665 1.107916 0.001514
v 2.218252 1.118252 0.010911
v 2.128144 1.096894 -0.008505
v 2.076827 1.114327 0.007342
v 2.003556 1.109806 0.003233
v 1.925925 1.100926 -0.004840
v 1.850867 1.094617 -0.010575
v 1.789790 1.102290 -0.003600
v 1.720305 1.101555 -0.004268
v 1.665220 1.115220 0.008155
v 1.587258 1.106008 -0.000220
v 1.520986 1.108487 0.002033
v 1.437739 1.093989 -0.011146
v 1.394488 1.119488 0.012034
v 1.301138 1.094888 -0.010329
v 1.261088 1.123588 0.015762
v 1.164930 1.096181 -0.009154
v 1.096146 1.096146 -0.009185
v 1.036536 1.105286 -0.000876
v 0.977314 1.114814 0.007785
v 3.010258 1.016508 -0.019084
v 2.954679 1.029679 -0.007110
v 2.884233 1.027982 -0.008652
v 2.833141 1.045641 0.007401
v 2.755107 1.036357 -0.001039
v 2.693390 1.043390 0.005354
v 2.609083 1.027833 -0.008788
v 2.543373 1.030873 -0.006025
v 2.513424 1.069674 0.029249
v 2.428406 1.053406 0.014460
v 2.336982 1.030732 -0.006153
v 2.266858 1.029358 -0.007402
v 2.212090 1.043340 0.005309
v 2.131199 1.031199 -0.005728
v 2.069001 1.037751 0.000228
v 1.992284 1.029784 -0.007014
v 1.928322 1.034572 -0.002662
v 1.873957 1.048957 0.010416
v 1.798757 1.042507 0.004552
v 1.721720 1.034220 -0.002982
v 1.644325 1.025575 -0.010841
v 1.597790 1.047791 0.009355
v 1.508953 1.027703 -0.008907
v 1.453531 1.041031 0.003210
v 1.366662 1.022912 -0.013262
v 1.319777 1.044778 0.006616
v 1.233718 1.027468 -0.009120
v 1.171327 1.033827 -0.003339
v 1.123254 1.054504 0.015458
v 1.032775 1.032775 -0.004295
v 0.956634 1.025384 -0.011015
v 3.043882 0.981382 0.011484
v 2.952706 0.958956 -0.008903
v 2.894345 0.969345 0.000541
v 2.827812 0.971562 0.002556
v 2.756084 0.968584 -0.000151
v 2.682574 0.963824 -0.004478
v 2.615646 0.965646 -0.002822
v 2.538828 0.957578 -0.010157
v 2.481425 0.968925 0.000159
v 2.406407 0.962658 -0.005539
v 2.346419 0.971419 0.002426
v 2.259172 0.952922 -0.014389
v 2.200383 0.962883 -0.005334
v 2.132040 0.963290 -0.004964
v 2.079951 0.979951 0.010183
v 2.014218 0.982968 0.012926
v 1.933889 0.971389 0.002399
v 1.871717 0.977967 0.008379
v 1.800879 0.975879 0.006481
v 1.722893 0.966643 -0.001916
v 1.648310 0.960810 -0.007218
v 1.588175 0.969425 0.000613
v 1.524918 0.974918 0.005607
v 1.441853 0.960603 -0.007406
v 1.377599 0.965099 -0.003319
v 1.307154 0.963404 -0.004860
v 1.239174 0.964174 -0.004160
v 1.175304 0.969054 0.000277
v 1.097893 0.960394 -0.007597
v 1.035509 0.966759 -0.001810
v 0.970399 0.970400 0.001500
v 3.120332 3.114290 -0.039796
v 0.911108 3.119089 -0.034956
v 3.082064 0.896596 -0.054158
v 0.896049 0.900385 -0.052866
v 3.100202 0.967535 -0.045426
v 3.103776 1.031183 -0.050235
v 3.094624 1.102174 -0.056532
v 3.100918 1.182149 -0.048422
v 3.108373 1.255679 -0.038153
v 3.082277 1.297946 -0.053758
v 3.076553 1.369125 -0.055892
v 3.076829 1.436489 -0.060948
v 3.096917 1.525488 -0.046667
v 3.079110 1.579428 -0.054432
v 3.067710 1.640056 -0.058741
v 3.098949 1.731509 -0.043493
v 3.086437 1.782764 -0.056423
v 3.098293 1.868151 -0.047794
v 3.101990 1.930165 -0.044658
v 3.088541 1.979583 -0.060422
v 3.113113 2.081224 -0.040854
v 3.088782 2.126541 -0.056380
v 3.073921 2.181742 -0.063978
v 3.085505 2.264531 -0.062238
v 3.101874 2.353157 -0.048316
v 3.121152 2.425677 -0.032284
v 3.096051 2.464568 -0.055116
v 3.107043 2.553013 -0.049021
v 3.132240 2.637968 -0.030426
v 3.120204 2.696152 -0.040080
v 3.099117 2.757113 -0.051627
v 3.087995 2.824664 -0.052594
v 3.093227 2.893668 -0.048235
v 3.106103 2.960786 -0.047554
v 3.121814 3.043156 -0.038662
v 3.034000 3.101676 -0.052215
v 2.939138 3.087885 -0.061909
v 2.896166 3.113299 -0.040750
v 2.844631 3.123100 -0.033543
v 2.750539 3.092558 -0.056356
v 2.682620 3.096055 -0.051793
v 2.619648 3.106893 -0.044217
v 2.563811 3.111054 -0.037485
v 2.472156 3.083395 -0.060401
v 2.415643 3.110055 -0.043042
v 2.361892 3.123328 -0.033971
v 2.269014 3.092745 -0.059503
v 2.195164 3.095127 -0.056872
v 2.127729 3.100399 -0.051221
v 2.077223 3.109304 -0.039440
v 1.996251 3.085169 -0.057556
v 1.928591 3.089633 -0.051484
v 1.849877 3.075484 -0.061382
v 1.793056 3.093776 -0.053240
v 1.724295 3.105263 -0.049870
v 1.656167 3.104251 -0.049279
v 1.578849 3.089466 -0.057549
v 1.511652 3.090544 -0.054917
v 1.446111 3.093627 -0.052481
v 1.373909 3.098840 -0.052694
v 1.332734 3.129145 -0.029207
v 1.254634 3.113456 -0.042790
v 1.175753 3.103167 -0.049572
v 1.105760 3.097494 -0.049808
v 1.029153 3.082951 -0.057495
v 0.959876 3.092883 -0.054501
v 0.896846 3.031744 -0.051768
v 0.902509 2.961918 -0.051792
v 0.890434 2.869952 -0.065831
v 0.917890 2.832718 -0.040169
v 0.890585 2.749687 -0.058625
v 0.907488 2.698802 -0.040609
v 0.882002 2.600718 -0.066682
v 0.904962 2.550555 -0.047186
v 0.891812 2.468691 -0.061369
v 0.899444 2.408133 -0.053600
v 0.899524 2.337911 -0.052155
v 0.906074 2.276688 -0.048012
v 0.894686 2.199218 -0.055309
v 0.910056 2.152417 -0.033681
v 0.900319 2.079977 -0.041918
v 0.895613 1.998745 -0.053594
v 0.892375 1.924969 -0.055783
v 0.897066 1.862677 -0.047611
v 0.895353 1.794786 -0.047238
v 0.897669 1.733227 -0.043285
v 0.892228 1.659876 -0.047784
v 0.894210 1.577579 -0.053103
v 0.905919 1.523068 -0.046263
v 0.896268 1.449137 -0.052706
v 0.897844 1.377156 -0.051303
v 0.900127 1.312201 -0.049454
v 0.908146 1.248530 -0.045862
v 0.888920 1.151031 -0.068271
v 0.915329 1.117621 -0.040377
v 0.893693 1.036296 -0.052428
v 0.899525 0.968606 -0.048284
v 0.962943 0.897870 -0.054681
v 1.035779 0.895085 -0.052677
v 1.117897 0.906103 -0.038054
v 1.164391 0.896349 -0.054364
v 1.221390 0.884219 -0.068828
v 1.313278 0.902460 -0.049623
v 1.368211 0.886332 -0.062090
v 1.460689 0.908299 -0.041280
v 1.509546 0.890234 -0.059319
v 1.590861 0.912229 -0.038967
v 1.631029 0.884789 -0.066873
v 1.714389 0.888330 -0.064104
v 1.816063 0.916289 -0.032920
v 1.867965 0.908860 -0.040353
v 1.926718 0.903223 -0.051180
v 1.989668 0.896953 -0.059683
v 2.066391 0.906540 -0.049632
v 2.129951 0.896188 -0.054008
v 2.202619 0.895637 -0.049967
v 2.268575 0.887849 -0.056935
v 2.345458 0.906707 -0.045016
v 2.386272 0.884846 -0.068915
v 2.468352 0.890799 -0.063034
v 2.548389 0.894456 -0.053852
v 2.622191 0.903341 -0.044898
v 2.671651 0.888567 -0.062237
v 2.752644 0.897032 -0.055732
v 2.824788 0.901995 -0.050584
v 2.885323 0.899119 -0.053096
v 2.949782 0.887623 -0.062875
v 3.046817 0.917694 -0.035371
v 3.009150 3.003704 -0.073465
v 2.948494 3.025528 -0.055969
v 2.889766 3.036609 -0.046479
v 2.828657 3.033501 -0.049289
v 2.753917 3.028605 -0.052454
v 2.688428 3.033681 -0.046084
v 2.617383 3.032676 -0.049998
v 2.565469 3.049023 -0.035947
v 2.493756 3.041888 -0.041027
v 2.405304 3.028113 -0.054451
v 2.351181 3.038932 -0.045042
v 2.256458 3.005238 -0.064485
v 2.193236 3.012232 -0.060012
v 2.128259 3.024917 -0.055189
v 2.074830 3.042479 -0.041569
v 2.017852 3.045298 -0.037517
v 1.920394 3.025458 -0.057906
v 1.875847 3.045247 -0.033898
v 1.791876 3.023343 -0.055356
v 1.708875 3.015564 -0.062962
v 1.647479 3.022798 -0.055523
v 1.585076 3.025548 -0.052134
v 1.518744 3.029515 -0.049607
v 1.449404 3.030839 -0.049637
v 1.383024 3.035989 -0.046707
v 1.310951 3.033528 -0.052257
v 1.248119 3.038713 -0.047976
v 1.160550 3.023113 -0.057605
v 1.109793 3.034667 -0.045023
v 1.044076 3.033788 -0.045978
v 0.971209 3.036362 -0.045800
v 3.039982 2.960519 -0.046607
v 2.938741 2.939468 -0.067442
v 2.890682 2.967156 -0.045971
v 2.834475 2.970074 -0.043352
v 2.747772 2.956133 -0.056380
v 2.689360 2.968526 -0.045415
v 2.630365 2.974292 -0.041659
v 2.534196 2.950902 -0.065262
v 2.478277 2.966587 -0.051182
v 2.407987 2.962162 -0.051379
v 2.346383 2.962556 -0.048286
v 2.270646 2.957854 -0.048836
v 2.221768 2.970403 -0.028136
v 2.134065 2.953850 -0.054399
v 2.064698 2.958593 -0.052757
v 1.995412 2.951867 -0.058842
v 1.910324 2.943663 -0.068136
v 1.849090 2.959545 -0.055744
v 1.804355 2.971942 -0.042346
v 1.715352 2.953016 -0.059128
v 1.658018 2.969479 -0.042280
v 1.590187 2.965355 -0.046988
v 1.520568 2.962590 -0.049393
v 1.445797 2.958938 -0.054526
v 1.384876 2.968514 -0.047300
v 1.310511 2.961446 -0.054041
v 1.221745 2.943071 -0.066519
v 1.159166 2.953501 -0.054968
v 1.118706 2.976326 -0.034456
v 1.024922 2.945144 -0.061782
v 0.966964 2.959651 -0.052332
v 3.042161 2.899692 -0.040788
v 2.959316 2.882217 -0.054341
v 2.890252 2.891410 -0.049687
v 2.828043 2.894585 -0.049174
v 2.749067 2.886768 -0.056469
v 2.691217 2.900875 -0.045632
v 2.604394 2.878544 -0.062285
v 2.547414 2.884926 -0.054379
v 2.454482 2.868081 -0.070994
v 2.409061 2.898160 -0.047316
v 2.349645 2.900637 -0.045051
v 2.268698 2.895533 -0.052152
v 2.221282 2.915913 -0.033044
v 2.135151 2.889936 -0.051823
v 2.079846 2.900389 -0.038959
v 2.008991 2.893328 -0.046556
v 1.927095 2.884472 -0.056018
v 1.846393 2.882652 -0.060071
v 1.794635 2.896495 -0.048055
v 1.710366 2.873404 -0.065102
v 1.637012 2.877747 -0.063088
v 1.587054 2.897005 -0.048498
v 1.521528 2.896284 -0.048584
v 1.452767 2.895066 -0.049268
v 1.366692 2.877360 -0.065467
v 1.302698 2.883908 -0.058047
v 1.226062 2.875395 -0.061050
v 1.176423 2.899388 -0.039803
v 1.111962 2.899912 -0.045231
v 1.047500 2.901007 -0.041267
v 0.979336 2.896950 -0.041111
v 3.044462 2.842414 -0.035073
v 2.975320 2.835046 -0.041131
v 2.897992 2.829619 -0.046892
v 2.828301 2.829288 -0.046937
v 2.757792 2.824643 -0.049539
v 2.680641 2.814916 -0.057353
v 2.609534 2.816304 -0.054680
v 2.560678 2.830962 -0.038073
v 2.475187 2.812573 -0.055781
v 2.405390 2.817882 -0.053850
v 2.339698 2.820240 -0.055108
v 2.269733 2.822801 -0.054964
v 2.191288 2.819314 -0.059280
v 2.145095 2.839764 -0.039012
v 2.078698 2.834740 -0.042432
v 2.004239 2.826378 -0.050276
v 1.917740 2.809916 -0.060902
v 1.853871 2.813526 -0.054568
v 1.785867 2.814199 -0.054383
v 1.737466 2.829506 -0.039640
v 1.652134 2.816277 -0.053693
v 1.589179 2.827811 -0.046440
v 1.511164 2.816696 -0.057785
v 1.449695 2.823644 -0.051146
v 1.381912 2.820262 -0.051335
v 1.290378 2.802287 -0.064310
v 1.250835 2.832932 -0.036693
v 1.171763 2.820349 -0.053843
v 1.112942 2.833305 -0.045015
v 1.028678 2.824065 -0.054077
v 0.983008 2.840916 -0.036194
v 3.027224 2.756492 -0.053211
v 2.958365 2.754066 -0.053281
v 2.886976 2.746033 -0.057646
v 2.816352 2.748809 -0.057613
v 2.762769 2.764485 -0.044356
v 2.684866 2.755133 -0.052136
v 2.619454 2.760869 -0.045586
v 2.552401 2.758545 -0.048901
v 2.480040 2.755534 -0.051050
v 2.421603 2.764288 -0.040508
v 2.340470 2.749170 -0.055716
v 2.275447 2.754711 -0.051846
v 2.184166 2.739822 -0.064644
v 2.131832 2.759305 -0.048663
v 2.075877 2.763058 -0.045752
v 1.993190 2.746948 -0.057304
v 1.924119 2.748811 -0.053758
v 1.870504 2.763396 -0.039198
v 1.801572 2.764390 -0.042091
v 1.733449 2.765379 -0.043547
v 1.655851 2.756842 -0.051596
v 1.583309 2.754205 -0.052023
v 1.522451 2.757042 -0.046937
v 1.444775 2.747039 -0.055573
v 1.375553 2.749009 -0.053445
v 1.317163 2.758846 -0.042256
v 1.244581 2.755792 -0.048066
v 1.190214 2.767904 -0.038542
v 1.098765 2.743268 -0.057675
v 1.031716 2.750440 -0.054397
v 0.971825 2.763480 -0.046271
v 3.016095 2.673025 -0.063351
v 2.960754 2.690892 -0.046481
v 2.904543 2.694079 -0.041025
v 2.826180 2.685170 -0.050800
v 2.744567 2.673429 -0.061795
v 2.674612 2.676034 -0.060851
v 2.611953 2.686405 -0.052495
v 2.554158 2.691781 -0.045891
v 2.475099 2.679490 -0.056649
v 2.409586 2.686918 -0.051794
v 2.350040 2.691262 -0.046123
v 2.257143 2.661196 -0.065207
v 2.198821 2.677400 -0.054900
v 2.137166 2.690051 -0.047481
v 2.069136 2.688267 -0.050430
v 1.994937 2.682671 -0.053593
v 1.936167 2.693692 -0.042483
v 1.856308 2.679520 -0.057120
v 1.789119 2.684070 -0.053301
v 1.721935 2.681341 -0.054679
v 1.646302 2.676269 -0.058070
v 1.582066 2.683722 -0.052246
v 1.524244 2.693161 -0.044715
v 1.456291 2.692253 -0.044559
v 1.379677 2.685739 -0.048626
v 1.316362 2.692495 -0.043437
v 1.260451 2.702086 -0.036117
v 1.172510 2.684505 -0.052062
v 1.115557 2.693867 -0.040344
v 1.051169 2.693372 -0.039657
v 0.957249 2.674702 -0.062133
v 3.012938 2.600194 -0.064980
v 2.957823 2.619877 -0.048371
v 2.887732 2.612491 -0.054444
v 2.825139 2.613900 -0.050235
v 2.758983 2.613178 -0.049346
v 2.688148 2.613936 -0.050727
v 2.606780 2.610161 -0.057848
v 2.551815 2.624484 -0.044999
v 2.491767 2.625472 -0.042770
v 2.402784 2.609810 -0.055689
v 2.341582 2.613882 -0.049235
v 2.285473 2.620727 -0.041274
v 2.217534 2.623381 -0.040431
v 2.121468 2.602562 -0.063830
v 2.070125 2.621657 -0.047079
v 1.994484 2.612887 -0.054337
v 1.928837 2.618705 -0.048834
v 1.875448 2.627207 -0.039548
v 1.787302 2.611881 -0.054480
v 1.737700 2.629424 -0.034935
v 1.650512 2.606025 -0.056528
v 1.599406 2.630040 -0.037723
v 1.506013 2.610273 -0.058504
v 1.449090 2.620002 -0.048649
v 1.385851 2.624655 -0.045679
v 1.324193 2.635578 -0.036966
v 1.250312 2.625993 -0.045905
v 1.178562 2.624856 -0.047090
v 1.114972 2.634615 -0.038577
v 1.048824 2.629172 -0.042591
v 0.973958 2.620986 -0.048732
v 3.026101 2.546566 -0.053777
v 2.963069 2.552611 -0.045760
v 2.893042 2.550065 -0.049166
v 2.837614 2.562928 -0.035857
v 2.764739 2.555698 -0.044274
v 2.690208 2.548521 -0.049792
v 2.610073 2.539871 -0.056829
v 2.548622 2.551371 -0.048766
v 2.478292 2.545158 -0.050128
v 2.404384 2.536571 -0.053081
v 2.359146 2.563275 -0.031704
v 2.286737 2.560245 -0.042231
v 2.205424 2.548790 -0.052774
v 2.140643 2.552238 -0.047427
v 2.066313 2.548465 -0.051909
v 2.006553 2.558316 -0.044361
v 1.927589 2.554260 -0.049386
v 1.874009 2.565053 -0.038768
v 1.787198 2.548058 -0.052832
v 1.721494 2.552272 -0.047682
v 1.685260 2.574308 -0.026108
v 1.573269 2.530689 -0.064765
v 1.508048 2.541896 -0.053689
v 1.459055 2.559553 -0.037732
v 1.383321 2.549631 -0.052053
v 1.296361 2.541832 -0.061781
v 1.254338 2.566155 -0.038979
v 1.163281 2.537002 -0.062168
v 1.094019 2.542293 -0.057963
v 1.038876 2.551704 -0.048801
v 0.960003 2.535881 -0.060564
v 3.021369 2.466169 -0.057859
v 2.962458 2.480896 -0.048404
v 2.894103 2.481684 -0.049579
v 2.822537 2.480287 -0.051856
v 2.759022 2.484076 -0.048800
v 2.689124 2.482968 -0.049069
v 2.624354 2.486538 -0.044878
v 2.551067 2.483397 -0.049301
v 2.476101 2.484825 -0.048176
v 2.439193 2.508624 -0.018180
v 2.354274 2.492852 -0.043533
v 2.275382 2.483028 -0.050731
v 2.199625 2.472837 -0.055655
v 2.136609 2.478578 -0.050413
v 2.067371 2.476033 -0.053835
v 1.984797 2.463825 -0.064360
v 1.911242 2.464626 -0.062353
v 1.863933 2.482456 -0.048333
v 1.774240 2.465413 -0.063298
v 1.739556 2.504773 -0.027733
v 1.647234 2.470412 -0.058253
v 1.597110 2.485804 -0.042425
v 1.519149 2.481819 -0.047039
v 1.461785 2.495589 -0.038610
v 1.384005 2.480305 -0.050891
v 1.298425 2.463499 -0.062068
v 1.235409 2.473878 -0.056665
v 1.181690 2.486697 -0.044948
v 1.099368 2.475105 -0.053620
v 1.041052 2.485220 -0.044364
v 0.981516 2.489026 -0.041082
v 3.045544 2.419355 -0.037468
v 2.966955 2.412396 -0.045311
v 2.901562 2.415079 -0.044230
v 2.828377 2.413110 -0.047106
v 2.762330 2.415279 -0.045558
v 2.679657 2.403260 -0.057958
v 2.620899 2.415554 -0.048355
v 2.535673 2.397243 -0.062726
v 2.475602 2.413586 -0.051266
v 2.409694 2.411963 -0.053243
v 2.331323 2.397546 -0.062947
v 2.270490 2.410359 -0.053022
v 2.214525 2.422613 -0.040517
v 2.139613 2.414452 -0.047847
v 2.080624 2.419722 -0.041997
v 1.993539 2.403906 -0.056524
v 1.933223 2.415478 -0.044074
v 1.867258 2.418802 -0.043738
v 1.799122 2.418253 -0.043684
v 1.720042 2.408544 -0.053707
v 1.664390 2.421818 -0.041478
v 1.599615 2.423781 -0.039063
v 1.517303 2.412019 -0.053340
v 1.452970 2.418058 -0.049493
v 1.356322 2.400290 -0.062430
v 1.324447 2.424839 -0.033461
v 1.243747 2.405739 -0.053773
v 1.163304 2.402962 -0.059437
v 1.102067 2.412249 -0.050609
v 1.039472 2.415898 -0.047522
v 0.967008 2.408112 -0.054201
v 3.032950 2.354749 -0.045942
v 2.973345 2.360235 -0.036851
v 2.909221 2.356512 -0.037864
v 2.827131 2.346554 -0.048706
v 2.765726 2.353805 -0.040456
v 2.693328 2.343690 -0.047038
v 2.614456 2.335611 -0.054139
v 2.555574 2.345604 -0.045270
v 2.480243 2.341224 -0.051307
v 2.410877 2.342496 -0.049850
v 2.352237 2.347085 -0.042144
v 2.270516 2.334363 -0.055782
v 2.190670 2.330170 -0.062681
v 2.142641 2.352862 -0.044231
v 2.061298 2.333380 -0.058560
v 1.993290 2.335057 -0.057124
v 1.923015 2.335134 -0.058876
v 1.830682 2.319954 -0.068471
v 1.798558 2.354137 -0.040893
v 1.727374 2.344418 -0.047537
v 1.659706 2.347531 -0.046365
v 1.590101 2.345369 -0.049882
v 1.521995 2.344287 -0.049524
v 1.432722 2.316483 -0.066246
v 1.352970 2.318558 -0.064045
v 1.317994 2.357460 -0.036349
v 1.249423 2.344139 -0.049715
v 1.162458 2.331533 -0.056801
v 1.102397 2.338934 -0.049278
v 1.042596 2.344434 -0.046226
v 0.971277 2.341228 -0.049384
v 3.005303 2.256635 -0.067342
v 2.957560 2.281439 -0.047647
v 2.909049 2.292221 -0.037570
v 2.816498 2.269616 -0.057430
v 2.756878 2.281911 -0.046310
v 2.696801 2.284767 -0.042069
v 2.624046 2.278895 -0.045640
v 2.553188 2.276303 -0.047651
v 2.477028 2.265926 -0.054157
v 2.406627 2.268087 -0.054178
v 2.350325 2.282441 -0.044086
v 2.280072 2.277985 -0.046162
v 2.209755 2.273156 -0.046964
v 2.129082 2.264531 -0.057648
v 2.073888 2.279011 -0.044057
v 2.003724 2.271832 -0.048332
v 1.927780 2.264470 -0.054740
v 1.855186 2.267592 -0.052559
v 1.798827 2.284863 -0.040044
v 1.723209 2.278866 -0.048744
v 1.672105 2.291293 -0.034721
v 1.582774 2.268713 -0.056223
v 1.521481 2.277576 -0.047239
v 1.453860 2.274085 -0.046443
v 1.388908 2.278846 -0.037316
v 1.321254 2.283611 -0.042007
v 1.239280 2.267124 -0.056654
v 1.166474 2.271253 -0.051595
v 1.119291 2.289973 -0.031954
v 1.044936 2.280282 -0.044908
v 0.978576 2.283415 -0.042034
v 3.023747 2.198444 -0.052338
v 2.959255 2.206444 -0.050859
v 2.894920 2.210477 -0.050328
v 2.816442 2.202312 -0.056259
v 2.753726 2.208398 -0.049011
v 2.677554 2.198593 -0.056158
v 2.627337 2.215183 -0.042002
v 2.547116 2.203830 -0.052712
v 2.493800 2.219013 -0.036649
v 2.423989 2.214654 -0.041247
v 2.343878 2.206590 -0.052360
v 2.262049 2.201705 -0.058266
v 2.217284 2.222051 -0.036261
v 2.140826 2.205087 -0.049275
v 2.066531 2.206012 -0.051693
v 2.010885 2.219234 -0.039758
v 1.926977 2.200108 -0.053814
v 1.868469 2.211411 -0.044642
v 1.785137 2.199118 -0.058798
v 1.716173 2.204956 -0.054708
v 1.663843 2.218647 -0.042141
v 1.586640 2.204967 -0.052893
v 1.515965 2.206246 -0.052655
v 1.444861 2.207742 -0.053290
v 1.377759 2.210157 -0.050905
v 1.308942 2.204846 -0.051456
v 1.250730 2.208299 -0.045088
v 1.166939 2.200066 -0.053882
v 1.114114 2.218267 -0.041404
v 1.036935 2.208557 -0.051697
v 0.971854 2.213350 -0.045498
v 3.035090 2.140941 -0.043719
v 2.955458 2.126243 -0.058913
v 2.881262 2.121530 -0.061690
v 2.807729 2.119713 -0.062071
v 2.752733 2.135160 -0.049574
v 2.690727 2.140779 -0.044322
v 2.627990 2.144194 -0.042200
v 2.549161 2.135454 -0.051942
v 2.477635 2.136296 -0.052612
v 2.411787 2.135990 -0.052025
v 2.340578 2.128885 -0.056096
v 2.258949 2.122097 -0.062559
v 2.192517 2.132068 -0.056242
v 2.154711 2.155313 -0.035215
v 2.061766 2.129278 -0.058781
v 1.979218 2.123987 -0.060088
v 1.938788 2.146300 -0.040754
v 1.867071 2.136725 -0.049911
v 1.782400 2.124552 -0.058541
v 1.720689 2.129633 -0.050970
v 1.641185 2.116546 -0.061166
v 1.594673 2.138965 -0.045379
v 1.504642 2.118334 -0.065847
v 1.441997 2.130725 -0.056980
v 1.358485 2.119396 -0.064867
v 1.315675 2.146076 -0.041753
v 1.253536 2.146566 -0.042231
v 1.179646 2.143969 -0.045784
v 1.115375 2.147874 -0.042839
v 1.024007 2.125689 -0.062485
v 0.957854 2.135068 -0.052633
v 3.017739 2.061211 -0.058734
v 2.970973 2.075696 -0.041233
v 2.888129 2.056792 -0.055446
v 2.831086 2.072122 -0.041618
v 2.756000 2.071035 -0.048258
v 2.690642 2.076874 -0.043925
v 2.631434 2.080421 -0.040645
v 2.550405 2.070402 -0.050093
v 2.485109 2.073090 -0.045370
v 2.409680 2.064844 -0.051391
v 2.353286 2.073562 -0.042228
v 2.268996 2.059801 -0.056327
v 2.206326 2.073195 -0.045380
v 2.131697 2.063650 -0.054982
v 2.069116 2.064281 -0.051517
v 1.989000 2.061578 -0.054123
v 1.942981 2.085747 -0.032547
v 1.859699 2.061832 -0.055816
v 1.790917 2.067534 -0.049268
v 1.731428 2.074846 -0.039603
v 1.674743 2.080024 -0.032626
v 1.600674 2.075184 -0.040603
v 1.527280 2.069574 -0.046622
v 1.430282 2.046026 -0.063265
v 1.380123 2.066512 -0.046766
v 1.312068 2.069579 -0.049573
v 1.242420 2.068284 -0.052453
v 1.167986 2.062858 -0.057456
v 1.101595 2.064846 -0.055477
v 1.030019 2.061493 -0.056294
v 0.959211 2.065476 -0.053114
v 3.015100 1.983379 -0.062088
v 2.965466 2.008158 -0.042191
v 2.898669 2.002846 -0.045871
v 2.826832 1.997549 -0.051322
v 2.743094 1.989573 -0.060866
v 2.689857 2.009415 -0.044875
v 2.623523 2.005833 -0.047784
v 2.531319 1.983424 -0.065131
v 2.487757 2.010595 -0.042395
v 2.407162 2.000923 -0.052827
v 2.354374 2.013997 -0.039784
v 2.260622 1.988686 -0.061453
v 2.198167 1.994100 -0.053121
v 2.133583 1.993895 -0.051997
v 2.078000 2.006148 -0.040926
v 1.995516 1.995505 -0.053687
v 1.934607 2.006188 -0.046423
v 1.864767 2.001401 -0.048416
v 1.787787 1.993642 -0.053260
v 1.729218 2.007788 -0.044862
v 1.663119 2.011044 -0.044565
v 1.591417 2.005914 -0.048468
v 1.511732 1.993078 -0.056363
v 1.450662 2.000899 -0.047368
v 1.391180 2.010411 -0.039356
v 1.305145 1.993921 -0.056218
v 1.246443 2.000803 -0.046747
v 1.171638 1.988347 -0.053746
v 1.100191 1.985592 -0.056070
v 1.030245 1.989069 -0.056559
v 0.968444 2.001178 -0.049283
v 3.044919 1.938256 -0.036831
v 2.950065 1.923382 -0.058852
v 2.904312 1.946646 -0.037481
v 2.836836 1.938262 -0.043522
v 2.752779 1.928268 -0.054779
v 2.682929 1.931847 -0.053667
v 2.602434 1.921180 -0.063300
v 2.556699 1.942029 -0.039568
v 2.473469 1.914155 -0.058997
v 2.399084 1.914219 -0.063043
v 2.341063 1.928548 -0.053207
v 2.255105 1.912980 -0.064836
v 2.209211 1.939101 -0.039922
v 2.144931 1.939350 -0.041892
v 2.073093 1.934619 -0.046188
v 2.008082 1.935847 -0.044526
v 1.929334 1.926909 -0.052355
v 1.854767 1.924994 -0.053682
v 1.808723 1.945566 -0.033906
v 1.728650 1.930930 -0.049587
v 1.653087 1.926374 -0.055548
v 1.579903 1.925482 -0.056423
v 1.511701 1.926697 -0.052044
v 1.455156 1.935001 -0.046026
v 1.364386 1.915919 -0.066146
v 1.311613 1.936515 -0.047697
v 1.241691 1.933029 -0.048918
v 1.186948 1.942157 -0.037320
v 1.119515 1.937408 -0.038975
v 1.046994 1.934318 -0.044258
v 0.963025 1.924391 -0.056335
v 3.036068 1.867240 -0.047367
v 2.957075 1.857872 -0.055788
v 2.891464 1.866675 -0.050264
v 2.826610 1.865173 -0.051419
v 2.737551 1.842561 -0.067885
v 2.673303 1.846182 -0.063217
v 2.600520 1.843641 -0.065967
v 2.518307 1.844735 -0.064366
v 2.500152 1.882291 -0.028152
v 2.424638 1.862653 -0.043373
v 2.335595 1.850849 -0.057606
v 2.277014 1.863254 -0.045728
v 2.200108 1.855856 -0.055965
v 2.135111 1.864399 -0.051987
v 2.078157 1.877767 -0.039837
v 2.004850 1.869185 -0.046822
v 1.936070 1.869077 -0.045716
v 1.867911 1.872068 -0.042301
v 1.797703 1.869615 -0.046233
v 1.735446 1.872229 -0.042164
v 1.660166 1.860829 -0.049903
v 1.574196 1.850111 -0.061194
v 1.517363 1.868431 -0.044945
v 1.463284 1.873024 -0.040082
v 1.371015 1.849628 -0.061362
v 1.300025 1.854778 -0.058726
v 1.239064 1.865365 -0.051373
v 1.171763 1.868125 -0.049035
v 1.116311 1.875842 -0.041363
v 1.041659 1.865431 -0.049610
v 0.960220 1.854876 -0.056842
v 3.036042 1.795984 -0.044807
v 2.961044 1.783978 -0.054501
v 2.887171 1.782693 -0.058867
v 2.808475 1.776790 -0.063626
v 2.750621 1.784234 -0.053485
v 2.681502 1.780536 -0.054942
v 2.615210 1.782701 -0.052611
v 2.537412 1.782650 -0.056326
v 2.484751 1.806630 -0.040321
v 2.412549 1.791492 -0.050135
v 2.347381 1.791328 -0.048455
v 2.270522 1.790767 -0.052174
v 2.220104 1.806256 -0.037437
v 2.126754 1.779950 -0.062541
v 2.053230 1.782394 -0.062843
v 1.998464 1.795961 -0.052041
v 1.910021 1.778759 -0.064897
v 1.857754 1.794294 -0.051480
v 1.795120 1.796513 -0.050531
v 1.713804 1.790860 -0.055387
v 1.665230 1.801518 -0.041564
v 1.579204 1.778803 -0.059575
v 1.510193 1.788528 -0.055149
v 1.451594 1.795439 -0.050430
v 1.372935 1.783658 -0.058376
v 1.307291 1.786413 -0.054671
v 1.223944 1.775286 -0.065767
v 1.169605 1.794301 -0.051104
v 1.105461 1.794325 -0.051749
v 1.032051 1.787999 -0.056362
v 0.959824 1.787507 -0.054988
v 3.036901 1.732785 -0.041496
v 2.980823 1.736558 -0.036117
v 2.896850 1.719812 -0.051112
v 2.811659 1.709696 -0.058820
v 2.757985 1.726398 -0.044792
v 2.689874 1.725168 -0.048458
v 2.617533 1.723266 -0.049387
v 2.557630 1.730058 -0.042850
v 2.472436 1.716425 -0.057504
v 2.416306 1.733702 -0.041755
v 2.364482 1.742051 -0.031092
v 2.262280 1.712637 -0.059936
v 2.210209 1.730325 -0.043729
v 2.138494 1.714893 -0.052516
v 2.064906 1.712554 -0.054633
v 1.987936 1.706465 -0.061538
v 1.916508 1.709823 -0.058690
v 1.864892 1.727520 -0.043488
v 1.789271 1.713628 -0.057768
v 1.703079 1.708782 -0.062569
v 1.662323 1.737049 -0.037659
v 1.599842 1.729948 -0.042576
v 1.516947 1.719954 -0.051821
v 1.448471 1.719504 -0.052714
v 1.366507 1.709445 -0.057171
v 1.314527 1.720111 -0.047203
v 1.238907 1.713524 -0.055383
v 1.169299 1.718897 -0.050782
v 1.103416 1.714942 -0.053611
v 1.035141 1.717090 -0.054709
v 0.961705 1.722051 -0.053668
v 3.034161 1.665626 -0.042182
v 2.970228 1.661072 -0.046112
v 2.891515 1.651158 -0.052917
v 2.828668 1.658262 -0.045989
v 2.760877 1.661217 -0.046480
v 2.679767 1.651080 -0.056101
v 2.619059 1.660243 -0.045729
v 2.552954 1.656174 -0.047347
v 2.491200 1.661563 -0.043580
v 2.407248 1.657960 -0.052349
v 2.355376 1.673238 -0.038528
v 2.275222 1.656322 -0.049662
v 2.211239 1.662785 -0.042609
v 2.154075 1.669849 -0.035938
v 2.075076 1.656033 -0.045709
v 2.005040 1.653162 -0.046220
v 1.932814 1.654541 -0.047258
v 1.865878 1.659651 -0.046029
v 1.803607 1.660895 -0.043469
v 1.718971 1.649987 -0.052719
v 1.657988 1.663121 -0.043716
v 1.596089 1.663060 -0.045134
v 1.515411 1.653867 -0.053146
v 1.460021 1.665584 -0.040794
v 1.369715 1.651278 -0.054363
v 1.331149 1.677522 -0.024268
v 1.240215 1.650542 -0.055542
v 1.175355 1.661247 -0.044791
v 1.121514 1.668957 -0.035046
v 1.047908 1.659072 -0.045010
v 0.949044 1.637394 -0.066321
v 3.040868 1.603112 -0.032910
v 2.967275 1.589793 -0.048376
v 2.899611 1.593535 -0.045230
v 2.831698 1.595304 -0.045297
v 2.742303 1.575943 -0.060775
v 2.686176 1.587342 -0.049344
v 2.612300 1.586224 -0.052106
v 2.566995 1.608043 -0.031572
v 2.487148 1.590207 -0.047961
v 2.403927 1.576238 -0.059052
v 2.334597 1.581194 -0.057868
v 2.279260 1.597812 -0.044029
v 2.208719 1.593269 -0.046803
v 2.128272 1.580138 -0.056504
v 2.079882 1.600161 -0.039511
v 2.007874 1.595421 -0.044318
v 1.937876 1.595461 -0.045171
v 1.861183 1.589866 -0.052098
v 1.795984 1.595372 -0.047177
v 1.719501 1.587269 -0.051278
v 1.662373 1.595070 -0.042873
v 1.589603 1.586988 -0.050258
v 1.517006 1.584792 -0.052420
v 1.444267 1.581801 -0.056187
v 1.374676 1.587587 -0.052799
v 1.315786 1.595438 -0.047182
v 1.240134 1.586598 -0.054515
v 1.164309 1.584891 -0.054679
v 1.107840 1.593322 -0.047676
v 1.042272 1.590308 -0.047914
v 0.967287 1.581109 -0.051544
v 3.030686 1.523381 -0.049568
v 2.970521 1.528917 -0.044466
v 2.888202 1.515053 -0.055365
v 2.816301 1.507457 -0.059049
v 2.746361 1.510338 -0.055894
v 2.693655 1.526111 -0.042032
v 2.611960 1.515965 -0.055172
v 2.548664 1.522786 -0.049870
v 2.475698 1.515807 -0.053694
v 2.423227 1.526063 -0.038424
v 2.342883 1.506381 -0.054043
v 2.260782 1.503183 -0.063536
v 2.207286 1.525054 -0.046748
v 2.145296 1.529215 -0.041657
v 2.074029 1.526380 -0.045246
v 1.991438 1.508862 -0.057688
v 1.932034 1.515058 -0.051450
v 1.849722 1.498731 -0.064475
v 1.770853 1.496393 -0.067756
v 1.719893 1.520464 -0.050097
v 1.664163 1.529991 -0.041385
v 1.587063 1.517511 -0.051183
v 1.526548 1.523838 -0.043637
v 1.445233 1.508554 -0.054497
v 1.378916 1.512802 -0.052962
v 1.311920 1.515930 -0.053508
v 1.224308 1.501010 -0.067071
v 1.167206 1.518244 -0.050986
v 1.108745 1.521977 -0.046557
v 1.028916 1.510205 -0.057777
v 0.978492 1.530306 -0.039485
v 3.032156 1.451423 -0.047769
v 2.939634 1.420006 -0.066883
v 2.892465 1.444954 -0.049677
v 2.826984 1.446552 -0.048142
v 2.754577 1.445841 -0.049724
v 2.689420 1.447782 -0.050429
v 2.605697 1.436042 -0.059651
v 2.549338 1.447896 -0.048726
v 2.474284 1.442809 -0.055743
v 2.414263 1.458324 -0.044250
v 2.367101 1.469661 -0.030184
v 2.282359 1.448902 -0.047654
v 2.187185 1.431930 -0.063221
v 2.133244 1.445631 -0.052776
v 2.056567 1.437511 -0.061200
v 2.011452 1.463270 -0.037243
v 1.936791 1.452421 -0.046081
v 1.872625 1.452457 -0.043036
v 1.792349 1.442848 -0.051095
v 1.723297 1.448536 -0.051334
v 1.634707 1.439130 -0.060462
v 1.596790 1.462042 -0.038353
v 1.510764 1.439976 -0.058709
v 1.461711 1.463524 -0.036824
v 1.391524 1.455078 -0.043105
v 1.305567 1.436976 -0.058779
v 1.237351 1.439195 -0.055497
v 1.155599 1.433454 -0.060700
v 1.111418 1.456789 -0.042279
v 1.043674 1.452605 -0.047024
v 0.959706 1.442467 -0.058078
v 3.032979 1.384399 -0.042860
v 2.976099 1.387572 -0.037602
v 2.905158 1.388101 -0.037305
v 2.825211 1.379819 -0.050112
v 2.765478 1.390008 -0.040205
v 2.696155 1.383766 -0.043516
v 2.618192 1.375587 -0.050919
v 2.559693 1.389919 -0.039204
v 2.487045 1.384634 -0.045743
v 2.404671 1.372791 -0.055210
v 2.338737 1.375834 -0.054366
v 2.284145 1.386292 -0.045805
v 2.202189 1.378922 -0.053230
v 2.145603 1.391713 -0.037491
v 2.074080 1.384381 -0.046793
v 1.987227 1.370503 -0.061663
v 1.932436 1.386955 -0.048445
v 1.854441 1.375892 -0.056110
v 1.794863 1.381814 -0.048504
v 1.726474 1.376424 -0.052443
v 1.634682 1.367715 -0.063152
v 1.595044 1.399876 -0.031726
v 1.527984 1.385578 -0.044889
v 1.436518 1.369441 -0.060148
v 1.393026 1.393527 -0.039635
v 1.308431 1.372839 -0.055386
v 1.247542 1.382599 -0.045057
v 1.173620 1.379292 -0.049326
v 1.114458 1.391254 -0.040910
v 1.036611 1.379376 -0.052509
v 0.968104 1.378680 -0.050703
v 3.038024 1.320823 -0.040240
v 2.963412 1.315318 -0.050547
v 2.898824 1.322284 -0.044546
v 2.830977 1.319930 -0.044473
v 2.757474 1.315820 -0.047548
v 2.695736 1.321811 -0.041828
v 2.637369 1.328529 -0.035214
v 2.537006 1.301567 -0.060008
v 2.485536 1.318379 -0.045019
v 2.419599 1.318551 -0.043401
v 2.357543 1.324436 -0.035684
v 2.278687 1.308754 -0.050947
v 2.187360 1.287997 -0.067526
v 2.118404 1.294636 -0.062608
v 2.066796 1.308985 -0.052681
v 2.004958 1.314683 -0.048293
v 1.911655 1.297194 -0.062037
v 1.859072 1.309425 -0.048477
v 1.795877 1.311222 -0.047381
v 1.737272 1.318246 -0.042426
v 1.644577 1.302193 -0.060791
v 1.578777 1.315141 -0.051950
v 1.526547 1.323311 -0.042536
v 1.457615 1.318144 -0.042791
v 1.381401 1.310775 -0.050337
v 1.323428 1.321215 -0.041907
v 1.233788 1.303231 -0.056254
v 1.182590 1.319299 -0.042581
v 1.100306 1.303251 -0.056843
v 1.036113 1.310170 -0.051123
v 0.970138 1.313254 -0.048343
v 3.048203 1.259383 -0.035462
v 2.958162 1.238823 -0.055654
v 2.886364 1.239738 -0.054463
v 2.827005 1.248566 -0.046489
v 2.760411 1.249352 -0.045997
v 2.695846 1.255154 -0.043091
v 2.618965 1.246311 -0.051748
v 2.549153 1.246932 -0.049391
v 2.487838 1.254372 -0.041953
v 2.402933 1.239261 -0.058061
v 2.342234 1.249597 -0.048572
v 2.286017 1.252834 -0.041630
v 2.214622 1.243869 -0.044622
v 2.138848 1.241158 -0.046999
v 2.077819 1.251328 -0.040478
v 1.984492 1.220455 -0.066076
v 1.921781 1.235794 -0.055957
v 1.869481 1.257043 -0.036286
v 1.804518 1.256561 -0.040176
v 1.731823 1.247799 -0.047505
v 1.648473 1.232777 -0.059068
v 1.572876 1.231145 -0.060838
v 1.511651 1.242206 -0.054115
v 1.450184 1.250655 -0.047108
v 1.395649 1.259838 -0.036893
v 1.302167 1.235130 -0.058633
v 1.249891 1.253279 -0.041038
v 1.184297 1.251881 -0.041473
v 1.112414 1.246205 -0.044899
v 1.041624 1.242916 -0.045186
v 0.969719 1.240073 -0.051278
v 3.030886 1.176252 -0.050635
v 2.957865 1.167097 -0.054499
v 2.897228 1.176707 -0.045821
v 2.819689 1.171218 -0.052319
v 2.767000 1.185024 -0.041004
v 2.675761 1.160331 -0.062454
v 2.612201 1.166576 -0.055285
v 2.535728 1.158433 -0.062852
v 2.479945 1.173515 -0.052794
v 2.401697 1.166279 -0.059884
v 2.336680 1.174260 -0.052885
v 2.266953 1.171561 -0.053704
v 2.210249 1.178006 -0.047610
v 2.131310 1.168798 -0.056507
v 2.056441 1.165263 -0.057488
v 2.014910 1.184611 -0.037160
v 1.932937 1.172403 -0.051628
v 1.838179 1.157571 -0.068511
v 1.793248 1.181574 -0.048287
v 1.717861 1.167856 -0.056418
v 1.655454 1.170295 -0.050740
v 1.584754 1.167540 -0.052500
v 1.517987 1.172200 -0.051535
v 1.430277 1.161909 -0.062106
v 1.381663 1.178719 -0.048050
v 1.305997 1.170316 -0.053698
v 1.244304 1.179152 -0.046511
v 1.174736 1.176623 -0.051454
v 1.113236 1.187933 -0.041585
v 1.044272 1.185692 -0.041143
v 0.991093 1.192713 -0.031212
v 3.025372 1.106661 -0.052693
v 2.974340 1.121533 -0.036621
v 2.889947 1.105336 -0.052291
v 2.830030 1.114210 -0.042820
v 2.763882 1.111070 -0.044921
v 2.690515 1.104571 -0.049475
v 2.618482 1.104691 -0.048910
v 2.561094 1.113224 -0.037256
v 2.475524 1.083584 -0.056117
v 2.407434 1.089624 -0.057608
v 2.332179 1.093996 -0.059992
v 2.270767 1.108613 -0.048132
v 2.218043 1.117215 -0.039078
v 2.128193 1.096012 -0.058497
v 2.071777 1.113334 -0.042392
v 2.005058 1.112308 -0.046682
v 1.928801 1.099324 -0.054732
v 1.849241 1.087221 -0.059999
v 1.787959 1.098363 -0.053412
v 1.719595 1.101539 -0.054263
v 1.662264 1.114661 -0.041755
v 1.588240 1.105381 -0.050206
v 1.524088 1.107303 -0.047856
v 1.435087 1.093570 -0.061074
v 1.388978 1.118221 -0.037645
v 1.298605 1.095911 -0.060254
v 1.257373 1.123602 -0.034100
v 1.164429 1.094965 -0.059137
v 1.094443 1.094326 -0.059123
v 1.035099 1.109173 -0.050704
v 0.977841 1.119079 -0.042030
v 3.010902 1.012875 -0.068948
v 2.953633 1.031452 -0.057068
v 2.879683 1.028879 -0.058437
v 2.829925 1.046801 -0.042482
v 2.756450 1.038036 -0.050993
v 2.694959 1.044941 -0.044597
v 2.610243 1.030678 -0.058694
v 2.535349 1.036022 -0.055108
v 2.509312 1.065597 -0.020414
v 2.434680 1.046593 -0.034675
v 2.340463 1.029759 -0.056022
v 2.263381 1.032728 -0.057167
v 2.211050 1.047271 -0.044525
v 2.129350 1.031262 -0.055694
v 2.066085 1.035077 -0.049615
v 1.994580 1.025510 -0.056778
v 1.926005 1.030255 -0.052421
v 1.871445 1.042229 -0.039066
v 1.801294 1.037894 -0.045170
v 1.724475 1.034297 -0.052906
v 1.640274 1.027783 -0.060628
v 1.596073 1.049150 -0.040597
v 1.511223 1.026536 -0.058841
v 1.453987 1.041220 -0.046787
v 1.364862 1.024489 -0.063205
v 1.318517 1.046996 -0.043319
v 1.234545 1.028949 -0.059092
v 1.168753 1.033520 -0.053272
v 1.120021 1.048948 -0.034127
v 1.034965 1.033168 -0.054246
v 0.954802 1.025518 -0.060981
v 3.046371 0.974277 -0.037946
v 2.954348 0.956633 -0.058822
v 2.889465 0.969363 -0.049220
v 2.827020 0.972766 -0.047423
v 2.758211 0.971405 -0.050026
v 2.682482 0.965988 -0.054431
v 2.616823 0.964535 -0.052796
v 2.536649 0.959790 -0.060060
v 2.479423 0.977640 -0.049035
v 2.405919 0.969254 -0.055099
v 2.348056 0.972738 -0.047530
v 2.258546 0.951885 -0.064375
v 2.198000 0.963597 -0.055272
v 2.128930 0.963600 -0.054866
v 2.075914 0.978400 -0.039630
v 2.016094 0.980605 -0.036983
v 1.931028 0.971107 -0.047518
v 1.868055 0.976712 -0.041471
v 1.805220 0.974721 -0.043317
v 1.728933 0.967566 -0.051541
v 1.643075 0.962863 -0.056901
v 1.584063 0.970007 -0.049214
v 1.527266 0.974323 -0.044334
v 1.444330 0.959500 -0.057333
v 1.377561 0.964984 -0.053319
v 1.307195 0.965199 -0.054828
v 1.239396 0.966346 -0.054112
v 1.170670 0.970150 -0.049496
v 1.098621 0.959672 -0.057586
v 1.037579 0.965900 -0.051760
v 0.969716 0.968543 -0.048461
vn -0.0270 0.1209 0.9923
vn 0.2559 -0.0891 0.9626
vn 0.0055 0.0508 0.9987
vn -0.1044 0.0133 0.9944
vn 0.1387 -0.0263 0.9900
vn -0.0008 0.0697 0.9976
vn -0.0563 -0.1232 0.9908
vn 0.0507 -0.2267 0.9726
vn -0.0830 -0.0458 0.9955
vn 0.1008 -0.0010 0.9949
vn -0.1428 0.0859 0.9860
vn 0.2974 0.5782 0.7598
vn -0.1458 0.2389 0.9600
vn 0.1155 -0.0774 0.9903
vn -0.0133 -0.1817 0.9833
vn -0.1404 -0.1510 0.9785
vn 0.2512 -0.2270 0.9409
vn -0.0479 -0.0576 0.9972
vn -0.1630 0.1149 0.9799
vn 0.2449 0.1731 0.9540
vn -0.0076 0.1518 0.9884
vn 0.0013 0.0418 0.9991
vn -0.0346 -0.0314 0.9989
vn 0.0755 -0.0417 0.9963
vn -0.0816 -0.0153 0.9965
vn -0.0486 -0.1178 0.9919
vn 0.0076 -0.1050 0.9944
vn 0.3629 0.1322 0.9224
vn -0.1593 -0.0313 0.9867
vn 0.0642 -0.1461 0.9872
vn -0.2160 0.1206 0.9689
vn 0.2565 0.0936 0.9620
vn 0.0259 -0.0642 0.9976
vn -0.1208 -0.0351 0.9921
vn 0.1867 -0.0021 0.9824
vn -0.0732 -0.1175 0.9904
vn -0.0963 -0.0571 0.9937
vn -0.0169 -0.0575 0.9982
vn 0.1779 -0.1201 0.9767
vn 0.0468 0.0567 0.9973
vn -0.0576 0.0010 0.9983
vn 0.3494 -0.0549 0.9354
vn -0.2253 -0.0010 0.9743
vn 0.1358 0.1532 0.9788
vn -0.1104 0.2001 0.9735
vn -0.1350 0.1796 0.9744
vn 0.0636 0.0665 0.9958
vn 0.2133 -0.0787 0.9738
vn -0.1774 -0.0618 0.9822
vn 0.1225 -0.1782 0.9763
vn 0.0685 -0.1457 0.9870
vn -0.0174 -0.0055 0.9998
vn -0.0425 0.0439 0.9981
vn -0.0559 -0.0793 0.9953
vn 0.0039 -0.1351 0.9908
vn -0.1033 0.0080 0.9946
vn 0.3556 0.2273 0.9066
vn 0.1449 0.0401 0.9886
vn -0.1512 0.0657 0.9863
vn 0.0962 0.3206 0.9423
vn -0.1411 0.1372 0.9804
vn -0.0064 0.1361 0.9907
vn 0.0048 0.0400 0.9992
vn -0.0710 0.0662 0.9953
vn 0.0209 -0.0343 0.9992
vn -0.0892 -0.0273 0.9956
vn 0.2633 0.2557 0.9302
vn -0.2304 0.2097 0.9502
vn 0.2476 0.0849 0.9651
vn 0.0096 -0.1057 0.9944
vn -0.0459 -0.0790 0.9958
vn 0.0928 -0.1850 0.9783
vn 0.0124 -0.0915 0.9957
vn 0.0800 0.0793 0.9936
vn -0.0971 -0.0415 0.9944
vn -0.1155 -0.0495 0.9921
vn 0.0136 0.0031 0.9999
vn 0.0991 -0.0112 0.9950
vn -0.0207 0.1525 0.9881
vn -0.1003 0.2928 0.9509
vn 0.2138 0.1110 0.9705
vn -0.0716 -0.0449 0.9964
vn 0.0413 -0.0768 0.9962
vn -0.1152 0.0849 0.9897
vn -0.0443 0.0520 0.9977
vn 0.2477 0.1773 0.9525
vn 0.0369 0.0912 0.9951
vn 0.0289 -0.0877 0.9957
vn -0.0338 -0.0818 0.9961
vn 0.1409 -0.0608 0.9882
vn -0.0333 -0.1681 0.9852
vn -0.0574 -0.1302 0.9898
vn 0.0003 -0.1321 0.9912
vn 0.0801 -0.0417 0.9959
vn -0.1080 0.0721 0.9915
vn 0.0785 0.1276 0.9887
vn 0.1056 -0.0095 0.9944
vn -0.1184 -0.0320 0.9925
vn 0.1191 0.1748 0.9774
vn -0.1146 0.0891 0.9894
vn 0.0304 0.0191 0.9994
vn -0.1104 -0.0130 0.9938
vn 0.3001 -0.1251 0.9457
vn 0.0005 -0.0869 0.9962
vn -0.1138 -0.0593 0.9917
vn -0.0486 0.0020 0.9988
vn 0.2143 0.2372 0.9475
vn -0.0207 0.2500 0.9680
vn 0.1155 0.0800 0.9901
vn -0.1330 -0.0080 0.9911
vn 0.0524 -0.0250 0.9983
vn -0.0449 0.0377 0.9983
vn -0.0153 0.0472 0.9988
vn 0.0123 -0.0463 0.9989
vn -0.0218 0.1689 0.9854
vn 0.2132 0.1130 0.9705
vn -0.0488 0.0326 0.9983
vn -0.0717 0.0169 0.9973
vn -0.0366 -0.0806 0.9961
vn 0.2128 -0.0829 0.9736
vn 0.1341 -0.0277 0.9906
vn 0.0108 0.2043 0.9789
vn -0.0771 0.1866 0.9794
vn 0.0154 -0.0725 0.9973
vn -0.0386 -0.1486 0.9881
vn 0.1040 -0.1115 0.9883
vn 0.0261 -0.0283 0.9993
vn -0.0832 -0.0166 0.9964
vn 0.1086 -0.1195 0.9869
vn -0.0639 -0.0106 0.9979
vn -0.0990 -0.0274 0.9947
vn -0.0152 -0.0292 0.9995
vn 0.2278 0.1112 0.9673
vn 0.0028 -0.0214 0.9998
vn -0.0942 -0.0056 0.9955
vn 0.1343 0.1403 0.9810
vn -0.0007 -0.0437 0.9990
vn 0.0074 -0.1693 0.9855
vn -0.0176 -0.1339 0.9908
vn -0.0671 -0.1030 0.9924
vn 0.0388 -0.0484 0.9981
vn 0.1040 0.0164 0.9944
vn -0.0641 0.1005 0.9929
vn -0.0174 0.1286 0.9915
vn 0.1383 0.0332 0.9898
vn 0.0159 0.0897 0.9958
vn -0.0438 -0.0099 0.9990
vn -0.0543 0.0275 0.9981
vn 0.0386 0.3078 0.9507
vn -0.0912 -0.0088 0.9958
vn 0.2979 -0.0333 0.9540
vn -0.0007 -0.0987 0.9951
vn -0.0358 -0.0814 0.9960
vn -0.0756 0.0920 0.9929
vn -0.0016 0.1906 0.9817
vn 0.0086 0.0357 0.9993
vn 0.1600 -0.0368 0.9864
vn -0.0645 0.1105 0.9918
vn -0.0599 0.0717 0.9956
vn 0.0894 -0.0559 0.9944
vn -0.0923 0.1596 0.9829
vn 0.1301 0.4219 0.8973
vn -0.0987 -0.0120 0.9950
vn 0.1005 -0.0939 0.9905
vn -0.0710 0.0178 0.9973
vn 0.1274 -0.0552 0.9903
vn -0.0396 0.0847 0.9956
vn -0.0829 0.1221 0.9891
vn 0.1755 0.1794 0.9680
vn -0.1707 0.1419 0.9750
vn 0.2551 0.1629 0.9531
vn -0.0869 0.0043 0.9962
vn 0.0681 -0.1221 0.9902
vn -0.0087 -0.0073 0.9999
vn 0.1223 0.0849 0.9889
vn -0.0105 -0.0239 0.9997
vn -0.1049 -0.0308 0.9940
vn 0.1802 0.0595 0.9818
vn -0.0239 -0.0076 0.9997
vn -0.1770 0.0656 0.9820
vn 0.2428 0.1413 0.9597
vn -0.0646 0.0580 0.9962
vn 0.1719 0.1964 0.9653
vn -0.0608 0.1577 0.9856
vn -0.0486 0.0466 0.9977
vn -0.0930 0.0136 0.9956
vn 0.1751 -0.0223 0.9843
vn 0.0048 -0.0752 0.9972
vn -0.1021 -0.0350 0.9942
vn 0.3045 0.2079 0.9295
vn -0.0189 0.1363 0.9905
vn -0.0581 -0.0781 0.9953
vn -0.1152 0.0281 0.9929
vn 0.1089 0.1032 0.9887
vn 0.0020 0.0391 0.9992
vn 0.0007 0.0722 0.9974
vn 0.1724 0.0007 0.9850
vn -0.1712 0.0141 0.9851
vn 0.1916 -0.0880 0.9775
vn 0.0025 0.1511 0.9885
vn -0.1254 0.0224 0.9918
vn -0.0577 -0.1293 0.9899
vn 0.2688 0.1557 0.9505
vn -0.0772 0.0278 0.9966
vn -0.0069 -0.1793 0.9838
vn 0.0974 -0.1263 0.9872
vn -0.1382 -0.0466 0.9893
vn 0.0753 -0.2070 0.9754
vn 0.0331 -0.1566 0.9871
vn -0.1009 -0.0998 0.9899
vn 0.1384 -0.0548 0.9889
vn -0.0299 -0.0200 0.9994
vn 0.0754 -0.1123 0.9908
vn -0.0318 -0.1220 0.9920
vn -0.0391 -0.0251 0.9989
vn -0.0222 0.1009 0.9946
vn 0.0299 0.0950 0.9950
vn -0.0065 0.0091 0.9999
vn 0.3151 0.4460 0.8377
vn -0.0256 0.1975 0.9800
vn -0.0944 -0.1115 0.9893
vn -0.0915 -0.0672 0.9935
vn 0.0804 -0.0442 0.9958
vn -0.0523 -0.0332 0.9981
vn -0.0178 -0.1322 0.9911
vn -0.0203 -0.1826 0.9830
vn 0.1823 -0.1627 0.9697
vn -0.1502 -0.1028 0.9833
vn 0.4280 0.0953 0.8987
vn -0.0494 -0.0784 0.9957
vn -0.1310 -0.0556 0.9898
vn 0.0594 0.2848 0.9567
vn 0.2319 0.0601 0.9709
vn -0.1585 0.0039 0.9873
vn -0.1308 0.0071 0.9914
vn 0.2196 -0.1357 0.9661
vn -0.0751 -0.0017 0.9972
vn -0.0386 0.1785 0.9832
vn 0.1695 0.0793 0.9823
vn -0.0701 0.1930 0.9787
vn 0.0187 0.2074 0.9781
vn 0.0006 0.0629 0.9980
vn -0.0382 0.0746 0.9965
vn 0.0369 0.0639 0.9973
vn -0.0796 -0.0358 0.9962
vn 0.1005 -0.0903 0.9908
vn -0.1053 -0.0947 0.9899
vn 0.0828 -0.1131 0.9901
vn 0.1786 -0.2392 0.9544
vn -0.1420 -0.2198 0.9652
vn 0.0191 -0.1339 0.9908
vn 0.0656 0.1114 0.9916
vn -0.0168 0.1460 0.9891
vn 0.0188 0.1201 0.9926
vn -0.1696 0.1339 0.9764
vn 0.1408 0.2679 0.9531
vn 0.1507 0.2307 0.9613
vn -0.1158 0.1866 0.9756
vn 0.2104 -0.0451 0.9766
vn -0.1048 -0.0501 0.9932
vn 0.1831 0.2049 0.9615
vn -0.1170 -0.0174 0.9930
vn 0.0840 -0.1211 0.9891
vn -0.1333 -0.1213 0.9836
vn 0.1774 0.1527 0.9722
vn -0.1160 0.2485 0.9617
vn 0.0435 -0.0821 0.9957
vn -0.0003 -0.0763 0.9971
vn 0.1001 -0.0004 0.9950
vn -0.0219 -0.1009 0.9947
vn 0.0134 -0.0004 0.9999
vn 0.0023 0.1235 0.9923
vn -0.0920 0.0332 0.9952
vn 0.0797 0.0291 0.9964
vn -0.1334 0.1111 0.9848
vn 0.0197 0.0376 0.9991
vn -0.0417 0.0873 0.9953
vn 0.0465 0.1541 0.9870
vn -0.0032 0.0271 0.9996
vn -0.0184 0.2073 0.9781
vn -0.0290 0.1439 0.9892
vn 0.0354 -0.1555 0.9872
vn 0.0753 -0.1263 0.9891
vn -0.0528 -0.0801 0.9954
vn -0.0754 -0.0994 0.9922
vn 0.0724 -0.1053 0.9918
vn -0.0512 -0.2044 0.9775
vn 0.2085 -0.1699 0.9632
vn -0.1116 0.0592 0.9920
vn 0.1100 0.0103 0.9939
vn -0.0075 -0.1005 0.9949
vn -0.0872 -0.0433 0.9953
vn -0.0817 -0.0786 0.9935
vn -0.0718 -0.1118 0.9911
vn 0.5904 -0.0547 0.8052
vn -0.1872 0.0052 0.9823
vn -0.0867 0.0430 0.9953
vn 0.1383 0.0279 0.9900
vn 0.0512 0.0171 0.9985
vn -0.0697 0.0418 0.9967
vn 0.1954 -0.2200 0.9557
vn 0.0692 -0.0796 0.9944
vn -0.1668 -0.0470 0.9849
vn 0.1429 -0.1099 0.9836
vn -0.0164 -0.0065 0.9998
vn -0.0785 0.1016 0.9917
vn 0.0556 0.0512 0.9971
vn -0.0799 -0.0337 0.9962
vn 0.0106 -0.0511 0.9986
vn 0.1399 -0.0479 0.9890
vn -0.1062 0.0546 0.9928
vn -0.0645 0.2080 0.9760
vn 0.0624 0.0169 0.9979
vn -0.0053 0.0081 1.0000
vn -0.0255 0.1954 0.9804
vn -0.0613 0.0929 0.9938
vn -0.0677 0.1629 0.9843
vn 0.4785 0.2039 0.8541
vn -0.0965 -0.0035 0.9953
vn 0.1388 0.0930 0.9859
vn -0.1559 0.0331 0.9872
vn 0.0713 -0.0299 0.9970
vn -0.1255 0.1695 0.9775
vn 0.1058 0.5369 0.8370
vn 0.2746 0.2467 0.9294
vn -0.1511 -0.0633 0.9865
vn -0.0171 -0.0107 0.9998
vn 0.2988 0.2479 0.9216
vn -0.0704 0.1446 0.9870
vn -0.0021 0.0692 0.9976
vn 0.2058 0.1199 0.9712
vn 0.0758 -0.1075 0.9913
vn -0.1414 -0.0649 0.9878
vn 0.1514 -0.0125 0.9884
vn -0.0168 -0.1052 0.9943
vn 0.0774 -0.0762 0.9941
vn -0.0829 -0.0091 0.9965
vn 0.0814 0.1098 0.9906
vn -0.0395 0.2703 0.9620
vn -0.0082 0.0336 0.9994
vn -0.0478 -0.1222 0.9913
vn 0.1796 -0.0141 0.9836
vn -0.1611 0.1313 0.9782
vn 0.0898 0.0058 0.9959
vn 0.0582 0.0095 0.9983
vn -0.1359 0.0663 0.9885
vn 0.0980 0.0817 0.9918
vn -0.0111 -0.0680 0.9976
vn -0.0272 -0.1435 0.9893
vn 0.2122 -0.1079 0.9713
vn -0.1784 -0.0237 0.9837
vn 0.0713 -0.0171 0.9973
vn -0.0018 -0.0819 0.9966
vn 0.0713 -0.1326 0.9886
vn -0.0231 -0.1330 0.9908
vn -0.0584 0.0141 0.9982
vn -0.0310 0.0720 0.9969
vn 0.2687 -0.0922 0.9588
vn -0.1253 -0.0875 0.9883
vn 0.0662 -0.0753 0.9950
vn -0.0874 0.0051 0.9962
vn -0.0151 -0.1186 0.9928
vn -0.0387 -0.1045 0.9938
vn 0.1589 -0.0532 0.9859
vn -0.0142 0.0872 0.9961
vn 0.1520 0.1063 0.9826
vn -0.1271 0.0032 0.9919
vn 0.1101 -0.1091 0.9879
vn -0.0230 -0.1539 0.9878
vn -0.0900 -0.0843 0.9924
vn -0.0776 -0.0481 0.9958
vn 0.2035 -0.1754 0.9632
vn 0.0627 -0.0454 0.9970
vn -0.1617 0.0434 0.9859
vn 0.0618 -0.1761 0.9824
vn 0.0428 -0.0577 0.9974
vn -0.0008 0.0581 0.9983
vn -0.1340 -0.0312 0.9905
vn 0.0915 0.0308 0.9953
vn 0.0150 -0.1042 0.9944
vn 0.0386 -0.0833 0.9958
vn -0.1206 -0.0347 0.9921
vn 0.0551 -0.1124 0.9921
vn -0.0358 -0.1060 0.9937
vn 0.1916 -0.0383 0.9807
vn 0.0516 0.1051 0.9931
vn -0.0886 0.0801 0.9928
vn 0.1351 0.0595 0.9890
vn -0.1609 -0.0645 0.9849
vn 0.1101 -0.1280 0.9856
vn 0.0190 0.0204 0.9996
vn -0.1289 0.1775 0.9756
vn 0.1339 0.2681 0.9540
vn 0.0577 0.2007 0.9779
vn 0.0761 0.0151 0.9970
vn 0.0431 0.0149 0.9990
vn -0.1225 0.0214 0.9922
vn 0.0328 0.0736 0.9967
vn -0.0405 0.0581 0.9975
vn 0.0416 0.1236 0.9915
vn -0.1448 0.1432 0.9790
vn 0.1624 0.1684 0.9723
vn 0.0896 -0.0643 0.9939
vn -0.1158 -0.0713 0.9907
vn -0.0381 0.1057 0.9937
vn 0.4721 0.1607 0.8668
vn -0.1853 0.0113 0.9826
vn -0.0148 0.0253 0.9996
vn 0.1661 0.2065 0.9642
vn -0.0333 0.3808 0.9241
vn 0.0883 0.3423 0.9354
vn -0.1832 0.1638 0.9693
vn -0.0600 0.0899 0.9941
vn 0.0729 0.0943 0.9929
vn 0.1971 0.0994 0.9753
vn -0.0194 -0.1102 0.9937
vn -0.0496 -0.1273 0.9906
vn 0.0303 -0.1513 0.9880
vn -0.1209 -0.0380 0.9919
vn 0.1030 0.0505 0.9934
vn 0.3460 -0.0416 0.9373
vn -0.1201 0.0585 0.9910
vn 0.0642 0.0032 0.9979
vn -0.0871 -0.1218 0.9887
vn 0.1508 -0.1029 0.9832
vn 0.0033 -0.0568 0.9984
vn -0.1368 -0.1147 0.9839
vn 0.2206 -0.0976 0.9705
vn -0.1072 0.0085 0.9942
vn 0.1950 0.0080 0.9808
vn -0.1946 -0.0143 0.9808
vn 0.1423 -0.0969 0.9851
vn -0.0537 -0.0324 0.9980
vn 0.1329 0.1233 0.9834
vn -0.1083 0.0796 0.9909
vn 0.2317 -0.1016 0.9675
vn -0.1435 -0.0340 0.9891
vn 0.0120 0.0272 0.9996
vn 0.1380 -0.0685 0.9881
vn 0.0466 -0.1113 0.9927
vn -0.0666 -0.1132 0.9913
vn -0.0794 -0.1000 0.9918
vn -0.0585 0.0513 0.9970
vn 0.2747 0.2697 0.9229
vn -0.1211 0.0074 0.9926
vn 0.0491 -0.0072 0.9988
vn -0.0874 0.0632 0.9942
vn -0.0027 0.0164 0.9999
vn -0.0060 -0.0103 0.9999
vn 0.0835 0.0307 0.9960
vn -0.0142 0.0648 0.9978
vn 0.1397 -0.0638 0.9881
vn -0.0872 0.1189 0.9891
vn -0.1397 0.0932 0.9858
vn 0.1358 -0.0223 0.9905
vn -0.0694 -0.1352 0.9884
vn 0.0549 0.0818 0.9951
vn 0.0236 0.0667 0.9975
vn -0.0765 -0.1461 0.9863
vn 0.1628 -0.1653 0.9727
vn -0.1701 -0.0858 0.9817
vn 0.3342 0.0958 0.9376
vn -0.0015 0.2011 0.9796
vn 0.0547 0.0410 0.9977
vn -0.0756 0.0272 0.9968
vn -0.0044 0.0237 0.9997
vn -0.0220 -0.0735 0.9970
vn 0.1373 0.1287 0.9821
vn -0.0550 0.1114 0.9922
vn -0.0364 -0.0961 0.9947
vn -0.0283 -0.1127 0.9932
vn -0.0239 -0.0250 0.9994
vn 0.1309 0.0473 0.9903
vn -0.0670 -0.1404 0.9878
vn 0.0096 -0.1175 0.9930
vn 0.0677 0.0503 0.9964
vn 0.0353 0.1241 0.9916
vn -0.0383 0.3096 0.9501
vn -0.0457 0.2571 0.9653
vn -0.0328 0.0377 0.9987
vn -0.1660 -0.0387 0.9854
vn 0.2180 -0.0800 0.9727
vn -0.0435 -0.1229 0.9915
vn -0.1407 -0.1085 0.9841
vn 0.0356 -0.1419 0.9892
vn -0.0751 -0.0714 0.9946
vn 0.1582 -0.1952 0.9679
vn 0.1579 0.0391 0.9867
vn -0.1645 0.4288 0.8883
vn -0.0293 0.1149 0.9929
vn 0.0001 0.1191 0.9929
vn 0.1214 0.0306 0.9921
vn 0.0147 -0.1555 0.9877
vn 0.0587 -0.0307 0.9978
vn -0.0381 0.0271 0.9989
vn -0.0470 0.0304 0.9984
vn 0.0162 0.1546 0.9878
vn 0.1299 -0.0066 0.9915
vn -0.0738 -0.0306 0.9968
vn -0.0991 0.0935 0.9907
vn -0.0792 0.0054 0.9968
vn 0.1739 0.0188 0.9846
vn 0.1025 0.1143 0.9882
vn -0.2347 0.0606 0.9702
vn 0.1697 -0.0499 0.9842
vn 0.0411 -0.0928 0.9948
vn 0.0988 -0.1047 0.9896
vn 0.0409 -0.0965 0.9945
vn -0.0834 -0.0471 0.9954
vn -0.1139 -0.0354 0.9929
vn -0.1182 0.0226 0.9927
vn 0.0081 -0.0518 0.9986
vn -0.0354 -0.1215 0.9920
vn -0.0440 0.0153 0.9989
vn 0.0265 0.1948 0.9805
vn -0.0039 0.1757 0.9844
vn -0.0324 0.1875 0.9817
vn 0.5499 -0.0281 0.8348
vn -0.1327 -0.0980 0.9863
vn -0.0816 0.0201 0.9965
vn 0.0653 0.0220 0.9976
vn 0.0395 0.1022 0.9940
vn -0.1390 0.0523 0.9889
vn 0.0716 -0.2022 0.9767
vn 0.0226 -0.1691 0.9853
vn -0.0649 -0.1375 0.9884
vn 0.1095 -0.1857 0.9765
vn -0.0192 -0.0869 0.9960
vn -0.0058 -0.1124 0.9936
vn 0.0461 -0.0369 0.9983
vn -0.1812 0.0611 0.9815
vn 0.1616 -0.0670 0.9846
vn 0.0660 -0.1345 0.9887
vn -0.1617 -0.0409 0.9860
vn 0.0508 0.0581 0.9970
vn -0.0258 -0.0655 0.9975
vn 0.1210 -0.1156 0.9859
vn 0.0514 -0.0848 0.9951
vn -0.0751 -0.0983 0.9923
vn -0.0382 -0.0322 0.9987
vn -0.0383 0.1805 0.9828
vn -0.1437 0.1942 0.9704
vn -0.0894 0.0864 0.9922
vn 0.2390 0.1314 0.9621
vn -0.0399 0.1236 0.9915
vn 0.0104 0.0857 0.9963
vn 0.0258 0.1506 0.9883
vn 0.0094 -0.0206 0.9997
vn 0.0439 -0.0605 0.9972
vn 0.1232 0.2563 0.9587
vn -0.1949 0.0583 0.9791
vn 0.2497 -0.1142 0.9616
vn -0.1967 0.0177 0.9803
vn -0.0186 0.1415 0.9898
vn 0.0292 -0.0131 0.9995
vn -0.0665 -0.0236 0.9975
vn 0.2998 0.1428 0.9433
vn -0.0870 0.0029 0.9962
vn -0.0614 -0.0888 0.9942
vn 0.3682 -0.0374 0.9290
vn -0.1597 0.1419 0.9769
vn -0.0366 0.1663 0.9854
vn 0.0289 0.0080 0.9996
vn -0.0845 -0.0121 0.9963
vn 0.1208 0.0640 0.9906
vn -0.1342 0.1206 0.9836
vn 0.1768 0.0954 0.9796
vn -0.0229 -0.0142 0.9996
vn -0.0380 -0.0041 0.9993
vn 0.0182 0.0218 0.9996
vn 0.0103 -0.0726 0.9973
vn -0.1242 -0.0648 0.9901
vn -0.0065 0.0924 0.9957
vn 0.1230 0.1057 0.9868
vn -0.0802 -0.0557 0.9952
vn 0.0699 -0.0309 0.9971
vn 0.0377 -0.0071 0.9993
vn -0.0775 0.0665 0.9948
vn 0.0519 0.0252 0.9983
vn 0.1841 -0.1355 0.9735
vn -0.2175 0.0153 0.9759
vn 0.2247 0.1112 0.9681
vn -0.0213 0.1503 0.9884
vn -0.0955 0.2106 0.9729
vn -0.0613 0.2000 0.9779
vn 0.0174 0.2458 0.9692
vn 0.1517 0.0862 0.9847
vn -0.0849 0.0886 0.9924
vn -0.1115 0.1907 0.9753
vn 0.3353 0.0441 0.9411
vn -0.0393 -0.0535 0.9978
vn -0.1051 -0.0227 0.9942
vn 0.1005 0.0942 0.9905
vn -0.1331 0.1058 0.9854
vn 0.4903 0.3169 0.8119
vn -0.2372 0.1396 0.9614
vn 0.1304 0.0539 0.9900
vn 0.0674 0.2363 0.9693
vn -0.0904 0.2312 0.9687
vn -0.1214 -0.0187 0.9924
vn -0.1222 0.0433 0.9916
vn -0.0257 0.0405 0.9988
vn 0.0557 0.0690 0.9961
vn -0.0927 -0.0798 0.9925
vn 0.0124 -0.0526 0.9985
vn 0.0568 0.0029 0.9984
vn 0.1762 0.0867 0.9805
vn -0.0907 0.0810 0.9926
vn -0.1151 -0.0630 0.9914
vn 0.0988 -0.1686 0.9807
vn 0.0185 -0.0915 0.9956
vn 0.0328 0.0098 0.9994
vn -0.0173 -0.1455 0.9892
vn 0.0482 -0.0966 0.9942
vn -0.0415 0.0651 0.9970
vn -0.0124 0.0337 0.9994
vn -0.0382 -0.0277 0.9989
vn 0.0522 -0.0719 0.9960
vn -0.0856 -0.0154 0.9962
vn 0.1496 0.0214 0.9885
vn -0.0575 -0.0263 0.9980
vn -0.0650 -0.0281 0.9975
vn 0.0590 -0.1011 0.9931
vn -0.0652 -0.0827 0.9944
vn 0.2734 -0.1591 0.9486
vn -0.1817 -0.1027 0.9780
vn 0.0749 -0.0664 0.9950
vn 0.1169 -0.1544 0.9811
vn -0.0620 -0.0915 0.9939
vn -0.1608 0.0777 0.9839
vn -0.0600 -0.0758 0.9953
vn -0.0489 -0.0418 0.9979
vn -0.0225 -0.1406 0.9898
vn -0.0765 -0.0551 0.9955
vn 0.2526 0.1202 0.9601
vn -0.1060 0.0283 0.9940
vn 0.1888 -0.1563 0.9695
vn -0.1066 -0.1272 0.9861
vn 0.0343 0.1253 0.9915
vn -0.1136 0.1799 0.9771
vn 0.0325 -0.1070 0.9937
vn 0.0965 -0.1331 0.9864
vn -0.0353 0.1167 0.9925
vn 0.1177 0.0796 0.9899
vn -0.0962 -0.1066 0.9896
vn 0.0341 -0.1269 0.9913
vn -0.1112 -0.1023 0.9885
vn 0.0099 -0.1880 0.9821
vn 0.0929 -0.1330 0.9868
vn 0.1496 0.0218 0.9885
vn -0.1096 0.0038 0.9940
vn 0.0438 0.0639 0.9970
vn -0.1033 0.0711 0.9921
vn 0.0375 0.0111 0.9992
vn 0.0358 -0.0447 0.9984
vn -0.1133 -0.1015 0.9884
vn 0.1171 -0.0664 0.9909
vn 0.1007 0.0407 0.9941
vn -0.0711 -0.0535 0.9960
vn 0.1210 0.0203 0.9924
vn -0.0844 -0.1189 0.9893
vn 0.0489 -0.1188 0.9917
vn -0.0172 0.1310 0.9912
vn 0.0129 0.1414 0.9899
vn 0.1058 -0.0183 0.9942
vn -0.1259 -0.0726 0.9894
vn 0.1297 -0.0269 0.9912
vn -0.0702 -0.0056 0.9975
vn 0.2184 -0.0648 0.9737
vn -0.0150 0.1555 0.9877
vn -0.2017 0.3036 0.9312
vn 0.0086 -0.0080 0.9999
vn 0.1033 -0.1802 0.9782
vn -0.0657 -0.1477 0.9868
vn 0.0953 0.0374 0.9947
vn -0.0232 0.2245 0.9742
vn -0.0847 0.2182 0.9722
vn -0.0976 0.3291 0.9392
vn 0.1701 0.1499 0.9740
vn -0.0065 -0.1280 0.9918
vn 0.0994 -0.0543 0.9936
vn -0.0825 -0.0151 0.9965
vn 0.0874 0.0226 0.9959
vn -0.0400 0.2390 0.9702
vn -0.1078 0.0295 0.9937
vn -0.0715 0.0425 0.9965
vn 0.0802 0.0114 0.9967
vn 0.1976 -0.0481 0.9791
vn -0.1134 0.1056 0.9879
vn 0.0525 -0.0571 0.9970
vn -0.1225 0.2820 0.9516
vn 0.2171 0.4982 0.8394
vn -0.0779 0.0754 0.9941
vn 0.0695 0.0662 0.9954
vn -0.0325 0.1316 0.9908
vn -0.1185 0.1099 0.9869
vn 0.2343 0.1879 0.9538
vn -0.1003 0.1470 0.9840
vn 0.0126 -0.0062 0.9999
vn 0.0927 -0.2134 0.9725
vn -0.0543 -0.1272 0.9904
vn -0.1500 0.0810 0.9854
vn 0.2938 0.2838 0.9128
vn -0.1347 0.2274 0.9644
vn 0.0647 -0.0720 0.9953
vn 0.0259 -0.1633 0.9862
vn -0.0296 -0.0953 0.9950
vn -0.0029 -0.0664 0.9978
vn -0.0291 0.0111 0.9995
vn -0.1261 -0.0219 0.9918
vn 0.5793 0.0346 0.8144
vn -0.2065 0.1225 0.9708
vn 0.0473 -0.0680 0.9966
vn 0.0977 -0.1353 0.9860
vn -0.1883 0.0423 0.9812
vn 0.1239 0.1280 0.9840
vn -0.0781 0.1775 0.9810
vn 0.2814 0.1372 0.9497
vn -0.1016 -0.0247 0.9945
vn -0.0628 0.0132 0.9979
vn -0.0324 -0.0631 0.9975
vn 0.0409 -0.1274 0.9910
vn -0.0794 -0.0084 0.9968
vn 0.0514 -0.0126 0.9986
vn 0.0161 -0.0383 0.9991
vn -0.0068 0.1477 0.9890
vn -0.0824 -0.0308 0.9961
vn 0.0566 -0.1317 0.9897
vn -0.0595 0.0949 0.9937
vn 0.0853 0.3049 0.9486
vn -0.0539 0.1011 0.9934
vn -0.1263 -0.1051 0.9864
vn 0.1224 -0.2403 0.9630
vn 0.0075 -0.1792 0.9838
vn -0.0748 0.0526 0.9958
vn -0.0067 -0.0035 1.0000
vn 0.0435 -0.0472 0.9979
vn 0.0752 0.0691 0.9948
vn 0.0058 0.0879 0.9961
vn -0.1834 0.0807 0.9797
vn 0.3212 -0.1391 0.9368
vn -0.0129 -0.1076 0.9941
vn -0.1140 0.1466 0.9826
vn 0.1117 0.0569 0.9921
vn -0.0520 0.0197 0.9985
vn -0.0300 0.0170 0.9994
vn 0.0725 -0.0328 0.9968
vn -0.0376 -0.0591 0.9975
vn -0.0364 -0.0905 0.9952
vn 0.0358 0.0296 0.9989
vn -0.1755 -0.0003 0.9845
vn 0.0489 -0.1010 0.9937
vn 0.0578 -0.0834 0.9948
vn -0.0182 -0.0034 0.9998
vn 0.0662 0.0011 0.9978
vn -0.0138 -0.1130 0.9935
vn -0.1304 -0.0364 0.9908
vn 0.2216 0.1339 0.9659
vn -0.0872 -0.0707 0.9937
vn 0.1110 -0.1822 0.9770
vn -0.0546 -0.0227 0.9983
vn -0.1534 0.2502 0.9560
vn 0.0246 0.3834 0.9233
vn 0.1811 0.2952 0.9381
vn -0.1274 -0.0349 0.9912
vn -0.0236 -0.0753 0.9969
vn 0.3656 0.2054 0.9078
vn -0.0168 0.1612 0.9868
vn -0.0189 0.0164 0.9997
vn -0.1678 -0.0191 0.9856
vn 0.0466 -0.0480 0.9978
vn 0.1158 -0.1391 0.9835
vn 0.0450 -0.1085 0.9931
vn 0.0233 0.0716 0.9972
vn -0.0852 -0.0209 0.9961
vn 0.0224 -0.0108 0.9997
vn 0.1261 0.1529 0.9802
vn -0.1232 0.0901 0.9883
vn 0.0459 0.1537 0.9871
vn -0.0223 0.0187 0.9996
vn -0.1329 -0.0775 0.9881
vn 0.0844 0.0835 0.9929
vn 0.0113 0.0207 0.9997
vn 0.0946 -0.0069 0.9955
vn -0.1069 -0.0812 0.9910
vn -0.0098 -0.1362 0.9906
vn -0.0308 -0.1031 0.9942
vn 0.1182 -0.1639 0.9794
vn -0.1304 -0.0698 0.9890
vn 0.1277 -0.0463 0.9907
vn 0.0430 -0.1098 0.9930
vn 0.0191 -0.0979 0.9950
vn -0.0686 -0.0723 0.9950
vn 0.0346 -0.1618 0.9862
vn -0.0423 0.0914 0.9949
vn -0.0366 0.3018 0.9527
vn 0.0132 -0.1645 0.9863
vn 0.0995 -0.2382 0.9661
vn -0.0878 -0.0977 0.9913
vn -0.0406 -0.0031 0.9992
vn -0.0290 0.1322 0.9908
vn 0.0661 0.0928 0.9935
vn -0.0255 -0.0795 0.9965
vn 0.1724 -0.1830 0.9679
vn -0.1549 -0.0356 0.9873
vn 0.2165 -0.0049 0.9763
vn -0.0328 -0.0964 0.9948
vn 0.0455 -0.0497 0.9977
vn 0.0001 0.0580 0.9983
vn 0.0371 0.2232 0.9741
vn 0.1131 0.1442 0.9831
vn -0.0522 0.0860 0.9949
vn 0.0225 0.0235 0.9995
vn 0.0766 0.0456 0.9960
vn -0.1644 0.0564 0.9848
vn 0.0705 0.1756 0.9819
vn 0.0357 0.3039 0.9520
vn -0.0802 0.1541 0.9848
vn -0.0486 -0.0246 0.9985
vn 0.0375 -0.0386 0.9986
vn 0.0842 -0.0121 0.9964
vn 0.1459 0.1299 0.9807
vn -0.1726 0.0400 0.9842
vn 0.1353 0.1197 0.9835
vn 0.1410 0.0487 0.9888
vn -0.1264 -0.0702 0.9895
vn -0.1433 0.0321 0.9892
vn 0.2520 0.0293 0.9673
vn -0.0566 -0.0191 0.9982
vn 0.1670 0.1040 0.9805
vn -0.0745 0.0841 0.9937
vn 0.0267 0.0477 0.9985
vn -0.1501 0.0306 0.9882
vn 0.4066 0.1241 0.9051
vn -0.1680 0.0214 0.9856
vn 0.3310 0.0578 0.9418
vn -0.1781 0.0287 0.9836
vn 0.0625 -0.1595 0.9852
vn 0.0553 -0.1690 0.9841
vn 0.1305 -0.1442 0.9809
vn 0.1831 -0.2378 0.9539
vn -0.0911 -0.1418 0.9857
vn 0.2142 -0.0506 0.9755
vn -0.0674 -0.0370 0.9970
vn 0.0130 -0.0083 0.9999
vn -0.0856 -0.0306 0.9959
vn 0.0898 -0.1798 0.9796
vn 0.1444 0.1855 0.9720
vn -0.1394 0.5600 0.8167
vn -0.1625 0.1943 0.9674
vn 0.0777 -0.0382 0.9962
vn 0.1677 -0.1101 0.9797
vn -0.1723 -0.0160 0.9849
vn 0.1812 -0.0360 0.9828
vn -0.0666 -0.1019 0.9926
vn -0.0247 -0.0535 0.9983
vn 0.0688 0.2171 0.9737
vn 0.0103 0.2693 0.9630
vn -0.0600 0.0690 0.9958
vn 0.0298 -0.1157 0.9928
vn 0.0871 -0.0694 0.9938
vn -0.1017 -0.0087 0.9948
vn -0.0079 0.0253 0.9996
vn 0.0470 -0.0766 0.9960
vn -0.0166 -0.0558 0.9983
vn 0.0764 -0.0586 0.9954
vn -0.1054 -0.1050 0.9889
vn 0.2069 0.3358 0.9189
vn -0.0887 0.1645 0.9824
vn 0.0120 -0.1377 0.9904
vn -0.0707 0.2419 0.9677
vn 0.0652 0.0611 0.9960
vn 0.1580 0.0380 0.9867
vn -0.0721 -0.0256 0.9971
vn 0.0142 -0.0615 0.9980
vn -0.0800 -0.0248 0.9965
vn -0.0325 0.0130 0.9994
vn 0.3349 -0.2440 0.9101
vn -0.0929 -0.2226 0.9705
vn -0.0767 -0.0693 0.9946
vn -0.1153 0.0102 0.9933
vn 0.1602 -0.1298 0.9785
vn -0.0664 -0.0614 0.9959
vn 0.2006 0.1019 0.9744
vn -0.0396 0.2630 0.9640
vn -0.0516 0.2090 0.9765
vn 0.1659 0.0263 0.9858
vn -0.0530 -0.0007 0.9986
vn -0.1044 0.0196 0.9943
vn -0.0892 0.0318 0.9955
vn 0.2419 -0.0442 0.9693
vn -0.0906 0.0394 0.9951
vn -0.0067 0.0290 0.9996
vn -0.0813 -0.0044 0.9967
vn 0.1523 -0.0127 0.9883
vn -0.0928 -0.0402 0.9949
vn 0.0869 0.0729 0.9935
vn 0.0735 -0.1309 0.9887
vn -0.0788 -0.1161 0.9901
vn -0.0271 0.1193 0.9925
vn -0.2117 -0.0909 0.9731
vn 0.0487 -0.0991 0.9939
vn 0.2872 0.0065 0.9578
vn 0.0330 -0.1353 0.9903
vn -0.1415 -0.0643 0.9878
vn 0.0923 0.0828 0.9923
vn 0.0269 0.0011 0.9996
vn 0.1737 -0.0331 0.9842
vn -0.1890 0.1414 0.9717
vn 0.0321 0.0673 0.9972
vn 0.1269 -0.1525 0.9801
vn -0.2164 -0.0770 0.9733
vn 0.0543 -0.0644 0.9964
vn 0.0779 -0.0517 0.9956
vn 0.2193 -0.0470 0.9745
vn -0.1078 0.1354 0.9849
vn -0.1030 0.1050 0.9891
vn 0.1325 0.2215 0.9661
vn -0.0974 0.2088 0.9731
vn -0.0265 -0.0942 0.9952
vn 0.0539 -0.1263 0.9905
vn -0.0333 -0.0060 0.9994
vn 0.0422 0.0895 0.9951
vn 0.0197 0.0667 0.9976
vn 0.0209 0.0729 0.9971
vn 0.1255 -0.1200 0.9848
vn -0.0519 -0.1542 0.9867
vn -0.0932 -0.0782 0.9926
vn 0.0984 -0.0273 0.9948
vn -0.0708 0.1293 0.9891
vn 0.0328 0.1861 0.9820
vn 0.1013 -0.0584 0.9931
vn -0.0377 -0.0442 0.9983
vn -0.1466 -0.0236 0.9889
vn -0.2105 0.2198 0.9526
vn -0.0893 -0.1478 0.9850
vn 0.0730 0.0178 0.9972
vn 0.0250 -0.0859 0.9960
vn -0.0324 0.0566 0.9979
vn -0.0496 0.0373 0.9981
vn -0.1191 -0.0314 0.9924
vn -0.0167 0.0465 0.9988
vn -0.0659 0.0857 0.9941
vn -0.0946 -0.0636 0.9935
vn 0.0807 0.1182 0.9897
vn 0.2513 -0.0728 0.9652
vn 0.0466 -0.0498 0.9977
vn -0.0251 -0.0604 0.9979
vn 0.0792 0.0616 0.9949
vn 0.1371 0.0161 0.9904
vn 0.1483 0.0436 0.9880
vn 0.2096 -0.1318 0.9689
vn 0.1435 0.0884 0.9857
vn -0.0671 0.1527 0.9860
vn -0.0086 -0.1486 0.9889
vn 0.0382 0.0711 0.9967
vn -0.0130 0.0318 0.9994
vn 0.0323 0.0032 0.9995
vn -0.1815 -0.0185 0.9832
vn -0.2238 0.1096 0.9685
vn 0.0612 -0.1879 0.9803
vn 0.0770 0.1502 0.9857
vn 0.0129 -0.0738 0.9972
vn 0.0087 -0.0499 0.9987
vn -0.0658 0.1416 0.9877
vn 0.0730 0.1240 0.9896
vn 0.1335 -0.1410 0.9810
vn -0.1102 -0.0574 0.9923
vn 0.0837 -0.0276 0.9961
vn -0.1121 0.0492 0.9925
vn 0.0383 0.0089 0.9992
vn -0.0919 -0.0323 0.9952
vn 0.3390 -0.0040 0.9408
vn -0.0468 -0.1319 0.9902
vn -0.2120 -0.0121 0.9772
vn 0.0469 0.0956 0.9943
vn 0.1368 -0.0234 0.9903
vn -0.0095 -0.1589 0.9873
vn -0.0405 -0.1809 0.9827
vn 0.1486 -0.0735 0.9862
vn -0.0258 0.0440 0.9987
vn 0.1473 0.1139 0.9825
vn -0.1783 0.0598 0.9821
vn 0.2702 -0.0969 0.9579
vn -0.0648 -0.1502 0.9865
vn 0.0061 -0.0505 0.9987
vn -0.1150 0.0992 0.9884
vn 0.1608 -0.0002 0.9870
vn -0.0649 -0.0826 0.9945
vn -0.0510 -0.0575 0.9970
vn 0.0338 -0.0510 0.9981
vn 0.1494 -0.0627 0.9868
vn -0.2431 -0.0046 0.9700
vn 0.2347 -0.0559 0.9704
vn -0.0936 0.3034 0.9482
vn -0.0878 -0.0619 0.9942
vn 0.0127 -0.0690 0.9975
vn 0.0058 -0.1537 0.9881
vn 0.1874 0.2300 0.9550
vn 0.2920 0.0513 0.9550
vn 0.2863 0.0818 0.9546
vn 0.0827 -0.0916 0.9924
vn 0.1615 -0.0552 0.9853
vn 0.4908 0.1706 0.8544
vn 0.1630 -0.1398 0.9767
vn 0.1356 0.1518 0.9791
vn 0.0959 -0.0481 0.9942
vn 0.0592 -0.0908 0.9941
vn 0.0708 0.4315 0.8993
vn -0.1020 -0.1254 0.9868
vn -0.0361 0.0044 0.9993
vn 0.2663 0.1846 0.9460
vn 0.0615 0.1018 0.9929
vn -0.0160 -0.1900 0.9817
vn -0.0159 -0.1470 0.9890
vn -0.0680 0.4100 0.9096
vn -0.0403 -0.0707 0.9967
vn -0.1973 -0.0330 0.9798
vn -0.2788 0.0380 0.9596
vn -0.1444 0.0031 0.9895
vn 0.1188 -0.1184 0.9858
vn 0.2368 0.0115 0.9715
vn 0.0702 0.0423 0.9966
vn -0.2094 0.1162 0.9709
vn 0.0199 -0.1150 -0.9932
vn -0.2499 0.0822 -0.9648
vn 0.0017 -0.0484 -0.9988
vn 0.1015 -0.0150 -0.9947
vn -0.1346 0.0285 -0.9905
vn -0.0015 -0.0729 -0.9973
vn 0.0579 0.1260 -0.9903
vn -0.0527 0.2351 -0.9705
vn 0.0806 0.0426 -0.9958
vn -0.1071 0.0028 -0.9942
vn 0.1357 -0.0886 -0.9868
vn -0.2731 -0.5509 -0.7886
vn 0.1410 -0.2354 -0.9616
vn -0.1106 0.0696 -0.9914
vn 0.0103 0.1785 -0.9839
vn 0.1360 0.1511 -0.9791
vn -0.2449 0.2340 -0.9409
vn 0.0581 0.0582 -0.9966
vn 0.1574 -0.1187 -0.9804
vn -0.2307 -0.1750 -0.9572
vn 0.0117 -0.1583 -0.9873
vn -0.0013 -0.0422 -0.9991
vn 0.0352 0.0332 -0.9988
vn -0.0748 0.0401 -0.9964
vn 0.0825 0.0178 -0.9964
vn 0.0438 0.1133 -0.9926
vn -0.0161 0.0985 -0.9950
vn -0.3774 -0.1170 -0.9186
vn 0.1700 0.0233 -0.9852
vn -0.0543 0.1412 -0.9885
vn 0.2058 -0.1160 -0.9717
vn -0.2480 -0.1055 -0.9630
vn -0.0231 0.0640 -0.9977
vn 0.1170 0.0363 -0.9925
vn -0.1848 -0.0021 -0.9828
vn 0.0745 0.1154 -0.9905
vn 0.0961 0.0523 -0.9940
vn 0.0166 0.0531 -0.9984
vn -0.1721 0.1188 -0.9779
vn -0.0456 -0.0594 -0.9972
vn 0.0487 0.0012 -0.9988
vn -0.3596 0.0730 -0.9302
vn 0.2461 0.0203 -0.9690
vn -0.1322 -0.1490 -0.9800
vn 0.1139 -0.1899 -0.9752
vn 0.1271 -0.1698 -0.9772
vn -0.0648 -0.0637 -0.9959
vn -0.2327 0.0828 -0.9690
vn 0.1779 0.0571 -0.9824
vn -0.1142 0.1703 -0.9788
vn -0.0639 0.1472 -0.9870
vn 0.0183 0.0049 -0.9998
vn 0.0419 -0.0440 -0.9982
vn 0.0564 0.0788 -0.9953
vn -0.0054 0.1311 -0.9914
vn 0.0952 -0.0123 -0.9954
vn -0.3341 -0.2147 -0.9178
vn -0.1521 -0.0455 -0.9873
vn 0.1568 -0.0591 -0.9859
vn -0.0979 -0.3127 -0.9448
vn 0.1507 -0.1506 -0.9770
vn 0.0038 -0.1445 -0.9895
vn -0.0044 -0.0398 -0.9992
vn 0.0714 -0.0666 -0.9952
vn -0.0213 0.0326 -0.9992
vn 0.0849 0.0245 -0.9961
vn -0.2633 -0.2343 -0.9358
vn 0.2238 -0.2049 -0.9529
vn -0.2430 -0.0922 -0.9656
vn -0.0040 0.1030 -0.9947
vn 0.0445 0.0811 -0.9957
vn -0.0904 0.1834 -0.9789
vn -0.0151 0.0931 -0.9955
vn -0.0809 -0.0862 -0.9930
vn 0.1004 0.0494 -0.9937
vn 0.1110 0.0493 -0.9926
vn -0.0158 -0.0041 -0.9999
vn -0.1006 0.0063 -0.9949
vn 0.0257 -0.1462 -0.9889
vn 0.0882 -0.2808 -0.9557
vn -0.2185 -0.1138 -0.9692
vn 0.0757 0.0436 -0.9962
vn -0.0422 0.0768 -0.9962
vn 0.1168 -0.0833 -0.9897
vn 0.0397 -0.0558 -0.9977
vn -0.2341 -0.1632 -0.9584
vn -0.0398 -0.0911 -0.9951
vn -0.0171 0.0949 -0.9953
vn 0.0295 0.0837 -0.9961
vn -0.1478 0.0754 -0.9861
vn 0.0315 0.1722 -0.9846
vn 0.0558 0.1283 -0.9902
vn 0.0023 0.1292 -0.9916
vn -0.0817 0.0429 -0.9957
vn 0.1092 -0.0775 -0.9910
vn -0.0737 -0.1318 -0.9885
vn -0.1127 0.0120 -0.9936
vn 0.1189 0.0436 -0.9920
vn -0.1149 -0.1814 -0.9767
vn 0.1183 -0.0849 -0.9893
vn -0.0309 -0.0195 -0.9993
vn 0.0988 0.0142 -0.9950
vn -0.2969 0.1267 -0.9465
vn 0.0033 0.0846 -0.9964
vn 0.1135 0.0575 -0.9919
vn 0.0457 -0.0023 -0.9990
vn -0.2053 -0.2348 -0.9501
vn 0.0159 -0.2620 -0.9649
vn -0.1247 -0.0855 -0.9885
vn 0.1325 0.0142 -0.9911
vn -0.0485 0.0270 -0.9985
vn 0.0472 -0.0375 -0.9982
vn 0.0154 -0.0463 -0.9988
vn -0.0146 0.0453 -0.9989
vn 0.0208 -0.1677 -0.9856
vn -0.2185 -0.1230 -0.9681
vn 0.0571 -0.0249 -0.9981
vn 0.0697 -0.0164 -0.9974
vn 0.0370 0.0765 -0.9964
vn -0.2174 0.0787 -0.9729
vn -0.1303 0.0303 -0.9910
vn -0.0008 -0.1995 -0.9799
vn 0.0716 -0.1818 -0.9807
vn -0.0147 0.0693 -0.9975
vn 0.0391 0.1454 -0.9886
vn -0.1009 0.1122 -0.9885
vn -0.0256 0.0286 -0.9993
vn 0.0833 0.0162 -0.9964
vn -0.1069 0.1204 -0.9870
vn 0.0668 0.0113 -0.9977
vn 0.0929 0.0194 -0.9955
vn 0.0168 0.0228 -0.9996
vn -0.2308 -0.1152 -0.9662
vn 0.0007 0.0243 -0.9997
vn 0.0929 0.0036 -0.9957
vn -0.1265 -0.1379 -0.9823
vn 0.0007 0.0478 -0.9989
vn 0.0004 0.1746 -0.9846
vn 0.0191 0.1319 -0.9911
vn 0.0655 0.0978 -0.9930
vn -0.0377 0.0469 -0.9982
vn -0.1073 -0.0152 -0.9941
vn 0.0655 -0.1034 -0.9925
vn 0.0173 -0.1307 -0.9913
vn -0.1375 -0.0313 -0.9900
vn -0.0163 -0.0914 -0.9957
vn 0.0446 0.0108 -0.9989
vn 0.0529 -0.0290 -0.9982
vn -0.0441 -0.3019 -0.9523
vn 0.0925 0.0108 -0.9957
vn -0.2789 0.0353 -0.9597
vn 0.0015 0.0996 -0.9950
vn 0.0351 0.0797 -0.9962
vn 0.0756 -0.0906 -0.9930
vn -0.0013 -0.1817 -0.9834
vn -0.0102 -0.0351 -0.9993
vn -0.1632 0.0392 -0.9858
vn 0.0699 -0.1124 -0.9912
vn 0.0558 -0.0716 -0.9959
vn -0.0960 0.0546 -0.9939
vn 0.0978 -0.1571 -0.9827
vn -0.1433 -0.4330 -0.8899
vn 0.1000 0.0154 -0.9949
vn -0.1010 0.0932 -0.9905
vn 0.0712 -0.0188 -0.9973
vn -0.1248 0.0553 -0.9906
vn 0.0435 -0.0837 -0.9955
vn 0.0791 -0.1193 -0.9897
vn -0.1720 -0.1646 -0.9713
vn 0.1742 -0.1413 -0.9745
vn -0.2493 -0.1670 -0.9539
vn 0.0877 -0.0059 -0.9961
vn -0.0705 0.1256 -0.9896
vn 0.0077 0.0085 -0.9999
vn -0.1231 -0.0935 -0.9880
vn 0.0125 0.0247 -0.9996
vn 0.1029 0.0322 -0.9942
vn -0.1750 -0.0637 -0.9825
vn 0.0251 0.0089 -0.9996
vn 0.1769 -0.0656 -0.9820
vn -0.2321 -0.1452 -0.9618
vn 0.0713 -0.0548 -0.9960
vn -0.1669 -0.1937 -0.9667
vn 0.0628 -0.1659 -0.9841
vn 0.0494 -0.0456 -0.9977
vn 0.0882 -0.0109 -0.9960
vn -0.1727 0.0188 -0.9848
vn -0.0096 0.0733 -0.9973
vn 0.0935 0.0236 -0.9953
vn -0.3012 -0.1983 -0.9327
vn 0.0155 -0.1450 -0.9893
vn 0.0591 0.0931 -0.9939
vn 0.1142 -0.0258 -0.9931
vn -0.1094 -0.1062 -0.9883
vn -0.0025 -0.0404 -0.9992
vn -0.0043 -0.0793 -0.9968
vn -0.1826 0.0021 -0.9832
vn 0.1672 -0.0211 -0.9857
vn -0.1905 0.0989 -0.9767
vn 0.0019 -0.1599 -0.9871
vn 0.1229 -0.0175 -0.9923
vn 0.0540 0.1236 -0.9909
vn -0.2688 -0.1414 -0.9528
vn 0.0825 -0.0289 -0.9962
vn 0.0105 0.1799 -0.9836
vn -0.1014 0.1306 -0.9862
vn 0.1399 0.0439 -0.9892
vn -0.0707 0.2011 -0.9770
vn -0.0368 0.1555 -0.9871
vn 0.1005 0.0951 -0.9904
vn -0.1336 0.0485 -0.9899
vn 0.0328 0.0219 -0.9992
vn -0.0757 0.1147 -0.9905
vn 0.0358 0.1271 -0.9913
vn 0.0385 0.0258 -0.9989
vn 0.0232 -0.1034 -0.9944
vn -0.0330 -0.0981 -0.9946
vn 0.0020 -0.0110 -0.9999
vn -0.2696 -0.4541 -0.8492
vn 0.0109 -0.2252 -0.9743
vn 0.1050 0.1243 -0.9867
vn 0.0891 0.0639 -0.9940
vn -0.0793 0.0443 -0.9959
vn 0.0535 0.0325 -0.9980
vn 0.0186 0.1279 -0.9916
vn 0.0158 0.1731 -0.9848
vn -0.1923 0.1562 -0.9688
vn 0.1428 0.0995 -0.9847
vn -0.4050 -0.0822 -0.9106
vn 0.0624 0.0720 -0.9955
vn 0.1302 0.0528 -0.9901
vn -0.0575 -0.2835 -0.9572
vn -0.2431 -0.0721 -0.9673
vn 0.1704 0.0023 -0.9854
vn 0.1208 -0.0036 -0.9927
vn -0.2190 0.1236 -0.9679
vn 0.0787 0.0030 -0.9969
vn 0.0362 -0.1733 -0.9842
vn -0.1722 -0.0742 -0.9823
vn 0.0765 -0.1905 -0.9787
vn -0.0231 -0.2050 -0.9785
vn -0.0009 -0.0624 -0.9980
vn 0.0371 -0.0715 -0.9967
vn -0.0383 -0.0612 -0.9974
vn 0.0798 0.0346 -0.9962
vn -0.0991 0.0898 -0.9910
vn 0.1047 0.0939 -0.9901
vn -0.0776 0.1118 -0.9907
vn -0.2036 0.2514 -0.9462
vn 0.1640 0.2276 -0.9598
vn -0.0165 0.1308 -0.9913
vn -0.0588 -0.1085 -0.9924
vn 0.0176 -0.1503 -0.9885
vn -0.0214 -0.1216 -0.9924
vn 0.1664 -0.1339 -0.9769
vn -0.1277 -0.2648 -0.9558
vn -0.1647 -0.2314 -0.9588
vn 0.1128 -0.1846 -0.9763
vn -0.2101 0.0355 -0.9770
vn 0.1139 0.0611 -0.9916
vn -0.1839 -0.2076 -0.9608
vn 0.1148 0.0227 -0.9931
vn -0.0801 0.1212 -0.9894
vn 0.1213 0.1123 -0.9862
vn -0.1572 -0.1384 -0.9778
vn 0.1148 -0.2469 -0.9622
vn -0.0391 0.0786 -0.9961
vn -0.0023 0.0783 -0.9969
vn -0.1015 0.0003 -0.9948
vn 0.0224 0.1053 -0.9942
vn -0.0090 0.0006 -1.0000
vn 0.0005 -0.1326 -0.9912
vn 0.0905 -0.0333 -0.9953
vn -0.0787 -0.0286 -0.9965
vn 0.1364 -0.1111 -0.9844
vn -0.0193 -0.0378 -0.9991
vn 0.0428 -0.0839 -0.9956
vn -0.0527 -0.1491 -0.9874
vn 0.0039 -0.0235 -0.9997
vn 0.0281 -0.1927 -0.9809
vn 0.0257 -0.1370 -0.9902
vn -0.0318 0.1507 -0.9881
vn -0.0742 0.1291 -0.9889
vn 0.0519 0.0814 -0.9953
vn 0.0746 0.1003 -0.9922
vn -0.0717 0.1074 -0.9916
vn 0.0419 0.2048 -0.9779
vn -0.2060 0.1766 -0.9625
vn 0.1181 -0.0630 -0.9910
vn -0.1095 -0.0113 -0.9939
vn 0.0080 0.1016 -0.9948
vn 0.0883 0.0448 -0.9951
vn 0.0736 0.0693 -0.9949
vn 0.0523 0.0929 -0.9943
vn -0.6093 0.0639 -0.7904
vn 0.2222 -0.0102 -0.9750
vn 0.0802 -0.0472 -0.9957
vn -0.1371 -0.0267 -0.9902
vn -0.0515 -0.0194 -0.9985
vn 0.0713 -0.0402 -0.9966
vn -0.1938 0.2215 -0.9557
vn -0.0749 0.0813 -0.9939
vn 0.1646 0.0462 -0.9853
vn -0.1389 0.1145 -0.9837
vn 0.0173 0.0060 -0.9998
vn 0.0796 -0.1065 -0.9911
vn -0.0557 -0.0516 -0.9971
vn 0.0793 0.0330 -0.9963
vn -0.0091 0.0483 -0.9988
vn -0.1446 0.0510 -0.9882
vn 0.1090 -0.0561 -0.9925
vn 0.0623 -0.2026 -0.9773
vn -0.0622 -0.0182 -0.9979
vn 0.0057 -0.0076 -1.0000
vn 0.0277 -0.1890 -0.9816
vn 0.0599 -0.0892 -0.9942
vn 0.0552 -0.1478 -0.9875
vn -0.5051 -0.2180 -0.8351
vn 0.1040 -0.0004 -0.9946
vn -0.1384 -0.0938 -0.9859
vn 0.1605 -0.0332 -0.9865
vn -0.0701 0.0320 -0.9970
vn 0.1334 -0.1723 -0.9760
vn -0.0910 -0.5381 -0.8379
vn -0.3215 -0.2789 -0.9049
vn 0.1682 0.0744 -0.9829
vn 0.0120 0.0121 -0.9999
vn -0.2940 -0.2467 -0.9234
vn 0.0774 -0.1493 -0.9858
vn 0.0021 -0.0707 -0.9975
vn -0.2175 -0.1187 -0.9688
vn -0.0791 0.1073 -0.9911
vn 0.1376 0.0637 -0.9884
vn -0.1464 0.0141 -0.9891
vn 0.0160 0.1023 -0.9946
vn -0.0788 0.0777 -0.9939
vn 0.0831 0.0087 -0.9965
vn -0.0772 -0.1102 -0.9909
vn 0.0360 -0.2789 -0.9597
vn 0.0059 -0.0355 -0.9994
vn 0.0443 0.1256 -0.9911
vn -0.1778 0.0255 -0.9837
vn 0.1697 -0.1388 -0.9757
vn -0.0870 -0.0084 -0.9962
vn -0.0611 -0.0074 -0.9981
vn 0.1385 -0.0727 -0.9877
vn -0.0950 -0.0826 -0.9920
vn 0.0144 0.0761 -0.9970
vn 0.0314 0.1490 -0.9883
vn -0.2209 0.1115 -0.9689
vn 0.1852 0.0235 -0.9824
vn -0.0685 0.0162 -0.9975
vn -0.0024 0.0890 -0.9960
vn -0.0771 0.1604 -0.9840
vn 0.0374 0.1485 -0.9882
vn 0.0604 -0.0157 -0.9980
vn 0.0256 -0.0688 -0.9973
vn -0.2751 0.0877 -0.9574
vn 0.1385 0.0988 -0.9854
vn -0.0639 0.0786 -0.9949
vn 0.0947 0.0011 -0.9955
vn 0.0156 0.1124 -0.9935
vn 0.0351 0.0950 -0.9949
vn -0.1563 0.0501 -0.9864
vn 0.0162 -0.0842 -0.9963
vn -0.1602 -0.1059 -0.9814
vn 0.1277 -0.0016 -0.9918
vn -0.1078 0.1094 -0.9881
vn 0.0237 0.1594 -0.9869
vn 0.0913 0.0831 -0.9924
vn 0.0720 0.0479 -0.9963
vn -0.1992 0.1708 -0.9650
vn -0.0673 0.0475 -0.9966
vn 0.1597 -0.0428 -0.9862
vn -0.0658 0.1707 -0.9831
vn -0.0410 0.0541 -0.9977
vn -0.0009 -0.0606 -0.9982
vn 0.1301 0.0297 -0.9911
vn -0.0911 -0.0276 -0.9955
vn -0.0175 0.0876 -0.9960
vn -0.0355 0.0713 -0.9968
vn 0.1208 0.0340 -0.9921
vn -0.0501 0.1060 -0.9931
vn 0.0304 0.1006 -0.9945
vn -0.1899 0.0439 -0.9808
vn -0.0521 -0.1076 -0.9928
vn 0.0834 -0.0814 -0.9932
vn -0.1429 -0.0678 -0.9874
vn 0.1624 0.0662 -0.9845
vn -0.1068 0.1275 -0.9861
vn -0.0182 -0.0202 -0.9996
vn 0.1321 -0.1768 -0.9753
vn -0.1256 -0.2613 -0.9571
vn -0.0667 -0.2061 -0.9762
vn -0.0764 -0.0152 -0.9970
vn -0.0452 -0.0165 -0.9988
vn 0.1217 -0.0218 -0.9923
vn -0.0314 -0.0728 -0.9969
vn 0.0418 -0.0568 -0.9975
vn -0.0411 -0.1172 -0.9923
vn 0.1389 -0.1406 -0.9803
vn -0.1606 -0.1688 -0.9725
vn -0.0931 0.0645 -0.9936
vn 0.1171 0.0674 -0.9908
vn 0.0288 -0.0994 -0.9946
vn -0.4893 -0.1545 -0.8583
vn 0.2092 -0.0215 -0.9776
vn 0.0146 -0.0254 -0.9996
vn -0.1584 -0.2056 -0.9657
vn 0.0440 -0.3821 -0.9231
vn -0.1116 -0.3526 -0.9291
vn 0.1829 -0.1603 -0.9700
vn 0.0549 -0.0919 -0.9943
vn -0.0702 -0.0904 -0.9934
vn -0.2066 -0.1061 -0.9727
vn 0.0246 0.1134 -0.9932
vn 0.0502 0.1289 -0.9904
vn -0.0304 0.1511 -0.9881
vn 0.1188 0.0372 -0.9922
vn -0.0992 -0.0479 -0.9939
vn -0.3445 0.0471 -0.9376
vn 0.1288 -0.0649 -0.9895
vn -0.0650 -0.0022 -0.9979
vn 0.0931 0.1309 -0.9870
vn -0.1463 0.1030 -0.9839
vn -0.0030 0.0570 -0.9984
vn 0.1311 0.1133 -0.9849
vn -0.2169 0.1022 -0.9708
vn 0.1062 -0.0120 -0.9943
vn -0.2004 -0.0057 -0.9797
vn 0.1950 0.0093 -0.9808
vn -0.1369 0.0995 -0.9856
vn 0.0587 0.0294 -0.9978
vn -0.1337 -0.1157 -0.9842
vn 0.1000 -0.0757 -0.9921
vn -0.2311 0.0923 -0.9685
vn 0.1550 0.0420 -0.9870
vn -0.0113 -0.0255 -0.9996
vn -0.1384 0.0701 -0.9879
vn -0.0497 0.1302 -0.9902
vn 0.0716 0.1308 -0.9888
vn 0.0773 0.1066 -0.9913
vn 0.0531 -0.0484 -0.9974
vn -0.2852 -0.2983 -0.9109
vn 0.1268 -0.0018 -0.9919
vn -0.0510 0.0076 -0.9987
vn 0.0873 -0.0612 -0.9943
vn 0.0026 -0.0202 -0.9998
vn 0.0092 0.0056 -0.9999
vn -0.0824 -0.0317 -0.9961
vn 0.0102 -0.0649 -0.9978
vn -0.1443 0.0679 -0.9872
vn 0.0938 -0.1257 -0.9876
vn 0.1322 -0.0921 -0.9869
vn -0.1345 0.0166 -0.9908
vn 0.0712 0.1358 -0.9882
vn -0.0452 -0.0809 -0.9957
vn -0.0256 -0.0669 -0.9974
vn 0.0839 0.1343 -0.9874
vn -0.1631 0.1541 -0.9745
vn 0.1632 0.0835 -0.9831
vn -0.3147 -0.0843 -0.9455
vn 0.0064 -0.2068 -0.9784
vn -0.0555 -0.0412 -0.9976
vn 0.0766 -0.0251 -0.9967
vn 0.0038 -0.0230 -0.9997
vn 0.0197 0.0698 -0.9974
vn -0.1322 -0.1229 -0.9836
vn 0.0525 -0.1077 -0.9928
vn 0.0389 0.0942 -0.9948
vn 0.0282 0.1103 -0.9935
vn 0.0220 0.0230 -0.9995
vn -0.1328 -0.0468 -0.9900
vn 0.0702 0.1468 -0.9867
vn -0.0078 0.1204 -0.9927
vn -0.0653 -0.0515 -0.9965
vn -0.0319 -0.1270 -0.9914
vn 0.0444 -0.3199 -0.9464
vn 0.0384 -0.2620 -0.9643
vn 0.0323 -0.0371 -0.9988
vn 0.1653 0.0517 -0.9849
vn -0.2140 0.0737 -0.9740
vn 0.0444 0.1272 -0.9909
vn 0.1373 0.1082 -0.9846
vn -0.0354 0.1360 -0.9901
vn 0.0744 0.0692 -0.9948
vn -0.1594 0.1890 -0.9690
vn -0.1661 -0.0311 -0.9856
vn 0.1701 -0.4303 -0.8865
vn 0.0278 -0.1130 -0.9932
vn 0.0008 -0.1146 -0.9934
vn -0.1238 -0.0348 -0.9917
vn -0.0042 0.1635 -0.9865
vn -0.0588 0.0305 -0.9978
vn 0.0401 -0.0322 -0.9987
vn 0.0476 -0.0335 -0.9983
vn -0.0157 -0.1633 -0.9864
vn -0.1343 0.0051 -0.9909
vn 0.0784 0.0338 -0.9963
vn 0.0998 -0.0930 -0.9906
vn 0.0766 -0.0054 -0.9970
vn -0.1654 -0.0171 -0.9861
vn -0.1110 -0.1197 -0.9866
vn 0.2323 -0.0545 -0.9711
vn -0.1583 0.0469 -0.9863
vn -0.0415 0.0937 -0.9947
vn -0.1020 0.1117 -0.9885
vn -0.0460 0.1095 -0.9929
vn 0.0866 0.0534 -0.9948
vn 0.1115 0.0355 -0.9931
vn 0.1200 -0.0230 -0.9925
vn -0.0058 0.0463 -0.9989
vn 0.0350 0.1153 -0.9927
vn 0.0447 -0.0165 -0.9989
vn -0.0236 -0.1838 -0.9827
vn 0.0034 -0.1678 -0.9858
vn 0.0119 -0.1681 -0.9857
vn -0.5887 0.0084 -0.8083
vn 0.1433 0.1001 -0.9846
vn 0.0825 -0.0184 -0.9964
vn -0.0621 -0.0229 -0.9978
vn -0.0417 -0.1030 -0.9938
vn 0.1373 -0.0469 -0.9894
vn -0.0653 0.1947 -0.9787
vn -0.0228 0.1692 -0.9853
vn 0.0590 0.1359 -0.9890
vn -0.1076 0.1879 -0.9763
vn 0.0222 0.0871 -0.9960
vn 0.0031 0.1122 -0.9937
vn -0.0493 0.0405 -0.9980
vn 0.1792 -0.0610 -0.9819
vn -0.1492 0.0582 -0.9871
vn -0.0700 0.1373 -0.9880
vn 0.1605 0.0397 -0.9862
vn -0.0495 -0.0557 -0.9972
vn 0.0256 0.0638 -0.9976
vn -0.1180 0.1115 -0.9867
vn -0.0530 0.0842 -0.9950
vn 0.0752 0.0973 -0.9924
vn 0.0358 0.0313 -0.9989
vn 0.0439 -0.1844 -0.9819
vn 0.1411 -0.1925 -0.9711
vn 0.0841 -0.0876 -0.9926
vn -0.2357 -0.1241 -0.9639
vn 0.0416 -0.1271 -0.9910
vn -0.0102 -0.0852 -0.9963
vn -0.0277 -0.1528 -0.9879
vn -0.0079 0.0255 -0.9996
vn -0.0451 0.0619 -0.9971
vn -0.1190 -0.2540 -0.9599
vn 0.1884 -0.0608 -0.9802
vn -0.2520 0.1173 -0.9606
vn 0.2067 -0.0232 -0.9781
vn 0.0162 -0.1312 -0.9912
vn -0.0291 0.0079 -0.9995
vn 0.0608 0.0192 -0.9980
vn -0.3015 -0.1291 -0.9447
vn 0.0963 -0.0042 -0.9953
vn 0.0523 0.0817 -0.9953
vn -0.3766 0.0557 -0.9247
vn 0.1804 -0.1511 -0.9719
vn 0.0316 -0.1633 -0.9861
vn -0.0305 -0.0080 -0.9995
vn 0.0767 0.0023 -0.9971
vn -0.1222 -0.0618 -0.9906
vn 0.1321 -0.1144 -0.9846
vn -0.1711 -0.0948 -0.9807
vn 0.0264 0.0096 -0.9996
vn 0.0402 0.0017 -0.9992
vn -0.0173 -0.0224 -0.9996
vn -0.0125 0.0758 -0.9970
vn 0.1216 0.0676 -0.9903
vn 0.0071 -0.0907 -0.9958
vn -0.1285 -0.1160 -0.9849
vn 0.0838 0.0623 -0.9945
vn -0.0690 0.0333 -0.9971
vn -0.0388 0.0070 -0.9992
vn 0.0773 -0.0644 -0.9949
vn -0.0526 -0.0294 -0.9982
vn -0.1958 0.1456 -0.9698
vn 0.2179 -0.0155 -0.9759
vn -0.2179 -0.1138 -0.9693
vn 0.0261 -0.1515 -0.9881
vn 0.0988 -0.2187 -0.9708
vn 0.0615 -0.2005 -0.9778
vn -0.0203 -0.2450 -0.9693
vn -0.1542 -0.0927 -0.9837
vn 0.0921 -0.0850 -0.9921
vn 0.0975 -0.1853 -0.9778
vn -0.3362 -0.0561 -0.9401
vn 0.0474 0.0583 -0.9972
vn 0.1020 0.0250 -0.9945
vn -0.1003 -0.0958 -0.9903
vn 0.1193 -0.1139 -0.9863
vn -0.4865 -0.3049 -0.8187
vn 0.2582 -0.1616 -0.9525
vn -0.1198 -0.0552 -0.9913
vn -0.0636 -0.2441 -0.9677
vn 0.0883 -0.2367 -0.9676
vn 0.1148 0.0206 -0.9932
vn 0.1456 -0.0477 -0.9882
vn 0.0267 -0.0410 -0.9988
vn -0.0573 -0.0745 -0.9956
vn 0.0923 0.0814 -0.9924
vn -0.0127 0.0515 -0.9986
vn -0.0566 -0.0026 -0.9984
vn -0.1801 -0.0861 -0.9799
vn 0.0960 -0.0865 -0.9916
vn 0.1108 0.0665 -0.9916
vn -0.0949 0.1604 -0.9825
vn -0.0201 0.0929 -0.9955
vn -0.0320 -0.0116 -0.9994
vn 0.0151 0.1510 -0.9884
vn -0.0512 0.1054 -0.9931
vn 0.0410 -0.0683 -0.9968
vn 0.0130 -0.0333 -0.9994
vn 0.0395 0.0310 -0.9987
vn -0.0544 0.0769 -0.9956
vn 0.0810 0.0131 -0.9966
vn -0.1497 -0.0229 -0.9885
vn 0.0635 0.0287 -0.9976
vn 0.0641 0.0281 -0.9975
vn -0.0597 0.1008 -0.9931
vn 0.0586 0.0890 -0.9943
vn -0.2902 0.1589 -0.9437
vn 0.1985 0.1247 -0.9721
vn -0.0705 0.0684 -0.9952
vn -0.1244 0.1652 -0.9784
vn 0.0637 0.0983 -0.9931
vn 0.1551 -0.0779 -0.9848
vn 0.0720 0.0865 -0.9936
vn 0.0488 0.0417 -0.9979
vn 0.0208 0.1388 -0.9901
vn 0.0716 0.0523 -0.9961
vn -0.2521 -0.1153 -0.9608
vn 0.1036 -0.0265 -0.9943
vn -0.1895 0.1559 -0.9694
vn 0.1096 0.1279 -0.9857
vn -0.0273 -0.1204 -0.9924
vn 0.1109 -0.1672 -0.9797
vn -0.0223 0.0935 -0.9954
vn -0.0935 0.1293 -0.9872
vn 0.0396 -0.1189 -0.9921
vn -0.1227 -0.0833 -0.9889
vn 0.0954 0.1047 -0.9899
vn -0.0354 0.1215 -0.9920
vn 0.1108 0.0964 -0.9892
vn -0.0074 0.1722 -0.9850
vn -0.0889 0.1288 -0.9877
vn -0.1533 -0.0225 -0.9879
vn 0.1146 -0.0048 -0.9934
vn -0.0423 -0.0623 -0.9972
vn 0.1024 -0.0694 -0.9923
vn -0.0371 -0.0116 -0.9992
vn -0.0366 0.0419 -0.9985
vn 0.1120 0.0997 -0.9887
vn -0.1109 0.0671 -0.9916
vn -0.1028 -0.0375 -0.9940
vn 0.0733 0.0515 -0.9960
vn -0.1174 -0.0147 -0.9930
vn 0.0739 0.1011 -0.9921
vn -0.0400 0.0989 -0.9943
vn 0.0209 -0.1233 -0.9921
vn -0.0130 -0.1369 -0.9905
vn -0.1091 0.0125 -0.9940
vn 0.1242 0.0723 -0.9896
vn -0.1303 0.0261 -0.9911
vn 0.0726 0.0057 -0.9973
vn -0.2156 0.0704 -0.9739
vn 0.0229 -0.1668 -0.9857
vn 0.1948 -0.3086 -0.9310
vn -0.0081 0.0039 -1.0000
vn -0.1048 0.1720 -0.9795
vn 0.0696 0.1431 -0.9873
vn -0.0920 -0.0350 -0.9951
vn 0.0267 -0.2261 -0.9737
vn 0.0903 -0.2164 -0.9721
vn 0.0912 -0.3194 -0.9432
vn -0.1795 -0.1550 -0.9715
vn 0.0030 0.1234 -0.9924
vn -0.1012 0.0560 -0.9933
vn 0.0858 0.0123 -0.9962
vn -0.0855 -0.0206 -0.9961
vn 0.0413 -0.2477 -0.9680
vn 0.1082 -0.0284 -0.9937
vn 0.0691 -0.0413 -0.9968
vn -0.0792 -0.0134 -0.9968
vn -0.2051 0.0476 -0.9776
vn 0.1181 -0.1041 -0.9875
vn -0.0496 0.0551 -0.9972
vn 0.1401 -0.2745 -0.9513
vn -0.2332 -0.5136 -0.8258
vn 0.0805 -0.0765 -0.9938
vn -0.0675 -0.0663 -0.9955
vn 0.0338 -0.1309 -0.9908
vn 0.1147 -0.1064 -0.9877
vn -0.2317 -0.1917 -0.9537
vn 0.1005 -0.1454 -0.9842
vn -0.0141 0.0064 -0.9999
vn -0.1012 0.2119 -0.9720
vn 0.0535 0.1322 -0.9898
vn 0.1392 -0.0809 -0.9870
vn -0.2857 -0.2891 -0.9137
vn 0.1391 -0.2285 -0.9636
vn -0.0621 0.0712 -0.9955
vn -0.0259 0.1714 -0.9849
vn 0.0242 0.1042 -0.9943
vn 0.0012 0.0758 -0.9971
vn 0.0304 -0.0098 -0.9995
vn 0.1064 0.0286 -0.9939
vn -0.5759 -0.0164 -0.8174
vn 0.2427 -0.1363 -0.9605
vn -0.0435 0.0661 -0.9969
vn -0.1038 0.1414 -0.9845
vn 0.1913 -0.0469 -0.9804
vn -0.1155 -0.1254 -0.9854
vn 0.0700 -0.1756 -0.9820
vn -0.2969 -0.1526 -0.9426
vn 0.1087 0.0263 -0.9937
vn 0.0615 -0.0132 -0.9980
vn 0.0370 0.0737 -0.9966
vn -0.0376 0.1496 -0.9880
vn 0.0849 0.0123 -0.9963
vn -0.0506 0.0135 -0.9986
vn -0.0184 0.0426 -0.9989
vn 0.0074 -0.1563 -0.9877
vn 0.0792 0.0355 -0.9962
vn -0.0546 0.1370 -0.9891
vn 0.0602 -0.0966 -0.9935
vn -0.0845 -0.3012 -0.9498
vn 0.0538 -0.0988 -0.9937
vn 0.1207 0.0994 -0.9877
vn -0.1232 0.2299 -0.9654
vn 0.0050 0.1760 -0.9844
vn 0.0730 -0.0510 -0.9960
vn 0.0035 0.0015 -1.0000
vn -0.0447 0.0427 -0.9981
vn -0.0747 -0.0666 -0.9950
vn -0.0091 -0.0870 -0.9962
vn 0.1646 -0.0709 -0.9838
vn -0.3068 0.1252 -0.9435
vn 0.0252 0.1176 -0.9927
vn 0.1150 -0.1505 -0.9819
vn -0.1154 -0.0574 -0.9917
vn 0.0527 -0.0193 -0.9984
vn 0.0276 -0.0172 -0.9995
vn -0.0714 0.0343 -0.9969
vn 0.0395 0.0605 -0.9974
vn 0.0381 0.0885 -0.9953
vn -0.0346 -0.0282 -0.9990
vn 0.1808 0.0088 -0.9835
vn -0.0467 0.0991 -0.9940
vn -0.0587 0.0834 -0.9948
vn 0.0184 0.0032 -0.9998
vn -0.0685 -0.0037 -0.9976
vn 0.0132 0.1171 -0.9930
vn 0.1250 0.0372 -0.9915
vn -0.2217 -0.1383 -0.9653
vn 0.0884 0.0715 -0.9935
vn -0.1105 0.1970 -0.9741
vn 0.0593 0.0236 -0.9980
vn 0.1608 -0.2518 -0.9543
vn -0.0265 -0.3781 -0.9254
vn -0.1999 -0.2908 -0.9357
vn 0.1309 0.0283 -0.9910
vn 0.0222 0.0735 -0.9970
vn -0.3557 -0.2104 -0.9106
vn 0.0197 -0.1749 -0.9844
vn 0.0183 -0.0165 -0.9997
vn 0.1638 0.0218 -0.9863
vn -0.0461 0.0472 -0.9978
vn -0.1167 0.1367 -0.9837
vn -0.0485 0.1135 -0.9924
vn -0.0214 -0.0780 -0.9967
vn 0.0857 0.0195 -0.9961
vn -0.0229 0.0120 -0.9997
vn -0.1306 -0.1560 -0.9791
vn 0.1260 -0.0896 -0.9880
vn -0.0438 -0.1483 -0.9880
vn 0.0240 -0.0205 -0.9995
vn 0.1323 0.0744 -0.9884
vn -0.0803 -0.0785 -0.9937
vn -0.0113 -0.0203 -0.9997
vn -0.0977 0.0064 -0.9952
vn 0.1082 0.0803 -0.9909
vn 0.0081 0.1288 -0.9916
vn 0.0305 0.0969 -0.9948
vn -0.1167 0.1554 -0.9809
vn 0.1305 0.0737 -0.9887
vn -0.1232 0.0466 -0.9913
vn -0.0478 0.1114 -0.9926
vn -0.0262 0.1059 -0.9940
vn 0.0660 0.0842 -0.9943
vn -0.0318 0.1707 -0.9848
vn 0.0469 -0.0937 -0.9945
vn 0.0219 -0.3093 -0.9507
vn -0.0113 0.1702 -0.9854
vn -0.0909 0.2453 -0.9652
vn 0.0892 0.0944 -0.9915
vn 0.0402 0.0021 -0.9992
vn 0.0277 -0.1269 -0.9915
vn -0.0708 -0.0908 -0.9933
vn 0.0229 0.0760 -0.9968
vn -0.1807 0.1848 -0.9660
vn 0.1538 0.0314 -0.9876
vn -0.2110 0.0064 -0.9775
vn 0.0367 0.0991 -0.9944
vn -0.0459 0.0528 -0.9975
vn 0.0014 -0.0635 -0.9980
vn -0.0376 -0.2327 -0.9718
vn -0.1035 -0.1450 -0.9840
vn 0.0522 -0.0929 -0.9943
vn -0.0222 -0.0241 -0.9995
vn -0.0814 -0.0469 -0.9956
vn 0.1658 -0.0539 -0.9847
vn -0.0642 -0.1732 -0.9828
vn -0.0300 -0.2941 -0.9553
vn 0.0769 -0.1505 -0.9856
vn 0.0585 0.0067 -0.9983
vn -0.0302 0.0305 -0.9991
vn -0.0829 0.0111 -0.9965
vn -0.1530 -0.1261 -0.9802
vn 0.1727 -0.0422 -0.9841
vn -0.1257 -0.1159 -0.9853
vn -0.1548 -0.0511 -0.9866
vn 0.1290 0.0735 -0.9889
vn 0.1307 -0.0310 -0.9909
vn -0.2542 -0.0309 -0.9667
vn 0.0610 0.0184 -0.9980
vn -0.1622 -0.1010 -0.9816
vn 0.0774 -0.0883 -0.9931
vn -0.0277 -0.0490 -0.9984
vn 0.1366 -0.0238 -0.9903
vn -0.4099 -0.1189 -0.9044
vn 0.1728 -0.0282 -0.9846
vn -0.3258 -0.0567 -0.9437
vn 0.1869 -0.0301 -0.9819
vn -0.0618 0.1522 -0.9864
vn -0.0518 0.1654 -0.9849
vn -0.1412 0.1538 -0.9780
vn -0.1777 0.2252 -0.9580
vn 0.0894 0.1408 -0.9860
vn -0.2128 0.0547 -0.9756
vn 0.0726 0.0368 -0.9967
vn -0.0136 0.0093 -0.9999
vn 0.0829 0.0342 -0.9960
vn -0.0915 0.1989 -0.9757
vn -0.1377 -0.1938 -0.9713
vn 0.1415 -0.6087 -0.7807
vn 0.1500 -0.1935 -0.9696
vn -0.0726 0.0356 -0.9967
vn -0.1767 0.1145 -0.9776
vn 0.1730 0.0118 -0.9848
vn -0.1760 0.0360 -0.9837
vn 0.0748 0.0968 -0.9925
vn 0.0227 0.0479 -0.9986
vn -0.0587 -0.2089 -0.9762
vn -0.0176 -0.2721 -0.9621
vn 0.0591 -0.0664 -0.9960
vn -0.0282 0.1160 -0.9929
vn -0.0898 0.0732 -0.9933
vn 0.1052 0.0061 -0.9944
vn 0.0078 -0.0244 -0.9997
vn -0.0470 0.0785 -0.9958
vn 0.0200 0.0597 -0.9980
vn -0.0781 0.0574 -0.9953
vn 0.1032 0.1089 -0.9887
vn -0.1897 -0.3212 -0.9278
vn 0.0808 -0.1570 -0.9843
vn -0.0118 0.1331 -0.9910
vn 0.0571 -0.2322 -0.9710
vn -0.0635 -0.0603 -0.9962
vn -0.1636 -0.0400 -0.9857
vn 0.0759 0.0275 -0.9967
vn -0.0138 0.0618 -0.9980
vn 0.0801 0.0238 -0.9965
vn 0.0237 -0.0053 -0.9997
vn -0.3550 0.2462 -0.9019
vn 0.0849 0.2556 -0.9630
vn 0.0834 0.0751 -0.9937
vn 0.1081 -0.0071 -0.9941
vn -0.1598 0.1242 -0.9793
vn 0.0648 0.0595 -0.9961
vn -0.1948 -0.0996 -0.9758
vn 0.0481 -0.2673 -0.9624
vn 0.0460 -0.2196 -0.9745
vn -0.1660 -0.0219 -0.9859
vn 0.0595 0.0045 -0.9982
vn 0.1049 -0.0179 -0.9943
vn 0.0789 -0.0342 -0.9963
vn -0.2465 0.0486 -0.9679
vn 0.0992 -0.0415 -0.9942
vn 0.0068 -0.0292 -0.9995
vn 0.0789 0.0064 -0.9969
vn -0.1537 0.0099 -0.9881
vn 0.0941 0.0408 -0.9947
vn -0.0817 -0.0735 -0.9939
vn -0.0847 0.1381 -0.9868
vn 0.0887 0.1218 -0.9886
vn 0.0270 -0.1161 -0.9929
vn 0.2084 0.0871 -0.9742
vn -0.0447 0.0992 -0.9941
vn -0.2911 -0.0076 -0.9567
vn -0.0308 0.1321 -0.9908
vn 0.1384 0.0649 -0.9882
vn -0.0866 -0.0818 -0.9929
vn -0.0273 -0.0002 -0.9996
vn -0.1835 0.0314 -0.9825
vn 0.1981 -0.1511 -0.9685
vn -0.0331 -0.0674 -0.9972
vn -0.1344 0.1494 -0.9796
vn 0.2124 0.0623 -0.9752
vn -0.0482 0.0516 -0.9975
vn -0.0727 0.0454 -0.9963
vn -0.2264 0.0447 -0.9730
vn 0.1222 -0.1429 -0.9822
vn 0.0966 -0.1169 -0.9884
vn -0.1212 -0.2378 -0.9637
vn 0.0974 -0.2206 -0.9705
vn 0.0300 0.0914 -0.9954
vn -0.0557 0.1198 -0.9912
vn 0.0345 0.0051 -0.9994
vn -0.0418 -0.0899 -0.9951
vn -0.0200 -0.0674 -0.9975
vn -0.0250 -0.0725 -0.9971
vn -0.1274 0.1162 -0.9850
vn 0.0536 0.1546 -0.9865
vn 0.0867 0.0727 -0.9936
vn -0.1002 0.0304 -0.9945
vn 0.0743 -0.1313 -0.9886
vn -0.0392 -0.1971 -0.9796
vn -0.0994 0.0580 -0.9934
vn 0.0383 0.0450 -0.9983
vn 0.1528 0.0183 -0.9881
vn 0.2294 -0.2333 -0.9450
vn 0.0866 0.1542 -0.9842
vn -0.0711 -0.0166 -0.9973
vn -0.0228 0.0845 -0.9962
vn 0.0331 -0.0543 -0.9980
vn 0.0491 -0.0379 -0.9981
vn 0.1201 0.0317 -0.9923
vn 0.0166 -0.0451 -0.9988
vn 0.0664 -0.0882 -0.9939
vn 0.0964 0.0606 -0.9935
vn -0.0754 -0.1156 -0.9904
vn -0.2507 0.0740 -0.9652
vn -0.0474 0.0523 -0.9975
vn 0.0254 0.0598 -0.9979
vn -0.0765 -0.0590 -0.9953
vn -0.1335 -0.0142 -0.9909
vn -0.1460 -0.0458 -0.9882
vn -0.1969 0.1281 -0.9720
vn -0.1417 -0.0880 -0.9860
vn 0.0683 -0.1618 -0.9845
vn 0.0096 0.1513 -0.9884
vn -0.0382 -0.0673 -0.9970
vn 0.0128 -0.0318 -0.9994
vn -0.0331 -0.0066 -0.9994
vn 0.1861 0.0186 -0.9824
vn 0.2395 -0.1242 -0.9629
vn -0.0665 0.1906 -0.9794
vn -0.0775 -0.1448 -0.9864
vn -0.0130 0.0785 -0.9968
vn -0.0072 0.0508 -0.9987
vn 0.0654 -0.1387 -0.9882
vn -0.0679 -0.1209 -0.9903
vn -0.1307 0.1436 -0.9810
vn 0.1089 0.0562 -0.9925
vn -0.0836 0.0271 -0.9961
vn 0.1099 -0.0497 -0.9927
vn -0.0384 -0.0075 -0.9992
vn 0.1082 0.0249 -0.9938
vn -0.3344 0.0110 -0.9424
vn 0.0410 0.1349 -0.9900
vn 0.2144 0.0096 -0.9767
vn -0.0529 -0.0952 -0.9941
vn -0.1352 0.0229 -0.9906
vn 0.0098 0.1694 -0.9855
vn 0.0425 0.1962 -0.9796
vn -0.1499 0.0739 -0.9859
vn 0.0254 -0.0444 -0.9987
vn -0.1420 -0.1107 -0.9836
vn 0.1849 -0.0645 -0.9806
vn -0.2756 0.1125 -0.9547
vn 0.0620 0.1492 -0.9869
vn -0.0081 0.0511 -0.9987
vn 0.1126 -0.0950 -0.9891
vn -0.1620 0.0057 -0.9868
vn 0.0620 0.0818 -0.9947
vn 0.0522 0.0581 -0.9969
vn -0.0324 0.0513 -0.9982
vn -0.1360 0.0648 -0.9886
vn 0.2471 0.0033 -0.9690
vn -0.2581 0.0823 -0.9626
vn 0.0964 -0.3021 -0.9484
vn 0.0864 0.0573 -0.9946
vn -0.0123 0.0688 -0.9976
vn -0.0063 0.1613 -0.9869
vn -0.2123 -0.2594 -0.9421
vn -0.3120 -0.0584 -0.9483
vn -0.3064 -0.0716 -0.9492
vn -0.0820 0.0865 -0.9929
vn -0.1639 0.0562 -0.9849
vn -0.5507 -0.1711 -0.8170
vn -0.1533 0.1312 -0.9794
vn -0.1384 -0.1550 -0.9782
vn -0.1012 0.0462 -0.9938
vn -0.0622 0.1078 -0.9922
vn -0.0815 -0.4279 -0.9002
vn 0.1038 0.1105 -0.9884
vn 0.0351 -0.0021 -0.9994
vn -0.2796 -0.2001 -0.9390
vn -0.0563 -0.0962 -0.9938
vn 0.0102 0.1835 -0.9830
vn 0.0135 0.1729 -0.9849
vn 0.0610 -0.4213 -0.9049
vn 0.0463 0.0558 -0.9974
vn 0.1848 0.0363 -0.9821
vn 0.2609 -0.0414 -0.9645
vn 0.1398 -0.0000 -0.9902
vn -0.1191 0.1151 -0.9862
vn -0.2562 -0.0044 -0.9666
vn -0.0731 -0.0339 -0.9968
vn 0.2092 -0.1138 -0.9712
vn 0.9737 -0.1677 -0.1541
vn 0.9999 0.0137 0.0018
vn 0.9905 0.1223 0.0628
vn 0.9954 -0.0955 0.0066
vn 0.9919 -0.1146 -0.0543
vn 0.9065 0.3810 -0.1820
vn 0.9627 0.0497 -0.2660
vn 0.9692 0.0123 -0.2459
vn 0.9706 -0.1751 -0.1655
vn 0.9590 0.2092 -0.1914
vn 0.9385 0.1102 -0.3273
vn 0.9420 -0.2216 -0.2519
vn 0.9678 0.2093 -0.1397
vn 0.9880 -0.1196 -0.0978
vn 0.9964 -0.0480 -0.0704
vn 0.9593 0.2746 -0.0654
vn 0.9679 -0.2455 0.0529
vn 0.9202 0.3913 -0.0100
vn 0.9710 0.1864 -0.1499
vn 0.9910 -0.0926 -0.0970
vn 0.9845 -0.1742 -0.0213
vn 0.9724 -0.2321 0.0227
vn 0.8578 0.5125 -0.0389
vn 0.9877 -0.1181 0.1027
vn 0.9437 -0.2795 0.1771
vn 0.9510 0.2162 0.2211
vn 0.9516 0.2845 0.1162
vn 0.9933 0.0946 -0.0669
vn 0.9847 -0.0601 -0.1637
vn 0.9942 -0.1012 -0.0371
vn 0.9751 -0.1654 0.1476
vn 0.9766 0.0247 0.2135
vn -0.1587 0.9851 0.0667
vn -0.1484 0.9863 0.0724
vn 0.4755 0.8793 -0.0268
vn 0.1694 0.9821 0.0823
vn -0.2910 0.9560 0.0379
vn 0.0621 0.9978 -0.0237
vn 0.1493 0.9885 -0.0220
vn 0.0976 0.9950 -0.0229
vn -0.2557 0.9635 -0.0794
vn 0.3891 0.9208 -0.0260
vn 0.2124 0.9740 0.0792
vn -0.3128 0.9469 0.0745
vn 0.0416 0.9970 0.0659
vn 0.0874 0.9952 0.0442
vn 0.2034 0.9789 -0.0189
vn -0.2357 0.9682 -0.0834
vn 0.0720 0.9882 -0.1351
vn -0.1330 0.9733 -0.1868
vn 0.2198 0.9681 -0.1200
vn 0.1130 0.9931 0.0324
vn -0.0004 0.9959 0.0906
vn -0.1532 0.9881 0.0157
vn 0.0264 0.9978 -0.0608
vn 0.0412 0.9964 -0.0746
vn 0.0346 0.9993 -0.0164
vn 0.5657 0.8237 0.0382
vn -0.2045 0.9710 0.1237
vn -0.1178 0.9895 0.0835
vn -0.0426 0.9991 0.0016
vn -0.1397 0.9845 -0.1063
vn 0.0965 0.9900 -0.1033
vn 0.4330 0.9009 -0.0297
vn -0.9830 0.1696 0.0704
vn -0.9985 -0.0391 -0.0381
vn -0.9733 0.1797 -0.1427
vn -0.7778 -0.6227 -0.0858
vn -0.9576 0.2783 -0.0752
vn -0.9396 -0.3421 0.0102
vn -0.9652 0.2600 0.0267
vn -0.9086 -0.4175 -0.0124
vn -0.9809 0.1820 -0.0683
vn -0.9864 -0.1433 -0.0799
vn -0.9984 -0.0131 -0.0556
vn -0.9941 -0.0917 -0.0578
vn -0.9906 0.1282 -0.0477
vn -0.9322 -0.3539 0.0756
vn -0.9828 0.1071 0.1506
vn -0.9921 0.0910 0.0868
vn -0.9991 0.0380 0.0170
vn -0.9928 -0.0996 0.0663
vn -0.9924 0.0116 0.1229
vn -0.9865 -0.0400 0.1591
vn -0.9815 0.0587 0.1824
vn -0.9936 0.0139 0.1117
vn -0.9860 -0.1666 0.0106
vn -0.9937 0.1119 -0.0087
vn -0.9997 -0.0220 0.0135
vn -0.9994 -0.0329 0.0122
vn -0.9951 -0.0933 -0.0323
vn -0.9558 0.2577 -0.1416
vn -0.7262 -0.6798 -0.1021
vn -0.9777 0.2097 -0.0096
vn -0.9955 -0.0753 0.0575
vn -0.9978 0.0583 0.0301
vn -0.0351 -0.9971 -0.0678
vn -0.0033 -0.9999 -0.0122
vn 0.1434 -0.9861 0.0843
vn -0.2513 -0.9657 0.0655
vn -0.2586 -0.9648 -0.0479
vn 0.2271 -0.9711 -0.0737
vn -0.2652 -0.9640 -0.0185
vn 0.2325 -0.9724 0.0191
vn -0.3616 -0.9323 -0.0008
vn 0.2530 -0.9670 -0.0306
vn -0.5744 -0.8174 0.0429
vn 0.0455 -0.9954 -0.0839
vn 0.2901 -0.9570 0.0066
vn -0.1330 -0.9904 0.0389
vn -0.1547 -0.9877 -0.0218
vn -0.1476 -0.9806 -0.1289
vn 0.1498 -0.9771 -0.1509
vn -0.1184 -0.9907 -0.0674
vn 0.0236 -0.9992 0.0325
vn -0.1104 -0.9902 0.0856
vn 0.1941 -0.9807 0.0244
vn -0.5170 -0.8557 -0.0233
vn 0.0892 -0.9886 -0.1209
vn 0.0922 -0.9950 -0.0387
vn 0.1179 -0.9924 0.0344
vn -0.3187 -0.9478 0.0143
vn 0.1028 -0.9931 -0.0562
vn 0.0774 -0.9952 -0.0602
vn -0.0487 -0.9974 -0.0538
vn -0.1824 -0.9824 -0.0406
vn 0.3018 -0.9529 -0.0301
vn -0.4620 -0.8867 0.0175
vt 0.031250 0.031250
vt 0.062500 0.031250
vt 0.062500 0.062500
vt 0.031250 0.062500
vt 0.093750 0.031250
vt 0.093750 0.062500
vt 0.125000 0.031250
vt 0.125000 0.062500
vt 0.156250 0.031250
vt 0.156250 0.062500
vt 0.187500 0.031250
vt 0.187500 0.062500
vt 0.218750 0.031250
vt 0.218750 0.062500
vt 0.250000 0.031250
vt 0.250000 0.062500
vt 0.281250 0.031250
vt 0.281250 0.062500
vt 0.312500 0.031250
vt 0.312500 0.062500
vt 0.343750 0.031250
vt 0.343750 0.062500
vt 0.375000 0.031250
vt 0.375000 0.062500
vt 0.406250 0.031250
vt 0.406250 0.062500
vt 0.437500 0.031250
vt 0.437500 0.062500
vt 0.468750 0.031250
vt 0.468750 0.062500
vt 0.500000 0.031250
vt 0.500000 0.062500
vt 0.531250 0.031250
vt 0.531250 0.062500
vt 0.562500 0.031250
vt 0.562500 0.062500
vt 0.593750 0.031250
vt 0.593750 0.062500
vt 0.625000 0.031250
vt 0.625000 0.062500
vt 0.656250 0.031250
vt 0.656250 0.062500
vt 0.687500 0.031250
vt 0.687500 0.062500
vt 0.718750 0.031250
vt 0.718750 0.062500
vt 0.750000 0.031250
vt 0.750000 0.062500
vt 0.781250 0.031250
vt 0.781250 0.062500
vt 0.812500 0.031250
vt 0.812500 0.062500
vt 0.843750 0.031250
vt 0.843750 0.062500
vt 0.875000 0.031250
vt 0.875000 0.062500
vt 0.906250 0.031250
vt 0.906250 0.062500
vt 0.937500 0.031250
vt 0.937500 0.062500
vt 0.968750 0.031250
vt 0.968750 0.062500
vt 0.062500 0.093750
vt 0.031250 0.093750
vt 0.093750 0.093750
vt 0.125000 0.093750
vt 0.156250 0.093750
vt 0.187500 0.093750
vt 0.218750 0.093750
vt 0.250000 0.093750
vt 0.281250 0.093750
vt 0.312500 0.093750
vt 0.343750 0.093750
vt 0.375000 0.093750
vt 0.406250 0.093750
vt 0.437500 0.093750
vt 0.468750 0.093750
vt 0.500000 0.093750
vt 0.531250 0.093750
vt 0.562500 0.093750
vt 0.593750 0.093750
vt 0.625000 0.093750
vt 0.656250 0.093750
vt 0.687500 0.093750
vt 0.718750 0.093750
vt 0.750000 0.093750
vt 0.781250 0.093750
vt 0.812500 0.093750
vt 0.843750 0.093750
vt 0.875000 0.093750
vt 0.906250 0.093750
vt 0.937500 0.093750
vt 0.968750 0.093750
vt 0.062500 0.125000
vt 0.031250 0.125000
vt 0.093750 0.125000
vt 0.125000 0.125000
vt 0.156250 0.125000
vt 0.187500 0.125000
vt 0.218750 0.125000
vt 0.250000 0.125000
vt 0.281250 0.125000
vt 0.312500 0.125000
vt 0.343750 0.125000
vt 0.375000 0.125000
vt 0.406250 0.125000
vt 0.437500 0.125000
vt 0.468750 0.125000
vt 0.500000 0.125000
vt 0.531250 0.125000
vt 0.562500 0.125000
vt 0.593750 0.125000
vt 0.625000 0.125000
vt 0.656250 0.125000
vt 0.687500 0.125000
vt 0.718750 0.125000
vt 0.750000 0.125000
vt 0.781250 0.125000
vt 0.812500 0.125000
vt 0.843750 0.125000
vt 0.875000 0.125000
vt 0.906250 0.125000
vt 0.937500 0.125000
vt 0.968750 0.125000
vt 0.062500 0.156250
vt 0.031250 0.156250
vt 0.093750 0.156250
vt 0.125000 0.156250
vt 0.156250 0.156250
vt 0.187500 0.156250
vt 0.218750 0.156250
vt 0.250000 0.156250
vt 0.281250 0.156250
vt 0.312500 0.156250
vt 0.343750 0.156250
vt 0.375000 0.156250
vt 0.406250 0.156250
vt 0.437500 0.156250
vt 0.468750 0.156250
vt 0.500000 0.156250
vt 0.531250 0.156250
vt 0.562500 0.156250
vt 0.593750 0.156250
vt 0.625000 0.156250
vt 0.656250 0.156250
vt 0.687500 0.156250
vt 0.718750 0.156250
vt 0.750000 0.156250
vt 0.781250 0.156250
vt 0.812500 0.156250
vt 0.843750 0.156250
vt 0.875000 0.156250
vt 0.906250 0.156250
vt 0.937500 0.156250
vt 0.968750 0.156250
vt 0.062500 0.187500
vt 0.031250 0.187500
vt 0.093750 0.187500
vt 0.125000 0.187500
vt 0.156250 0.187500
vt 0.187500 0.187500
vt 0.218750 0.187500
vt 0.250000 0.187500
vt 0.281250 0.187500
vt 0.312500 0.187500
vt 0.343750 0.187500
vt 0.375000 0.187500
vt 0.406250 0.187500
vt 0.437500 0.187500
vt 0.468750 0.187500
vt 0.500000 0.187500
vt 0.531250 0.187500
vt 0.562500 0.187500
vt 0.593750 0.187500
vt 0.625000 0.187500
vt 0.656250 0.187500
vt 0.687500 0.187500
vt 0.718750 0.187500
vt 0.750000 0.187500
vt 0.781250 0.187500
vt 0.812500 0.187500
vt 0.843750 0.187500
vt 0.875000 0.187500
vt 0.906250 0.187500
vt 0.937500 0.187500
vt 0.968750 0.187500
vt 0.062500 0.218750
vt 0.031250 0.218750
vt 0.093750 0.218750
vt 0.125000 0.218750
vt 0.156250 0.218750
vt 0.187500 0.218750
vt 0.218750 0.218750
vt 0.250000 0.218750
vt 0.281250 0.218750
vt 0.312500 0.218750
vt 0.343750 0.218750
vt 0.375000 0.218750
vt 0.406250 0.218750
vt 0.437500 0.218750
vt 0.468750 0.218750
vt 0.500000 0.218750
vt 0.531250 0.218750
vt 0.562500 0.218750
vt 0.593750 0.218750
vt 0.625000 0.218750
vt 0.656250 0.218750
vt 0.687500 0.218750
vt 0.718750 0.218750
vt 0.750000 0.218750
vt 0.781250 0.218750
vt 0.812500 0.218750
vt 0.843750 0.218750
vt 0.875000 0.218750
vt 0.906250 0.218750
vt 0.937500 0.218750
vt 0.968750 0.218750
vt 0.062500 0.250000
vt 0.031250 0.250000
vt 0.093750 0.250000
vt 0.125000 0.250000
vt 0.156250 0.250000
vt 0.187500 0.250000
vt 0.218750 0.250000
vt 0.250000 0.250000
vt 0.281250 0.250000
vt 0.312500 0.250000
vt 0.343750 0.250000
vt 0.375000 0.250000
vt 0.406250 0.250000
vt 0.437500 0.250000
vt 0.468750 0.250000
vt 0.500000 0.250000
vt 0.531250 0.250000
vt 0.562500 0.250000
vt 0.593750 0.250000
vt 0.625000 0.250000
vt 0.656250 0.250000
vt 0.687500 0.250000
vt 0.718750 0.250000
vt 0.750000 0.250000
vt 0.781250 0.250000
vt 0.812500 0.250000
vt 0.843750 0.250000
vt 0.875000 0.250000
vt 0.906250 0.250000
vt 0.937500 0.250000
vt 0.968750 0.250000
vt 0.062500 0.281250
vt 0.031250 0.281250
vt 0.093750 0.281250
vt 0.125000 0.281250
vt 0.156250 0.281250
vt 0.187500 0.281250
vt 0.218750 0.281250
vt 0.250000 0.281250
vt 0.281250 0.281250
vt 0.312500 0.281250
vt 0.343750 0.281250
vt 0.375000 0.281250
vt 0.406250 0.281250
vt 0.437500 0.281250
vt 0.468750 0.281250
vt 0.500000 0.281250
vt 0.531250 0.281250
vt 0.562500 0.281250
vt 0.593750 0.281250
vt 0.625000 0.281250
vt 0.656250 0.281250
vt 0.687500 0.281250
vt 0.718750 0.281250
vt 0.750000 0.281250
vt 0.781250 0.281250
vt 0.812500 0.281250
vt 0.843750 0.281250
vt 0.875000 0.281250
vt 0.906250 0.281250
vt 0.937500 0.281250
vt 0.968750 0.281250
vt 0.062500 0.312500
vt 0.031250 0.312500
vt 0.093750 0.312500
vt 0.125000 0.312500
vt 0.156250 0.312500
vt 0.187500 0.312500
vt 0.218750 0.312500
vt 0.250000 0.312500
vt 0.281250 0.312500
vt 0.312500 0.312500
vt 0.343750 0.312500
vt 0.375000 0.312500
vt 0.406250 0.312500
vt 0.437500 0.312500
vt 0.468750 0.312500
vt 0.500000 0.312500
vt 0.531250 0.312500
vt 0.562500 0.312500
vt 0.593750 0.312500
vt 0.625000 0.312500
vt 0.656250 0.312500
vt 0.687500 0.312500
vt 0.718750 0.312500
vt 0.750000 0.312500
vt 0.781250 0.312500
vt 0.812500 0.312500
vt 0.843750 0.312500
vt 0.875000 0.312500
vt 0.906250 0.312500
vt 0.937500 0.312500
vt 0.968750 0.312500
vt 0.062500 0.343750
vt 0.031250 0.343750
vt 0.093750 0.343750
vt 0.125000 0.343750
vt 0.156250 0.343750
vt 0.187500 0.343750
vt 0.218750 0.343750
vt 0.250000 0.343750
vt 0.281250 0.343750
vt 0.312500 0.343750
vt 0.343750 0.343750
vt 0.375000 0.343750
vt 0.406250 0.343750
vt 0.437500 0.343750
vt 0.468750 0.343750
vt 0.500000 0.343750
vt 0.531250 0.343750
vt 0.562500 0.343750
vt 0.593750 0.343750
vt 0.625000 0.343750
vt 0.656250 0.343750
vt 0.687500 0.343750
vt 0.718750 0.343750
vt 0.750000 0.343750
vt 0.781250 0.343750
vt 0.812500 0.343750
vt 0.843750 0.343750
vt 0.875000 0.343750
vt 0.906250 0.343750
vt 0.937500 0.343750
vt 0.968750 0.343750
vt 0.062500 0.375000
vt 0.031250 0.375000
vt 0.093750 0.375000
vt 0.125000 0.375000
vt 0.156250 0.375000
vt 0.187500 0.375000
vt 0.218750 0.375000
vt 0.250000 0.375000
vt 0.281250 0.375000
vt 0.312500 0.375000
vt 0.343750 0.375000
vt 0.375000 0.375000
vt 0.406250 0.375000
vt 0.437500 0.375000
vt 0.468750 0.375000
vt 0.500000 0.375000
vt 0.531250 0.375000
vt 0.562500 0.375000
vt 0.593750 0.375000
vt 0.625000 0.375000
vt 0.656250 0.375000
vt 0.687500 0.375000
vt 0.718750 0.375000
vt 0.750000 0.375000
vt 0.781250 0.375000
vt 0.812500 0.375000
vt 0.843750 0.375000
vt 0.875000 0.375000
vt 0.906250 0.375000
vt 0.937500 0.375000
vt 0.968750 0.375000
vt 0.062500 0.406250
vt 0.031250 0.406250
vt 0.093750 0.406250
vt 0.125000 0.406250
vt 0.156250 0.406250
vt 0.187500 0.406250
vt 0.218750 0.406250
vt 0.250000 0.406250
vt 0.281250 0.406250
vt 0.312500 0.406250
vt 0.343750 0.406250
vt 0.375000 0.406250
vt 0.406250 0.406250
vt 0.437500 0.406250
vt 0.468750 0.406250
vt 0.500000 0.406250
vt 0.531250 0.406250
vt 0.562500 0.406250
vt 0.593750 0.406250
vt 0.625000 0.406250
vt 0.656250 0.406250
vt 0.687500 0.406250
vt 0.718750 0.406250
vt 0.750000 0.406250
vt 0.781250 0.406250
vt 0.812500 0.406250
vt 0.843750 0.406250
vt 0.875000 0.406250
vt 0.906250 0.406250
vt 0.937500 0.406250
vt 0.968750 0.406250
vt 0.062500 0.437500
vt 0.031250 0.437500
vt 0.093750 0.437500
vt 0.125000 0.437500
vt 0.156250 0.437500
vt 0.187500 0.437500
vt 0.218750 0.437500
vt 0.250000 0.437500
vt 0.281250 0.437500
vt 0.312500 0.437500
vt 0.343750 0.437500
vt 0.375000 0.437500
vt 0.406250 0.437500
vt 0.437500 0.437500
vt 0.468750 0.437500
vt 0.500000 0.437500
vt 0.531250 0.437500
vt 0.562500 0.437500
vt 0.593750 0.437500
vt 0.625000 0.437500
vt 0.656250 0.437500
vt 0.687500 0.437500
vt 0.718750 0.437500
vt 0.750000 0.437500
vt 0.781250 0.437500
vt 0.812500 0.437500
vt 0.843750 0.437500
vt 0.875000 0.437500
vt 0.906250 0.437500
vt 0.937500 0.437500
vt 0.968750 0.437500
vt 0.062500 0.468750
vt 0.031250 0.468750
vt 0.093750 0.468750
vt 0.125000 0.468750
vt 0.156250 0.468750
vt 0.187500 0.468750
vt 0.218750 0.468750
vt 0.250000 0.468750
vt 0.281250 0.468750
vt 0.312500 0.468750
vt 0.343750 0.468750
vt 0.375000 0.468750
vt 0.406250 0.468750
vt 0.437500 0.468750
vt 0.468750 0.468750
vt 0.500000 0.468750
vt 0.531250 0.468750
vt 0.562500 0.468750
vt 0.593750 0.468750
vt 0.625000 0.468750
vt 0.656250 0.468750
vt 0.687500 0.468750
vt 0.718750 0.468750
vt 0.750000 0.468750
vt 0.781250 0.468750
vt 0.812500 0.468750
vt 0.843750 0.468750
vt 0.875000 0.468750
vt 0.906250 0.468750
vt 0.937500 0.468750
vt 0.968750 0.468750
vt 0.062500 0.500000
vt 0.031250 0.500000
vt 0.093750 0.500000
vt 0.125000 0.500000
vt 0.156250 0.500000
vt 0.187500 0.500000
vt 0.218750 0.500000
vt 0.250000 0.500000
vt 0.281250 0.500000
vt 0.312500 0.500000
vt 0.343750 0.500000
vt 0.375000 0.500000
vt 0.406250 0.500000
vt 0.437500 0.500000
vt 0.468750 0.500000
vt 0.500000 0.500000
vt 0.531250 0.500000
vt 0.562500 0.500000
vt 0.593750 0.500000
vt 0.625000 0.500000
vt 0.656250 0.500000
vt 0.687500 0.500000
vt 0.718750 0.500000
vt 0.750000 0.500000
vt 0.781250 0.500000
vt 0.812500 0.500000
vt 0.843750 0.500000
vt 0.875000 0.500000
vt 0.906250 0.500000
vt 0.937500 0.500000
vt 0.968750 0.500000
vt 0.062500 0.531250
vt 0.031250 0.531250
vt 0.093750 0.531250
vt 0.125000 0.531250
vt 0.156250 0.531250
vt 0.187500 0.531250
vt 0.218750 0.531250
vt 0.250000 0.531250
vt 0.281250 0.531250
vt 0.312500 0.531250
vt 0.343750 0.531250
vt 0.375000 0.531250
vt 0.406250 0.531250
vt 0.437500 0.531250
vt 0.468750 0.531250
vt 0.500000 0.531250
vt 0.531250 0.531250
vt 0.562500 0.531250
vt 0.593750 0.531250
vt 0.625000 0.531250
vt 0.656250 0.531250
vt 0.687500 0.531250
vt 0.718750 0.531250
vt 0.750000 0.531250
vt 0.781250 0.531250
vt 0.812500 0.531250
vt 0.843750 0.531250
vt 0.875000 0.531250
vt 0.906250 0.531250
vt 0.937500 0.531250
vt 0.968750 0.531250
vt 0.062500 0.562500
vt 0.031250 0.562500
vt 0.093750 0.562500
vt 0.125000 0.562500
vt 0.156250 0.562500
vt 0.187500 0.562500
vt 0.218750 0.562500
vt 0.250000 0.562500
vt 0.281250 0.562500
vt 0.312500 0.562500
vt 0.343750 0.562500
vt 0.375000 0.562500
vt 0.406250 0.562500
vt 0.437500 0.562500
vt 0.468750 0.562500
vt 0.500000 0.562500
vt 0.531250 0.562500
vt 0.562500 0.562500
vt 0.593750 0.562500
vt 0.625000 0.562500
vt 0.656250 0.562500
vt 0.687500 0.562500
vt 0.718750 0.562500
vt 0.750000 0.562500
vt 0.781250 0.562500
vt 0.812500 0.562500
vt 0.843750 0.562500
vt 0.875000 0.562500
vt 0.906250 0.562500
vt 0.937500 0.562500
vt 0.968750 0.562500
vt 0.062500 0.593750
vt 0.031250 0.593750
vt 0.093750 0.593750
vt 0.125000 0.593750
vt 0.156250 0.593750
vt 0.187500 0.593750
vt 0.218750 0.593750
vt 0.250000 0.593750
vt 0.281250 0.593750
vt 0.312500 0.593750
vt 0.343750 0.593750
vt 0.375000 0.593750
vt 0.406250 0.593750
vt 0.437500 0.593750
vt 0.468750 0.593750
vt 0.500000 0.593750
vt 0.531250 0.593750
vt 0.562500 0.593750
vt 0.593750 0.593750
vt 0.625000 0.593750
vt 0.656250 0.593750
vt 0.687500 0.593750
vt 0.718750 0.593750
vt 0.750000 0.593750
vt 0.781250 0.593750
vt 0.812500 0.593750
vt 0.843750 0.593750
vt 0.875000 0.593750
vt 0.906250 0.593750
vt 0.937500 0.593750
vt 0.968750 0.593750
vt 0.062500 0.625000
vt 0.031250 0.625000
vt 0.093750 0.625000
vt 0.125000 0.625000
vt 0.156250 0.625000
vt 0.187500 0.625000
vt 0.218750 0.625000
vt 0.250000 0.625000
vt 0.281250 0.625000
vt 0.312500 0.625000
vt 0.343750 0.625000
vt 0.375000 0.625000
vt 0.406250 0.625000
vt 0.437500 0.625000
vt 0.468750 0.625000
vt 0.500000 0.625000
vt 0.531250 0.625000
vt 0.562500 0.625000
vt 0.593750 0.625000
vt 0.625000 0.625000
vt 0.656250 0.625000
vt 0.687500 0.625000
vt 0.718750 0.625000
vt 0.750000 0.625000
vt 0.781250 0.625000
vt 0.812500 0.625000
vt 0.843750 0.625000
vt 0.875000 0.625000
vt 0.906250 0.625000
vt 0.937500 0.625000
vt 0.968750 0.625000
vt 0.062500 0.656250
vt 0.031250 0.656250
vt 0.093750 0.656250
vt 0.125000 0.656250
vt 0.156250 0.656250
vt 0.187500 0.656250
vt 0.218750 0.656250
vt 0.250000 0.656250
vt 0.281250 0.656250
vt 0.312500 0.656250
vt 0.343750 0.656250
vt 0.375000 0.656250
vt 0.406250 0.656250
vt 0.437500 0.656250
vt 0.468750 0.656250
vt 0.500000 0.656250
vt 0.531250 0.656250
vt 0.562500 0.656250
vt 0.593750 0.656250
vt 0.625000 0.656250
vt 0.656250 0.656250
vt 0.687500 0.656250
vt 0.718750 0.656250
vt 0.750000 0.656250
vt 0.781250 0.656250
vt 0.812500 0.656250
vt 0.843750 0.656250
vt 0.875000 0.656250
vt 0.906250 0.656250
vt 0.937500 0.656250
vt 0.968750 0.656250
vt 0.062500 0.687500
vt 0.031250 0.687500
vt 0.093750 0.687500
vt 0.125000 0.687500
vt 0.156250 0.687500
vt 0.187500 0.687500
vt 0.218750 0.687500
vt 0.250000 0.687500
vt 0.281250 0.687500
vt 0.312500 0.687500
vt 0.343750 0.687500
vt 0.375000 0.687500
vt 0.406250 0.687500
vt 0.437500 0.687500
vt 0.468750 0.687500
vt 0.500000 0.687500
vt 0.531250 0.687500
vt 0.562500 0.687500
vt 0.593750 0.687500
vt 0.625000 0.687500
vt 0.656250 0.687500
vt 0.687500 0.687500
vt 0.718750 0.687500
vt 0.750000 0.687500
vt 0.781250 0.687500
vt 0.812500 0.687500
vt 0.843750 0.687500
vt 0.875000 0.687500
vt 0.906250 0.687500
vt 0.937500 0.687500
vt 0.968750 0.687500
vt 0.062500 0.718750
vt 0.031250 0.718750
vt 0.093750 0.718750
vt 0.125000 0.718750
vt 0.156250 0.718750
vt 0.187500 0.718750
vt 0.218750 0.718750
vt 0.250000 0.718750
vt 0.281250 0.718750
vt 0.312500 0.718750
vt 0.343750 0.718750
vt 0.375000 0.718750
vt 0.406250 0.718750
vt 0.437500 0.718750
vt 0.468750 0.718750
vt 0.500000 0.718750
vt 0.531250 0.718750
vt 0.562500 0.718750
vt 0.593750 0.718750
vt 0.625000 0.718750
vt 0.656250 0.718750
vt 0.687500 0.718750
vt 0.718750 0.718750
vt 0.750000 0.718750
vt 0.781250 0.718750
vt 0.812500 0.718750
vt 0.843750 0.718750
vt 0.875000 0.718750
vt 0.906250 0.718750
vt 0.937500 0.718750
vt 0.968750 0.718750
vt 0.062500 0.750000
vt 0.031250 0.750000
vt 0.093750 0.750000
vt 0.125000 0.750000
vt 0.156250 0.750000
vt 0.187500 0.750000
vt 0.218750 0.750000
vt 0.250000 0.750000
vt 0.281250 0.750000
vt 0.312500 0.750000
vt 0.343750 0.750000
vt 0.375000 0.750000
vt 0.406250 0.750000
vt 0.437500 0.750000
vt 0.468750 0.750000
vt 0.500000 0.750000
vt 0.531250 0.750000
vt 0.562500 0.750000
vt 0.593750 0.750000
vt 0.625000 0.750000
vt 0.656250 0.750000
vt 0.687500 0.750000
vt 0.718750 0.750000
vt 0.750000 0.750000
vt 0.781250 0.750000
vt 0.812500 0.750000
vt 0.843750 0.750000
vt 0.875000 0.750000
vt 0.906250 0.750000
vt 0.937500 0.750000
vt 0.968750 0.750000
vt 0.062500 0.781250
vt 0.031250 0.781250
vt 0.093750 0.781250
vt 0.125000 0.781250
vt 0.156250 0.781250
vt 0.187500 0.781250
vt 0.218750 0.781250
vt 0.250000 0.781250
vt 0.281250 0.781250
vt 0.312500 0.781250
vt 0.343750 0.781250
vt 0.375000 0.781250
vt 0.406250 0.781250
vt 0.437500 0.781250
vt 0.468750 0.781250
vt 0.500000 0.781250
vt 0.531250 0.781250
vt 0.562500 0.781250
vt 0.593750 0.781250
vt 0.625000 0.781250
vt 0.656250 0.781250
vt 0.687500 0.781250
vt 0.718750 0.781250
vt 0.750000 0.781250
vt 0.781250 0.781250
vt 0.812500 0.781250
vt 0.843750 0.781250
vt 0.875000 0.781250
vt 0.906250 0.781250
vt 0.937500 0.781250
vt 0.968750 0.781250
vt 0.062500 0.812500
vt 0.031250 0.812500
vt 0.093750 0.812500
vt 0.125000 0.812500
vt 0.156250 0.812500
vt 0.187500 0.812500
vt 0.218750 0.812500
vt 0.250000 0.812500
vt 0.281250 0.812500
vt 0.312500 0.812500
vt 0.343750 0.812500
vt 0.375000 0.812500
vt 0.406250 0.812500
vt 0.437500 0.812500
vt 0.468750 0.812500
vt 0.500000 0.812500
vt 0.531250 0.812500
vt 0.562500 0.812500
vt 0.593750 0.812500
vt 0.625000 0.812500
vt 0.656250 0.812500
vt 0.687500 0.812500
vt 0.718750 0.812500
vt 0.750000 0.812500
vt 0.781250 0.812500
vt 0.812500 0.812500
vt 0.843750 0.812500
vt 0.875000 0.812500
vt 0.906250 0.812500
vt 0.937500 0.812500
vt 0.968750 0.812500
vt 0.062500 0.843750
vt 0.031250 0.843750
vt 0.093750 0.843750
vt 0.125000 0.843750
vt 0.156250 0.843750
vt 0.187500 0.843750
vt 0.218750 0.843750
vt 0.250000 0.843750
vt 0.281250 0.843750
vt 0.312500 0.843750
vt 0.343750 0.843750
vt 0.375000 0.843750
vt 0.406250 0.843750
vt 0.437500 0.843750
vt 0.468750 0.843750
vt 0.500000 0.843750
vt 0.531250 0.843750
vt 0.562500 0.843750
vt 0.593750 0.843750
vt 0.625000 0.843750
vt 0.656250 0.843750
vt 0.687500 0.843750
vt 0.718750 0.843750
vt 0.750000 0.843750
vt 0.781250 0.843750
vt 0.812500 0.843750
vt 0.843750 0.843750
vt 0.875000 0.843750
vt 0.906250 0.843750
vt 0.937500 0.843750
vt 0.968750 0.843750
vt 0.062500 0.875000
vt 0.031250 0.875000
vt 0.093750 0.875000
vt 0.125000 0.875000
vt 0.156250 0.875000
vt 0.187500 0.875000
vt 0.218750 0.875000
vt 0.250000 0.875000
vt 0.281250 0.875000
vt 0.312500 0.875000
vt 0.343750 0.875000
vt 0.375000 0.875000
vt 0.406250 0.875000
vt 0.437500 0.875000
vt 0.468750 0.875000
vt 0.500000 0.875000
vt 0.531250 0.875000
vt 0.562500 0.875000
vt 0.593750 0.875000
vt 0.625000 0.875000
vt 0.656250 0.875000
vt 0.687500 0.875000
vt 0.718750 0.875000
vt 0.750000 0.875000
vt 0.781250 0.875000
vt 0.812500 0.875000
vt 0.843750 0.875000
vt 0.875000 0.875000
vt 0.906250 0.875000
vt 0.937500 0.875000
vt 0.968750 0.875000
vt 0.062500 0.906250
vt 0.031250 0.906250
vt 0.093750 0.906250
vt 0.125000 0.906250
vt 0.156250 0.906250
vt 0.187500 0.906250
vt 0.218750 0.906250
vt 0.250000 0.906250
vt 0.281250 0.906250
vt 0.312500 0.906250
vt 0.343750 0.906250
vt 0.375000 0.906250
vt 0.406250 0.906250
vt 0.437500 0.906250
vt 0.468750 0.906250
vt 0.500000 0.906250
vt 0.531250 0.906250
vt 0.562500 0.906250
vt 0.593750 0.906250
vt 0.625000 0.906250
vt 0.656250 0.906250
vt 0.687500 0.906250
vt 0.718750 0.906250
vt 0.750000 0.906250
vt 0.781250 0.906250
vt 0.812500 0.906250
vt 0.843750 0.906250
vt 0.875000 0.906250
vt 0.906250 0.906250
vt 0.937500 0.906250
vt 0.968750 0.906250
vt 0.062500 0.937500
vt 0.031250 0.937500
vt 0.093750 0.937500
vt 0.125000 0.937500
vt 0.156250 0.937500
vt 0.187500 0.937500
vt 0.218750 0.937500
vt 0.250000 0.937500
vt 0.281250 0.937500
vt 0.312500 0.937500
vt 0.343750 0.937500
vt 0.375000 0.937500
vt 0.406250 0.937500
vt 0.437500 0.937500
vt 0.468750 0.937500
vt 0.500000 0.937500
vt 0.531250 0.937500
vt 0.562500 0.937500
vt 0.593750 0.937500
vt 0.625000 0.937500
vt 0.656250 0.937500
vt 0.687500 0.937500
vt 0.718750 0.937500
vt 0.750000 0.937500
vt 0.781250 0.937500
vt 0.812500 0.937500
vt 0.843750 0.937500
vt 0.875000 0.937500
vt 0.906250 0.937500
vt 0.937500 0.937500
vt 0.968750 0.937500
vt 0.062500 0.968750
vt 0.031250 0.968750
vt 0.093750 0.968750
vt 0.125000 0.968750
vt 0.156250 0.968750
vt 0.187500 0.968750
vt 0.218750 0.968750
vt 0.250000 0.968750
vt 0.281250 0.968750
vt 0.312500 0.968750
vt 0.343750 0.968750
vt 0.375000 0.968750
vt 0.406250 0.968750
vt 0.437500 0.968750
vt 0.468750 0.968750
vt 0.500000 0.968750
vt 0.531250 0.968750
vt 0.562500 0.968750
vt 0.593750 0.968750
vt 0.625000 0.968750
vt 0.656250 0.968750
vt 0.687500 0.968750
vt 0.718750 0.968750
vt 0.750000 0.968750
vt 0.781250 0.968750
vt 0.812500 0.968750
vt 0.843750 0.968750
vt 0.875000 0.968750
vt 0.906250 0.968750
vt 0.937500 0.968750
vt 0.968750 0.968750
vt 0.000000 0.000000
vt 0.031250 0.000000
vt 0.000000 0.031250
vt 0.062500 0.000000
vt 0.093750 0.000000
vt 0.125000 0.000000
vt 0.156250 0.000000
vt 0.187500 0.000000
vt 0.218750 0.000000
vt 0.250000 0.000000
vt 0.281250 0.000000
vt 0.312500 0.000000
vt 0.343750 0.000000
vt 0.375000 0.000000
vt 0.406250 0.000000
vt 0.437500 0.000000
vt 0.468750 0.000000
vt 0.500000 0.000000
vt 0.531250 0.000000
vt 0.562500 0.000000
vt 0.593750 0.000000
vt 0.625000 0.000000
vt 0.656250 0.000000
vt 0.687500 0.000000
vt 0.718750 0.000000
vt 0.750000 0.000000
vt 0.781250 0.000000
vt 0.812500 0.000000
vt 0.843750 0.000000
vt 0.875000 0.000000
vt 0.906250 0.000000
vt 0.937500 0.000000
vt 0.968750 0.000000
vt 1.000000 0.000000
vt 1.000000 0.031250
vt 1.000000 0.062500
vt 1.000000 0.093750
vt 1.000000 0.125000
vt 1.000000 0.156250
vt 1.000000 0.187500
vt 1.000000 0.218750
vt 1.000000 0.250000
vt 1.000000 0.281250
vt 1.000000 0.312500
vt 1.000000 0.343750
vt 1.000000 0.375000
vt 1.000000 0.406250
vt 1.000000 0.437500
vt 1.000000 0.468750
vt 1.000000 0.500000
vt 1.000000 0.531250
vt 1.000000 0.562500
vt 1.000000 0.593750
vt 1.000000 0.625000
vt 1.000000 0.656250
vt 1.000000 0.687500
vt 1.000000 0.718750
vt 1.000000 0.750000
vt 1.000000 0.781250
vt 1.000000 0.812500
vt 1.000000 0.843750
vt 1.000000 0.875000
vt 1.000000 0.906250
vt 1.000000 0.937500
vt 1.000000 0.968750
vt 1.000000 1.000000
vt 0.968750 1.000000
vt 0.937500 1.000000
vt 0.906250 1.000000
vt 0.875000 1.000000
vt 0.843750 1.000000
vt 0.812500 1.000000
vt 0.781250 1.000000
vt 0.750000 1.000000
vt 0.718750 1.000000
vt 0.687500 1.000000
vt 0.656250 1.000000
vt 0.625000 1.000000
vt 0.593750 1.000000
vt 0.562500 1.000000
vt 0.531250 1.000000
vt 0.500000 1.000000
vt 0.468750 1.000000
vt 0.437500 1.000000
vt 0.406250 1.000000
vt 0.375000 1.000000
vt 0.343750 1.000000
vt 0.312500 1.000000
vt 0.281250 1.000000
vt 0.250000 1.000000
vt 0.218750 1.000000
vt 0.187500 1.000000
vt 0.156250 1.000000
vt 0.125000 1.000000
vt 0.093750 1.000000
vt 0.062500 1.000000
vt 0.031250 1.000000
vt 0.000000 0.968750
vt 0.000000 1.000000
vt 0.000000 0.937500
vt 0.000000 0.906250
vt 0.000000 0.875000
vt 0.000000 0.843750
vt 0.000000 0.812500
vt 0.000000 0.781250
vt 0.000000 0.750000
vt 0.000000 0.718750
vt 0.000000 0.687500
vt 0.000000 0.656250
vt 0.000000 0.625000
vt 0.000000 0.593750
vt 0.000000 0.562500
vt 0.000000 0.531250
vt 0.000000 0.500000
vt 0.000000 0.468750
vt 0.000000 0.437500
vt 0.000000 0.406250
vt 0.000000 0.375000
vt 0.000000 0.343750
vt 0.000000 0.312500
vt 0.000000 0.281250
vt 0.000000 0.250000
vt 0.000000 0.218750
vt 0.000000 0.187500
vt 0.000000 0.156250
vt 0.000000 0.125000
vt 0.000000 0.093750
vt 0.000000 0.062500
s 0
usemtl Material.005
f 4841/2357/4417 4842/2358/4417 4873/2359/4417 4872/2360/4417
f 4842/2358/4418 4843/2361/4418 4874/2362/4418 4873/2359/4418
f 4843/2361/4419 4844/2363/4419 4875/2364/4419 4874/2362/4419
f 4844/2363/4420 4845/2365/4420 4876/2366/4420 4875/2364/4420
f 4845/2365/4421 4846/2367/4421 4877/2368/4421 4876/2366/4421
f 4846/2367/4422 4847/2369/4422 4878/2370/4422 4877/2368/4422
f 4847/2369/4423 4848/2371/4423 4879/2372/4423 4878/2370/4423
f 4848/2371/4424 4849/2373/4424 4880/2374/4424 4879/2372/4424
f 4849/2373/4425 4850/2375/4425 4881/2376/4425 4880/2374/4425
f 4850/2375/4426 4851/2377/4426 4882/2378/4426 4881/2376/4426
f 4851/2377/4427 4852/2379/4427 4883/2380/4427 4882/2378/4427
f 4852/2379/4428 4853/2381/4428 4884/2382/4428 4883/2380/4428
f 4853/2381/4429 4854/2383/4429 4885/2384/4429 4884/2382/4429
f 4854/2383/4430 4855/2385/4430 4886/2386/4430 4885/2384/4430
f 4855/2385/4431 4856/2387/4431 4887/2388/4431 4886/2386/4431
f 4856/2387/4432 4857/2389/4432 4888/2390/4432 4887/2388/4432
f 4857/2389/4433 4858/2391/4433 4889/2392/4433 4888/2390/4433
f 4858/2391/4434 4859/2393/4434 4890/2394/4434 4889/2392/4434
f 4859/2393/4435 4860/2395/4435 4891/2396/4435 4890/2394/4435
f 4860/2395/4436 4861/2397/4436 4892/2398/4436 4891/2396/4436
f 4861/2397/4437 4862/2399/4437 4893/2400/4437 4892/2398/4437
f 4862/2399/4438 4863/2401/4438 4894/2402/4438 4893/2400/4438
f 4863/2401/4439 4864/2403/4439 4895/2404/4439 4894/2402/4439
f 4864/2403/4440 4865/2405/4440 4896/2406/4440 4895/2404/4440
f 4865/2405/4441 4866/2407/4441 4897/2408/4441 4896/2406/4441
f 4866/2407/4442 4867/2409/4442 4898/2410/4442 4897/2408/4442
f 4867/2409/4443 4868/2411/4443 4899/2412/4443 4898/2410/4443
f 4868/2411/4444 4869/2413/4444 4900/2414/4444 4899/2412/4444
f 4869/2413/4445 4870/2415/4445 4901/2416/4445 4900/2414/4445
f 4870/2415/4446 4871/2417/4446 4902/2418/4446 4901/2416/4446
f 4872/2360/4447 4873/2359/4447 4904/2419/4447 4903/2420/4447
f 4873/2359/4448 4874/2362/4448 4905/2421/4448 4904/2419/4448
f 4874/2362/4449 4875/2364/4449 4906/2422/4449 4905/2421/4449
f 4875/2364/4450 4876/2366/4450 4907/2423/4450 4906/2422/4450
f 4876/2366/4451 4877/2368/4451 4908/2424/4451 4907/2423/4451
f 4877/2368/4452 4878/2370/4452 4909/2425/4452 4908/2424/4452
f 4878/2370/4453 4879/2372/4453 4910/2426/4453 4909/2425/4453
f 4879/2372/4454 4880/2374/4454 4911/2427/4454 4910/2426/4454
f 4880/2374/4455 4881/2376/4455 4912/2428/4455 4911/2427/4455
f 4881/2376/4456 4882/2378/4456 4913/2429/4456 4912/2428/4456
f 4882/2378/4457 4883/2380/4457 4914/2430/4457 4913/2429/4457
f 4883/2380/4458 4884/2382/4458 4915/2431/4458 4914/2430/4458
f 4884/2382/4459 4885/2384/4459 4916/2432/4459 4915/2431/4459
f 4885/2384/4460 4886/2386/4460 4917/2433/4460 4916/2432/4460
f 4886/2386/4461 4887/2388/4461 4918/2434/4461 4917/2433/4461
f 4887/2388/4462 4888/2390/4462 4919/2435/4462 4918/2434/4462
f 4888/2390/4463 4889/2392/4463 4920/2436/4463 4919/2435/4463
f 4889/2392/4464 4890/2394/4464 4921/2437/4464 4920/2436/4464
f 4890/2394/4465 4891/2396/4465 4922/2438/4465 4921/2437/4465
f 4891/2396/4466 4892/2398/4466 4923/2439/4466 4922/2438/4466
f 4892/2398/4467 4893/2400/4467 4924/2440/4467 4923/2439/4467
f 4893/2400/4468 4894/2402/4468 4925/2441/4468 4924/2440/4468
f 4894/2402/4469 4895/2404/4469 4926/2442/4469 4925/2441/4469
f 4895/2404/4470 4896/2406/4470 4927/2443/4470 4926/2442/4470
f 4896/2406/4471 4897/2408/4471 4928/2444/4471 4927/2443/4471
f 4897/2408/4472 4898/2410/4472 4929/2445/4472 4928/2444/4472
f 4898/2410/4473 4899/2412/4473 4930/2446/4473 4929/2445/4473
f 4899/2412/4474 4900/2414/4474 4931/2447/4474 4930/2446/4474
f 4900/2414/4475 4901/2416/4475 4932/2448/4475 4931/2447/4475
f 4901/2416/4476 4902/2418/4476 4933/2449/4476 4932/2448/4476
f 4903/2420/4477 4904/2419/4477 4935/2450/4477 4934/2451/4477
f 4904/2419/4478 4905/2421/4478 4936/2452/4478 4935/2450/4478
f 4905/2421/4479 4906/2422/4479 4937/2453/4479 4936/2452/4479
f 4906/2422/4480 4907/2423/4480 4938/2454/4480 4937/2453/4480
f 4907/2423/4481 4908/2424/4481 4939/2455/4481 4938/2454/4481
f 4908/2424/4482 4909/2425/4482 4940/2456/4482 4939/2455/4482
f 4909/2425/4483 4910/2426/4483 4941/2457/4483 4940/2456/4483
f 4910/2426/4484 4911/2427/4484 4942/2458/4484 4941/2457/4484
f 4911/2427/4485 4912/2428/4485 4943/2459/4485 4942/2458/4485
f 4912/2428/4486 4913/2429/4486 4944/2460/4486 4943/2459/4486
f 4913/2429/4487 4914/2430/4487 4945/2461/4487 4944/2460/4487
f 4914/2430/4488 4915/2431/4488 4946/2462/4488 4945/2461/4488
f 4915/2431/4489 4916/2432/4489 4947/2463/4489 4946/2462/4489
f 4916/2432/4490 4917/2433/4490 4948/2464/4490 4947/2463/4490
f 4917/2433/4491 4918/2434/4491 4949/2465/4491 4948/2464/4491
f 4918/2434/4492 4919/2435/4492 4950/2466/4492 4949/2465/4492
f 4919/2435/4493 4920/2436/4493 4951/2467/4493 4950/2466/4493
f 4920/2436/4494 4921/2437/4494 4952/2468/4494 4951/2467/4494
f 4921/2437/4495 4922/2438/4495 4953/2469/4495 4952/2468/4495
f 4922/2438/4496 4923/2439/4496 4954/2470/4496 4953/2469/4496
f 4923/2439/4497 4924/2440/4497 4955/2471/4497 4954/2470/4497
f 4924/2440/4498 4925/2441/4498 4956/2472/4498 4955/2471/4498
f 4925/2441/4499 4926/2442/4499 4957/2473/4499 4956/2472/4499
f 4926/2442/4500 4927/2443/4500 4958/2474/4500 4957/2473/4500
f 4927/2443/4501 4928/2444/4501 4959/2475/4501 4958/2474/4501
f 4928/2444/4502 4929/2445/4502 4960/2476/4502 4959/2475/4502
f 4929/2445/4503 4930/2446/4503 4961/2477/4503 4960/2476/4503
f 4930/2446/4504 4931/2447/4504 4962/2478/4504 4961/2477/4504
f 4931/2447/4505 4932/2448/4505 4963/2479/4505 4962/2478/4505
f 4932/2448/4506 4933/2449/4506 4964/2480/4506 4963/2479/4506
f 4934/2451/4507 4935/2450/4507 4966/2481/4507 4965/2482/4507
f 4935/2450/4508 4936/2452/4508 4967/2483/4508 4966/2481/4508
f 4936/2452/4509 4937/2453/4509 4968/2484/4509 4967/2483/4509
f 4937/2453/4510 4938/2454/4510 4969/2485/4510 4968/2484/4510
f 4938/2454/4511 4939/2455/4511 4970/2486/4511 4969/2485/4511
f 4939/2455/4512 4940/2456/4512 4971/2487/4512 4970/2486/4512
f 4940/2456/4513 4941/2457/4513 4972/2488/4513 4971/2487/4513
f 4941/2457/4514 4942/2458/4514 4973/2489/4514 4972/2488/4514
f 4942/2458/4515 4943/2459/4515 4974/2490/4515 4973/2489/4515
f 4943/2459/4516 4944/2460/4516 4975/2491/4516 4974/2490/4516
f 4944/2460/4517 4945/2461/4517 4976/2492/4517 4975/2491/4517
f 4945/2461/4518 4946/2462/4518 4977/2493/4518 4976/2492/4518
f 4946/2462/4519 4947/2463/4519 4978/2494/4519 4977/2493/4519
f 4947/2463/4520 4948/2464/4520 4979/2495/4520 4978/2494/4520
f 4948/2464/4521 4949/2465/4521 4980/2496/4521 4979/2495/4521
f 4949/2465/4522 4950/2466/4522 4981/2497/4522 4980/2496/4522
f 4950/2466/4523 4951/2467/4523 4982/2498/4523 4981/2497/4523
f 4951/2467/4524 4952/2468/4524 4983/2499/4524 4982/2498/4524
f 4952/2468/4525 4953/2469/4525 4984/2500/4525 4983/2499/4525
f 4953/2469/4526 4954/2470/4526 4985/2501/4526 4984/2500/4526
f 4954/2470/4527 4955/2471/4527 4986/2502/4527 4985/2501/4527
f 4955/2471/4528 4956/2472/4528 4987/2503/4528 4986/2502/4528
f 4956/2472/4529 4957/2473/4529 4988/2504/4529 4987/2503/4529
f 4957/2473/4530 4958/2474/4530 4989/2505/4530 4988/2504/4530
f 4958/2474/4531 4959/2475/4531 4990/2506/4531 4989/2505/4531
f 4959/2475/4532 4960/2476/4532 4991/2507/4532 4990/2506/4532
f 4960/2476/4533 4961/2477/4533 4992/2508/4533 4991/2507/4533
f 4961/2477/4534 4962/2478/4534 4993/2509/4534 4992/2508/4534
f 4962/2478/4535 4963/2479/4535 4994/2510/4535 4993/2509/4535
f 4963/2479/4536 4964/2480/4536 4995/2511/4536 4994/2510/4536
f 4965/2482/4537 4966/2481/4537 4997/2512/4537 4996/2513/4537
f 4966/2481/4538 4967/2483/4538 4998/2514/4538 4997/2512/4538
f 4967/2483/4539 4968/2484/4539 4999/2515/4539 4998/2514/4539
f 4968/2484/4540 4969/2485/4540 5000/2516/4540 4999/2515/4540
f 4969/2485/4541 4970/2486/4541 5001/2517/4541 5000/2516/4541
f 4970/2486/4542 4971/2487/4542 5002/2518/4542 5001/2517/4542
f 4971/2487/4543 4972/2488/4543 5003/2519/4543 5002/2518/4543
f 4972/2488/4544 4973/2489/4544 5004/2520/4544 5003/2519/4544
f 4973/2489/4545 4974/2490/4545 5005/2521/4545 5004/2520/4545
f 4974/2490/4546 4975/2491/4546 5006/2522/4546 5005/2521/4546
f 4975/2491/4547 4976/2492/4547 5007/2523/4547 5006/2522/4547
f 4976/2492/4548 4977/2493/4548 5008/2524/4548 5007/2523/4548
f 4977/2493/4549 4978/2494/4549 5009/2525/4549 5008/2524/4549
f 4978/2494/4550 4979/2495/4550 5010/2526/4550 5009/2525/4550
f 4979/2495/4551 4980/2496/4551 5011/2527/4551 5010/2526/4551
f 4980/2496/4552 4981/2497/4552 5012/2528/4552 5011/2527/4552
f 4981/2497/4553 4982/2498/4553 5013/2529/4553 5012/2528/4553
f 4982/2498/4554 4983/2499/4554 5014/2530/4554 5013/2529/4554
f 4983/2499/4555 4984/2500/4555 5015/2531/4555 5014/2530/4555
f 4984/2500/4556 4985/2501/4556 5016/2532/4556 5015/2531/4556
f 4985/2501/4557 4986/2502/4557 5017/2533/4557 5016/2532/4557
f 4986/2502/4558 4987/2503/4558 5018/2534/4558 5017/2533/4558
f 4987/2503/4559 4988/2504/4559 5019/2535/4559 5018/2534/4559
f 4988/2504/4560 4989/2505/4560 5020/2536/4560 5019/2535/4560
f 4989/2505/4561 4990/2506/4561 5021/2537/4561 5020/2536/4561
f 4990/2506/4562 4991/2507/4562 5022/2538/4562 5021/2537/4562
f 4991/2507/4563 4992/2508/4563 5023/2539/4563 5022/2538/4563
f 4992/2508/4564 4993/2509/4564 5024/2540/4564 5023/2539/4564
f 4993/2509/4565 4994/2510/4565 5025/2541/4565 5024/2540/4565
f 4994/2510/4566 4995/2511/4566 5026/2542/4566 5025/2541/4566
f 4996/2513/4567 4997/2512/4567 5028/2543/4567 5027/2544/4567
f 4997/2512/4568 4998/2514/4568 5029/2545/4568 5028/2543/4568
f 4998/2514/4569 4999/2515/4569 5030/2546/4569 5029/2545/4569
f 4999/2515/4570 5000/2516/4570 5031/2547/4570 5030/2546/4570
f 5000/2516/4571 5001/2517/4571 5032/2548/4571 5031/2547/4571
f 5001/2517/4572 5002/2518/4572 5033/2549/4572 5032/2548/4572
f 5002/2518/4573 5003/2519/4573 5034/2550/4573 5033/2549/4573
f 5003/2519/4574 5004/2520/4574 5035/2551/4574 5034/2550/4574
f 5004/2520/4575 5005/2521/4575 5036/2552/4575 5035/2551/4575
f 5005/2521/4576 5006/2522/4576 5037/2553/4576 5036/2552/4576
f 5006/2522/4577 5007/2523/4577 5038/2554/4577 5037/2553/4577
f 5007/2523/4578 5008/2524/4578 5039/2555/4578 5038/2554/4578
f 5008/2524/4579 5009/2525/4579 5040/2556/4579 5039/2555/4579
f 5009/2525/4580 5010/2526/4580 5041/2557/4580 5040/2556/4580
f 5010/2526/4581 5011/2527/4581 5042/2558/4581 5041/2557/4581
f 5011/2527/4582 5012/2528/4582 5043/2559/4582 5042/2558/4582
f 5012/2528/4583 5013/2529/4583 5044/2560/4583 5043/2559/4583
f 5013/2529/4584 5014/2530/4584 5045/2561/4584 5044/2560/4584
f 5014/2530/4585 5015/2531/4585 5046/2562/4585 5045/2561/4585
f 5015/2531/4586 5016/2532/4586 5047/2563/4586 5046/2562/4586
f 5016/2532/4587 5017/2533/4587 5048/2564/4587 5047/2563/4587
f 5017/2533/4588 5018/2534/4588 5049/2565/4588 5048/2564/4588
f 5018/2534/4589 5019/2535/4589 5050/2566/4589 5049/2565/4589
f 5019/2535/4590 5020/2536/4590 5051/2567/4590 5050/2566/4590
f 5020/2536/4591 5021/2537/4591 5052/2568/4591 5051/2567/4591
f 5021/2537/4592 5022/2538/4592 5053/2569/4592 5052/2568/4592
f 5022/2538/4593 5023/2539/4593 5054/2570/4593 5053/2569/4593
f 5023/2539/4594 5024/2540/4594 5055/2571/4594 5054/2570/4594
f 5024/2540/4595 5025/2541/4595 5056/2572/4595 5055/2571/4595
f 5025/2541/4596 5026/2542/4596 5057/2573/4596 5056/2572/4596
f 5027/2544/4597 5028/2543/4597 5059/2574/4597 5058/2575/4597
f 5028/2543/4598 5029/2545/4598 5060/2576/4598 5059/2574/4598
f 5029/2545/4599 5030/2546/4599 5061/2577/4599 5060/2576/4599
f 5030/2546/4600 5031/2547/4600 5062/2578/4600 5061/2577/4600
f 5031/2547/4601 5032/2548/4601 5063/2579/4601 5062/2578/4601
f 5032/2548/4602 5033/2549/4602 5064/2580/4602 5063/2579/4602
f 5033/2549/4603 5034/2550/4603 5065/2581/4603 5064/2580/4603
f 5034/2550/4604 5035/2551/4604 5066/2582/4604 5065/2581/4604
f 5035/2551/4605 5036/2552/4605 5067/2583/4605 5066/2582/4605
f 5036/2552/4606 5037/2553/4606 5068/2584/4606 5067/2583/4606
f 5037/2553/4607 5038/2554/4607 5069/2585/4607 5068/2584/4607
f 5038/2554/4608 5039/2555/4608 5070/2586/4608 5069/2585/4608
f 5039/2555/4609 5040/2556/4609 5071/2587/4609 5070/2586/4609
f 5040/2556/4610 5041/2557/4610 5072/2588/4610 5071/2587/4610
f 5041/2557/4611 5042/2558/4611 5073/2589/4611 5072/2588/4611
f 5042/2558/4612 5043/2559/4612 5074/2590/4612 5073/2589/4612
f 5043/2559/4613 5044/2560/4613 5075/2591/4613 5074/2590/4613
f 5044/2560/4614 5045/2561/4614 5076/2592/4614 5075/2591/4614
f 5045/2561/4615 5046/2562/4615 5077/2593/4615 5076/2592/4615
f 5046/2562/4616 5047/2563/4616 5078/2594/4616 5077/2593/4616
f 5047/2563/4617 5048/2564/4617 5079/2595/4617 5078/2594/4617
f 5048/2564/4618 5049/2565/4618 5080/2596/4618 5079/2595/4618
f 5049/2565/4619 5050/2566/4619 5081/2597/4619 5080/2596/4619
f 5050/2566/4620 5051/2567/4620 5082/2598/4620 5081/2597/4620
f 5051/2567/4621 5052/2568/4621 5083/2599/4621 5082/2598/4621
f 5052/2568/4622 5053/2569/4622 5084/2600/4622 5083/2599/4622
f 5053/2569/4623 5054/2570/4623 5085/2601/4623 5084/2600/4623
f 5054/2570/4624 5055/2571/4624 5086/2602/4624 5085/2601/4624
f 5055/2571/4625 5056/2572/4625 5087/2603/4625 5086/2602/4625
f 5056/2572/4626 5057/2573/4626 5088/2604/4626 5087/2603/4626
f 5058/2575/4627 5059/2574/4627 5090/2605/4627 5089/2606/4627
f 5059/2574/4628 5060/2576/4628 5091/2607/4628 5090/2605/4628
f 5060/2576/4629 5061/2577/4629 5092/2608/4629 5091/2607/4629
f 5061/2577/4630 5062/2578/4630 5093/2609/4630 5092/2608/4630
f 5062/2578/4631 5063/2579/4631 5094/2610/4631 5093/2609/4631
f 5063/2579/4632 5064/2580/4632 5095/2611/4632 5094/2610/4632
f 5064/2580/4633 5065/2581/4633 5096/2612/4633 5095/2611/4633
f 5065/2581/4634 5066/2582/4634 5097/2613/4634 5096/2612/4634
f 5066/2582/4635 5067/2583/4635 5098/2614/4635 5097/2613/4635
f 5067/2583/4636 5068/2584/4636 5099/2615/4636 5098/2614/4636
f 5068/2584/4637 5069/2585/4637 5100/2616/4637 5099/2615/4637
f 5069/2585/4638 5070/2586/4638 5101/2617/4638 5100/2616/4638
f 5070/2586/4639 5071/2587/4639 5102/2618/4639 5101/2617/4639
f 5071/2587/4640 5072/2588/4640 5103/2619/4640 5102/2618/4640
f 5072/2588/4641 5073/2589/4641 5104/2620/4641 5103/2619/4641
f 5073/2589/4642 5074/2590/4642 5105/2621/4642 5104/2620/4642
f 5074/2590/4643 5075/2591/4643 5106/2622/4643 5105/2621/4643
f 5075/2591/4644 5076/2592/4644 5107/2623/4644 5106/2622/4644
f 5076/2592/4645 5077/2593/4645 5108/2624/4645 5107/2623/4645
f 5077/2593/4646 5078/2594/4646 5109/2625/4646 5108/2624/4646
f 5078/2594/4647 5079/2595/4647 5110/2626/4647 5109/2625/4647
f 5079/2595/4648 5080/2596/4648 5111/2627/4648 5110/2626/4648
f 5080/2596/4649 5081/2597/4649 5112/2628/4649 5111/2627/4649
f 5081/2597/4650 5082/2598/4650 5113/2629/4650 5112/2628/4650
f 5082/2598/4651 5083/2599/4651 5114/2630/4651 5113/2629/4651
f 5083/2599/4652 5084/2600/4652 5115/2631/4652 5114/2630/4652
f 5084/2600/4653 5085/2601/4653 5116/2632/4653 5115/2631/4653
f 5085/2601/4654 5086/2602/4654 5117/2633/4654 5116/2632/4654
f 5086/2602/4655 5087/2603/4655 5118/2634/4655 5117/2633/4655
f 5087/2603/4656 5088/2604/4656 5119/2635/4656 5118/2634/4656
f 5089/2606/4657 5090/2605/4657 5121/2636/4657 5120/2637/4657
f 5090/2605/4658 5091/2607/4658 5122/2638/4658 5121/2636/4658
f 5091/2607/4659 5092/2608/4659 5123/2639/4659 5122/2638/4659
f 5092/2608/4660 5093/2609/4660 5124/2640/4660 5123/2639/4660
f 5093/2609/4661 5094/2610/4661 5125/2641/4661 5124/2640/4661
f 5094/2610/4662 5095/2611/4662 5126/2642/4662 5125/2641/4662
f 5095/2611/4663 5096/2612/4663 5127/2643/4663 5126/2642/4663
f 5096/2612/4664 5097/2613/4664 5128/2644/4664 5127/2643/4664
f 5097/2613/4665 5098/2614/4665 5129/2645/4665 5128/2644/4665
f 5098/2614/4666 5099/2615/4666 5130/2646/4666 5129/2645/4666
f 5099/2615/4667 5100/2616/4667 5131/2647/4667 5130/2646/4667
f 5100/2616/4668 5101/2617/4668 5132/2648/4668 5131/2647/4668
f 5101/2617/4669 5102/2618/4669 5133/2649/4669 5132/2648/4669
f 5102/2618/4670 5103/2619/4670 5134/2650/4670 5133/2649/4670
f 5103/2619/4671 5104/2620/4671 5135/2651/4671 5134/2650/4671
f 5104/2620/4672 5105/2621/4672 5136/2652/4672 5135/2651/4672
f 5105/2621/4673 5106/2622/4673 5137/2653/4673 5136/2652/4673
f 5106/2622/4674 5107/2623/4674 5138/2654/4674 5137/2653/4674
f 5107/2623/4675 5108/2624/4675 5139/2655/4675 5138/2654/4675
f 5108/2624/4676 5109/2625/4676 5140/2656/4676 5139/2655/4676
f 5109/2625/4677 5110/2626/4677 5141/2657/4677 5140/2656/4677
f 5110/2626/4678 5111/2627/4678 5142/2658/4678 5141/2657/4678
f 5111/2627/4679 5112/2628/4679 5143/2659/4679 5142/2658/4679
f 5112/2628/4680 5113/2629/4680 5144/2660/4680 5143/2659/4680
f 5113/2629/4681 5114/2630/4681 5145/2661/4681 5144/2660/4681
f 5114/2630/4682 5115/2631/4682 5146/2662/4682 5145/2661/4682
f 5115/2631/4683 5116/2632/4683 5147/2663/4683 5146/2662/4683
f 5116/2632/4684 5117/2633/4684 5148/2664/4684 5147/2663/4684
f 5117/2633/4685 5118/2634/4685 5149/2665/4685 5148/2664/4685
f 5118/2634/4686 5119/2635/4686 5150/2666/4686 5149/2665/4686
f 5120/2637/4687 5121/2636/4687 5152/2667/4687 5151/2668/4687
f 5121/2636/4688 5122/2638/4688 5153/2669/4688 5152/2667/4688
f 5122/2638/4689 5123/2639/4689 5154/2670/4689 5153/2669/4689
f 5123/2639/4690 5124/2640/4690 5155/2671/4690 5154/2670/4690
f 5124/2640/4691 5125/2641/4691 5156/2672/4691 5155/2671/4691
f 5125/2641/4692 5126/2642/4692 5157/2673/4692 5156/2672/4692
f 5126/2642/4693 5127/2643/4693 5158/2674/4693 5157/2673/4693
f 5127/2643/4694 5128/2644/4694 5159/2675/4694 5158/2674/4694
f 5128/2644/4695 5129/2645/4695 5160/2676/4695 5159/2675/4695
f 5129/2645/4696 5130/2646/4696 5161/2677/4696 5160/2676/4696
f 5130/2646/4697 5131/2647/4697 5162/2678/4697 5161/2677/4697
f 5131/2647/4698 5132/2648/4698 5163/2679/4698 5162/2678/4698
f 5132/2648/4699 5133/2649/4699 5164/2680/4699 5163/2679/4699
f 5133/2649/4700 5134/2650/4700 5165/2681/4700 5164/2680/4700
f 5134/2650/4701 5135/2651/4701 5166/2682/4701 5165/2681/4701
f 5135/2651/4702 5136/2652/4702 5167/2683/4702 5166/2682/4702
f 5136/2652/4703 5137/2653/4703 5168/2684/4703 5167/2683/4703
f 5137/2653/4704 5138/2654/4704 5169/2685/4704 5168/2684/4704
f 5138/2654/4705 5139/2655/4705 5170/2686/4705 5169/2685/4705
f 5139/2655/4706 5140/2656/4706 5171/2687/4706 5170/2686/4706
f 5140/2656/4707 5141/2657/4707 5172/2688/4707 5171/2687/4707
f 5141/2657/4708 5142/2658/4708 5173/2689/4708 5172/2688/4708
f 5142/2658/4709 5143/2659/4709 5174/2690/4709 5173/2689/4709
f 5143/2659/4710 5144/2660/4710 5175/2691/4710 5174/2690/4710
f 5144/2660/4711 5145/2661/4711 5176/2692/4711 5175/2691/4711
f 5145/2661/4712 5146/2662/4712 5177/2693/4712 5176/2692/4712
f 5146/2662/4713 5147/2663/4713 5178/2694/4713 5177/2693/4713
f 5147/2663/4714 5148/2664/4714 5179/2695/4714 5178/2694/4714
f 5148/2664/4715 5149/2665/4715 5180/2696/4715 5179/2695/4715
f 5149/2665/4716 5150/2666/4716 5181/2697/4716 5180/2696/4716
f 5151/2668/4717 5152/2667/4717 5183/2698/4717 5182/2699/4717
f 5152/2667/4718 5153/2669/4718 5184/2700/4718 5183/2698/4718
f 5153/2669/4719 5154/2670/4719 5185/2701/4719 5184/2700/4719
f 5154/2670/4720 5155/2671/4720 5186/2702/4720 5185/2701/4720
f 5155/2671/4721 5156/2672/4721 5187/2703/4721 5186/2702/4721
f 5156/2672/4722 5157/2673/4722 5188/2704/4722 5187/2703/4722
f 5157/2673/4723 5158/2674/4723 5189/2705/4723 5188/2704/4723
f 5158/2674/4724 5159/2675/4724 5190/2706/4724 5189/2705/4724
f 5159/2675/4725 5160/2676/4725 5191/2707/4725 5190/2706/4725
f 5160/2676/4726 5161/2677/4726 5192/2708/4726 5191/2707/4726
f 5161/2677/4727 5162/2678/4727 5193/2709/4727 5192/2708/4727
f 5162/2678/4728 5163/2679/4728 5194/2710/4728 5193/2709/4728
f 5163/2679/4729 5164/2680/4729 5195/2711/4729 5194/2710/4729
f 5164/2680/4730 5165/2681/4730 5196/2712/4730 5195/2711/4730
f 5165/2681/4731 5166/2682/4731 5197/2713/4731 5196/2712/4731
f 5166/2682/4732 5167/2683/4732 5198/2714/4732 5197/2713/4732
f 5167/2683/4733 5168/2684/4733 5199/2715/4733 5198/2714/4733
f 5168/2684/4734 5169/2685/4734 5200/2716/4734 5199/2715/4734
f 5169/2685/4735 5170/2686/4735 5201/2717/4735 5200/2716/4735
f 5170/2686/4736 5171/2687/4736 5202/2718/4736 5201/2717/4736
f 5171/2687/4737 5172/2688/4737 5203/2719/4737 5202/2718/4737
f 5172/2688/4738 5173/2689/4738 5204/2720/4738 5203/2719/4738
f 5173/2689/4739 5174/2690/4739 5205/2721/4739 5204/2720/4739
f 5174/2690/4740 5175/2691/4740 5206/2722/4740 5205/2721/4740
f 5175/2691/4741 5176/2692/4741 5207/2723/4741 5206/2722/4741
f 5176/2692/4742 5177/2693/4742 5208/2724/4742 5207/2723/4742
f 5177/2693/4743 5178/2694/4743 5209/2725/4743 5208/2724/4743
f 5178/2694/4744 5179/2695/4744 5210/2726/4744 5209/2725/4744
f 5179/2695/4745 5180/2696/4745 5211/2727/4745 5210/2726/4745
f 5180/2696/4746 5181/2697/4746 5212/2728/4746 5211/2727/4746
f 5182/2699/4747 5183/2698/4747 5214/2729/4747 5213/2730/4747
f 5183/2698/4748 5184/2700/4748 5215/2731/4748 5214/2729/4748
f 5184/2700/4749 5185/2701/4749 5216/2732/4749 5215/2731/4749
f 5185/2701/4750 5186/2702/4750 5217/2733/4750 5216/2732/4750
f 5186/2702/4751 5187/2703/4751 5218/2734/4751 5217/2733/4751
f 5187/2703/4752 5188/2704/4752 5219/2735/4752 5218/2734/4752
f 5188/2704/4753 5189/2705/4753 5220/2736/4753 5219/2735/4753
f 5189/2705/4754 5190/2706/4754 5221/2737/4754 5220/2736/4754
f 5190/2706/4755 5191/2707/4755 5222/2738/4755 5221/2737/4755
f 5191/2707/4756 5192/2708/4756 5223/2739/4756 5222/2738/4756
f 5192/2708/4757 5193/2709/4757 5224/2740/4757 5223/2739/4757
f 5193/2709/4758 5194/2710/4758 5225/2741/4758 5224/2740/4758
f 5194/2710/4759 5195/2711/4759 5226/2742/4759 5225/2741/4759
f 5195/2711/4760 5196/2712/4760 5227/2743/4760 5226/2742/4760
f 5196/2712/4761 5197/2713/4761 5228/2744/4761 5227/2743/4761
f 5197/2713/4762 5198/2714/4762 5229/2745/4762 5228/2744/4762
f 5198/2714/4763 5199/2715/4763 5230/2746/4763 5229/2745/4763
f 5199/2715/4764 5200/2716/4764 5231/2747/4764 5230/2746/4764
f 5200/2716/4765 5201/2717/4765 5232/2748/4765 5231/2747/4765
f 5201/2717/4766 5202/2718/4766 5233/2749/4766 5232/2748/4766
f 5202/2718/4767 5203/2719/4767 5234/2750/4767 5233/2749/4767
f 5203/2719/4768 5204/2720/4768 5235/2751/4768 5234/2750/4768
f 5204/2720/4769 5205/2721/4769 5236/2752/4769 5235/2751/4769
f 5205/2721/4770 5206/2722/4770 5237/2753/4770 5236/2752/4770
f 5206/2722/4771 5207/2723/4771 5238/2754/4771 5237/2753/4771
f 5207/2723/4772 5208/2724/4772 5239/2755/4772 5238/2754/4772
f 5208/2724/4773 5209/2725/4773 5240/2756/4773 5239/2755/4773
f 5209/2725/4774 5210/2726/4774 5241/2757/4774 5240/2756/4774
f 5210/2726/4775 5211/2727/4775 5242/2758/4775 5241/2757/4775
f 5211/2727/4776 5212/2728/4776 5243/2759/4776 5242/2758/4776
f 5213/2730/4777 5214/2729/4777 5245/2760/4777 5244/2761/4777
f 5214/2729/4778 5215/2731/4778 5246/2762/4778 5245/2760/4778
f 5215/2731/4779 5216/2732/4779 5247/2763/4779 5246/2762/4779
f 5216/2732/4780 5217/2733/4780 5248/2764/4780 5247/2763/4780
f 5217/2733/4781 5218/2734/4781 5249/2765/4781 5248/2764/4781
f 5218/2734/4782 5219/2735/4782 5250/2766/4782 5249/2765/4782
f 5219/2735/4783 5220/2736/4783 5251/2767/4783 5250/2766/4783
f 5220/2736/4784 5221/2737/4784 5252/2768/4784 5251/2767/4784
f 5221/2737/4785 5222/2738/4785 5253/2769/4785 5252/2768/4785
f 5222/2738/4786 5223/2739/4786 5254/2770/4786 5253/2769/4786
f 5223/2739/4787 5224/2740/4787 5255/2771/4787 5254/2770/4787
f 5224/2740/4788 5225/2741/4788 5256/2772/4788 5255/2771/4788
f 5225/2741/4789 5226/2742/4789 5257/2773/4789 5256/2772/4789
f 5226/2742/4790 5227/2743/4790 5258/2774/4790 5257/2773/4790
f 5227/2743/4791 5228/2744/4791 5259/2775/4791 5258/2774/4791
f 5228/2744/4792 5229/2745/4792 5260/2776/4792 5259/2775/4792
f 5229/2745/4793 5230/2746/4793 5261/2777/4793 5260/2776/4793
f 5230/2746/4794 5231/2747/4794 5262/2778/4794 5261/2777/4794
f 5231/2747/4795 5232/2748/4795 5263/2779/4795 5262/2778/4795
f 5232/2748/4796 5233/2749/4796 5264/2780/4796 5263/2779/4796
f 5233/2749/4797 5234/2750/4797 5265/2781/4797 5264/2780/4797
f 5234/2750/4798 5235/2751/4798 5266/2782/4798 5265/2781/4798
f 5235/2751/4799 5236/2752/4799 5267/2783/4799 5266/2782/4799
f 5236/2752/4800 5237/2753/4800 5268/2784/4800 5267/2783/4800
f 5237/2753/4801 5238/2754/4801 5269/2785/4801 5268/2784/4801
f 5238/2754/4802 5239/2755/4802 5270/2786/4802 5269/2785/4802
f 5239/2755/4803 5240/2756/4803 5271/2787/4803 5270/2786/4803
f 5240/2756/4804 5241/2757/4804 5272/2788/4804 5271/2787/4804
f 5241/2757/4805 5242/2758/4805 5273/2789/4805 5272/2788/4805
f 5242/2758/4806 5243/2759/4806 5274/2790/4806 5273/2789/4806
f 5244/2761/4807 5245/2760/4807 5276/2791/4807 5275/2792/4807
f 5245/2760/4808 5246/2762/4808 5277/2793/4808 5276/2791/4808
f 5246/2762/4809 5247/2763/4809 5278/2794/4809 5277/2793/4809
f 5247/2763/4810 5248/2764/4810 5279/2795/4810 5278/2794/4810
f 5248/2764/4811 5249/2765/4811 5280/2796/4811 5279/2795/4811
f 5249/2765/4812 5250/2766/4812 5281/2797/4812 5280/2796/4812
f 5250/2766/4813 5251/2767/4813 5282/2798/4813 5281/2797/4813
f 5251/2767/4814 5252/2768/4814 5283/2799/4814 5282/2798/4814
f 5252/2768/4815 5253/2769/4815 5284/2800/4815 5283/2799/4815
f 5253/2769/4816 5254/2770/4816 5285/2801/4816 5284/2800/4816
f 5254/2770/4817 5255/2771/4817 5286/2802/4817 5285/2801/4817
f 5255/2771/4818 5256/2772/4818 5287/2803/4818 5286/2802/4818
f 5256/2772/4819 5257/2773/4819 5288/2804/4819 5287/2803/4819
f 5257/2773/4820 5258/2774/4820 5289/2805/4820 5288/2804/4820
f 5258/2774/4821 5259/2775/4821 5290/2806/4821 5289/2805/4821
f 5259/2775/4822 5260/2776/4822 5291/2807/4822 5290/2806/4822
f 5260/2776/4823 5261/2777/4823 5292/2808/4823 5291/2807/4823
f 5261/2777/4824 5262/2778/4824 5293/2809/4824 5292/2808/4824
f 5262/2778/4825 5263/2779/4825 5294/2810/4825 5293/2809/4825
f 5263/2779/4826 5264/2780/4826 5295/2811/4826 5294/2810/4826
f 5264/2780/4827 5265/2781/4827 5296/2812/4827 5295/2811/4827
f 5265/2781/4828 5266/2782/4828 5297/2813/4828 5296/2812/4828
f 5266/2782/4829 5267/2783/4829 5298/2814/4829 5297/2813/4829
f 5267/2783/4830 5268/2784/4830 5299/2815/4830 5298/2814/4830
f 5268/2784/4831 5269/2785/4831 5300/2816/4831 5299/2815/4831
f 5269/2785/4832 5270/2786/4832 5301/2817/4832 5300/2816/4832
f 5270/2786/4833 5271/2787/4833 5302/2818/4833 5301/2817/4833
f 5271/2787/4834 5272/2788/4834 5303/2819/4834 5302/2818/4834
f 5272/2788/4835 5273/2789/4835 5304/2820/4835 5303/2819/4835
f 5273/2789/4836 5274/2790/4836 5305/2821/4836 5304/2820/4836
f 5275/2792/4837 5276/2791/4837 5307/2822/4837 5306/2823/4837
f 5276/2791/4838 5277/2793/4838 5308/2824/4838 5307/2822/4838
f 5277/2793/4839 5278/2794/4839 5309/2825/4839 5308/2824/4839
f 5278/2794/4840 5279/2795/4840 5310/2826/4840 5309/2825/4840
f 5279/2795/4841 5280/2796/4841 5311/2827/4841 5310/2826/4841
f 5280/2796/4842 5281/2797/4842 5312/2828/4842 5311/2827/4842
f 5281/2797/4843 5282/2798/4843 5313/2829/4843 5312/2828/4843
f 5282/2798/4844 5283/2799/4844 5314/2830/4844 5313/2829/4844
f 5283/2799/4845 5284/2800/4845 5315/2831/4845 5314/2830/4845
f 5284/2800/4846 5285/2801/4846 5316/2832/4846 5315/2831/4846
f 5285/2801/4847 5286/2802/4847 5317/2833/4847 5316/2832/4847
f 5286/2802/4848 5287/2803/4848 5318/2834/4848 5317/2833/4848
f 5287/2803/4849 5288/2804/4849 5319/2835/4849 5318/2834/4849
f 5288/2804/4850 5289/2805/4850 5320/2836/4850 5319/2835/4850
f 5289/2805/4851 5290/2806/4851 5321/2837/4851 5320/2836/4851
f 5290/2806/4852 5291/2807/4852 5322/2838/4852 5321/2837/4852
f 5291/2807/4853 5292/2808/4853 5323/2839/4853 5322/2838/4853
f 5292/2808/4854 5293/2809/4854 5324/2840/4854 5323/2839/4854
f 5293/2809/4855 5294/2810/4855 5325/2841/4855 5324/2840/4855
f 5294/2810/4856 5295/2811/4856 5326/2842/4856 5325/2841/4856
f 5295/2811/4857 5296/2812/4857 5327/2843/4857 5326/2842/4857
f 5296/2812/4858 5297/2813/4858 5328/2844/4858 5327/2843/4858
f 5297/2813/4859 5298/2814/4859 5329/2845/4859 5328/2844/4859
f 5298/2814/4860 5299/2815/4860 5330/2846/4860 5329/2845/4860
f 5299/2815/4861 5300/2816/4861 5331/2847/4861 5330/2846/4861
f 5300/2816/4862 5301/2817/4862 5332/2848/4862 5331/2847/4862
f 5301/2817/4863 5302/2818/4863 5333/2849/4863 5332/2848/4863
f 5302/2818/4864 5303/2819/4864 5334/2850/4864 5333/2849/4864
f 5303/2819/4865 5304/2820/4865 5335/2851/4865 5334/2850/4865
f 5304/2820/4866 5305/2821/4866 5336/2852/4866 5335/2851/4866
f 5306/2823/4867 5307/2822/4867 5338/2853/4867 5337/2854/4867
f 5307/2822/4868 5308/2824/4868 5339/2855/4868 5338/2853/4868
f 5308/2824/4869 5309/2825/4869 5340/2856/4869 5339/2855/4869
f 5309/2825/4870 5310/2826/4870 5341/2857/4870 5340/2856/4870
f 5310/2826/4871 5311/2827/4871 5342/2858/4871 5341/2857/4871
f 5311/2827/4872 5312/2828/4872 5343/2859/4872 5342/2858/4872
f 5312/2828/4873 5313/2829/4873 5344/2860/4873 5343/2859/4873
f 5313/2829/4874 5314/2830/4874 5345/2861/4874 5344/2860/4874
f 5314/2830/4875 5315/2831/4875 5346/2862/4875 5345/2861/4875
f 5315/2831/4876 5316/2832/4876 5347/2863/4876 5346/2862/4876
f 5316/2832/4877 5317/2833/4877 5348/2864/4877 5347/2863/4877
f 5317/2833/4878 5318/2834/4878 5349/2865/4878 5348/2864/4878
f 5318/2834/4879 5319/2835/4879 5350/2866/4879 5349/2865/4879
f 5319/2835/4880 5320/2836/4880 5351/2867/4880 5350/2866/4880
f 5320/2836/4881 5321/2837/4881 5352/2868/4881 5351/2867/4881
f 5321/2837/4882 5322/2838/4882 5353/2869/4882 5352/2868/4882
f 5322/2838/4883 5323/2839/4883 5354/2870/4883 5353/2869/4883
f 5323/2839/4884 5324/2840/4884 5355/2871/4884 5354/2870/4884
f 5324/2840/4885 5325/2841/4885 5356/2872/4885 5355/2871/4885
f 5325/2841/4886 5326/2842/4886 5357/2873/4886 5356/2872/4886
f 5326/2842/4887 5327/2843/4887 5358/2874/4887 5357/2873/4887
f 5327/2843/4888 5328/2844/4888 5359/2875/4888 5358/2874/4888
f 5328/2844/4889 5329/2845/4889 5360/2876/4889 5359/2875/4889
f 5329/2845/4890 5330/2846/4890 5361/2877/4890 5360/2876/4890
f 5330/2846/4891 5331/2847/4891 5362/2878/4891 5361/2877/4891
f 5331/2847/4892 5332/2848/4892 5363/2879/4892 5362/2878/4892
f 5332/2848/4893 5333/2849/4893 5364/2880/4893 5363/2879/4893
f 5333/2849/4894 5334/2850/4894 5365/2881/4894 5364/2880/4894
f 5334/2850/4895 5335/2851/4895 5366/2882/4895 5365/2881/4895
f 5335/2851/4896 5336/2852/4896 5367/2883/4896 5366/2882/4896
f 5337/2854/4897 5338/2853/4897 5369/2884/4897 5368/2885/4897
f 5338/2853/4898 5339/2855/4898 5370/2886/4898 5369/2884/4898
f 5339/2855/4899 5340/2856/4899 5371/2887/4899 5370/2886/4899
f 5340/2856/4900 5341/2857/4900 5372/2888/4900 5371/2887/4900
f 5341/2857/4901 5342/2858/4901 5373/2889/4901 5372/2888/4901
f 5342/2858/4902 5343/2859/4902 5374/2890/4902 5373/2889/4902
f 5343/2859/4903 5344/2860/4903 5375/2891/4903 5374/2890/4903
f 5344/2860/4904 5345/2861/4904 5376/2892/4904 5375/2891/4904
f 5345/2861/4905 5346/2862/4905 5377/2893/4905 5376/2892/4905
f 5346/2862/4906 5347/2863/4906 5378/2894/4906 5377/2893/4906
f 5347/2863/4907 5348/2864/4907 5379/2895/4907 5378/2894/4907
f 5348/2864/4908 5349/2865/4908 5380/2896/4908 5379/2895/4908
f 5349/2865/4909 5350/2866/4909 5381/2897/4909 5380/2896/4909
f 5350/2866/4910 5351/2867/4910 5382/2898/4910 5381/2897/4910
f 5351/2867/4911 5352/2868/4911 5383/2899/4911 5382/2898/4911
f 5352/2868/4912 5353/2869/4912 5384/2900/4912 5383/2899/4912
f 5353/2869/4913 5354/2870/4913 5385/2901/4913 5384/2900/4913
f 5354/2870/4914 5355/2871/4914 5386/2902/4914 5385/2901/4914
f 5355/2871/4915 5356/2872/4915 5387/2903/4915 5386/2902/4915
f 5356/2872/4916 5357/2873/4916 5388/2904/4916 5387/2903/4916
f 5357/2873/4917 5358/2874/4917 5389/2905/4917 5388/2904/4917
f 5358/2874/4918 5359/2875/4918 5390/2906/4918 5389/2905/4918
f 5359/2875/4919 5360/2876/4919 5391/2907/4919 5390/2906/4919
f 5360/2876/4920 5361/2877/4920 5392/2908/4920 5391/2907/4920
f 5361/2877/4921 5362/2878/4921 5393/2909/4921 5392/2908/4921
f 5362/2878/4922 5363/2879/4922 5394/2910/4922 5393/2909/4922
f 5363/2879/4923 5364/2880/4923 5395/2911/4923 5394/2910/4923
f 5364/2880/4924 5365/2881/4924 5396/2912/4924 5395/2911/4924
f 5365/2881/4925 5366/2882/4925 5397/2913/4925 5396/2912/4925
f 5366/2882/4926 5367/2883/4926 5398/2914/4926 5397/2913/4926
f 5368/2885/4927 5369/2884/4927 5400/2915/4927 5399/2916/4927
f 5369/2884/4928 5370/2886/4928 5401/2917/4928 5400/2915/4928
f 5370/2886/4929 5371/2887/4929 5402/2918/4929 5401/2917/4929
f 5371/2887/4930 5372/2888/4930 5403/2919/4930 5402/2918/4930
f 5372/2888/4931 5373/2889/4931 5404/2920/4931 5403/2919/4931
f 5373/2889/4932 5374/2890/4932 5405/2921/4932 5404/2920/4932
f 5374/2890/4933 5375/2891/4933 5406/2922/4933 5405/2921/4933
f 5375/2891/4934 5376/2892/4934 5407/2923/4934 5406/2922/4934
f 5376/2892/4935 5377/2893/4935 5408/2924/4935 5407/2923/4935
f 5377/2893/4936 5378/2894/4936 5409/2925/4936 5408/2924/4936
f 5378/2894/4937 5379/2895/4937 5410/2926/4937 5409/2925/4937
f 5379/2895/4938 5380/2896/4938 5411/2927/4938 5410/2926/4938
f 5380/2896/4939 5381/2897/4939 5412/2928/4939 5411/2927/4939
f 5381/2897/4940 5382/2898/4940 5413/2929/4940 5412/2928/4940
f 5382/2898/4941 5383/2899/4941 5414/2930/4941 5413/2929/4941
f 5383/2899/4942 5384/2900/4942 5415/2931/4942 5414/2930/4942
f 5384/2900/4943 5385/2901/4943 5416/2932/4943 5415/2931/4943
f 5385/2901/4944 5386/2902/4944 5417/2933/4944 5416/2932/4944
f 5386/2902/4945 5387/2903/4945 5418/2934/4945 5417/2933/4945
f 5387/2903/4946 5388/2904/4946 5419/2935/4946 5418/2934/4946
f 5388/2904/4947 5389/2905/4947 5420/2936/4947 5419/2935/4947
f 5389/2905/4948 5390/2906/4948 5421/2937/4948 5420/2936/4948
f 5390/2906/4949 5391/2907/4949 5422/2938/4949 5421/2937/4949
f 5391/2907/4950 5392/2908/4950 5423/2939/4950 5422/2938/4950
f 5392/2908/4951 5393/2909/4951 5424/2940/4951 5423/2939/4951
f 5393/2909/4952 5394/2910/4952 5425/2941/4952 5424/2940/4952
f 5394/2910/4953 5395/2911/4953 5426/2942/4953 5425/2941/4953
f 5395/2911/4954 5396/2912/4954 5427/2943/4954 5426/2942/4954
f 5396/2912/4955 5397/2913/4955 5428/2944/4955 5427/2943/4955
f 5397/2913/4956 5398/2914/4956 5429/2945/4956 5428/2944/4956
f 5399/2916/4957 5400/2915/4957 5431/2946/4957 5430/2947/4957
f 5400/2915/4958 5401/2917/4958 5432/2948/4958 5431/2946/4958
f 5401/2917/4959 5402/2918/4959 5433/2949/4959 5432/2948/4959
f 5402/2918/4960 5403/2919/4960 5434/2950/4960 5433/2949/4960
f 5403/2919/4961 5404/2920/4961 5435/2951/4961 5434/2950/4961
f 5404/2920/4962 5405/2921/4962 5436/2952/4962 5435/2951/4962
f 5405/2921/4963 5406/2922/4963 5437/2953/4963 5436/2952/4963
f 5406/2922/4964 5407/2923/4964 5438/2954/4964 5437/2953/4964
f 5407/2923/4965 5408/2924/4965 5439/2955/4965 5438/2954/4965
f 5408/2924/4966 5409/2925/4966 5440/2956/4966 5439/2955/4966
f 5409/2925/4967 5410/2926/4967 5441/2957/4967 5440/2956/4967
f 5410/2926/4968 5411/2927/4968 5442/2958/4968 5441/2957/4968
f 5411/2927/4969 5412/2928/4969 5443/2959/4969 5442/2958/4969
f 5412/2928/4970 5413/2929/4970 5444/2960/4970 5443/2959/4970
f 5413/2929/4971 5414/2930/4971 5445/2961/4971 5444/2960/4971
f 5414/2930/4972 5415/2931/4972 5446/2962/4972 5445/2961/4972
f 5415/2931/4973 5416/2932/4973 5447/2963/4973 5446/2962/4973
f 5416/2932/4974 5417/2933/4974 5448/2964/4974 5447/2963/4974
f 5417/2933/4975 5418/2934/4975 5449/2965/4975 5448/2964/4975
f 5418/2934/4976 5419/2935/4976 5450/2966/4976 5449/2965/4976
f 5419/2935/4977 5420/2936/4977 5451/2967/4977 5450/2966/4977
f 5420/2936/4978 5421/2937/4978 5452/2968/4978 5451/2967/4978
f 5421/2937/4979 5422/2938/4979 5453/2969/4979 5452/2968/4979
f 5422/2938/4980 5423/2939/4980 5454/2970/4980 5453/2969/4980
f 5423/2939/4981 5424/2940/4981 5455/2971/4981 5454/2970/4981
f 5424/2940/4982 5425/2941/4982 5456/2972/4982 5455/2971/4982
f 5425/2941/4983 5426/2942/4983 5457/2973/4983 5456/2972/4983
f 5426/2942/4984 5427/2943/4984 5458/2974/4984 5457/2973/4984
f 5427/2943/4985 5428/2944/4985 5459/2975/4985 5458/2974/4985
f 5428/2944/4986 5429/2945/4986 5460/2976/4986 5459/2975/4986
f 5430/2947/4987 5431/2946/4987 5462/2977/4987 5461/2978/4987
f 5431/2946/4988 5432/2948/4988 5463/2979/4988 5462/2977/4988
f 5432/2948/4989 5433/2949/4989 5464/2980/4989 5463/2979/4989
f 5433/2949/4990 5434/2950/4990 5465/2981/4990 5464/2980/4990
f 5434/2950/4991 5435/2951/4991 5466/2982/4991 5465/2981/4991
f 5435/2951/4992 5436/2952/4992 5467/2983/4992 5466/2982/4992
f 5436/2952/4993 5437/2953/4993 5468/2984/4993 5467/2983/4993
f 5437/2953/4994 5438/2954/4994 5469/2985/4994 5468/2984/4994
f 5438/2954/4995 5439/2955/4995 5470/2986/4995 5469/2985/4995
f 5439/2955/4996 5440/2956/4996 5471/2987/4996 5470/2986/4996
f 5440/2956/4997 5441/2957/4997 5472/2988/4997 5471/2987/4997
f 5441/2957/4998 5442/2958/4998 5473/2989/4998 5472/2988/4998
f 5442/2958/4999 5443/2959/4999 5474/2990/4999 5473/2989/4999
f 5443/2959/5000 5444/2960/5000 5475/2991/5000 5474/2990/5000
f 5444/2960/5001 5445/2961/5001 5476/2992/5001 5475/2991/5001
f 5445/2961/5002 5446/2962/5002 5477/2993/5002 5476/2992/5002
f 5446/2962/5003 5447/2963/5003 5478/2994/5003 5477/2993/5003
f 5447/2963/5004 5448/2964/5004 5479/2995/5004 5478/2994/5004
f 5448/2964/5005 5449/2965/5005 5480/2996/5005 5479/2995/5005
f 5449/2965/5006 5450/2966/5006 5481/2997/5006 5480/2996/5006
f 5450/2966/5007 5451/2967/5007 5482/2998/5007 5481/2997/5007
f 5451/2967/5008 5452/2968/5008 5483/2999/5008 5482/2998/5008
f 5452/2968/5009 5453/2969/5009 5484/3000/5009 5483/2999/5009
f 5453/2969/5010 5454/2970/5010 5485/3001/5010 5484/3000/5010
f 5454/2970/5011 5455/2971/5011 5486/3002/5011 5485/3001/5011
f 5455/2971/5012 5456/2972/5012 5487/3003/5012 5486/3002/5012
f 5456/2972/5013 5457/2973/5013 5488/3004/5013 5487/3003/5013
f 5457/2973/5014 5458/2974/5014 5489/3005/5014 5488/3004/5014
f 5458/2974/5015 5459/2975/5015 5490/3006/5015 5489/3005/5015
f 5459/2975/5016 5460/2976/5016 5491/3007/5016 5490/3006/5016
f 5461/2978/5017 5462/2977/5017 5493/3008/5017 5492/3009/5017
f 5462/2977/5018 5463/2979/5018 5494/3010/5018 5493/3008/5018
f 5463/2979/5019 5464/2980/5019 5495/3011/5019 5494/3010/5019
f 5464/2980/5020 5465/2981/5020 5496/3012/5020 5495/3011/5020
f 5465/2981/5021 5466/2982/5021 5497/3013/5021 5496/3012/5021
f 5466/2982/5022 5467/2983/5022 5498/3014/5022 5497/3013/5022
f 5467/2983/5023 5468/2984/5023 5499/3015/5023 5498/3014/5023
f 5468/2984/5024 5469/2985/5024 5500/3016/5024 5499/3015/5024
f 5469/2985/5025 5470/2986/5025 5501/3017/5025 5500/3016/5025
f 5470/2986/5026 5471/2987/5026 5502/3018/5026 5501/3017/5026
f 5471/2987/5027 5472/2988/5027 5503/3019/5027 5502/3018/5027
f 5472/2988/5028 5473/2989/5028 5504/3020/5028 5503/3019/5028
f 5473/2989/5029 5474/2990/5029 5505/3021/5029 5504/3020/5029
f 5474/2990/5030 5475/2991/5030 5506/3022/5030 5505/3021/5030
f 5475/2991/5031 5476/2992/5031 5507/3023/5031 5506/3022/5031
f 5476/2992/5032 5477/2993/5032 5508/3024/5032 5507/3023/5032
f 5477/2993/5033 5478/2994/5033 5509/3025/5033 5508/3024/5033
f 5478/2994/5034 5479/2995/5034 5510/3026/5034 5509/3025/5034
f 5479/2995/5035 5480/2996/5035 5511/3027/5035 5510/3026/5035
f 5480/2996/5036 5481/2997/5036 5512/3028/5036 5511/3027/5036
f 5481/2997/5037 5482/2998/5037 5513/3029/5037 5512/3028/5037
f 5482/2998/5038 5483/2999/5038 5514/3030/5038 5513/3029/5038
f 5483/2999/5039 5484/3000/5039 5515/3031/5039 5514/3030/5039
f 5484/3000/5040 5485/3001/5040 5516/3032/5040 5515/3031/5040
f 5485/3001/5041 5486/3002/5041 5517/3033/5041 5516/3032/5041
f 5486/3002/5042 5487/3003/5042 5518/3034/5042 5517/3033/5042
f 5487/3003/5043 5488/3004/5043 5519/3035/5043 5518/3034/5043
f 5488/3004/5044 5489/3005/5044 5520/3036/5044 5519/3035/5044
f 5489/3005/5045 5490/3006/5045 5521/3037/5045 5520/3036/5045
f 5490/3006/5046 5491/3007/5046 5522/3038/5046 5521/3037/5046
f 5492/3009/5047 5493/3008/5047 5524/3039/5047 5523/3040/5047
f 5493/3008/5048 5494/3010/5048 5525/3041/5048 5524/3039/5048
f 5494/3010/5049 5495/3011/5049 5526/3042/5049 5525/3041/5049
f 5495/3011/5050 5496/3012/5050 5527/3043/5050 5526/3042/5050
f 5496/3012/5051 5497/3013/5051 5528/3044/5051 5527/3043/5051
f 5497/3013/5052 5498/3014/5052 5529/3045/5052 5528/3044/5052
f 5498/3014/5053 5499/3015/5053 5530/3046/5053 5529/3045/5053
f 5499/3015/5054 5500/3016/5054 5531/3047/5054 5530/3046/5054
f 5500/3016/5055 5501/3017/5055 5532/3048/5055 5531/3047/5055
f 5501/3017/5056 5502/3018/5056 5533/3049/5056 5532/3048/5056
f 5502/3018/5057 5503/3019/5057 5534/3050/5057 5533/3049/5057
f 5503/3019/5058 5504/3020/5058 5535/3051/5058 5534/3050/5058
f 5504/3020/5059 5505/3021/5059 5536/3052/5059 5535/3051/5059
f 5505/3021/5060 5506/3022/5060 5537/3053/5060 5536/3052/5060
f 5506/3022/5061 5507/3023/5061 5538/3054/5061 5537/3053/5061
f 5507/3023/5062 5508/3024/5062 5539/3055/5062 5538/3054/5062
f 5508/3024/5063 5509/3025/5063 5540/3056/5063 5539/3055/5063
f 5509/3025/5064 5510/3026/5064 5541/3057/5064 5540/3056/5064
f 5510/3026/5065 5511/3027/5065 5542/3058/5065 5541/3057/5065
f 5511/3027/5066 5512/3028/5066 5543/3059/5066 5542/3058/5066
f 5512/3028/5067 5513/3029/5067 5544/3060/5067 5543/3059/5067
f 5513/3029/5068 5514/3030/5068 5545/3061/5068 5544/3060/5068
f 5514/3030/5069 5515/3031/5069 5546/3062/5069 5545/3061/5069
f 5515/3031/5070 5516/3032/5070 5547/3063/5070 5546/3062/5070
f 5516/3032/5071 5517/3033/5071 5548/3064/5071 5547/3063/5071
f 5517/3033/5072 5518/3034/5072 5549/3065/5072 5548/3064/5072
f 5518/3034/5073 5519/3035/5073 5550/3066/5073 5549/3065/5073
f 5519/3035/5074 5520/3036/5074 5551/3067/5074 5550/3066/5074
f 5520/3036/5075 5521/3037/5075 5552/3068/5075 5551/3067/5075
f 5521/3037/5076 5522/3038/5076 5553/3069/5076 5552/3068/5076
f 5523/3040/5077 5524/3039/5077 5555/3070/5077 5554/3071/5077
f 5524/3039/5078 5525/3041/5078 5556/3072/5078 5555/3070/5078
f 5525/3041/5079 5526/3042/5079 5557/3073/5079 5556/3072/5079
f 5526/3042/5080 5527/3043/5080 5558/3074/5080 5557/3073/5080
f 5527/3043/5081 5528/3044/5081 5559/3075/5081 5558/3074/5081
f 5528/3044/5082 5529/3045/5082 5560/3076/5082 5559/3075/5082
f 5529/3045/5083 5530/3046/5083 5561/3077/5083 5560/3076/5083
f 5530/3046/5084 5531/3047/5084 5562/3078/5084 5561/3077/5084
f 5531/3047/5085 5532/3048/5085 5563/3079/5085 5562/3078/5085
f 5532/3048/5086 5533/3049/5086 5564/3080/5086 5563/3079/5086
f 5533/3049/5087 5534/3050/5087 5565/3081/5087 5564/3080/5087
f 5534/3050/5088 5535/3051/5088 5566/3082/5088 5565/3081/5088
f 5535/3051/5089 5536/3052/5089 5567/3083/5089 5566/3082/5089
f 5536/3052/5090 5537/3053/5090 5568/3084/5090 5567/3083/5090
f 5537/3053/5091 5538/3054/5091 5569/3085/5091 5568/3084/5091
f 5538/3054/5092 5539/3055/5092 5570/3086/5092 5569/3085/5092
f 5539/3055/5093 5540/3056/5093 5571/3087/5093 5570/3086/5093
f 5540/3056/5094 5541/3057/5094 5572/3088/5094 5571/3087/5094
f 5541/3057/5095 5542/3058/5095 5573/3089/5095 5572/3088/5095
f 5542/3058/5096 5543/3059/5096 5574/3090/5096 5573/3089/5096
f 5543/3059/5097 5544/3060/5097 5575/3091/5097 5574/3090/5097
f 5544/3060/5098 5545/3061/5098 5576/3092/5098 5575/3091/5098
f 5545/3061/5099 5546/3062/5099 5577/3093/5099 5576/3092/5099
f 5546/3062/5100 5547/3063/5100 5578/3094/5100 5577/3093/5100
f 5547/3063/5101 5548/3064/5101 5579/3095/5101 5578/3094/5101
f 5548/3064/5102 5549/3065/5102 5580/3096/5102 5579/3095/5102
f 5549/3065/5103 5550/3066/5103 5581/3097/5103 5580/3096/5103
f 5550/3066/5104 5551/3067/5104 5582/3098/5104 5581/3097/5104
f 5551/3067/5105 5552/3068/5105 5583/3099/5105 5582/3098/5105
f 5552/3068/5106 5553/3069/5106 5584/3100/5106 5583/3099/5106
f 5554/3071/5107 5555/3070/5107 5586/3101/5107 5585/3102/5107
f 5555/3070/5108 5556/3072/5108 5587/3103/5108 5586/3101/5108
f 5556/3072/5109 5557/3073/5109 5588/3104/5109 5587/3103/5109
f 5557/3073/5110 5558/3074/5110 5589/3105/5110 5588/3104/5110
f 5558/3074/5111 5559/3075/5111 5590/3106/5111 5589/3105/5111
f 5559/3075/5112 5560/3076/5112 5591/3107/5112 5590/3106/5112
f 5560/3076/5113 5561/3077/5113 5592/3108/5113 5591/3107/5113
f 5561/3077/5114 5562/3078/5114 5593/3109/5114 5592/3108/5114
f 5562/3078/5115 5563/3079/5115 5594/3110/5115 5593/3109/5115
f 5563/3079/5116 5564/3080/5116 5595/3111/5116 5594/3110/5116
f 5564/3080/5117 5565/3081/5117 5596/3112/5117 5595/3111/5117
f 5565/3081/5118 5566/3082/5118 5597/3113/5118 5596/3112/5118
f 5566/3082/5119 5567/3083/5119 5598/3114/5119 5597/3113/5119
f 5567/3083/5120 5568/3084/5120 5599/3115/5120 5598/3114/5120
f 5568/3084/5121 5569/3085/5121 5600/3116/5121 5599/3115/5121
f 5569/3085/5122 5570/3086/5122 5601/3117/5122 5600/3116/5122
f 5570/3086/5123 5571/3087/5123 5602/3118/5123 5601/3117/5123
f 5571/3087/5124 5572/3088/5124 5603/3119/5124 5602/3118/5124
f 5572/3088/5125 5573/3089/5125 5604/3120/5125 5603/3119/5125
f 5573/3089/5126 5574/3090/5126 5605/3121/5126 5604/3120/5126
f 5574/3090/5127 5575/3091/5127 5606/3122/5127 5605/3121/5127
f 5575/3091/5128 5576/3092/5128 5607/3123/5128 5606/3122/5128
f 5576/3092/5129 5577/3093/5129 5608/3124/5129 5607/3123/5129
f 5577/3093/5130 5578/3094/5130 5609/3125/5130 5608/3124/5130
f 5578/3094/5131 5579/3095/5131 5610/3126/5131 5609/3125/5131
f 5579/3095/5132 5580/3096/5132 5611/3127/5132 5610/3126/5132
f 5580/3096/5133 5581/3097/5133 5612/3128/5133 5611/3127/5133
f 5581/3097/5134 5582/3098/5134 5613/3129/5134 5612/3128/5134
f 5582/3098/5135 5583/3099/5135 5614/3130/5135 5613/3129/5135
f 5583/3099/5136 5584/3100/5136 5615/3131/5136 5614/3130/5136
f 5585/3102/5137 5586/3101/5137 5617/3132/5137 5616/3133/5137
f 5586/3101/5138 5587/3103/5138 5618/3134/5138 5617/3132/5138
f 5587/3103/5139 5588/3104/5139 5619/3135/5139 5618/3134/5139
f 5588/3104/5140 5589/3105/5140 5620/3136/5140 5619/3135/5140
f 5589/3105/5141 5590/3106/5141 5621/3137/5141 5620/3136/5141
f 5590/3106/5142 5591/3107/5142 5622/3138/5142 5621/3137/5142
f 5591/3107/5143 5592/3108/5143 5623/3139/5143 5622/3138/5143
f 5592/3108/5144 5593/3109/5144 5624/3140/5144 5623/3139/5144
f 5593/3109/5145 5594/3110/5145 5625/3141/5145 5624/3140/5145
f 5594/3110/5146 5595/3111/5146 5626/3142/5146 5625/3141/5146
f 5595/3111/5147 5596/3112/5147 5627/3143/5147 5626/3142/5147
f 5596/3112/5148 5597/3113/5148 5628/3144/5148 5627/3143/5148
f 5597/3113/5149 5598/3114/5149 5629/3145/5149 5628/3144/5149
f 5598/3114/5150 5599/3115/5150 5630/3146/5150 5629/3145/5150
f 5599/3115/5151 5600/3116/5151 5631/3147/5151 5630/3146/5151
f 5600/3116/5152 5601/3117/5152 5632/3148/5152 5631/3147/5152
f 5601/3117/5153 5602/3118/5153 5633/3149/5153 5632/3148/5153
f 5602/3118/5154 5603/3119/5154 5634/3150/5154 5633/3149/5154
f 5603/3119/5155 5604/3120/5155 5635/3151/5155 5634/3150/5155
f 5604/3120/5156 5605/3121/5156 5636/3152/5156 5635/3151/5156
f 5605/3121/5157 5606/3122/5157 5637/3153/5157 5636/3152/5157
f 5606/3122/5158 5607/3123/5158 5638/3154/5158 5637/3153/5158
f 5607/3123/5159 5608/3124/5159 5639/3155/5159 5638/3154/5159
f 5608/3124/5160 5609/3125/5160 5640/3156/5160 5639/3155/5160
f 5609/3125/5161 5610/3126/5161 5641/3157/5161 5640/3156/5161
f 5610/3126/5162 5611/3127/5162 5642/3158/5162 5641/3157/5162
f 5611/3127/5163 5612/3128/5163 5643/3159/5163 5642/3158/5163
f 5612/3128/5164 5613/3129/5164 5644/3160/5164 5643/3159/5164
f 5613/3129/5165 5614/3130/5165 5645/3161/5165 5644/3160/5165
f 5614/3130/5166 5615/3131/5166 5646/3162/5166 5645/3161/5166
f 5616/3133/5167 5617/3132/5167 5648/3163/5167 5647/3164/5167
f 5617/3132/5168 5618/3134/5168 5649/3165/5168 5648/3163/5168
f 5618/3134/5169 5619/3135/5169 5650/3166/5169 5649/3165/5169
f 5619/3135/5170 5620/3136/5170 5651/3167/5170 5650/3166/5170
f 5620/3136/5171 5621/3137/5171 5652/3168/5171 5651/3167/5171
f 5621/3137/5172 5622/3138/5172 5653/3169/5172 5652/3168/5172
f 5622/3138/5173 5623/3139/5173 5654/3170/5173 5653/3169/5173
f 5623/3139/5174 5624/3140/5174 5655/3171/5174 5654/3170/5174
f 5624/3140/5175 5625/3141/5175 5656/3172/5175 5655/3171/5175
f 5625/3141/5176 5626/3142/5176 5657/3173/5176 5656/3172/5176
f 5626/3142/5177 5627/3143/5177 5658/3174/5177 5657/3173/5177
f 5627/3143/5178 5628/3144/5178 5659/3175/5178 5658/3174/5178
f 5628/3144/5179 5629/3145/5179 5660/3176/5179 5659/3175/5179
f 5629/3145/5180 5630/3146/5180 5661/3177/5180 5660/3176/5180
f 5630/3146/5181 5631/3147/5181 5662/3178/5181 5661/3177/5181
f 5631/3147/5182 5632/3148/5182 5663/3179/5182 5662/3178/5182
f 5632/3148/5183 5633/3149/5183 5664/3180/5183 5663/3179/5183
f 5633/3149/5184 5634/3150/5184 5665/3181/5184 5664/3180/5184
f 5634/3150/5185 5635/3151/5185 5666/3182/5185 5665/3181/5185
f 5635/3151/5186 5636/3152/5186 5667/3183/5186 5666/3182/5186
f 5636/3152/5187 5637/3153/5187 5668/3184/5187 5667/3183/5187
f 5637/3153/5188 5638/3154/5188 5669/3185/5188 5668/3184/5188
f 5638/3154/5189 5639/3155/5189 5670/3186/5189 5669/3185/5189
f 5639/3155/5190 5640/3156/5190 5671/3187/5190 5670/3186/5190
f 5640/3156/5191 5641/3157/5191 5672/3188/5191 5671/3187/5191
f 5641/3157/5192 5642/3158/5192 5673/3189/5192 5672/3188/5192
f 5642/3158/5193 5643/3159/5193 5674/3190/5193 5673/3189/5193
f 5643/3159/5194 5644/3160/5194 5675/3191/5194 5674/3190/5194
f 5644/3160/5195 5645/3161/5195 5676/3192/5195 5675/3191/5195
f 5645/3161/5196 5646/3162/5196 5677/3193/5196 5676/3192/5196
f 5647/3164/5197 5648/3163/5197 5679/3194/5197 5678/3195/5197
f 5648/3163/5198 5649/3165/5198 5680/3196/5198 5679/3194/5198
f 5649/3165/5199 5650/3166/5199 5681/3197/5199 5680/3196/5199
f 5650/3166/5200 5651/3167/5200 5682/3198/5200 5681/3197/5200
f 5651/3167/5201 5652/3168/5201 5683/3199/5201 5682/3198/5201
f 5652/3168/5202 5653/3169/5202 5684/3200/5202 5683/3199/5202
f 5653/3169/5203 5654/3170/5203 5685/3201/5203 5684/3200/5203
f 5654/3170/5204 5655/3171/5204 5686/3202/5204 5685/3201/5204
f 5655/3171/5205 5656/3172/5205 5687/3203/5205 5686/3202/5205
f 5656/3172/5206 5657/3173/5206 5688/3204/5206 5687/3203/5206
f 5657/3173/5207 5658/3174/5207 5689/3205/5207 5688/3204/5207
f 5658/3174/5208 5659/3175/5208 5690/3206/5208 5689/3205/5208
f 5659/3175/5209 5660/3176/5209 5691/3207/5209 5690/3206/5209
f 5660/3176/5210 5661/3177/5210 5692/3208/5210 5691/3207/5210
f 5661/3177/5211 5662/3178/5211 5693/3209/5211 5692/3208/5211
f 5662/3178/5212 5663/3179/5212 5694/3210/5212 5693/3209/5212
f 5663/3179/5213 5664/3180/5213 5695/3211/5213 5694/3210/5213
f 5664/3180/5214 5665/3181/5214 5696/3212/5214 5695/3211/5214
f 5665/3181/5215 5666/3182/5215 5697/3213/5215 5696/3212/5215
f 5666/3182/5216 5667/3183/5216 5698/3214/5216 5697/3213/5216
f 5667/3183/5217 5668/3184/5217 5699/3215/5217 5698/3214/5217
f 5668/3184/5218 5669/3185/5218 5700/3216/5218 5699/3215/5218
f 5669/3185/5219 5670/3186/5219 5701/3217/5219 5700/3216/5219
f 5670/3186/5220 5671/3187/5220 5702/3218/5220 5701/3217/5220
f 5671/3187/5221 5672/3188/5221 5703/3219/5221 5702/3218/5221
f 5672/3188/5222 5673/3189/5222 5704/3220/5222 5703/3219/5222
f 5673/3189/5223 5674/3190/5223 5705/3221/5223 5704/3220/5223
f 5674/3190/5224 5675/3191/5224 5706/3222/5224 5705/3221/5224
f 5675/3191/5225 5676/3192/5225 5707/3223/5225 5706/3222/5225
f 5676/3192/5226 5677/3193/5226 5708/3224/5226 5707/3223/5226
f 5678/3195/5227 5679/3194/5227 5710/3225/5227 5709/3226/5227
f 5679/3194/5228 5680/3196/5228 5711/3227/5228 5710/3225/5228
f 5680/3196/5229 5681/3197/5229 5712/3228/5229 5711/3227/5229
f 5681/3197/5230 5682/3198/5230 5713/3229/5230 5712/3228/5230
f 5682/3198/5231 5683/3199/5231 5714/3230/5231 5713/3229/5231
f 5683/3199/5232 5684/3200/5232 5715/3231/5232 5714/3230/5232
f 5684/3200/5233 5685/3201/5233 5716/3232/5233 5715/3231/5233
f 5685/3201/5234 5686/3202/5234 5717/3233/5234 5716/3232/5234
f 5686/3202/5235 5687/3203/5235 5718/3234/5235 5717/3233/5235
f 5687/3203/5236 5688/3204/5236 5719/3235/5236 5718/3234/5236
f 5688/3204/5237 5689/3205/5237 5720/3236/5237 5719/3235/5237
f 5689/3205/5238 5690/3206/5238 5721/3237/5238 5720/3236/5238
f 5690/3206/5239 5691/3207/5239 5722/3238/5239 5721/3237/5239
f 5691/3207/5240 5692/3208/5240 5723/3239/5240 5722/3238/5240
f 5692/3208/5241 5693/3209/5241 5724/3240/5241 5723/3239/5241
f 5693/3209/5242 5694/3210/5242 5725/3241/5242 5724/3240/5242
f 5694/3210/5243 5695/3211/5243 5726/3242/5243 5725/3241/5243
f 5695/3211/5244 5696/3212/5244 5727/3243/5244 5726/3242/5244
f 5696/3212/5245 5697/3213/5245 5728/3244/5245 5727/3243/5245
f 5697/3213/5246 5698/3214/5246 5729/3245/5246 5728/3244/5246
f 5698/3214/5247 5699/3215/5247 5730/3246/5247 5729/3245/5247
f 5699/3215/5248 5700/3216/5248 5731/3247/5248 5730/3246/5248
f 5700/3216/5249 5701/3217/5249 5732/3248/5249 5731/3247/5249
f 5701/3217/5250 5702/3218/5250 5733/3249/5250 5732/3248/5250
f 5702/3218/5251 5703/3219/5251 5734/3250/5251 5733/3249/5251
f 5703/3219/5252 5704/3220/5252 5735/3251/5252 5734/3250/5252
f 5704/3220/5253 5705/3221/5253 5736/3252/5253 5735/3251/5253
f 5705/3221/5254 5706/3222/5254 5737/3253/5254 5736/3252/5254
f 5706/3222/5255 5707/3223/5255 5738/3254/5255 5737/3253/5255
f 5707/3223/5256 5708/3224/5256 5739/3255/5256 5738/3254/5256
f 5709/3226/5257 5710/3225/5257 5741/3256/5257 5740/3257/5257
f 5710/3225/5258 5711/3227/5258 5742/3258/5258 5741/3256/5258
f 5711/3227/5259 5712/3228/5259 5743/3259/5259 5742/3258/5259
f 5712/3228/5260 5713/3229/5260 5744/3260/5260 5743/3259/5260
f 5713/3229/5261 5714/3230/5261 5745/3261/5261 5744/3260/5261
f 5714/3230/5262 5715/3231/5262 5746/3262/5262 5745/3261/5262
f 5715/3231/5263 5716/3232/5263 5747/3263/5263 5746/3262/5263
f 5716/3232/5264 5717/3233/5264 5748/3264/5264 5747/3263/5264
f 5717/3233/5265 5718/3234/5265 5749/3265/5265 5748/3264/5265
f 5718/3234/5266 5719/3235/5266 5750/3266/5266 5749/3265/5266
f 5719/3235/5267 5720/3236/5267 5751/3267/5267 5750/3266/5267
f 5720/3236/5268 5721/3237/5268 5752/3268/5268 5751/3267/5268
f 5721/3237/5269 5722/3238/5269 5753/3269/5269 5752/3268/5269
f 5722/3238/5270 5723/3239/5270 5754/3270/5270 5753/3269/5270
f 5723/3239/5271 5724/3240/5271 5755/3271/5271 5754/3270/5271
f 5724/3240/5272 5725/3241/5272 5756/3272/5272 5755/3271/5272
f 5725/3241/5273 5726/3242/5273 5757/3273/5273 5756/3272/5273
f 5726/3242/5274 5727/3243/5274 5758/3274/5274 5757/3273/5274
f 5727/3243/5275 5728/3244/5275 5759/3275/5275 5758/3274/5275
f 5728/3244/5276 5729/3245/5276 5760/3276/5276 5759/3275/5276
f 5729/3245/5277 5730/3246/5277 5761/3277/5277 5760/3276/5277
f 5730/3246/5278 5731/3247/5278 5762/3278/5278 5761/3277/5278
f 5731/3247/5279 5732/3248/5279 5763/3279/5279 5762/3278/5279
f 5732/3248/5280 5733/3249/5280 5764/3280/5280 5763/3279/5280
f 5733/3249/5281 5734/3250/5281 5765/3281/5281 5764/3280/5281
f 5734/3250/5282 5735/3251/5282 5766/3282/5282 5765/3281/5282
f 5735/3251/5283 5736/3252/5283 5767/3283/5283 5766/3282/5283
f 5736/3252/5284 5737/3253/5284 5768/3284/5284 5767/3283/5284
f 5737/3253/5285 5738/3254/5285 5769/3285/5285 5768/3284/5285
f 5738/3254/5286 5739/3255/5286 5770/3286/5286 5769/3285/5286
f 5740/3257/5287 5741/3256/5287 5772/3287/5287 5771/3288/5287
f 5741/3256/5288 5742/3258/5288 5773/3289/5288 5772/3287/5288
f 5742/3258/5289 5743/3259/5289 5774/3290/5289 5773/3289/5289
f 5743/3259/5290 5744/3260/5290 5775/3291/5290 5774/3290/5290
f 5744/3260/5291 5745/3261/5291 5776/3292/5291 5775/3291/5291
f 5745/3261/5292 5746/3262/5292 5777/3293/5292 5776/3292/5292
f 5746/3262/5293 5747/3263/5293 5778/3294/5293 5777/3293/5293
f 5747/3263/5294 5748/3264/5294 5779/3295/5294 5778/3294/5294
f 5748/3264/5295 5749/3265/5295 5780/3296/5295 5779/3295/5295
f 5749/3265/5296 5750/3266/5296 5781/3297/5296 5780/3296/5296
f 5750/3266/5297 5751/3267/5297 5782/3298/5297 5781/3297/5297
f 5751/3267/5298 5752/3268/5298 5783/3299/5298 5782/3298/5298
f 5752/3268/5299 5753/3269/5299 5784/3300/5299 5783/3299/5299
f 5753/3269/5300 5754/3270/5300 5785/3301/5300 5784/3300/5300
f 5754/3270/5301 5755/3271/5301 5786/3302/5301 5785/3301/5301
f 5755/3271/5302 5756/3272/5302 5787/3303/5302 5786/3302/5302
f 5756/3272/5303 5757/3273/5303 5788/3304/5303 5787/3303/5303
f 5757/3273/5304 5758/3274/5304 5789/3305/5304 5788/3304/5304
f 5758/3274/5305 5759/3275/5305 5790/3306/5305 5789/3305/5305
f 5759/3275/5306 5760/3276/5306 5791/3307/5306 5790/3306/5306
f 5760/3276/5307 5761/3277/5307 5792/3308/5307 5791/3307/5307
f 5761/3277/5308 5762/3278/5308 5793/3309/5308 5792/3308/5308
f 5762/3278/5309 5763/3279/5309 5794/3310/5309 5793/3309/5309
f 5763/3279/5310 5764/3280/5310 5795/3311/5310 5794/3310/5310
f 5764/3280/5311 5765/3281/5311 5796/3312/5311 5795/3311/5311
f 5765/3281/5312 5766/3282/5312 5797/3313/5312 5796/3312/5312
f 5766/3282/5313 5767/3283/5313 5798/3314/5313 5797/3313/5313
f 5767/3283/5314 5768/3284/5314 5799/3315/5314 5798/3314/5314
f 5768/3284/5315 5769/3285/5315 5800/3316/5315 5799/3315/5315
f 5769/3285/5316 5770/3286/5316 5801/3317/5316 5800/3316/5316
f 4713/3318/5317 4748/3319/5317 4841/2357/5317 4747/3320/5317
f 4748/3319/5318 4749/3321/5318 4842/2358/5318 4841/2357/5318
f 4749/3321/5319 4750/3322/5319 4843/2361/5319 4842/2358/5319
f 4750/3322/5320 4751/3323/5320 4844/2363/5320 4843/2361/5320
f 4751/3323/5321 4752/3324/5321 4845/2365/5321 4844/2363/5321
f 4752/3324/5322 4753/3325/5322 4846/2367/5322 4845/2365/5322
f 4753/3325/5323 4754/3326/5323 4847/2369/5323 4846/2367/5323
f 4754/3326/5324 4755/3327/5324 4848/2371/5324 4847/2369/5324
f 4755/3327/5325 4756/3328/5325 4849/2373/5325 4848/2371/5325
f 4756/3328/5326 4757/3329/5326 4850/2375/5326 4849/2373/5326
f 4757/3329/5327 4758/3330/5327 4851/2377/5327 4850/2375/5327
f 4758/3330/5328 4759/3331/5328 4852/2379/5328 4851/2377/5328
f 4759/3331/5329 4760/3332/5329 4853/2381/5329 4852/2379/5329
f 4760/3332/5330 4761/3333/5330 4854/2383/5330 4853/2381/5330
f 4761/3333/5331 4762/3334/5331 4855/2385/5331 4854/2383/5331
f 4762/3334/5332 4763/3335/5332 4856/2387/5332 4855/2385/5332
f 4763/3335/5333 4764/3336/5333 4857/2389/5333 4856/2387/5333
f 4764/3336/5334 4765/3337/5334 4858/2391/5334 4857/2389/5334
f 4765/3337/5335 4766/3338/5335 4859/2393/5335 4858/2391/5335
f 4766/3338/5336 4767/3339/5336 4860/2395/5336 4859/2393/5336
f 4767/3339/5337 4768/3340/5337 4861/2397/5337 4860/2395/5337
f 4768/3340/5338 4769/3341/5338 4862/2399/5338 4861/2397/5338
f 4769/3341/5339 4770/3342/5339 4863/2401/5339 4862/2399/5339
f 4770/3342/5340 4771/3343/5340 4864/2403/5340 4863/2401/5340
f 4771/3343/5341 4772/3344/5341 4865/2405/5341 4864/2403/5341
f 4772/3344/5342 4773/3345/5342 4866/2407/5342 4865/2405/5342
f 4773/3345/5343 4774/3346/5343 4867/2409/5343 4866/2407/5343
f 4774/3346/5344 4775/3347/5344 4868/2411/5344 4867/2409/5344
f 4775/3347/5345 4776/3348/5345 4869/2413/5345 4868/2411/5345
f 4776/3348/5346 4777/3349/5346 4870/2415/5346 4869/2413/5346
f 4777/3349/5347 4778/3350/5347 4871/2417/5347 4870/2415/5347
f 4778/3350/5348 4714/3351/5348 4779/3352/5348 4871/2417/5348
f 4871/2417/5349 4779/3352/5349 4780/3353/5349 4902/2418/5349
f 4902/2418/5350 4780/3353/5350 4781/3354/5350 4933/2449/5350
f 4933/2449/5351 4781/3354/5351 4782/3355/5351 4964/2480/5351
f 4964/2480/5352 4782/3355/5352 4783/3356/5352 4995/2511/5352
f 4995/2511/5353 4783/3356/5353 4784/3357/5353 5026/2542/5353
f 5026/2542/5354 4784/3357/5354 4785/3358/5354 5057/2573/5354
f 5057/2573/5355 4785/3358/5355 4786/3359/5355 5088/2604/5355
f 5088/2604/5356 4786/3359/5356 4787/3360/5356 5119/2635/5356
f 5119/2635/5357 4787/3360/5357 4788/3361/5357 5150/2666/5357
f 5150/2666/5358 4788/3361/5358 4789/3362/5358 5181/2697/5358
f 5181/2697/5359 4789/3362/5359 4790/3363/5359 5212/2728/5359
f 5212/2728/5360 4790/3363/5360 4791/3364/5360 5243/2759/5360
f 5243/2759/5361 4791/3364/5361 4792/3365/5361 5274/2790/5361
f 5274/2790/5362 4792/3365/5362 4793/3366/5362 5305/2821/5362
f 5305/2821/5363 4793/3366/5363 4794/3367/5363 5336/2852/5363
f 5336/2852/5364 4794/3367/5364 4795/3368/5364 5367/2883/5364
f 5367/2883/5365 4795/3368/5365 4796/3369/5365 5398/2914/5365
f 5398/2914/5366 4796/3369/5366 4797/3370/5366 5429/2945/5366
f 5429/2945/5367 4797/3370/5367 4798/3371/5367 5460/2976/5367
f 5460/2976/5368 4798/3371/5368 4799/3372/5368 5491/3007/5368
f 5491/3007/5369 4799/3372/5369 4800/3373/5369 5522/3038/5369
f 5522/3038/5370 4800/3373/5370 4801/3374/5370 5553/3069/5370
f 5553/3069/5371 4801/3374/5371 4802/3375/5371 5584/3100/5371
f 5584/3100/5372 4802/3375/5372 4803/3376/5372 5615/3131/5372
f 5615/3131/5373 4803/3376/5373 4804/3377/5373 5646/3162/5373
f 5646/3162/5374 4804/3377/5374 4805/3378/5374 5677/3193/5374
f 5677/3193/5375 4805/3378/5375 4806/3379/5375 5708/3224/5375
f 5708/3224/5376 4806/3379/5376 4807/3380/5376 5739/3255/5376
f 5739/3255/5377 4807/3380/5377 4808/3381/5377 5770/3286/5377
f 5770/3286/5378 4808/3381/5378 4809/3382/5378 5801/3317/5378
f 5801/3317/5379 4809/3382/5379 4716/3383/5379 4810/3384/5379
f 5800/3316/5380 5801/3317/5380 4810/3384/5380 4811/3385/5380
f 5799/3315/5381 5800/3316/5381 4811/3385/5381 4812/3386/5381
f 5798/3314/5382 5799/3315/5382 4812/3386/5382 4813/3387/5382
f 5797/3313/5383 5798/3314/5383 4813/3387/5383 4814/3388/5383
f 5796/3312/5384 5797/3313/5384 4814/3388/5384 4815/3389/5384
f 5795/3311/5385 5796/3312/5385 4815/3389/5385 4816/3390/5385
f 5794/3310/5386 5795/3311/5386 4816/3390/5386 4817/3391/5386
f 5793/3309/5387 5794/3310/5387 4817/3391/5387 4818/3392/5387
f 5792/3308/5388 5793/3309/5388 4818/3392/5388 4819/3393/5388
f 5791/3307/5389 5792/3308/5389 4819/3393/5389 4820/3394/5389
f 5790/3306/5390 5791/3307/5390 4820/3394/5390 4821/3395/5390
f 5789/3305/5391 5790/3306/5391 4821/3395/5391 4822/3396/5391
f 5788/3304/5392 5789/3305/5392 4822/3396/5392 4823/3397/5392
f 5787/3303/5393 5788/3304/5393 4823/3397/5393 4824/3398/5393
f 5786/3302/5394 5787/3303/5394 4824/3398/5394 4825/3399/5394
f 5785/3301/5395 5786/3302/5395 4825/3399/5395 4826/3400/5395
f 5784/3300/5396 5785/3301/5396 4826/3400/5396 4827/3401/5396
f 5783/3299/5397 5784/3300/5397 4827/3401/5397 4828/3402/5397
f 5782/3298/5398 5783/3299/5398 4828/3402/5398 4829/3403/5398
f 5781/3297/5399 5782/3298/5399 4829/3403/5399 4830/3404/5399
f 5780/3296/5400 5781/3297/5400 4830/3404/5400 4831/3405/5400
f 5779/3295/5401 5780/3296/5401 4831/3405/5401 4832/3406/5401
f 5778/3294/5402 5779/3295/5402 4832/3406/5402 4833/3407/5402
f 5777/3293/5403 5778/3294/5403 4833/3407/5403 4834/3408/5403
f 5776/3292/5404 5777/3293/5404 4834/3408/5404 4835/3409/5404
f 5775/3291/5405 5776/3292/5405 4835/3409/5405 4836/3410/5405
f 5774/3290/5406 5775/3291/5406 4836/3410/5406 4837/3411/5406
f 5773/3289/5407 5774/3290/5407 4837/3411/5407 4838/3412/5407
f 5772/3287/5408 5773/3289/5408 4838/3412/5408 4839/3413/5408
f 5771/3288/5409 5772/3287/5409 4839/3413/5409 4840/3414/5409
f 4717/3415/5410 5771/3288/5410 4840/3414/5410 4715/3416/5410
f 4718/3417/5411 5740/3257/5411 5771/3288/5411 4717/3415/5411
f 4719/3418/5412 5709/3226/5412 5740/3257/5412 4718/3417/5412
f 4720/3419/5413 5678/3195/5413 5709/3226/5413 4719/3418/5413
f 4721/3420/5414 5647/3164/5414 5678/3195/5414 4720/3419/5414
f 4722/3421/5415 5616/3133/5415 5647/3164/5415 4721/3420/5415
f 4723/3422/5416 5585/3102/5416 5616/3133/5416 4722/3421/5416
f 4724/3423/5417 5554/3071/5417 5585/3102/5417 4723/3422/5417
f 4725/3424/5418 5523/3040/5418 5554/3071/5418 4724/3423/5418
f 4726/3425/5419 5492/3009/5419 5523/3040/5419 4725/3424/5419
f 4727/3426/5420 5461/2978/5420 5492/3009/5420 4726/3425/5420
f 4728/3427/5421 5430/2947/5421 5461/2978/5421 4727/3426/5421
f 4729/3428/5422 5399/2916/5422 5430/2947/5422 4728/3427/5422
f 4730/3429/5423 5368/2885/5423 5399/2916/5423 4729/3428/5423
f 4731/3430/5424 5337/2854/5424 5368/2885/5424 4730/3429/5424
f 4732/3431/5425 5306/2823/5425 5337/2854/5425 4731/3430/5425
f 4733/3432/5426 5275/2792/5426 5306/2823/5426 4732/3431/5426
f 4734/3433/5427 5244/2761/5427 5275/2792/5427 4733/3432/5427
f 4735/3434/5428 5213/2730/5428 5244/2761/5428 4734/3433/5428
f 4736/3435/5429 5182/2699/5429 5213/2730/5429 4735/3434/5429
f 4737/3436/5430 5151/2668/5430 5182/2699/5430 4736/3435/5430
f 4738/3437/5431 5120/2637/5431 5151/2668/5431 4737/3436/5431
f 4739/3438/5432 5089/2606/5432 5120/2637/5432 4738/3437/5432
f 4740/3439/5433 5058/2575/5433 5089/2606/5433 4739/3438/5433
f 4741/3440/5434 5027/2544/5434 5058/2575/5434 4740/3439/5434
f 4742/3441/5435 4996/2513/5435 5027/2544/5435 4741/3440/5435
f 4743/3442/5436 4965/2482/5436 4996/2513/5436 4742/3441/5436
f 4744/3443/5437 4934/2451/5437 4965/2482/5437 4743/3442/5437
f 4745/3444/5438 4903/2420/5438 4934/2451/5438 4744/3443/5438
f 4746/3445/5439 4872/2360/5439 4903/2420/5439 4745/3444/5439
f 4747/3320/5440 4841/2357/5440 4872/2360/5440 4746/3445/5440
f 5930/2357/5441 5961/2360/5441 5962/2359/5441 5931/2358/5441
f 5931/2358/5442 5962/2359/5442 5963/2362/5442 5932/2361/5442
f 5932/2361/5443 5963/2362/5443 5964/2364/5443 5933/2363/5443
f 5933/2363/5444 5964/2364/5444 5965/2366/5444 5934/2365/5444
f 5934/2365/5445 5965/2366/5445 5966/2368/5445 5935/2367/5445
f 5935/2367/5446 5966/2368/5446 5967/2370/5446 5936/2369/5446
f 5936/2369/5447 5967/2370/5447 5968/2372/5447 5937/2371/5447
f 5937/2371/5448 5968/2372/5448 5969/2374/5448 5938/2373/5448
f 5938/2373/5449 5969/2374/5449 5970/2376/5449 5939/2375/5449
f 5939/2375/5450 5970/2376/5450 5971/2378/5450 5940/2377/5450
f 5940/2377/5451 5971/2378/5451 5972/2380/5451 5941/2379/5451
f 5941/2379/5452 5972/2380/5452 5973/2382/5452 5942/2381/5452
f 5942/2381/5453 5973/2382/5453 5974/2384/5453 5943/2383/5453
f 5943/2383/5454 5974/2384/5454 5975/2386/5454 5944/2385/5454
f 5944/2385/5455 5975/2386/5455 5976/2388/5455 5945/2387/5455
f 5945/2387/5456 5976/2388/5456 5977/2390/5456 5946/2389/5456
f 5946/2389/5457 5977/2390/5457 5978/2392/5457 5947/2391/5457
f 5947/2391/5458 5978/2392/5458 5979/2394/5458 5948/2393/5458
f 5948/2393/5459 5979/2394/5459 5980/2396/5459 5949/2395/5459
f 5949/2395/5460 5980/2396/5460 5981/2398/5460 5950/2397/5460
f 5950/2397/5461 5981/2398/5461 5982/2400/5461 5951/2399/5461
f 5951/2399/5462 5982/2400/5462 5983/2402/5462 5952/2401/5462
f 5952/2401/5463 5983/2402/5463 5984/2404/5463 5953/2403/5463
f 5953/2403/5464 5984/2404/5464 5985/2406/5464 5954/2405/5464
f 5954/2405/5465 5985/2406/5465 5986/2408/5465 5955/2407/5465
f 5955/2407/5466 5986/2408/5466 5987/2410/5466 5956/2409/5466
f 5956/2409/5467 5987/2410/5467 5988/2412/5467 5957/2411/5467
f 5957/2411/5468 5988/2412/5468 5989/2414/5468 5958/2413/5468
f 5958/2413/5469 5989/2414/5469 5990/2416/5469 5959/2415/5469
f 5959/2415/5470 5990/2416/5470 5991/2418/5470 5960/2417/5470
f 5961/2360/5471 5992/2420/5471 5993/2419/5471 5962/2359/5471
f 5962/2359/5472 5993/2419/5472 5994/2421/5472 5963/2362/5472
f 5963/2362/5473 5994/2421/5473 5995/2422/5473 5964/2364/5473
f 5964/2364/5474 5995/2422/5474 5996/2423/5474 5965/2366/5474
f 5965/2366/5475 5996/2423/5475 5997/2424/5475 5966/2368/5475
f 5966/2368/5476 5997/2424/5476 5998/2425/5476 5967/2370/5476
f 5967/2370/5477 5998/2425/5477 5999/2426/5477 5968/2372/5477
f 5968/2372/5478 5999/2426/5478 6000/2427/5478 5969/2374/5478
f 5969/2374/5479 6000/2427/5479 6001/2428/5479 5970/2376/5479
f 5970/2376/5480 6001/2428/5480 6002/2429/5480 5971/2378/5480
f 5971/2378/5481 6002/2429/5481 6003/2430/5481 5972/2380/5481
f 5972/2380/5482 6003/2430/5482 6004/2431/5482 5973/2382/5482
f 5973/2382/5483 6004/2431/5483 6005/2432/5483 5974/2384/5483
f 5974/2384/5484 6005/2432/5484 6006/2433/5484 5975/2386/5484
f 5975/2386/5485 6006/2433/5485 6007/2434/5485 5976/2388/5485
f 5976/2388/5486 6007/2434/5486 6008/2435/5486 5977/2390/5486
f 5977/2390/5487 6008/2435/5487 6009/2436/5487 5978/2392/5487
f 5978/2392/5488 6009/2436/5488 6010/2437/5488 5979/2394/5488
f 5979/2394/5489 6010/2437/5489 6011/2438/5489 5980/2396/5489
f 5980/2396/5490 6011/2438/5490 6012/2439/5490 5981/2398/5490
f 5981/2398/5491 6012/2439/5491 6013/2440/5491 5982/2400/5491
f 5982/2400/5492 6013/2440/5492 6014/2441/5492 5983/2402/5492
f 5983/2402/5493 6014/2441/5493 6015/2442/5493 5984/2404/5493
f 5984/2404/5494 6015/2442/5494 6016/2443/5494 5985/2406/5494
f 5985/2406/5495 6016/2443/5495 6017/2444/5495 5986/2408/5495
f 5986/2408/5496 6017/2444/5496 6018/2445/5496 5987/2410/5496
f 5987/2410/5497 6018/2445/5497 6019/2446/5497 5988/2412/5497
f 5988/2412/5498 6019/2446/5498 6020/2447/5498 5989/2414/5498
f 5989/2414/5499 6020/2447/5499 6021/2448/5499 5990/2416/5499
f 5990/2416/5500 6021/2448/5500 6022/2449/5500 5991/2418/5500
f 5992/2420/5501 6023/2451/5501 6024/2450/5501 5993/2419/5501
f 5993/2419/5502 6024/2450/5502 6025/2452/5502 5994/2421/5502
f 5994/2421/5503 6025/2452/5503 6026/2453/5503 5995/2422/5503
f 5995/2422/5504 6026/2453/5504 6027/2454/5504 5996/2423/5504
f 5996/2423/5505 6027/2454/5505 6028/2455/5505 5997/2424/5505
f 5997/2424/5506 6028/2455/5506 6029/2456/5506 5998/2425/5506
f 5998/2425/5507 6029/2456/5507 6030/2457/5507 5999/2426/5507
f 5999/2426/5508 6030/2457/5508 6031/2458/5508 6000/2427/5508
f 6000/2427/5509 6031/2458/5509 6032/2459/5509 6001/2428/5509
f 6001/2428/5510 6032/2459/5510 6033/2460/5510 6002/2429/5510
f 6002/2429/5511 6033/2460/5511 6034/2461/5511 6003/2430/5511
f 6003/2430/5512 6034/2461/5512 6035/2462/5512 6004/2431/5512
f 6004/2431/5513 6035/2462/5513 6036/2463/5513 6005/2432/5513
f 6005/2432/5514 6036/2463/5514 6037/2464/5514 6006/2433/5514
f 6006/2433/5515 6037/2464/5515 6038/2465/5515 6007/2434/5515
f 6007/2434/5516 6038/2465/5516 6039/2466/5516 6008/2435/5516
f 6008/2435/5517 6039/2466/5517 6040/2467/5517 6009/2436/5517
f 6009/2436/5518 6040/2467/5518 6041/2468/5518 6010/2437/5518
f 6010/2437/5519 6041/2468/5519 6042/2469/5519 6011/2438/5519
f 6011/2438/5520 6042/2469/5520 6043/2470/5520 6012/2439/5520
f 6012/2439/5521 6043/2470/5521 6044/2471/5521 6013/2440/5521
f 6013/2440/5522 6044/2471/5522 6045/2472/5522 6014/2441/5522
f 6014/2441/5523 6045/2472/5523 6046/2473/5523 6015/2442/5523
f 6015/2442/5524 6046/2473/5524 6047/2474/5524 6016/2443/5524
f 6016/2443/5525 6047/2474/5525 6048/2475/5525 6017/2444/5525
f 6017/2444/5526 6048/2475/5526 6049/2476/5526 6018/2445/5526
f 6018/2445/5527 6049/2476/5527 6050/2477/5527 6019/2446/5527
f 6019/2446/5528 6050/2477/5528 6051/2478/5528 6020/2447/5528
f 6020/2447/5529 6051/2478/5529 6052/2479/5529 6021/2448/5529
f 6021/2448/5530 6052/2479/5530 6053/2480/5530 6022/2449/5530
f 6023/2451/5531 6054/2482/5531 6055/2481/5531 6024/2450/5531
f 6024/2450/5532 6055/2481/5532 6056/2483/5532 6025/2452/5532
f 6025/2452/5533 6056/2483/5533 6057/2484/5533 6026/2453/5533
f 6026/2453/5534 6057/2484/5534 6058/2485/5534 6027/2454/5534
f 6027/2454/5535 6058/2485/5535 6059/2486/5535 6028/2455/5535
f 6028/2455/5536 6059/2486/5536 6060/2487/5536 6029/2456/5536
f 6029/2456/5537 6060/2487/5537 6061/2488/5537 6030/2457/5537
f 6030/2457/5538 6061/2488/5538 6062/2489/5538 6031/2458/5538
f 6031/2458/5539 6062/2489/5539 6063/2490/5539 6032/2459/5539
f 6032/2459/5540 6063/2490/5540 6064/2491/5540 6033/2460/5540
f 6033/2460/5541 6064/2491/5541 6065/2492/5541 6034/2461/5541
f 6034/2461/5542 6065/2492/5542 6066/2493/5542 6035/2462/5542
f 6035/2462/5543 6066/2493/5543 6067/2494/5543 6036/2463/5543
f 6036/2463/5544 6067/2494/5544 6068/2495/5544 6037/2464/5544
f 6037/2464/5545 6068/2495/5545 6069/2496/5545 6038/2465/5545
f 6038/2465/5546 6069/2496/5546 6070/2497/5546 6039/2466/5546
f 6039/2466/5547 6070/2497/5547 6071/2498/5547 6040/2467/5547
f 6040/2467/5548 6071/2498/5548 6072/2499/5548 6041/2468/5548
f 6041/2468/5549 6072/2499/5549 6073/2500/5549 6042/2469/5549
f 6042/2469/5550 6073/2500/5550 6074/2501/5550 6043/2470/5550
f 6043/2470/5551 6074/2501/5551 6075/2502/5551 6044/2471/5551
f 6044/2471/5552 6075/2502/5552 6076/2503/5552 6045/2472/5552
f 6045/2472/5553 6076/2503/5553 6077/2504/5553 6046/2473/5553
f 6046/2473/5554 6077/2504/5554 6078/2505/5554 6047/2474/5554
f 6047/2474/5555 6078/2505/5555 6079/2506/5555 6048/2475/5555
f 6048/2475/5556 6079/2506/5556 6080/2507/5556 6049/2476/5556
f 6049/2476/5557 6080/2507/5557 6081/2508/5557 6050/2477/5557
f 6050/2477/5558 6081/2508/5558 6082/2509/5558 6051/2478/5558
f 6051/2478/5559 6082/2509/5559 6083/2510/5559 6052/2479/5559
f 6052/2479/5560 6083/2510/5560 6084/2511/5560 6053/2480/5560
f 6054/2482/5561 6085/2513/5561 6086/2512/5561 6055/2481/5561
f 6055/2481/5562 6086/2512/5562 6087/2514/5562 6056/2483/5562
f 6056/2483/5563 6087/2514/5563 6088/2515/5563 6057/2484/5563
f 6057/2484/5564 6088/2515/5564 6089/2516/5564 6058/2485/5564
f 6058/2485/5565 6089/2516/5565 6090/2517/5565 6059/2486/5565
f 6059/2486/5566 6090/2517/5566 6091/2518/5566 6060/2487/5566
f 6060/2487/5567 6091/2518/5567 6092/2519/5567 6061/2488/5567
f 6061/2488/5568 6092/2519/5568 6093/2520/5568 6062/2489/5568
f 6062/2489/5569 6093/2520/5569 6094/2521/5569 6063/2490/5569
f 6063/2490/5570 6094/2521/5570 6095/2522/5570 6064/2491/5570
f 6064/2491/5571 6095/2522/5571 6096/2523/5571 6065/2492/5571
f 6065/2492/5572 6096/2523/5572 6097/2524/5572 6066/2493/5572
f 6066/2493/5573 6097/2524/5573 6098/2525/5573 6067/2494/5573
f 6067/2494/5574 6098/2525/5574 6099/2526/5574 6068/2495/5574
f 6068/2495/5575 6099/2526/5575 6100/2527/5575 6069/2496/5575
f 6069/2496/5576 6100/2527/5576 6101/2528/5576 6070/2497/5576
f 6070/2497/5577 6101/2528/5577 6102/2529/5577 6071/2498/5577
f 6071/2498/5578 6102/2529/5578 6103/2530/5578 6072/2499/5578
f 6072/2499/5579 6103/2530/5579 6104/2531/5579 6073/2500/5579
f 6073/2500/5580 6104/2531/5580 6105/2532/5580 6074/2501/5580
f 6074/2501/5581 6105/2532/5581 6106/2533/5581 6075/2502/5581
f 6075/2502/5582 6106/2533/5582 6107/2534/5582 6076/2503/5582
f 6076/2503/5583 6107/2534/5583 6108/2535/5583 6077/2504/5583
f 6077/2504/5584 6108/2535/5584 6109/2536/5584 6078/2505/5584
f 6078/2505/5585 6109/2536/5585 6110/2537/5585 6079/2506/5585
f 6079/2506/5586 6110/2537/5586 6111/2538/5586 6080/2507/5586
f 6080/2507/5587 6111/2538/5587 6112/2539/5587 6081/2508/5587
f 6081/2508/5588 6112/2539/5588 6113/2540/5588 6082/2509/5588
f 6082/2509/5589 6113/2540/5589 6114/2541/5589 6083/2510/5589
f 6083/2510/5590 6114/2541/5590 6115/2542/5590 6084/2511/5590
f 6085/2513/5591 6116/2544/5591 6117/2543/5591 6086/2512/5591
f 6086/2512/5592 6117/2543/5592 6118/2545/5592 6087/2514/5592
f 6087/2514/5593 6118/2545/5593 6119/2546/5593 6088/2515/5593
f 6088/2515/5594 6119/2546/5594 6120/2547/5594 6089/2516/5594
f 6089/2516/5595 6120/2547/5595 6121/2548/5595 6090/2517/5595
f 6090/2517/5596 6121/2548/5596 6122/2549/5596 6091/2518/5596
f 6091/2518/5597 6122/2549/5597 6123/2550/5597 6092/2519/5597
f 6092/2519/5598 6123/2550/5598 6124/2551/5598 6093/2520/5598
f 6093/2520/5599 6124/2551/5599 6125/2552/5599 6094/2521/5599
f 6094/2521/5600 6125/2552/5600 6126/2553/5600 6095/2522/5600
f 6095/2522/5601 6126/2553/5601 6127/2554/5601 6096/2523/5601
f 6096/2523/5602 6127/2554/5602 6128/2555/5602 6097/2524/5602
f 6097/2524/5603 6128/2555/5603 6129/2556/5603 6098/2525/5603
f 6098/2525/5604 6129/2556/5604 6130/2557/5604 6099/2526/5604
f 6099/2526/5605 6130/2557/5605 6131/2558/5605 6100/2527/5605
f 6100/2527/5606 6131/2558/5606 6132/2559/5606 6101/2528/5606
f 6101/2528/5607 6132/2559/5607 6133/2560/5607 6102/2529/5607
f 6102/2529/5608 6133/2560/5608 6134/2561/5608 6103/2530/5608
f 6103/2530/5609 6134/2561/5609 6135/2562/5609 6104/2531/5609
f 6104/2531/5610 6135/2562/5610 6136/2563/5610 6105/2532/5610
f 6105/2532/5611 6136/2563/5611 6137/2564/5611 6106/2533/5611
f 6106/2533/5612 6137/2564/5612 6138/2565/5612 6107/2534/5612
f 6107/2534/5613 6138/2565/5613 6139/2566/5613 6108/2535/5613
f 6108/2535/5614 6139/2566/5614 6140/2567/5614 6109/2536/5614
f 6109/2536/5615 6140/2567/5615 6141/2568/5615 6110/2537/5615
f 6110/2537/5616 6141/2568/5616 6142/2569/5616 6111/2538/5616
f 6111/2538/5617 6142/2569/5617 6143/2570/5617 6112/2539/5617
f 6112/2539/5618 6143/2570/5618 6144/2571/5618 6113/2540/5618
f 6113/2540/5619 6144/2571/5619 6145/2572/5619 6114/2541/5619
f 6114/2541/5620 6145/2572/5620 6146/2573/5620 6115/2542/5620
f 6116/2544/5621 6147/2575/5621 6148/2574/5621 6117/2543/5621
f 6117/2543/5622 6148/2574/5622 6149/2576/5622 6118/2545/5622
f 6118/2545/5623 6149/2576/5623 6150/2577/5623 6119/2546/5623
f 6119/2546/5624 6150/2577/5624 6151/2578/5624 6120/2547/5624
f 6120/2547/5625 6151/2578/5625 6152/2579/5625 6121/2548/5625
f 6121/2548/5626 6152/2579/5626 6153/2580/5626 6122/2549/5626
f 6122/2549/5627 6153/2580/5627 6154/2581/5627 6123/2550/5627
f 6123/2550/5628 6154/2581/5628 6155/2582/5628 6124/2551/5628
f 6124/2551/5629 6155/2582/5629 6156/2583/5629 6125/2552/5629
f 6125/2552/5630 6156/2583/5630 6157/2584/5630 6126/2553/5630
f 6126/2553/5631 6157/2584/5631 6158/2585/5631 6127/2554/5631
f 6127/2554/5632 6158/2585/5632 6159/2586/5632 6128/2555/5632
f 6128/2555/5633 6159/2586/5633 6160/2587/5633 6129/2556/5633
f 6129/2556/5634 6160/2587/5634 6161/2588/5634 6130/2557/5634
f 6130/2557/5635 6161/2588/5635 6162/2589/5635 6131/2558/5635
f 6131/2558/5636 6162/2589/5636 6163/2590/5636 6132/2559/5636
f 6132/2559/5637 6163/2590/5637 6164/2591/5637 6133/2560/5637
f 6133/2560/5638 6164/2591/5638 6165/2592/5638 6134/2561/5638
f 6134/2561/5639 6165/2592/5639 6166/2593/5639 6135/2562/5639
f 6135/2562/5640 6166/2593/5640 6167/2594/5640 6136/2563/5640
f 6136/2563/5641 6167/2594/5641 6168/2595/5641 6137/2564/5641
f 6137/2564/5642 6168/2595/5642 6169/2596/5642 6138/2565/5642
f 6138/2565/5643 6169/2596/5643 6170/2597/5643 6139/2566/5643
f 6139/2566/5644 6170/2597/5644 6171/2598/5644 6140/2567/5644
f 6140/2567/5645 6171/2598/5645 6172/2599/5645 6141/2568/5645
f 6141/2568/5646 6172/2599/5646 6173/2600/5646 6142/2569/5646
f 6142/2569/5647 6173/2600/5647 6174/2601/5647 6143/2570/5647
f 6143/2570/5648 6174/2601/5648 6175/2602/5648 6144/2571/5648
f 6144/2571/5649 6175/2602/5649 6176/2603/5649 6145/2572/5649
f 6145/2572/5650 6176/2603/5650 6177/2604/5650 6146/2573/5650
f 6147/2575/5651 6178/2606/5651 6179/2605/5651 6148/2574/5651
f 6148/2574/5652 6179/2605/5652 6180/2607/5652 6149/2576/5652
f 6149/2576/5653 6180/2607/5653 6181/2608/5653 6150/2577/5653
f 6150/2577/5654 6181/2608/5654 6182/2609/5654 6151/2578/5654
f 6151/2578/5655 6182/2609/5655 6183/2610/5655 6152/2579/5655
f 6152/2579/5656 6183/2610/5656 6184/2611/5656 6153/2580/5656
f 6153/2580/5657 6184/2611/5657 6185/2612/5657 6154/2581/5657
f 6154/2581/5658 6185/2612/5658 6186/2613/5658 6155/2582/5658
f 6155/2582/5659 6186/2613/5659 6187/2614/5659 6156/2583/5659
f 6156/2583/5660 6187/2614/5660 6188/2615/5660 6157/2584/5660
f 6157/2584/5661 6188/2615/5661 6189/2616/5661 6158/2585/5661
f 6158/2585/5662 6189/2616/5662 6190/2617/5662 6159/2586/5662
f 6159/2586/5663 6190/2617/5663 6191/2618/5663 6160/2587/5663
f 6160/2587/5664 6191/2618/5664 6192/2619/5664 6161/2588/5664
f 6161/2588/5665 6192/2619/5665 6193/2620/5665 6162/2589/5665
f 6162/2589/5666 6193/2620/5666 6194/2621/5666 6163/2590/5666
f 6163/2590/5667 6194/2621/5667 6195/2622/5667 6164/2591/5667
f 6164/2591/5668 6195/2622/5668 6196/2623/5668 6165/2592/5668
f 6165/2592/5669 6196/2623/5669 6197/2624/5669 6166/2593/5669
f 6166/2593/5670 6197/2624/5670 6198/2625/5670 6167/2594/5670
f 6167/2594/5671 6198/2625/5671 6199/2626/5671 6168/2595/5671
f 6168/2595/5672 6199/2626/5672 6200/2627/5672 6169/2596/5672
f 6169/2596/5673 6200/2627/5673 6201/2628/5673 6170/2597/5673
f 6170/2597/5674 6201/2628/5674 6202/2629/5674 6171/2598/5674
f 6171/2598/5675 6202/2629/5675 6203/2630/5675 6172/2599/5675
f 6172/2599/5676 6203/2630/5676 6204/2631/5676 6173/2600/5676
f 6173/2600/5677 6204/2631/5677 6205/2632/5677 6174/2601/5677
f 6174/2601/5678 6205/2632/5678 6206/2633/5678 6175/2602/5678
f 6175/2602/5679 6206/2633/5679 6207/2634/5679 6176/2603/5679
f 6176/2603/5680 6207/2634/5680 6208/2635/5680 6177/2604/5680
f 6178/2606/5681 6209/2637/5681 6210/2636/5681 6179/2605/5681
f 6179/2605/5682 6210/2636/5682 6211/2638/5682 6180/2607/5682
f 6180/2607/5683 6211/2638/5683 6212/2639/5683 6181/2608/5683
f 6181/2608/5684 6212/2639/5684 6213/2640/5684 6182/2609/5684
f 6182/2609/5685 6213/2640/5685 6214/2641/5685 6183/2610/5685
f 6183/2610/5686 6214/2641/5686 6215/2642/5686 6184/2611/5686
f 6184/2611/5687 6215/2642/5687 6216/2643/5687 6185/2612/5687
f 6185/2612/5688 6216/2643/5688 6217/2644/5688 6186/2613/5688
f 6186/2613/5689 6217/2644/5689 6218/2645/5689 6187/2614/5689
f 6187/2614/5690 6218/2645/5690 6219/2646/5690 6188/2615/5690
f 6188/2615/5691 6219/2646/5691 6220/2647/5691 6189/2616/5691
f 6189/2616/5692 6220/2647/5692 6221/2648/5692 6190/2617/5692
f 6190/2617/5693 6221/2648/5693 6222/2649/5693 6191/2618/5693
f 6191/2618/5694 6222/2649/5694 6223/2650/5694 6192/2619/5694
f 6192/2619/5695 6223/2650/5695 6224/2651/5695 6193/2620/5695
f 6193/2620/5696 6224/2651/5696 6225/2652/5696 6194/2621/5696
f 6194/2621/5697 6225/2652/5697 6226/2653/5697 6195/2622/5697
f 6195/2622/5698 6226/2653/5698 6227/2654/5698 6196/2623/5698
f 6196/2623/5699 6227/2654/5699 6228/2655/5699 6197/2624/5699
f 6197/2624/5700 6228/2655/5700 6229/2656/5700 6198/2625/5700
f 6198/2625/5701 6229/2656/5701 6230/2657/5701 6199/2626/5701
f 6199/2626/5702 6230/2657/5702 6231/2658/5702 6200/2627/5702
f 6200/2627/5703 6231/2658/5703 6232/2659/5703 6201/2628/5703
f 6201/2628/5704 6232/2659/5704 6233/2660/5704 6202/2629/5704
f 6202/2629/5705 6233/2660/5705 6234/2661/5705 6203/2630/5705
f 6203/2630/5706 6234/2661/5706 6235/2662/5706 6204/2631/5706
f 6204/2631/5707 6235/2662/5707 6236/2663/5707 6205/2632/5707
f 6205/2632/5708 6236/2663/5708 6237/2664/5708 6206/2633/5708
f 6206/2633/5709 6237/2664/5709 6238/2665/5709 6207/2634/5709
f 6207/2634/5710 6238/2665/5710 6239/2666/5710 6208/2635/5710
f 6209/2637/5711 6240/2668/5711 6241/2667/5711 6210/2636/5711
f 6210/2636/5712 6241/2667/5712 6242/2669/5712 6211/2638/5712
f 6211/2638/5713 6242/2669/5713 6243/2670/5713 6212/2639/5713
f 6212/2639/5714 6243/2670/5714 6244/2671/5714 6213/2640/5714
f 6213/2640/5715 6244/2671/5715 6245/2672/5715 6214/2641/5715
f 6214/2641/5716 6245/2672/5716 6246/2673/5716 6215/2642/5716
f 6215/2642/5717 6246/2673/5717 6247/2674/5717 6216/2643/5717
f 6216/2643/5718 6247/2674/5718 6248/2675/5718 6217/2644/5718
f 6217/2644/5719 6248/2675/5719 6249/2676/5719 6218/2645/5719
f 6218/2645/5720 6249/2676/5720 6250/2677/5720 6219/2646/5720
f 6219/2646/5721 6250/2677/5721 6251/2678/5721 6220/2647/5721
f 6220/2647/5722 6251/2678/5722 6252/2679/5722 6221/2648/5722
f 6221/2648/5723 6252/2679/5723 6253/2680/5723 6222/2649/5723
f 6222/2649/5724 6253/2680/5724 6254/2681/5724 6223/2650/5724
f 6223/2650/5725 6254/2681/5725 6255/2682/5725 6224/2651/5725
f 6224/2651/5726 6255/2682/5726 6256/2683/5726 6225/2652/5726
f 6225/2652/5727 6256/2683/5727 6257/2684/5727 6226/2653/5727
f 6226/2653/5728 6257/2684/5728 6258/2685/5728 6227/2654/5728
f 6227/2654/5729 6258/2685/5729 6259/2686/5729 6228/2655/5729
f 6228/2655/5730 6259/2686/5730 6260/2687/5730 6229/2656/5730
f 6229/2656/5731 6260/2687/5731 6261/2688/5731 6230/2657/5731
f 6230/2657/5732 6261/2688/5732 6262/2689/5732 6231/2658/5732
f 6231/2658/5733 6262/2689/5733 6263/2690/5733 6232/2659/5733
f 6232/2659/5734 6263/2690/5734 6264/2691/5734 6233/2660/5734
f 6233/2660/5735 6264/2691/5735 6265/2692/5735 6234/2661/5735
f 6234/2661/5736 6265/2692/5736 6266/2693/5736 6235/2662/5736
f 6235/2662/5737 6266/2693/5737 6267/2694/5737 6236/2663/5737
f 6236/2663/5738 6267/2694/5738 6268/2695/5738 6237/2664/5738
f 6237/2664/5739 6268/2695/5739 6269/2696/5739 6238/2665/5739
f 6238/2665/5740 6269/2696/5740 6270/2697/5740 6239/2666/5740
f 6240/2668/5741 6271/2699/5741 6272/2698/5741 6241/2667/5741
f 6241/2667/5742 6272/2698/5742 6273/2700/5742 6242/2669/5742
f 6242/2669/5743 6273/2700/5743 6274/2701/5743 6243/2670/5743
f 6243/2670/5744 6274/2701/5744 6275/2702/5744 6244/2671/5744
f 6244/2671/5745 6275/2702/5745 6276/2703/5745 6245/2672/5745
f 6245/2672/5746 6276/2703/5746 6277/2704/5746 6246/2673/5746
f 6246/2673/5747 6277/2704/5747 6278/2705/5747 6247/2674/5747
f 6247/2674/5748 6278/2705/5748 6279/2706/5748 6248/2675/5748
f 6248/2675/5749 6279/2706/5749 6280/2707/5749 6249/2676/5749
f 6249/2676/5750 6280/2707/5750 6281/2708/5750 6250/2677/5750
f 6250/2677/5751 6281/2708/5751 6282/2709/5751 6251/2678/5751
f 6251/2678/5752 6282/2709/5752 6283/2710/5752 6252/2679/5752
f 6252/2679/5753 6283/2710/5753 6284/2711/5753 6253/2680/5753
f 6253/2680/5754 6284/2711/5754 6285/2712/5754 6254/2681/5754
f 6254/2681/5755 6285/2712/5755 6286/2713/5755 6255/2682/5755
f 6255/2682/5756 6286/2713/5756 6287/2714/5756 6256/2683/5756
f 6256/2683/5757 6287/2714/5757 6288/2715/5757 6257/2684/5757
f 6257/2684/5758 6288/2715/5758 6289/2716/5758 6258/2685/5758
f 6258/2685/5759 6289/2716/5759 6290/2717/5759 6259/2686/5759
f 6259/2686/5760 6290/2717/5760 6291/2718/5760 6260/2687/5760
f 6260/2687/5761 6291/2718/5761 6292/2719/5761 6261/2688/5761
f 6261/2688/5762 6292/2719/5762 6293/2720/5762 6262/2689/5762
f 6262/2689/5763 6293/2720/5763 6294/2721/5763 6263/2690/5763
f 6263/2690/5764 6294/2721/5764 6295/2722/5764 6264/2691/5764
f 6264/2691/5765 6295/2722/5765 6296/2723/5765 6265/2692/5765
f 6265/2692/5766 6296/2723/5766 6297/2724/5766 6266/2693/5766
f 6266/2693/5767 6297/2724/5767 6298/2725/5767 6267/2694/5767
f 6267/2694/5768 6298/2725/5768 6299/2726/5768 6268/2695/5768
f 6268/2695/5769 6299/2726/5769 6300/2727/5769 6269/2696/5769
f 6269/2696/5770 6300/2727/5770 6301/2728/5770 6270/2697/5770
f 6271/2699/5771 6302/2730/5771 6303/2729/5771 6272/2698/5771
f 6272/2698/5772 6303/2729/5772 6304/2731/5772 6273/2700/5772
f 6273/2700/5773 6304/2731/5773 6305/2732/5773 6274/2701/5773
f 6274/2701/5774 6305/2732/5774 6306/2733/5774 6275/2702/5774
f 6275/2702/5775 6306/2733/5775 6307/2734/5775 6276/2703/5775
f 6276/2703/5776 6307/2734/5776 6308/2735/5776 6277/2704/5776
f 6277/2704/5777 6308/2735/5777 6309/2736/5777 6278/2705/5777
f 6278/2705/5778 6309/2736/5778 6310/2737/5778 6279/2706/5778
f 6279/2706/5779 6310/2737/5779 6311/2738/5779 6280/2707/5779
f 6280/2707/5780 6311/2738/5780 6312/2739/5780 6281/2708/5780
f 6281/2708/5781 6312/2739/5781 6313/2740/5781 6282/2709/5781
f 6282/2709/5782 6313/2740/5782 6314/2741/5782 6283/2710/5782
f 6283/2710/5783 6314/2741/5783 6315/2742/5783 6284/2711/5783
f 6284/2711/5784 6315/2742/5784 6316/2743/5784 6285/2712/5784
f 6285/2712/5785 6316/2743/5785 6317/2744/5785 6286/2713/5785
f 6286/2713/5786 6317/2744/5786 6318/2745/5786 6287/2714/5786
f 6287/2714/5787 6318/2745/5787 6319/2746/5787 6288/2715/5787
f 6288/2715/5788 6319/2746/5788 6320/2747/5788 6289/2716/5788
f 6289/2716/5789 6320/2747/5789 6321/2748/5789 6290/2717/5789
f 6290/2717/5790 6321/2748/5790 6322/2749/5790 6291/2718/5790
f 6291/2718/5791 6322/2749/5791 6323/2750/5791 6292/2719/5791
f 6292/2719/5792 6323/2750/5792 6324/2751/5792 6293/2720/5792
f 6293/2720/5793 6324/2751/5793 6325/2752/5793 6294/2721/5793
f 6294/2721/5794 6325/2752/5794 6326/2753/5794 6295/2722/5794
f 6295/2722/5795 6326/2753/5795 6327/2754/5795 6296/2723/5795
f 6296/2723/5796 6327/2754/5796 6328/2755/5796 6297/2724/5796
f 6297/2724/5797 6328/2755/5797 6329/2756/5797 6298/2725/5797
f 6298/2725/5798 6329/2756/5798 6330/2757/5798 6299/2726/5798
f 6299/2726/5799 6330/2757/5799 6331/2758/5799 6300/2727/5799
f 6300/2727/5800 6331/2758/5800 6332/2759/5800 6301/2728/5800
f 6302/2730/5801 6333/2761/5801 6334/2760/5801 6303/2729/5801
f 6303/2729/5802 6334/2760/5802 6335/2762/5802 6304/2731/5802
f 6304/2731/5803 6335/2762/5803 6336/2763/5803 6305/2732/5803
f 6305/2732/5804 6336/2763/5804 6337/2764/5804 6306/2733/5804
f 6306/2733/5805 6337/2764/5805 6338/2765/5805 6307/2734/5805
f 6307/2734/5806 6338/2765/5806 6339/2766/5806 6308/2735/5806
f 6308/2735/5807 6339/2766/5807 6340/2767/5807 6309/2736/5807
f 6309/2736/5808 6340/2767/5808 6341/2768/5808 6310/2737/5808
f 6310/2737/5809 6341/2768/5809 6342/2769/5809 6311/2738/5809
f 6311/2738/5810 6342/2769/5810 6343/2770/5810 6312/2739/5810
f 6312/2739/5811 6343/2770/5811 6344/2771/5811 6313/2740/5811
f 6313/2740/5812 6344/2771/5812 6345/2772/5812 6314/2741/5812
f 6314/2741/5813 6345/2772/5813 6346/2773/5813 6315/2742/5813
f 6315/2742/5814 6346/2773/5814 6347/2774/5814 6316/2743/5814
f 6316/2743/5815 6347/2774/5815 6348/2775/5815 6317/2744/5815
f 6317/2744/5816 6348/2775/5816 6349/2776/5816 6318/2745/5816
f 6318/2745/5817 6349/2776/5817 6350/2777/5817 6319/2746/5817
f 6319/2746/5818 6350/2777/5818 6351/2778/5818 6320/2747/5818
f 6320/2747/5819 6351/2778/5819 6352/2779/5819 6321/2748/5819
f 6321/2748/5820 6352/2779/5820 6353/2780/5820 6322/2749/5820
f 6322/2749/5821 6353/2780/5821 6354/2781/5821 6323/2750/5821
f 6323/2750/5822 6354/2781/5822 6355/2782/5822 6324/2751/5822
f 6324/2751/5823 6355/2782/5823 6356/2783/5823 6325/2752/5823
f 6325/2752/5824 6356/2783/5824 6357/2784/5824 6326/2753/5824
f 6326/2753/5825 6357/2784/5825 6358/2785/5825 6327/2754/5825
f 6327/2754/5826 6358/2785/5826 6359/2786/5826 6328/2755/5826
f 6328/2755/5827 6359/2786/5827 6360/2787/5827 6329/2756/5827
f 6329/2756/5828 6360/2787/5828 6361/2788/5828 6330/2757/5828
f 6330/2757/5829 6361/2788/5829 6362/2789/5829 6331/2758/5829
f 6331/2758/5830 6362/2789/5830 6363/2790/5830 6332/2759/5830
f 6333/2761/5831 6364/2792/5831 6365/2791/5831 6334/2760/5831
f 6334/2760/5832 6365/2791/5832 6366/2793/5832 6335/2762/5832
f 6335/2762/5833 6366/2793/5833 6367/2794/5833 6336/2763/5833
f 6336/2763/5834 6367/2794/5834 6368/2795/5834 6337/2764/5834
f 6337/2764/5835 6368/2795/5835 6369/2796/5835 6338/2765/5835
f 6338/2765/5836 6369/2796/5836 6370/2797/5836 6339/2766/5836
f 6339/2766/5837 6370/2797/5837 6371/2798/5837 6340/2767/5837
f 6340/2767/5838 6371/2798/5838 6372/2799/5838 6341/2768/5838
f 6341/2768/5839 6372/2799/5839 6373/2800/5839 6342/2769/5839
f 6342/2769/5840 6373/2800/5840 6374/2801/5840 6343/2770/5840
f 6343/2770/5841 6374/2801/5841 6375/2802/5841 6344/2771/5841
f 6344/2771/5842 6375/2802/5842 6376/2803/5842 6345/2772/5842
f 6345/2772/5843 6376/2803/5843 6377/2804/5843 6346/2773/5843
f 6346/2773/5844 6377/2804/5844 6378/2805/5844 6347/2774/5844
f 6347/2774/5845 6378/2805/5845 6379/2806/5845 6348/2775/5845
f 6348/2775/5846 6379/2806/5846 6380/2807/5846 6349/2776/5846
f 6349/2776/5847 6380/2807/5847 6381/2808/5847 6350/2777/5847
f 6350/2777/5848 6381/2808/5848 6382/2809/5848 6351/2778/5848
f 6351/2778/5849 6382/2809/5849 6383/2810/5849 6352/2779/5849
f 6352/2779/5850 6383/2810/5850 6384/2811/5850 6353/2780/5850
f 6353/2780/5851 6384/2811/5851 6385/2812/5851 6354/2781/5851
f 6354/2781/5852 6385/2812/5852 6386/2813/5852 6355/2782/5852
f 6355/2782/5853 6386/2813/5853 6387/2814/5853 6356/2783/5853
f 6356/2783/5854 6387/2814/5854 6388/2815/5854 6357/2784/5854
f 6357/2784/5855 6388/2815/5855 6389/2816/5855 6358/2785/5855
f 6358/2785/5856 6389/2816/5856 6390/2817/5856 6359/2786/5856
f 6359/2786/5857 6390/2817/5857 6391/2818/5857 6360/2787/5857
f 6360/2787/5858 6391/2818/5858 6392/2819/5858 6361/2788/5858
f 6361/2788/5859 6392/2819/5859 6393/2820/5859 6362/2789/5859
f 6362/2789/5860 6393/2820/5860 6394/2821/5860 6363/2790/5860
f 6364/2792/5861 6395/2823/5861 6396/2822/5861 6365/2791/5861
f 6365/2791/5862 6396/2822/5862 6397/2824/5862 6366/2793/5862
f 6366/2793/5863 6397/2824/5863 6398/2825/5863 6367/2794/5863
f 6367/2794/5864 6398/2825/5864 6399/2826/5864 6368/2795/5864
f 6368/2795/5865 6399/2826/5865 6400/2827/5865 6369/2796/5865
f 6369/2796/5866 6400/2827/5866 6401/2828/5866 6370/2797/5866
f 6370/2797/5867 6401/2828/5867 6402/2829/5867 6371/2798/5867
f 6371/2798/5868 6402/2829/5868 6403/2830/5868 6372/2799/5868
f 6372/2799/5869 6403/2830/5869 6404/2831/5869 6373/2800/5869
f 6373/2800/5870 6404/2831/5870 6405/2832/5870 6374/2801/5870
f 6374/2801/5871 6405/2832/5871 6406/2833/5871 6375/2802/5871
f 6375/2802/5872 6406/2833/5872 6407/2834/5872 6376/2803/5872
f 6376/2803/5873 6407/2834/5873 6408/2835/5873 6377/2804/5873
f 6377/2804/5874 6408/2835/5874 6409/2836/5874 6378/2805/5874
f 6378/2805/5875 6409/2836/5875 6410/2837/5875 6379/2806/5875
f 6379/2806/5876 6410/2837/5876 6411/2838/5876 6380/2807/5876
f 6380/2807/5877 6411/2838/5877 6412/2839/5877 6381/2808/5877
f 6381/2808/5878 6412/2839/5878 6413/2840/5878 6382/2809/5878
f 6382/2809/5879 6413/2840/5879 6414/2841/5879 6383/2810/5879
f 6383/2810/5880 6414/2841/5880 6415/2842/5880 6384/2811/5880
f 6384/2811/5881 6415/2842/5881 6416/2843/5881 6385/2812/5881
f 6385/2812/5882 6416/2843/5882 6417/2844/5882 6386/2813/5882
f 6386/2813/5883 6417/2844/5883 6418/2845/5883 6387/2814/5883
f 6387/2814/5884 6418/2845/5884 6419/2846/5884 6388/2815/5884
f 6388/2815/5885 6419/2846/5885 6420/2847/5885 6389/2816/5885
f 6389/2816/5886 6420/2847/5886 6421/2848/5886 6390/2817/5886
f 6390/2817/5887 6421/2848/5887 6422/2849/5887 6391/2818/5887
f 6391/2818/5888 6422/2849/5888 6423/2850/5888 6392/2819/5888
f 6392/2819/5889 6423/2850/5889 6424/2851/5889 6393/2820/5889
f 6393/2820/5890 6424/2851/5890 6425/2852/5890 6394/2821/5890
f 6395/2823/5891 6426/2854/5891 6427/2853/5891 6396/2822/5891
f 6396/2822/5892 6427/2853/5892 6428/2855/5892 6397/2824/5892
f 6397/2824/5893 6428/2855/5893 6429/2856/5893 6398/2825/5893
f 6398/2825/5894 6429/2856/5894 6430/2857/5894 6399/2826/5894
f 6399/2826/5895 6430/2857/5895 6431/2858/5895 6400/2827/5895
f 6400/2827/5896 6431/2858/5896 6432/2859/5896 6401/2828/5896
f 6401/2828/5897 6432/2859/5897 6433/2860/5897 6402/2829/5897
f 6402/2829/5898 6433/2860/5898 6434/2861/5898 6403/2830/5898
f 6403/2830/5899 6434/2861/5899 6435/2862/5899 6404/2831/5899
f 6404/2831/5900 6435/2862/5900 6436/2863/5900 6405/2832/5900
f 6405/2832/5901 6436/2863/5901 6437/2864/5901 6406/2833/5901
f 6406/2833/5902 6437/2864/5902 6438/2865/5902 6407/2834/5902
f 6407/2834/5903 6438/2865/5903 6439/2866/5903 6408/2835/5903
f 6408/2835/5904 6439/2866/5904 6440/2867/5904 6409/2836/5904
f 6409/2836/5905 6440/2867/5905 6441/2868/5905 6410/2837/5905
f 6410/2837/5906 6441/2868/5906 6442/2869/5906 6411/2838/5906
f 6411/2838/5907 6442/2869/5907 6443/2870/5907 6412/2839/5907
f 6412/2839/5908 6443/2870/5908 6444/2871/5908 6413/2840/5908
f 6413/2840/5909 6444/2871/5909 6445/2872/5909 6414/2841/5909
f 6414/2841/5910 6445/2872/5910 6446/2873/5910 6415/2842/5910
f 6415/2842/5911 6446/2873/5911 6447/2874/5911 6416/2843/5911
f 6416/2843/5912 6447/2874/5912 6448/2875/5912 6417/2844/5912
f 6417/2844/5913 6448/2875/5913 6449/2876/5913 6418/2845/5913
f 6418/2845/5914 6449/2876/5914 6450/2877/5914 6419/2846/5914
f 6419/2846/5915 6450/2877/5915 6451/2878/5915 6420/2847/5915
f 6420/2847/5916 6451/2878/5916 6452/2879/5916 6421/2848/5916
f 6421/2848/5917 6452/2879/5917 6453/2880/5917 6422/2849/5917
f 6422/2849/5918 6453/2880/5918 6454/2881/5918 6423/2850/5918
f 6423/2850/5919 6454/2881/5919 6455/2882/5919 6424/2851/5919
f 6424/2851/5920 6455/2882/5920 6456/2883/5920 6425/2852/5920
f 6426/2854/5921 6457/2885/5921 6458/2884/5921 6427/2853/5921
f 6427/2853/5922 6458/2884/5922 6459/2886/5922 6428/2855/5922
f 6428/2855/5923 6459/2886/5923 6460/2887/5923 6429/2856/5923
f 6429/2856/5924 6460/2887/5924 6461/2888/5924 6430/2857/5924
f 6430/2857/5925 6461/2888/5925 6462/2889/5925 6431/2858/5925
f 6431/2858/5926 6462/2889/5926 6463/2890/5926 6432/2859/5926
f 6432/2859/5927 6463/2890/5927 6464/2891/5927 6433/2860/5927
f 6433/2860/5928 6464/2891/5928 6465/2892/5928 6434/2861/5928
f 6434/2861/5929 6465/2892/5929 6466/2893/5929 6435/2862/5929
f 6435/2862/5930 6466/2893/5930 6467/2894/5930 6436/2863/5930
f 6436/2863/5931 6467/2894/5931 6468/2895/5931 6437/2864/5931
f 6437/2864/5932 6468/2895/5932 6469/2896/5932 6438/2865/5932
f 6438/2865/5933 6469/2896/5933 6470/2897/5933 6439/2866/5933
f 6439/2866/5934 6470/2897/5934 6471/2898/5934 6440/2867/5934
f 6440/2867/5935 6471/2898/5935 6472/2899/5935 6441/2868/5935
f 6441/2868/5936 6472/2899/5936 6473/2900/5936 6442/2869/5936
f 6442/2869/5937 6473/2900/5937 6474/2901/5937 6443/2870/5937
f 6443/2870/5938 6474/2901/5938 6475/2902/5938 6444/2871/5938
f 6444/2871/5939 6475/2902/5939 6476/2903/5939 6445/2872/5939
f 6445/2872/5940 6476/2903/5940 6477/2904/5940 6446/2873/5940
f 6446/2873/5941 6477/2904/5941 6478/2905/5941 6447/2874/5941
f 6447/2874/5942 6478/2905/5942 6479/2906/5942 6448/2875/5942
f 6448/2875/5943 6479/2906/5943 6480/2907/5943 6449/2876/5943
f 6449/2876/5944 6480/2907/5944 6481/2908/5944 6450/2877/5944
f 6450/2877/5945 6481/2908/5945 6482/2909/5945 6451/2878/5945
f 6451/2878/5946 6482/2909/5946 6483/2910/5946 6452/2879/5946
f 6452/2879/5947 6483/2910/5947 6484/2911/5947 6453/2880/5947
f 6453/2880/5948 6484/2911/5948 6485/2912/5948 6454/2881/5948
f 6454/2881/5949 6485/2912/5949 6486/2913/5949 6455/2882/5949
f 6455/2882/5950 6486/2913/5950 6487/2914/5950 6456/2883/5950
f 6457/2885/5951 6488/2916/5951 6489/2915/5951 6458/2884/5951
f 6458/2884/5952 6489/2915/5952 6490/2917/5952 6459/2886/5952
f 6459/2886/5953 6490/2917/5953 6491/2918/5953 6460/2887/5953
f 6460/2887/5954 6491/2918/5954 6492/2919/5954 6461/2888/5954
f 6461/2888/5955 6492/2919/5955 6493/2920/5955 6462/2889/5955
f 6462/2889/5956 6493/2920/5956 6494/2921/5956 6463/2890/5956
f 6463/2890/5957 6494/2921/5957 6495/2922/5957 6464/2891/5957
f 6464/2891/5958 6495/2922/5958 6496/2923/5958 6465/2892/5958
f 6465/2892/5959 6496/2923/5959 6497/2924/5959 6466/2893/5959
f 6466/2893/5960 6497/2924/5960 6498/2925/5960 6467/2894/5960
f 6467/2894/5961 6498/2925/5961 6499/2926/5961 6468/2895/5961
f 6468/2895/5962 6499/2926/5962 6500/2927/5962 6469/2896/5962
f 6469/2896/5963 6500/2927/5963 6501/2928/5963 6470/2897/5963
f 6470/2897/5964 6501/2928/5964 6502/2929/5964 6471/2898/5964
f 6471/2898/5965 6502/2929/5965 6503/2930/5965 6472/2899/5965
f 6472/2899/5966 6503/2930/5966 6504/2931/5966 6473/2900/5966
f 6473/2900/5967 6504/2931/5967 6505/2932/5967 6474/2901/5967
f 6474/2901/5968 6505/2932/5968 6506/2933/5968 6475/2902/5968
f 6475/2902/5969 6506/2933/5969 6507/2934/5969 6476/2903/5969
f 6476/2903/5970 6507/2934/5970 6508/2935/5970 6477/2904/5970
f 6477/2904/5971 6508/2935/5971 6509/2936/5971 6478/2905/5971
f 6478/2905/5972 6509/2936/5972 6510/2937/5972 6479/2906/5972
f 6479/2906/5973 6510/2937/5973 6511/2938/5973 6480/2907/5973
f 6480/2907/5974 6511/2938/5974 6512/2939/5974 6481/2908/5974
f 6481/2908/5975 6512/2939/5975 6513/2940/5975 6482/2909/5975
f 6482/2909/5976 6513/2940/5976 6514/2941/5976 6483/2910/5976
f 6483/2910/5977 6514/2941/5977 6515/2942/5977 6484/2911/5977
f 6484/2911/5978 6515/2942/5978 6516/2943/5978 6485/2912/5978
f 6485/2912/5979 6516/2943/5979 6517/2944/5979 6486/2913/5979
f 6486/2913/5980 6517/2944/5980 6518/2945/5980 6487/2914/5980
f 6488/2916/5981 6519/2947/5981 6520/2946/5981 6489/2915/5981
f 6489/2915/5982 6520/2946/5982 6521/2948/5982 6490/2917/5982
f 6490/2917/5983 6521/2948/5983 6522/2949/5983 6491/2918/5983
f 6491/2918/5984 6522/2949/5984 6523/2950/5984 6492/2919/5984
f 6492/2919/5985 6523/2950/5985 6524/2951/5985 6493/2920/5985
f 6493/2920/5986 6524/2951/5986 6525/2952/5986 6494/2921/5986
f 6494/2921/5987 6525/2952/5987 6526/2953/5987 6495/2922/5987
f 6495/2922/5988 6526/2953/5988 6527/2954/5988 6496/2923/5988
f 6496/2923/5989 6527/2954/5989 6528/2955/5989 6497/2924/5989
f 6497/2924/5990 6528/2955/5990 6529/2956/5990 6498/2925/5990
f 6498/2925/5991 6529/2956/5991 6530/2957/5991 6499/2926/5991
f 6499/2926/5992 6530/2957/5992 6531/2958/5992 6500/2927/5992
f 6500/2927/5993 6531/2958/5993 6532/2959/5993 6501/2928/5993
f 6501/2928/5994 6532/2959/5994 6533/2960/5994 6502/2929/5994
f 6502/2929/5995 6533/2960/5995 6534/2961/5995 6503/2930/5995
f 6503/2930/5996 6534/2961/5996 6535/2962/5996 6504/2931/5996
f 6504/2931/5997 6535/2962/5997 6536/2963/5997 6505/2932/5997
f 6505/2932/5998 6536/2963/5998 6537/2964/5998 6506/2933/5998
f 6506/2933/5999 6537/2964/5999 6538/2965/5999 6507/2934/5999
f 6507/2934/6000 6538/2965/6000 6539/2966/6000 6508/2935/6000
f 6508/2935/6001 6539/2966/6001 6540/2967/6001 6509/2936/6001
f 6509/2936/6002 6540/2967/6002 6541/2968/6002 6510/2937/6002
f 6510/2937/6003 6541/2968/6003 6542/2969/6003 6511/2938/6003
f 6511/2938/6004 6542/2969/6004 6543/2970/6004 6512/2939/6004
f 6512/2939/6005 6543/2970/6005 6544/2971/6005 6513/2940/6005
f 6513/2940/6006 6544/2971/6006 6545/2972/6006 6514/2941/6006
f 6514/2941/6007 6545/2972/6007 6546/2973/6007 6515/2942/6007
f 6515/2942/6008 6546/2973/6008 6547/2974/6008 6516/2943/6008
f 6516/2943/6009 6547/2974/6009 6548/2975/6009 6517/2944/6009
f 6517/2944/6010 6548/2975/6010 6549/2976/6010 6518/2945/6010
f 6519/2947/6011 6550/2978/6011 6551/2977/6011 6520/2946/6011
f 6520/2946/6012 6551/2977/6012 6552/2979/6012 6521/2948/6012
f 6521/2948/6013 6552/2979/6013 6553/2980/6013 6522/2949/6013
f 6522/2949/6014 6553/2980/6014 6554/2981/6014 6523/2950/6014
f 6523/2950/6015 6554/2981/6015 6555/2982/6015 6524/2951/6015
f 6524/2951/6016 6555/2982/6016 6556/2983/6016 6525/2952/6016
f 6525/2952/6017 6556/2983/6017 6557/2984/6017 6526/2953/6017
f 6526/2953/6018 6557/2984/6018 6558/2985/6018 6527/2954/6018
f 6527/2954/6019 6558/2985/6019 6559/2986/6019 6528/2955/6019
f 6528/2955/6020 6559/2986/6020 6560/2987/6020 6529/2956/6020
f 6529/2956/6021 6560/2987/6021 6561/2988/6021 6530/2957/6021
f 6530/2957/6022 6561/2988/6022 6562/2989/6022 6531/2958/6022
f 6531/2958/6023 6562/2989/6023 6563/2990/6023 6532/2959/6023
f 6532/2959/6024 6563/2990/6024 6564/2991/6024 6533/2960/6024
f 6533/2960/6025 6564/2991/6025 6565/2992/6025 6534/2961/6025
f 6534/2961/6026 6565/2992/6026 6566/2993/6026 6535/2962/6026
f 6535/2962/6027 6566/2993/6027 6567/2994/6027 6536/2963/6027
f 6536/2963/6028 6567/2994/6028 6568/2995/6028 6537/2964/6028
f 6537/2964/6029 6568/2995/6029 6569/2996/6029 6538/2965/6029
f 6538/2965/6030 6569/2996/6030 6570/2997/6030 6539/2966/6030
f 6539/2966/6031 6570/2997/6031 6571/2998/6031 6540/2967/6031
f 6540/2967/6032 6571/2998/6032 6572/2999/6032 6541/2968/6032
f 6541/2968/6033 6572/2999/6033 6573/3000/6033 6542/2969/6033
f 6542/2969/6034 6573/3000/6034 6574/3001/6034 6543/2970/6034
f 6543/2970/6035 6574/3001/6035 6575/3002/6035 6544/2971/6035
f 6544/2971/6036 6575/3002/6036 6576/3003/6036 6545/2972/6036
f 6545/2972/6037 6576/3003/6037 6577/3004/6037 6546/2973/6037
f 6546/2973/6038 6577/3004/6038 6578/3005/6038 6547/2974/6038
f 6547/2974/6039 6578/3005/6039 6579/3006/6039 6548/2975/6039
f 6548/2975/6040 6579/3006/6040 6580/3007/6040 6549/2976/6040
f 6550/2978/6041 6581/3009/6041 6582/3008/6041 6551/2977/6041
f 6551/2977/6042 6582/3008/6042 6583/3010/6042 6552/2979/6042
f 6552/2979/6043 6583/3010/6043 6584/3011/6043 6553/2980/6043
f 6553/2980/6044 6584/3011/6044 6585/3012/6044 6554/2981/6044
f 6554/2981/6045 6585/3012/6045 6586/3013/6045 6555/2982/6045
f 6555/2982/6046 6586/3013/6046 6587/3014/6046 6556/2983/6046
f 6556/2983/6047 6587/3014/6047 6588/3015/6047 6557/2984/6047
f 6557/2984/6048 6588/3015/6048 6589/3016/6048 6558/2985/6048
f 6558/2985/6049 6589/3016/6049 6590/3017/6049 6559/2986/6049
f 6559/2986/6050 6590/3017/6050 6591/3018/6050 6560/2987/6050
f 6560/2987/6051 6591/3018/6051 6592/3019/6051 6561/2988/6051
f 6561/2988/6052 6592/3019/6052 6593/3020/6052 6562/2989/6052
f 6562/2989/6053 6593/3020/6053 6594/3021/6053 6563/2990/6053
f 6563/2990/6054 6594/3021/6054 6595/3022/6054 6564/2991/6054
f 6564/2991/6055 6595/3022/6055 6596/3023/6055 6565/2992/6055
f 6565/2992/6056 6596/3023/6056 6597/3024/6056 6566/2993/6056
f 6566/2993/6057 6597/3024/6057 6598/3025/6057 6567/2994/6057
f 6567/2994/6058 6598/3025/6058 6599/3026/6058 6568/2995/6058
f 6568/2995/6059 6599/3026/6059 6600/3027/6059 6569/2996/6059
f 6569/2996/6060 6600/3027/6060 6601/3028/6060 6570/2997/6060
f 6570/2997/6061 6601/3028/6061 6602/3029/6061 6571/2998/6061
f 6571/2998/6062 6602/3029/6062 6603/3030/6062 6572/2999/6062
f 6572/2999/6063 6603/3030/6063 6604/3031/6063 6573/3000/6063
f 6573/3000/6064 6604/3031/6064 6605/3032/6064 6574/3001/6064
f 6574/3001/6065 6605/3032/6065 6606/3033/6065 6575/3002/6065
f 6575/3002/6066 6606/3033/6066 6607/3034/6066 6576/3003/6066
f 6576/3003/6067 6607/3034/6067 6608/3035/6067 6577/3004/6067
f 6577/3004/6068 6608/3035/6068 6609/3036/6068 6578/3005/6068
f 6578/3005/6069 6609/3036/6069 6610/3037/6069 6579/3006/6069
f 6579/3006/6070 6610/3037/6070 6611/3038/6070 6580/3007/6070
f 6581/3009/6071 6612/3040/6071 6613/3039/6071 6582/3008/6071
f 6582/3008/6072 6613/3039/6072 6614/3041/6072 6583/3010/6072
f 6583/3010/6073 6614/3041/6073 6615/3042/6073 6584/3011/6073
f 6584/3011/6074 6615/3042/6074 6616/3043/6074 6585/3012/6074
f 6585/3012/6075 6616/3043/6075 6617/3044/6075 6586/3013/6075
f 6586/3013/6076 6617/3044/6076 6618/3045/6076 6587/3014/6076
f 6587/3014/6077 6618/3045/6077 6619/3046/6077 6588/3015/6077
f 6588/3015/6078 6619/3046/6078 6620/3047/6078 6589/3016/6078
f 6589/3016/6079 6620/3047/6079 6621/3048/6079 6590/3017/6079
f 6590/3017/6080 6621/3048/6080 6622/3049/6080 6591/3018/6080
f 6591/3018/6081 6622/3049/6081 6623/3050/6081 6592/3019/6081
f 6592/3019/6082 6623/3050/6082 6624/3051/6082 6593/3020/6082
f 6593/3020/6083 6624/3051/6083 6625/3052/6083 6594/3021/6083
f 6594/3021/6084 6625/3052/6084 6626/3053/6084 6595/3022/6084
f 6595/3022/6085 6626/3053/6085 6627/3054/6085 6596/3023/6085
f 6596/3023/6086 6627/3054/6086 6628/3055/6086 6597/3024/6086
f 6597/3024/6087 6628/3055/6087 6629/3056/6087 6598/3025/6087
f 6598/3025/6088 6629/3056/6088 6630/3057/6088 6599/3026/6088
f 6599/3026/6089 6630/3057/6089 6631/3058/6089 6600/3027/6089
f 6600/3027/6090 6631/3058/6090 6632/3059/6090 6601/3028/6090
f 6601/3028/6091 6632/3059/6091 6633/3060/6091 6602/3029/6091
f 6602/3029/6092 6633/3060/6092 6634/3061/6092 6603/3030/6092
f 6603/3030/6093 6634/3061/6093 6635/3062/6093 6604/3031/6093
f 6604/3031/6094 6635/3062/6094 6636/3063/6094 6605/3032/6094
f 6605/3032/6095 6636/3063/6095 6637/3064/6095 6606/3033/6095
f 6606/3033/6096 6637/3064/6096 6638/3065/6096 6607/3034/6096
f 6607/3034/6097 6638/3065/6097 6639/3066/6097 6608/3035/6097
f 6608/3035/6098 6639/3066/6098 6640/3067/6098 6609/3036/6098
f 6609/3036/6099 6640/3067/6099 6641/3068/6099 6610/3037/6099
f 6610/3037/6100 6641/3068/6100 6642/3069/6100 6611/3038/6100
f 6612/3040/6101 6643/3071/6101 6644/3070/6101 6613/3039/6101
f 6613/3039/6102 6644/3070/6102 6645/3072/6102 6614/3041/6102
f 6614/3041/6103 6645/3072/6103 6646/3073/6103 6615/3042/6103
f 6615/3042/6104 6646/3073/6104 6647/3074/6104 6616/3043/6104
f 6616/3043/6105 6647/3074/6105 6648/3075/6105 6617/3044/6105
f 6617/3044/6106 6648/3075/6106 6649/3076/6106 6618/3045/6106
f 6618/3045/6107 6649/3076/6107 6650/3077/6107 6619/3046/6107
f 6619/3046/6108 6650/3077/6108 6651/3078/6108 6620/3047/6108
f 6620/3047/6109 6651/3078/6109 6652/3079/6109 6621/3048/6109
f 6621/3048/6110 6652/3079/6110 6653/3080/6110 6622/3049/6110
f 6622/3049/6111 6653/3080/6111 6654/3081/6111 6623/3050/6111
f 6623/3050/6112 6654/3081/6112 6655/3082/6112 6624/3051/6112
f 6624/3051/6113 6655/3082/6113 6656/3083/6113 6625/3052/6113
f 6625/3052/6114 6656/3083/6114 6657/3084/6114 6626/3053/6114
f 6626/3053/6115 6657/3084/6115 6658/3085/6115 6627/3054/6115
f 6627/3054/6116 6658/3085/6116 6659/3086/6116 6628/3055/6116
f 6628/3055/6117 6659/3086/6117 6660/3087/6117 6629/3056/6117
f 6629/3056/6118 6660/3087/6118 6661/3088/6118 6630/3057/6118
f 6630/3057/6119 6661/3088/6119 6662/3089/6119 6631/3058/6119
f 6631/3058/6120 6662/3089/6120 6663/3090/6120 6632/3059/6120
f 6632/3059/6121 6663/3090/6121 6664/3091/6121 6633/3060/6121
f 6633/3060/6122 6664/3091/6122 6665/3092/6122 6634/3061/6122
f 6634/3061/6123 6665/3092/6123 6666/3093/6123 6635/3062/6123
f 6635/3062/6124 6666/3093/6124 6667/3094/6124 6636/3063/6124
f 6636/3063/6125 6667/3094/6125 6668/3095/6125 6637/3064/6125
f 6637/3064/6126 6668/3095/6126 6669/3096/6126 6638/3065/6126
f 6638/3065/6127 6669/3096/6127 6670/3097/6127 6639/3066/6127
f 6639/3066/6128 6670/3097/6128 6671/3098/6128 6640/3067/6128
f 6640/3067/6129 6671/3098/6129 6672/3099/6129 6641/3068/6129
f 6641/3068/6130 6672/3099/6130 6673/3100/6130 6642/3069/6130
f 6643/3071/6131 6674/3102/6131 6675/3101/6131 6644/3070/6131
f 6644/3070/6132 6675/3101/6132 6676/3103/6132 6645/3072/6132
f 6645/3072/6133 6676/3103/6133 6677/3104/6133 6646/3073/6133
f 6646/3073/6134 6677/3104/6134 6678/3105/6134 6647/3074/6134
f 6647/3074/6135 6678/3105/6135 6679/3106/6135 6648/3075/6135
f 6648/3075/6136 6679/3106/6136 6680/3107/6136 6649/3076/6136
f 6649/3076/6137 6680/3107/6137 6681/3108/6137 6650/3077/6137
f 6650/3077/6138 6681/3108/6138 6682/3109/6138 6651/3078/6138
f 6651/3078/6139 6682/3109/6139 6683/3110/6139 6652/3079/6139
f 6652/3079/6140 6683/3110/6140 6684/3111/6140 6653/3080/6140
f 6653/3080/6141 6684/3111/6141 6685/3112/6141 6654/3081/6141
f 6654/3081/6142 6685/3112/6142 6686/3113/6142 6655/3082/6142
f 6655/3082/6143 6686/3113/6143 6687/3114/6143 6656/3083/6143
f 6656/3083/6144 6687/3114/6144 6688/3115/6144 6657/3084/6144
f 6657/3084/6145 6688/3115/6145 6689/3116/6145 6658/3085/6145
f 6658/3085/6146 6689/3116/6146 6690/3117/6146 6659/3086/6146
f 6659/3086/6147 6690/3117/6147 6691/3118/6147 6660/3087/6147
f 6660/3087/6148 6691/3118/6148 6692/3119/6148 6661/3088/6148
f 6661/3088/6149 6692/3119/6149 6693/3120/6149 6662/3089/6149
f 6662/3089/6150 6693/3120/6150 6694/3121/6150 6663/3090/6150
f 6663/3090/6151 6694/3121/6151 6695/3122/6151 6664/3091/6151
f 6664/3091/6152 6695/3122/6152 6696/3123/6152 6665/3092/6152
f 6665/3092/6153 6696/3123/6153 6697/3124/6153 6666/3093/6153
f 6666/3093/6154 6697/3124/6154 6698/3125/6154 6667/3094/6154
f 6667/3094/6155 6698/3125/6155 6699/3126/6155 6668/3095/6155
f 6668/3095/6156 6699/3126/6156 6700/3127/6156 6669/3096/6156
f 6669/3096/6157 6700/3127/6157 6701/3128/6157 6670/3097/6157
f 6670/3097/6158 6701/3128/6158 6702/3129/6158 6671/3098/6158
f 6671/3098/6159 6702/3129/6159 6703/3130/6159 6672/3099/6159
f 6672/3099/6160 6703/3130/6160 6704/3131/6160 6673/3100/6160
f 6674/3102/6161 6705/3133/6161 6706/3132/6161 6675/3101/6161
f 6675/3101/6162 6706/3132/6162 6707/3134/6162 6676/3103/6162
f 6676/3103/6163 6707/3134/6163 6708/3135/6163 6677/3104/6163
f 6677/3104/6164 6708/3135/6164 6709/3136/6164 6678/3105/6164
f 6678/3105/6165 6709/3136/6165 6710/3137/6165 6679/3106/6165
f 6679/3106/6166 6710/3137/6166 6711/3138/6166 6680/3107/6166
f 6680/3107/6167 6711/3138/6167 6712/3139/6167 6681/3108/6167
f 6681/3108/6168 6712/3139/6168 6713/3140/6168 6682/3109/6168
f 6682/3109/6169 6713/3140/6169 6714/3141/6169 6683/3110/6169
f 6683/3110/6170 6714/3141/6170 6715/3142/6170 6684/3111/6170
f 6684/3111/6171 6715/3142/6171 6716/3143/6171 6685/3112/6171
f 6685/3112/6172 6716/3143/6172 6717/3144/6172 6686/3113/6172
f 6686/3113/6173 6717/3144/6173 6718/3145/6173 6687/3114/6173
f 6687/3114/6174 6718/3145/6174 6719/3146/6174 6688/3115/6174
f 6688/3115/6175 6719/3146/6175 6720/3147/6175 6689/3116/6175
f 6689/3116/6176 6720/3147/6176 6721/3148/6176 6690/3117/6176
f 6690/3117/6177 6721/3148/6177 6722/3149/6177 6691/3118/6177
f 6691/3118/6178 6722/3149/6178 6723/3150/6178 6692/3119/6178
f 6692/3119/6179 6723/3150/6179 6724/3151/6179 6693/3120/6179
f 6693/3120/6180 6724/3151/6180 6725/3152/6180 6694/3121/6180
f 6694/3121/6181 6725/3152/6181 6726/3153/6181 6695/3122/6181
f 6695/3122/6182 6726/3153/6182 6727/3154/6182 6696/3123/6182
f 6696/3123/6183 6727/3154/6183 6728/3155/6183 6697/3124/6183
f 6697/3124/6184 6728/3155/6184 6729/3156/6184 6698/3125/6184
f 6698/3125/6185 6729/3156/6185 6730/3157/6185 6699/3126/6185
f 6699/3126/6186 6730/3157/6186 6731/3158/6186 6700/3127/6186
f 6700/3127/6187 6731/3158/6187 6732/3159/6187 6701/3128/6187
f 6701/3128/6188 6732/3159/6188 6733/3160/6188 6702/3129/6188
f 6702/3129/6189 6733/3160/6189 6734/3161/6189 6703/3130/6189
f 6703/3130/6190 6734/3161/6190 6735/3162/6190 6704/3131/6190
f 6705/3133/6191 6736/3164/6191 6737/3163/6191 6706/3132/6191
f 6706/3132/6192 6737/3163/6192 6738/3165/6192 6707/3134/6192
f 6707/3134/6193 6738/3165/6193 6739/3166/6193 6708/3135/6193
f 6708/3135/6194 6739/3166/6194 6740/3167/6194 6709/3136/6194
f 6709/3136/6195 6740/3167/6195 6741/3168/6195 6710/3137/6195
f 6710/3137/6196 6741/3168/6196 6742/3169/6196 6711/3138/6196
f 6711/3138/6197 6742/3169/6197 6743/3170/6197 6712/3139/6197
f 6712/3139/6198 6743/3170/6198 6744/3171/6198 6713/3140/6198
f 6713/3140/6199 6744/3171/6199 6745/3172/6199 6714/3141/6199
f 6714/3141/6200 6745/3172/6200 6746/3173/6200 6715/3142/6200
f 6715/3142/6201 6746/3173/6201 6747/3174/6201 6716/3143/6201
f 6716/3143/6202 6747/3174/6202 6748/3175/6202 6717/3144/6202
f 6717/3144/6203 6748/3175/6203 6749/3176/6203 6718/3145/6203
f 6718/3145/6204 6749/3176/6204 6750/3177/6204 6719/3146/6204
f 6719/3146/6205 6750/3177/6205 6751/3178/6205 6720/3147/6205
f 6720/3147/6206 6751/3178/6206 6752/3179/6206 6721/3148/6206
f 6721/3148/6207 6752/3179/6207 6753/3180/6207 6722/3149/6207
f 6722/3149/6208 6753/3180/6208 6754/3181/6208 6723/3150/6208
f 6723/3150/6209 6754/3181/6209 6755/3182/6209 6724/3151/6209
f 6724/3151/6210 6755/3182/6210 6756/3183/6210 6725/3152/6210
f 6725/3152/6211 6756/3183/6211 6757/3184/6211 6726/3153/6211
f 6726/3153/6212 6757/3184/6212 6758/3185/6212 6727/3154/6212
f 6727/3154/6213 6758/3185/6213 6759/3186/6213 6728/3155/6213
f 6728/3155/6214 6759/3186/6214 6760/3187/6214 6729/3156/6214
f 6729/3156/6215 6760/3187/6215 6761/3188/6215 6730/3157/6215
f 6730/3157/6216 6761/3188/6216 6762/3189/6216 6731/3158/6216
f 6731/3158/6217 6762/3189/6217 6763/3190/6217 6732/3159/6217
f 6732/3159/6218 6763/3190/6218 6764/3191/6218 6733/3160/6218
f 6733/3160/6219 6764/3191/6219 6765/3192/6219 6734/3161/6219
f 6734/3161/6220 6765/3192/6220 6766/3193/6220 6735/3162/6220
f 6736/3164/6221 6767/3195/6221 6768/3194/6221 6737/3163/6221
f 6737/3163/6222 6768/3194/6222 6769/3196/6222 6738/3165/6222
f 6738/3165/6223 6769/3196/6223 6770/3197/6223 6739/3166/6223
f 6739/3166/6224 6770/3197/6224 6771/3198/6224 6740/3167/6224
f 6740/3167/6225 6771/3198/6225 6772/3199/6225 6741/3168/6225
f 6741/3168/6226 6772/3199/6226 6773/3200/6226 6742/3169/6226
f 6742/3169/6227 6773/3200/6227 6774/3201/6227 6743/3170/6227
f 6743/3170/6228 6774/3201/6228 6775/3202/6228 6744/3171/6228
f 6744/3171/6229 6775/3202/6229 6776/3203/6229 6745/3172/6229
f 6745/3172/6230 6776/3203/6230 6777/3204/6230 6746/3173/6230
f 6746/3173/6231 6777/3204/6231 6778/3205/6231 6747/3174/6231
f 6747/3174/6232 6778/3205/6232 6779/3206/6232 6748/3175/6232
f 6748/3175/6233 6779/3206/6233 6780/3207/6233 6749/3176/6233
f 6749/3176/6234 6780/3207/6234 6781/3208/6234 6750/3177/6234
f 6750/3177/6235 6781/3208/6235 6782/3209/6235 6751/3178/6235
f 6751/3178/6236 6782/3209/6236 6783/3210/6236 6752/3179/6236
f 6752/3179/6237 6783/3210/6237 6784/3211/6237 6753/3180/6237
f 6753/3180/6238 6784/3211/6238 6785/3212/6238 6754/3181/6238
f 6754/3181/6239 6785/3212/6239 6786/3213/6239 6755/3182/6239
f 6755/3182/6240 6786/3213/6240 6787/3214/6240 6756/3183/6240
f 6756/3183/6241 6787/3214/6241 6788/3215/6241 6757/3184/6241
f 6757/3184/6242 6788/3215/6242 6789/3216/6242 6758/3185/6242
f 6758/3185/6243 6789/3216/6243 6790/3217/6243 6759/3186/6243
f 6759/3186/6244 6790/3217/6244 6791/3218/6244 6760/3187/6244
f 6760/3187/6245 6791/3218/6245 6792/3219/6245 6761/3188/6245
f 6761/3188/6246 6792/3219/6246 6793/3220/6246 6762/3189/6246
f 6762/3189/6247 6793/3220/6247 6794/3221/6247 6763/3190/6247
f 6763/3190/6248 6794/3221/6248 6795/3222/6248 6764/3191/6248
f 6764/3191/6249 6795/3222/6249 6796/3223/6249 6765/3192/6249
f 6765/3192/6250 6796/3223/6250 6797/3224/6250 6766/3193/6250
f 6767/3195/6251 6798/3226/6251 6799/3225/6251 6768/3194/6251
f 6768/3194/6252 6799/3225/6252 6800/3227/6252 6769/3196/6252
f 6769/3196/6253 6800/3227/6253 6801/3228/6253 6770/3197/6253
f 6770/3197/6254 6801/3228/6254 6802/3229/6254 6771/3198/6254
f 6771/3198/6255 6802/3229/6255 6803/3230/6255 6772/3199/6255
f 6772/3199/6256 6803/3230/6256 6804/3231/6256 6773/3200/6256
f 6773/3200/6257 6804/3231/6257 6805/3232/6257 6774/3201/6257
f 6774/3201/6258 6805/3232/6258 6806/3233/6258 6775/3202/6258
f 6775/3202/6259 6806/3233/6259 6807/3234/6259 6776/3203/6259
f 6776/3203/6260 6807/3234/6260 6808/3235/6260 6777/3204/6260
f 6777/3204/6261 6808/3235/6261 6809/3236/6261 6778/3205/6261
f 6778/3205/6262 6809/3236/6262 6810/3237/6262 6779/3206/6262
f 6779/3206/6263 6810/3237/6263 6811/3238/6263 6780/3207/6263
f 6780/3207/6264 6811/3238/6264 6812/3239/6264 6781/3208/6264
f 6781/3208/6265 6812/3239/6265 6813/3240/6265 6782/3209/6265
f 6782/3209/6266 6813/3240/6266 6814/3241/6266 6783/3210/6266
f 6783/3210/6267 6814/3241/6267 6815/3242/6267 6784/3211/6267
f 6784/3211/6268 6815/3242/6268 6816/3243/6268 6785/3212/6268
f 6785/3212/6269 6816/3243/6269 6817/3244/6269 6786/3213/6269
f 6786/3213/6270 6817/3244/6270 6818/3245/6270 6787/3214/6270
f 6787/3214/6271 6818/3245/6271 6819/3246/6271 6788/3215/6271
f 6788/3215/6272 6819/3246/6272 6820/3247/6272 6789/3216/6272
f 6789/3216/6273 6820/3247/6273 6821/3248/6273 6790/3217/6273
f 6790/3217/6274 6821/3248/6274 6822/3249/6274 6791/3218/6274
f 6791/3218/6275 6822/3249/6275 6823/3250/6275 6792/3219/6275
f 6792/3219/6276 6823/3250/6276 6824/3251/6276 6793/3220/6276
f 6793/3220/6277 6824/3251/6277 6825/3252/6277 6794/3221/6277
f 6794/3221/6278 6825/3252/6278 6826/3253/6278 6795/3222/6278
f 6795/3222/6279 6826/3253/6279 6827/3254/6279 6796/3223/6279
f 6796/3223/6280 6827/3254/6280 6828/3255/6280 6797/3224/6280
f 6798/3226/6281 6829/3257/6281 6830/3256/6281 6799/3225/6281
f 6799/3225/6282 6830/3256/6282 6831/3258/6282 6800/3227/6282
f 6800/3227/6283 6831/3258/6283 6832/3259/6283 6801/3228/6283
f 6801/3228/6284 6832/3259/6284 6833/3260/6284 6802/3229/6284
f 6802/3229/6285 6833/3260/6285 6834/3261/6285 6803/3230/6285
f 6803/3230/6286 6834/3261/6286 6835/3262/6286 6804/3231/6286
f 6804/3231/6287 6835/3262/6287 6836/3263/6287 6805/3232/6287
f 6805/3232/6288 6836/3263/6288 6837/3264/6288 6806/3233/6288
f 6806/3233/6289 6837/3264/6289 6838/3265/6289 6807/3234/6289
f 6807/3234/6290 6838/3265/6290 6839/3266/6290 6808/3235/6290
f 6808/3235/6291 6839/3266/6291 6840/3267/6291 6809/3236/6291
f 6809/3236/6292 6840/3267/6292 6841/3268/6292 6810/3237/6292
f 6810/3237/6293 6841/3268/6293 6842/3269/6293 6811/3238/6293
f 6811/3238/6294 6842/3269/6294 6843/3270/6294 6812/3239/6294
f 6812/3239/6295 6843/3270/6295 6844/3271/6295 6813/3240/6295
f 6813/3240/6296 6844/3271/6296 6845/3272/6296 6814/3241/6296
f 6814/3241/6297 6845/3272/6297 6846/3273/6297 6815/3242/6297
f 6815/3242/6298 6846/3273/6298 6847/3274/6298 6816/3243/6298
f 6816/3243/6299 6847/3274/6299 6848/3275/6299 6817/3244/6299
f 6817/3244/6300 6848/3275/6300 6849/3276/6300 6818/3245/6300
f 6818/3245/6301 6849/3276/6301 6850/3277/6301 6819/3246/6301
f 6819/3246/6302 6850/3277/6302 6851/3278/6302 6820/3247/6302
f 6820/3247/6303 6851/3278/6303 6852/3279/6303 6821/3248/6303
f 6821/3248/6304 6852/3279/6304 6853/3280/6304 6822/3249/6304
f 6822/3249/6305 6853/3280/6305 6854/3281/6305 6823/3250/6305
f 6823/3250/6306 6854/3281/6306 6855/3282/6306 6824/3251/6306
f 6824/3251/6307 6855/3282/6307 6856/3283/6307 6825/3252/6307
f 6825/3252/6308 6856/3283/6308 6857/3284/6308 6826/3253/6308
f 6826/3253/6309 6857/3284/6309 6858/3285/6309 6827/3254/6309
f 6827/3254/6310 6858/3285/6310 6859/3286/6310 6828/3255/6310
f 6829/3257/6311 6860/3288/6311 6861/3287/6311 6830/3256/6311
f 6830/3256/6312 6861/3287/6312 6862/3289/6312 6831/3258/6312
f 6831/3258/6313 6862/3289/6313 6863/3290/6313 6832/3259/6313
f 6832/3259/6314 6863/3290/6314 6864/3291/6314 6833/3260/6314
f 6833/3260/6315 6864/3291/6315 6865/3292/6315 6834/3261/6315
f 6834/3261/6316 6865/3292/6316 6866/3293/6316 6835/3262/6316
f 6835/3262/6317 6866/3293/6317 6867/3294/6317 6836/3263/6317
f 6836/3263/6318 6867/3294/6318 6868/3295/6318 6837/3264/6318
f 6837/3264/6319 6868/3295/6319 6869/3296/6319 6838/3265/6319
f 6838/3265/6320 6869/3296/6320 6870/3297/6320 6839/3266/6320
f 6839/3266/6321 6870/3297/6321 6871/3298/6321 6840/3267/6321
f 6840/3267/6322 6871/3298/6322 6872/3299/6322 6841/3268/6322
f 6841/3268/6323 6872/3299/6323 6873/3300/6323 6842/3269/6323
f 6842/3269/6324 6873/3300/6324 6874/3301/6324 6843/3270/6324
f 6843/3270/6325 6874/3301/6325 6875/3302/6325 6844/3271/6325
f 6844/3271/6326 6875/3302/6326 6876/3303/6326 6845/3272/6326
f 6845/3272/6327 6876/3303/6327 6877/3304/6327 6846/3273/6327
f 6846/3273/6328 6877/3304/6328 6878/3305/6328 6847/3274/6328
f 6847/3274/6329 6878/3305/6329 6879/3306/6329 6848/3275/6329
f 6848/3275/6330 6879/3306/6330 6880/3307/6330 6849/3276/6330
f 6849/3276/6331 6880/3307/6331 6881/3308/6331 6850/3277/6331
f 6850/3277/6332 6881/3308/6332 6882/3309/6332 6851/3278/6332
f 6851/3278/6333 6882/3309/6333 6883/3310/6333 6852/3279/6333
f 6852/3279/6334 6883/3310/6334 6884/3311/6334 6853/3280/6334
f 6853/3280/6335 6884/3311/6335 6885/3312/6335 6854/3281/6335
f 6854/3281/6336 6885/3312/6336 6886/3313/6336 6855/3282/6336
f 6855/3282/6337 6886/3313/6337 6887/3314/6337 6856/3283/6337
f 6856/3283/6338 6887/3314/6338 6888/3315/6338 6857/3284/6338
f 6857/3284/6339 6888/3315/6339 6889/3316/6339 6858/3285/6339
f 6858/3285/6340 6889/3316/6340 6890/3317/6340 6859/3286/6340
f 5802/3318/6341 5836/3320/6341 5930/2357/6341 5837/3319/6341
f 5837/3319/6342 5930/2357/6342 5931/2358/6342 5838/3321/6342
f 5838/3321/6343 5931/2358/6343 5932/2361/6343 5839/3322/6343
f 5839/3322/6344 5932/2361/6344 5933/2363/6344 5840/3323/6344
f 5840/3323/6345 5933/2363/6345 5934/2365/6345 5841/3324/6345
f 5841/3324/6346 5934/2365/6346 5935/2367/6346 5842/3325/6346
f 5842/3325/6347 5935/2367/6347 5936/2369/6347 5843/3326/6347
f 5843/3326/6348 5936/2369/6348 5937/2371/6348 5844/3327/6348
f 5844/3327/6349 5937/2371/6349 5938/2373/6349 5845/3328/6349
f 5845/3328/6350 5938/2373/6350 5939/2375/6350 5846/3329/6350
f 5846/3329/6351 5939/2375/6351 5940/2377/6351 5847/3330/6351
f 5847/3330/6352 5940/2377/6352 5941/2379/6352 5848/3331/6352
f 5848/3331/6353 5941/2379/6353 5942/2381/6353 5849/3332/6353
f 5849/3332/6354 5942/2381/6354 5943/2383/6354 5850/3333/6354
f 5850/3333/6355 5943/2383/6355 5944/2385/6355 5851/3334/6355
f 5851/3334/6356 5944/2385/6356 5945/2387/6356 5852/3335/6356
f 5852/3335/6357 5945/2387/6357 5946/2389/6357 5853/3336/6357
f 5853/3336/6358 5946/2389/6358 5947/2391/6358 5854/3337/6358
f 5854/3337/6359 5947/2391/6359 5948/2393/6359 5855/3338/6359
f 5855/3338/6360 5948/2393/6360 5949/2395/6360 5856/3339/6360
f 5856/3339/6361 5949/2395/6361 5950/2397/6361 5857/3340/6361
f 5857/3340/6362 5950/2397/6362 5951/2399/6362 5858/3341/6362
f 5858/3341/6363 5951/2399/6363 5952/2401/6363 5859/3342/6363
f 5859/3342/6364 5952/2401/6364 5953/2403/6364 5860/3343/6364
f 5860/3343/6365 5953/2403/6365 5954/2405/6365 5861/3344/6365
f 5861/3344/6366 5954/2405/6366 5955/2407/6366 5862/3345/6366
f 5862/3345/6367 5955/2407/6367 5956/2409/6367 5863/3346/6367
f 5863/3346/6368 5956/2409/6368 5957/2411/6368 5864/3347/6368
f 5864/3347/6369 5957/2411/6369 5958/2413/6369 5865/3348/6369
f 5865/3348/6370 5958/2413/6370 5959/2415/6370 5866/3349/6370
f 5866/3349/6371 5959/2415/6371 5960/2417/6371 5867/3350/6371
f 5867/3350/6372 5960/2417/6372 5868/3352/6372 5803/3351/6372
f 5960/2417/6373 5991/2418/6373 5869/3353/6373 5868/3352/6373
f 5991/2418/6374 6022/2449/6374 5870/3354/6374 5869/3353/6374
f 6022/2449/6375 6053/2480/6375 5871/3355/6375 5870/3354/6375
f 6053/2480/6376 6084/2511/6376 5872/3356/6376 5871/3355/6376
f 6084/2511/6377 6115/2542/6377 5873/3357/6377 5872/3356/6377
f 6115/2542/6378 6146/2573/6378 5874/3358/6378 5873/3357/6378
f 6146/2573/6379 6177/2604/6379 5875/3359/6379 5874/3358/6379
f 6177/2604/6380 6208/2635/6380 5876/3360/6380 5875/3359/6380
f 6208/2635/6381 6239/2666/6381 5877/3361/6381 5876/3360/6381
f 6239/2666/6382 6270/2697/6382 5878/3362/6382 5877/3361/6382
f 6270/2697/6383 6301/2728/6383 5879/3363/6383 5878/3362/6383
f 6301/2728/6384 6332/2759/6384 5880/3364/6384 5879/3363/6384
f 6332/2759/6385 6363/2790/6385 5881/3365/6385 5880/3364/6385
f 6363/2790/6386 6394/2821/6386 5882/3366/6386 5881/3365/6386
f 6394/2821/6387 6425/2852/6387 5883/3367/6387 5882/3366/6387
f 6425/2852/6388 6456/2883/6388 5884/3368/6388 5883/3367/6388
f 6456/2883/6389 6487/2914/6389 5885/3369/6389 5884/3368/6389
f 6487/2914/6390 6518/2945/6390 5886/3370/6390 5885/3369/6390
f 6518/2945/6391 6549/2976/6391 5887/3371/6391 5886/3370/6391
f 6549/2976/6392 6580/3007/6392 5888/3372/6392 5887/3371/6392
f 6580/3007/6393 6611/3038/6393 5889/3373/6393 5888/3372/6393
f 6611/3038/6394 6642/3069/6394 5890/3374/6394 5889/3373/6394
f 6642/3069/6395 6673/3100/6395 5891/3375/6395 5890/3374/6395
f 6673/3100/6396 6704/3131/6396 5892/3376/6396 5891/3375/6396
f 6704/3131/6397 6735/3162/6397 5893/3377/6397 5892/3376/6397
f 6735/3162/6398 6766/3193/6398 5894/3378/6398 5893/3377/6398
f 6766/3193/6399 6797/3224/6399 5895/3379/6399 5894/3378/6399
f 6797/3224/6400 6828/3255/6400 5896/3380/6400 5895/3379/6400
f 6828/3255/6401 6859/3286/6401 5897/3381/6401 5896/3380/6401
f 6859/3286/6402 6890/3317/6402 5898/3382/6402 5897/3381/6402
f 6890/3317/6403 5899/3384/6403 5805/3383/6403 5898/3382/6403
f 6889/3316/6404 5900/3385/6404 5899/3384/6404 6890/3317/6404
f 6888/3315/6405 5901/3386/6405 5900/3385/6405 6889/3316/6405
f 6887/3314/6406 5902/3387/6406 5901/3386/6406 6888/3315/6406
f 6886/3313/6407 5903/3388/6407 5902/3387/6407 6887/3314/6407
f 6885/3312/6408 5904/3389/6408 5903/3388/6408 6886/3313/6408
f 6884/3311/6409 5905/3390/6409 5904/3389/6409 6885/3312/6409
f 6883/3310/6410 5906/3391/6410 5905/3390/6410 6884/3311/6410
f 6882/3309/6411 5907/3392/6411 5906/3391/6411 6883/3310/6411
f 6881/3308/6412 5908/3393/6412 5907/3392/6412 6882/3309/6412
f 6880/3307/6413 5909/3394/6413 5908/3393/6413 6881/3308/6413
f 6879/3306/6414 5910/3395/6414 5909/3394/6414 6880/3307/6414
f 6878/3305/6415 5911/3396/6415 5910/3395/6415 6879/3306/6415
f 6877/3304/6416 5912/3397/6416 5911/3396/6416 6878/3305/6416
f 6876/3303/6417 5913/3398/6417 5912/3397/6417 6877/3304/6417
f 6875/3302/6418 5914/3399/6418 5913/3398/6418 6876/3303/6418
f 6874/3301/6419 5915/3400/6419 5914/3399/6419 6875/3302/6419
f 6873/3300/6420 5916/3401/6420 5915/3400/6420 6874/3301/6420
f 6872/3299/6421 5917/3402/6421 5916/3401/6421 6873/3300/6421
f 6871/3298/6422 5918/3403/6422 5917/3402/6422 6872/3299/6422
f 6870/3297/6423 5919/3404/6423 5918/3403/6423 6871/3298/6423
f 6869/3296/6424 5920/3405/6424 5919/3404/6424 6870/3297/6424
f 6868/3295/6425 5921/3406/6425 5920/3405/6425 6869/3296/6425
f 6867/3294/6426 5922/3407/6426 5921/3406/6426 6868/3295/6426
f 6866/3293/6427 5923/3408/6427 5922/3407/6427 6867/3294/6427
f 6865/3292/6428 5924/3409/6428 5923/3408/6428 6866/3293/6428
f 6864/3291/6429 5925/3410/6429 5924/3409/6429 6865/3292/6429
f 6863/3290/6430 5926/3411/6430 5925/3410/6430 6864/3291/6430
f 6862/3289/6431 5927/3412/6431 5926/3411/6431 6863/3290/6431
f 6861/3287/6432 5928/3413/6432 5927/3412/6432 6862/3289/6432
f 6860/3288/6433 5929/3414/6433 5928/3413/6433 6861/3287/6433
f 5806/3415/6434 5804/3416/6434 5929/3414/6434 6860/3288/6434
f 5807/3417/6435 5806/3415/6435 6860/3288/6435 6829/3257/6435
f 5808/3418/6436 5807/3417/6436 6829/3257/6436 6798/3226/6436
f 5809/3419/6437 5808/3418/6437 6798/3226/6437 6767/3195/6437
f 5810/3420/6438 5809/3419/6438 6767/3195/6438 6736/3164/6438
f 5811/3421/6439 5810/3420/6439 6736/3164/6439 6705/3133/6439
f 5812/3422/6440 5811/3421/6440 6705/3133/6440 6674/3102/6440
f 5813/3423/6441 5812/3422/6441 6674/3102/6441 6643/3071/6441
f 5814/3424/6442 5813/3423/6442 6643/3071/6442 6612/3040/6442
f 5815/3425/6443 5814/3424/6443 6612/3040/6443 6581/3009/6443
f 5816/3426/6444 5815/3425/6444 6581/3009/6444 6550/2978/6444
f 5817/3427/6445 5816/3426/6445 6550/2978/6445 6519/2947/6445
f 5818/3428/6446 5817/3427/6446 6519/2947/6446 6488/2916/6446
f 5819/3429/6447 5818/3428/6447 6488/2916/6447 6457/2885/6447
f 5820/3430/6448 5819/3429/6448 6457/2885/6448 6426/2854/6448
f 5821/3431/6449 5820/3430/6449 6426/2854/6449 6395/2823/6449
f 5822/3432/6450 5821/3431/6450 6395/2823/6450 6364/2792/6450
f 5823/3433/6451 5822/3432/6451 6364/2792/6451 6333/2761/6451
f 5824/3434/6452 5823/3433/6452 6333/2761/6452 6302/2730/6452
f 5825/3435/6453 5824/3434/6453 6302/2730/6453 6271/2699/6453
f 5826/3436/6454 5825/3435/6454 6271/2699/6454 6240/2668/6454
f 5827/3437/6455 5826/3436/6455 6240/2668/6455 6209/2637/6455
f 5828/3438/6456 5827/3437/6456 6209/2637/6456 6178/2606/6456
f 5829/3439/6457 5828/3438/6457 6178/2606/6457 6147/2575/6457
f 5830/3440/6458 5829/3439/6458 6147/2575/6458 6116/2544/6458
f 5831/3441/6459 5830/3440/6459 6116/2544/6459 6085/2513/6459
f 5832/3442/6460 5831/3441/6460 6085/2513/6460 6054/2482/6460
f 5833/3443/6461 5832/3442/6461 6054/2482/6461 6023/2451/6461
f 5834/3444/6462 5833/3443/6462 6023/2451/6462 5992/2420/6462
f 5835/3445/6463 5834/3444/6463 5992/2420/6463 5961/2360/6463
f 5836/3320/6464 5835/3445/6464 5961/2360/6464 5930/2357/6464
f 4717/3415/6465 4715/3416/6465 5804/3416/6465 5806/3415/6465
f 4718/3417/6466 4717/3415/6466 5806/3415/6466 5807/3417/6466
f 4719/3418/6467 4718/3417/6467 5807/3417/6467 5808/3418/6467
f 4720/3419/6468 4719/3418/6468 5808/3418/6468 5809/3419/6468
f 4721/3420/6469 4720/3419/6469 5809/3419/6469 5810/3420/6469
f 4722/3421/6470 4721/3420/6470 5810/3420/6470 5811/3421/6470
f 4723/3422/6471 4722/3421/6471 5811/3421/6471 5812/3422/6471
f 4724/3423/6472 4723/3422/6472 5812/3422/6472 5813/3423/6472
f 4725/3424/6473 4724/3423/6473 5813/3423/6473 5814/3424/6473
f 4726/3425/6474 4725/3424/6474 5814/3424/6474 5815/3425/6474
f 4727/3426/6475 4726/3425/6475 5815/3425/6475 5816/3426/6475
f 4728/3427/6476 4727/3426/6476 5816/3426/6476 5817/3427/6476
f 4729/3428/6477 4728/3427/6477 5817/3427/6477 5818/3428/6477
f 4730/3429/6478 4729/3428/6478 5818/3428/6478 5819/3429/6478
f 4731/3430/6479 4730/3429/6479 5819/3429/6479 5820/3430/6479
f 4732/3431/6480 4731/3430/6480 5820/3430/6480 5821/3431/6480
f 4733/3432/6481 4732/3431/6481 5821/3431/6481 5822/3432/6481
f 4734/3433/6482 4733/3432/6482 5822/3432/6482 5823/3433/6482
f 4735/3434/6483 4734/3433/6483 5823/3433/6483 5824/3434/6483
f 4736/3435/6484 4735/3434/6484 5824/3434/6484 5825/3435/6484
f 4737/3436/6485 4736/3435/6485 5825/3435/6485 5826/3436/6485
f 4738/3437/6486 4737/3436/6486 5826/3436/6486 5827/3437/6486
f 4739/3438/6487 4738/3437/6487 5827/3437/6487 5828/3438/6487
f 4740/3439/6488 4739/3438/6488 5828/3438/6488 5829/3439/6488
f 4741/3440/6489 4740/3439/6489 5829/3439/6489 5830/3440/6489
f 4742/3441/6490 4741/3440/6490 5830/3440/6490 5831/3441/6490
f 4743/3442/6491 4742/3441/6491 5831/3441/6491 5832/3442/6491
f 4744/3443/6492 4743/3442/6492 5832/3442/6492 5833/3443/6492
f 4745/3444/6493 4744/3443/6493 5833/3443/6493 5834/3444/6493
f 4746/3445/6494 4745/3444/6494 5834/3444/6494 5835/3445/6494
f 4747/3320/6495 4746/3445/6495 5835/3445/6495 5836/3320/6495
f 4713/3318/6496 4747/3320/6496 5836/3320/6496 5802/3318/6496
f 4748/3319/6497 4713/3318/6497 5802/3318/6497 5837/3319/6497
f 4749/3321/6498 4748/3319/6498 5837/3319/6498 5838/3321/6498
f 4750/3322/6499 4749/3321/6499 5838/3321/6499 5839/3322/6499
f 4751/3323/6500 4750/3322/6500 5839/3322/6500 5840/3323/6500
f 4752/3324/6501 4751/3323/6501 5840/3323/6501 5841/3324/6501
f 4753/3325/6502 4752/3324/6502 5841/3324/6502 5842/3325/6502
f 4754/3326/6503 4753/3325/6503 5842/3325/6503 5843/3326/6503
f 4755/3327/6504 4754/3326/6504 5843/3326/6504 5844/3327/6504
f 4756/3328/6505 4755/3327/6505 5844/3327/6505 5845/3328/6505
f 4757/3329/6506 4756/3328/6506 5845/3328/6506 5846/3329/6506
f 4758/3330/6507 4757/3329/6507 5846/3329/6507 5847/3330/6507
f 4759/3331/6508 4758/3330/6508 5847/3330/6508 5848/3331/6508
f 4760/3332/6509 4759/3331/6509 5848/3331/6509 5849/3332/6509
f 4761/3333/6510 4760/3332/6510 5849/3332/6510 5850/3333/6510
f 4762/3334/6511 4761/3333/6511 5850/3333/6511 5851/3334/6511
f 4763/3335/6512 4762/3334/6512 5851/3334/6512 5852/3335/6512
f 4764/3336/6513 4763/3335/6513 5852/3335/6513 5853/3336/6513
f 4765/3337/6514 4764/3336/6514 5853/3336/6514 5854/3337/6514
f 4766/3338/6515 4765/3337/6515 5854/3337/6515 5855/3338/6515
f 4767/3339/6516 4766/3338/6516 5855/3338/6516 5856/3339/6516
f 4768/3340/6517 4767/3339/6517 5856/3339/6517 5857/3340/6517
f 4769/3341/6518 4768/3340/6518 5857/3340/6518 5858/3341/6518
f 4770/3342/6519 4769/3341/6519 5858/3341/6519 5859/3342/6519
f 4771/3343/6520 4770/3342/6520 5859/3342/6520 5860/3343/6520
f 4772/3344/6521 4771/3343/6521 5860/3343/6521 5861/3344/6521
f 4773/3345/6522 4772/3344/6522 5861/3344/6522 5862/3345/6522
f 4774/3346/6523 4773/3345/6523 5862/3345/6523 5863/3346/6523
f 4775/3347/6524 4774/3346/6524 5863/3346/6524 5864/3347/6524
f 4776/3348/6525 4775/3347/6525 5864/3347/6525 5865/3348/6525
f 4777/3349/6526 4776/3348/6526 5865/3348/6526 5866/3349/6526
f 4778/3350/6527 4777/3349/6527 5866/3349/6527 5867/3350/6527
f 4714/3351/6528 4778/3350/6528 5867/3350/6528 5803/3351/6528
f 4779/3352/6529 4714/3351/6529 5803/3351/6529 5868/3352/6529
f 4780/3353/6530 4779/3352/6530 5868/3352/6530 5869/3353/6530
f 4781/3354/6531 4780/3353/6531 5869/3353/6531 5870/3354/6531
f 4782/3355/6532 4781/3354/6532 5870/3354/6532 5871/3355/6532
f 4783/3356/6533 4782/3355/6533 5871/3355/6533 5872/3356/6533
f 4784/3357/6534 4783/3356/6534 5872/3356/6534 5873/3357/6534
f 4785/3358/6535 4784/3357/6535 5873/3357/6535 5874/3358/6535
f 4786/3359/6536 4785/3358/6536 5874/3358/6536 5875/3359/6536
f 4787/3360/6537 4786/3359/6537 5875/3359/6537 5876/3360/6537
f 4788/3361/6538 4787/3360/6538 5876/3360/6538 5877/3361/6538
f 4789/3362/6539 4788/3361/6539 5877/3361/6539 5878/3362/6539
f 4790/3363/6540 4789/3362/6540 5878/3362/6540 5879/3363/6540
f 4791/3364/6541 4790/3363/6541 5879/3363/6541 5880/3364/6541
f 4792/3365/6542 4791/3364/6542 5880/3364/6542 5881/3365/6542
f 4793/3366/6543 4792/3365/6543 5881/3365/6543 5882/3366/6543
f 4794/3367/6544 4793/3366/6544 5882/3366/6544 5883/3367/6544
f 4795/3368/6545 4794/3367/6545 5883/3367/6545 5884/3368/6545
f 4796/3369/6546 4795/3368/6546 5884/3368/6546 5885/3369/6546
f 4797/3370/6547 4796/3369/6547 5885/3369/6547 5886/3370/6547
f 4798/3371/6548 4797/3370/6548 5886/3370/6548 5887/3371/6548
f 4799/3372/6549 4798/3371/6549 5887/3371/6549 5888/3372/6549
f 4800/3373/6550 4799/3372/6550 5888/3372/6550 5889/3373/6550
f 4801/3374/6551 4800/3373/6551 5889/3373/6551 5890/3374/6551
f 4802/3375/6552 4801/3374/6552 5890/3374/6552 5891/3375/6552
f 4803/3376/6553 4802/3375/6553 5891/3375/6553 5892/3376/6553
f 4804/3377/6554 4803/3376/6554 5892/3376/6554 5893/3377/6554
f 4805/3378/6555 4804/3377/6555 5893/3377/6555 5894/3378/6555
f 4806/3379/6556 4805/3378/6556 5894/3378/6556 5895/3379/6556
f 4807/3380/6557 4806/3379/6557 5895/3379/6557 5896/3380/6557
f 4808/3381/6558 4807/3380/6558 5896/3380/6558 5897/3381/6558
f 4809/3382/6559 4808/3381/6559 5897/3381/6559 5898/3382/6559
f 4716/3383/6560 4809/3382/6560 5898/3382/6560 5805/3383/6560
f 4810/3384/6561 4716/3383/6561 5805/3383/6561 5899/3384/6561
f 4811/3385/6562 4810/3384/6562 5899/3384/6562 5900/3385/6562
f 4812/3386/6563 4811/3385/6563 5900/3385/6563 5901/3386/6563
f 4813/3387/6564 4812/3386/6564 5901/3386/6564 5902/3387/6564
f 4814/3388/6565 4813/3387/6565 5902/3387/6565 5903/3388/6565
f 4815/3389/6566 4814/3388/6566 5903/3388/6566 5904/3389/6566
f 4816/3390/6567 4815/3389/6567 5904/3389/6567 5905/3390/6567
f 4817/3391/6568 4816/3390/6568 5905/3390/6568 5906/3391/6568
f 4818/3392/6569 4817/3391/6569 5906/3391/6569 5907/3392/6569
f 4819/3393/6570 4818/3392/6570 5907/3392/6570 5908/3393/6570
f 4820/3394/6571 4819/3393/6571 5908/3393/6571 5909/3394/6571
f 4821/3395/6572 4820/3394/6572 5909/3394/6572 5910/3395/6572
f 4822/3396/6573 4821/3395/6573 5910/3395/6573 5911/3396/6573
f 4823/3397/6574 4822/3396/6574 5911/3396/6574 5912/3397/6574
f 4824/3398/6575 4823/3397/6575 5912/3397/6575 5913/3398/6575
f 4825/3399/6576 4824/3398/6576 5913/3398/6576 5914/3399/6576
f 4826/3400/6577 4825/3399/6577 5914/3399/6577 5915/3400/6577
f 4827/3401/6578 4826/3400/6578 5915/3400/6578 5916/3401/6578
f 4828/3402/6579 4827/3401/6579 5916/3401/6579 5917/3402/6579
f 4829/3403/6580 4828/3402/6580 5917/3402/6580 5918/3403/6580
f 4830/3404/6581 4829/3403/6581 5918/3403/6581 5919/3404/6581
f 4831/3405/6582 4830/3404/6582 5919/3404/6582 5920/3405/6582
f 4832/3406/6583 4831/3405/6583 5920/3405/6583 5921/3406/6583
f 4833/3407/6584 4832/3406/6584 5921/3406/6584 5922/3407/6584
f 4834/3408/6585 4833/3407/6585 5922/3407/6585 5923/3408/6585
f 4835/3409/6586 4834/3408/6586 5923/3408/6586 5924/3409/6586
f 4836/3410/6587 4835/3409/6587 5924/3409/6587 5925/3410/6587
f 4837/3411/6588 4836/3410/6588 5925/3410/6588 5926/3411/6588
f 4838/3412/6589 4837/3411/6589 5926/3411/6589 5927/3412/6589
f 4839/3413/6590 4838/3412/6590 5927/3412/6590 5928/3413/6590
f 4840/3414/6591 4839/3413/6591 5928/3413/6591 5929/3414/6591
f 4715/3416/6592 4840/3414/6592 5929/3414/6592 5804/3416/6592
o Plano.005
v 2.960000 0.900000 -0.000000
v 5.040000 0.900000 -0.000000
v 2.960000 3.100000 0.000000
v 5.040000 3.100000 0.000000
v 2.960000 0.900000 -0.050000
v 5.040000 0.900000 -0.050000
v 2.960000 3.100000 -0.050000
v 5.040000 3.100000 -0.050000
vn -0.0000 -0.0000 1.0000
vn -0.0000 -0.0000 -1.0000
vn -1.0000 -0.0000 -0.0000
vn -0.0000 -1.0000 -0.0000
vn 1.0000 -0.0000 -0.0000
vn -0.0000 1.0000 -0.0000
vt 0.000000 0.000000
vt 1.000000 0.000000
vt 1.000000 1.000000
vt 0.000000 1.000000
s 0
usemtl Material.006
f 6891/3446/6593 6892/3447/6593 6894/3448/6593 6893/3449/6593
f 6895/3446/6594 6897/3449/6594 6898/3448/6594 6896/3447/6594
f 6891/3446/6595 6893/3449/6595 6897/3449/6595 6895/3446/6595
f 6892/3447/6596 6891/3446/6596 6895/3446/6596 6896/3447/6596
f 6894/3448/6597 6892/3447/6597 6896/3447/6597 6898/3448/6597
f 6893/3449/6598 6894/3448/6598 6898/3448/6598 6897/3449/6598
o PlanoRugoso3
v -1.000000 3.100000 -0.000000
v -1.000000 0.900000 -0.000000
v 1.000000 3.100000 0.000000
v 1.000000 0.900000 0.000000
v -1.000000 3.100000 -0.052500
v -1.000000 0.900000 -0.052500
v 1.000000 3.100000 -0.052500
v 1.000000 0.900000 -0.052500
vn -0.0000 -0.0000 1.0000
vn -0.0000 -0.0000 -1.0000
vn -0.0000 1.0000 -0.0000
vn -1.0000 -0.0000 -0.0000
vn -0.0000 -1.0000 -0.0000
vn 1.0000 -0.0000 -0.0000
vt 0.000000 0.000000
vt 1.000000 0.000000
vt 1.000000 1.000000
vt 0.000000 1.000000
s 0
usemtl Material.002
f 6899/3450/6599 6900/3451/6599 6902/3452/6599 6901/3453/6599
f 6903/3450/6600 6905/3453/6600 6906/3452/6600 6904/3451/6600
f 6899/3450/6601 6901/3453/6601 6905/3453/6601 6903/3450/6601
f 6900/3451/6602 6899/3450/6602 6903/3450/6602 6904/3451/6602
f 6902/3452/6603 6900/3451/6603 6904/3451/6603 6906/3452/6603
f 6901/3453/6604 6902/3452/6604 6906/3452/6604 6905/3453/6604
o InclinadoExp1.001
v 5.000001 3.100000 -0.001974
v 5.000001 0.900000 -0.001974
v 9.000000 3.100000 0.455011
v 9.000000 0.900000 0.455011
v 8.500000 3.100000 0.271846
v 8.000000 3.100000 0.160752
v 7.500000 3.100000 0.093369
v 7.000000 3.100000 0.052500
v 6.500000 3.100000 0.027711
v 6.000000 3.100000 0.012676
v 5.500000 3.100000 0.003557
v 5.000001 2.825000 -0.001974
v 5.000001 2.550000 -0.001974
v 5.000001 2.275000 -0.001974
v 5.000001 2.000000 -0.001974
v 5.000001 1.725000 -0.001974
v 5.000001 1.450000 -0.001974
v 5.000001 1.175000 -0.001974
v 5.500000 0.900000 0.003557
v 6.000000 0.900000 0.012676
v 6.500000 0.900000 0.027711
v 7.000000 0.900000 0.052500
v 7.500000 0.900000 0.093369
v 8.000000 0.900000 0.160752
v 8.500000 0.900000 0.271846
v 9.000000 1.175000 0.455011
v 9.000000 1.450000 0.455011
v 9.000000 1.725000 0.455011
v 9.000000 2.000000 0.455011
v 9.000000 2.275000 0.455011
v 9.000000 2.550000 0.455011
v 9.000000 2.825000 0.455011
v 5.500000 2.825000 0.003557
v 5.500000 2.550000 0.003557
v 5.500000 2.275000 0.003557
v 5.500000 2.000000 0.003557
v 5.500000 1.725000 0.003557
v 5.500000 1.450000 0.003557
v 5.500000 1.175000 0.003557
v 6.000000 2.825000 0.012676
v 6.000000 2.550000 0.012676
v 6.000000 2.275000 0.012676
v 6.000000 2.000000 0.012676
v 6.000000 1.725000 0.012676
v 6.000000 1.450000 0.012676
v 6.000000 1.175000 0.012676
v 6.500000 2.825000 0.027711
v 6.500000 2.550000 0.027711
v 6.500000 2.275000 0.027711
v 6.500000 2.000000 0.027711
v 6.500000 1.725000 0.027711
v 6.500000 1.450000 0.027711
v 6.500000 1.175000 0.027711
v 7.000000 2.825000 0.052500
v 7.000000 2.550000 0.052500
v 7.000000 2.275000 0.052500
v 7.000000 2.000000 0.052500
v 7.000000 1.725000 0.052500
v 7.000000 1.450000 0.052500
v 7.000000 1.175000 0.052500
v 7.500000 2.825000 0.093369
v 7.500000 2.550000 0.093369
v 7.500000 2.275000 0.093369
v 7.500000 2.000000 0.093369
v 7.500000 1.725000 0.093369
v 7.500000 1.450000 0.093369
v 7.500000 1.175000 0.093369
v 8.000000 2.825000 0.160752
v 8.000000 2.550000 0.160752
v 8.000000 2.275000 0.160752
v 8.000000 2.000000 0.160752
v 8.000000 1.725000 0.160752
v 8.000000 1.450000 0.160752
v 8.000000 1.175000 0.160752
v 8.500000 2.825000 0.271846
v 8.500000 2.550000 0.271846
v 8.500000 2.275000 0.271846
v 8.500000 2.000000 0.271846
v 8.500000 1.725000 0.271846
v 8.500000 1.450000 0.271846
v 8.500000 1.175000 0.271846
v 5.000527 3.100000 -0.054471
v 5.000527 0.900000 -0.054471
v 9.016470 3.100000 0.405441
v 9.016470 0.900000 0.405441
v 8.513438 3.100000 0.221278
v 8.008365 3.100000 0.108992
v 7.505125 3.100000 0.041146
v 7.003120 3.100000 0.000102
v 6.501895 3.100000 -0.024751
v 6.001150 3.100000 -0.039810
v 5.500698 3.100000 -0.048938
v 5.000527 2.825000 -0.054471
v 5.000527 2.550000 -0.054471
v 5.000527 2.275000 -0.054471
v 5.000527 2.000000 -0.054471
v 5.000527 1.725000 -0.054471
v 5.000527 1.450000 -0.054471
v 5.000527 1.175000 -0.054471
v 5.500698 0.900000 -0.048938
v 6.001150 0.900000 -0.039810
v 6.501895 0.900000 -0.024751
v 7.003120 0.900000 0.000102
v 7.505125 0.900000 0.041146
v 8.008365 0.900000 0.108992
v 8.513438 0.900000 0.221278
v 9.016470 1.175000 0.405441
v 9.016470 1.450000 0.405441
v 9.016470 1.725000 0.405441
v 9.016470 2.000000 0.405441
v 9.016470 2.275000 0.405441
v 9.016470 2.550000 0.405441
v 9.016470 2.825000 0.405441
v 5.500698 2.825000 -0.048938
v 5.500698 2.550000 -0.048938
v 5.500698 2.275000 -0.048938
v 5.500698 2.000000 -0.048938
v 5.500698 1.725000 -0.048938
v 5.500698 1.450000 -0.048938
v 5.500698 1.175000 -0.048938
v 6.001150 2.825000 -0.039810
v 6.001150 2.550000 -0.039810
v 6.001150 2.275000 -0.039810
v 6.001150 2.000000 -0.039810
v 6.001150 1.725000 -0.039810
v 6.001150 1.450000 -0.039810
v 6.001150 1.175000 -0.039810
v 6.501895 2.825000 -0.024751
v 6.501895 2.550000 -0.024751
v 6.501895 2.275000 -0.024751
v 6.501895 2.000000 -0.024751
v 6.501895 1.725000 -0.024751
v 6.501895 1.450000 -0.024751
v 6.501895 1.175000 -0.024751
v 7.003120 2.825000 0.000102
v 7.003120 2.550000 0.000102
v 7.003120 2.275000 0.000102
v 7.003120 2.000000 0.000102
v 7.003120 1.725000 0.000102
v 7.003120 1.450000 0.000102
v 7.003120 1.175000 0.000102
v 7.505125 2.825000 0.041146
v 7.505125 2.550000 0.041146
v 7.505125 2.275000 0.041146
v 7.505125 2.000000 0.041146
v 7.505125 1.725000 0.041146
v 7.505125 1.450000 0.041146
v 7.505125 1.175000 0.041146
v 8.008365 2.825000 0.108992
v 8.008365 2.550000 0.108992
v 8.008365 2.275000 0.108992
v 8.008365 2.000000 0.108992
v 8.008365 1.725000 0.108992
v 8.008365 1.450000 0.108992
v 8.008365 1.175000 0.108992
v 8.513438 2.825000 0.221278
v 8.513438 2.550000 0.221278
v 8.513438 2.275000 0.221278
v 8.513438 2.000000 0.221278
v 8.513438 1.725000 0.221278
v 8.513438 1.450000 0.221278
v 8.513438 1.175000 0.221278
vn -0.0182 -0.0000 0.9998
vn -0.0301 -0.0000 0.9995
vn -0.0495 -0.0000 0.9988
vn -0.0815 -0.0000 0.9967
vn -0.1336 -0.0000 0.9910
vn -0.2169 -0.0000 0.9762
vn -0.0111 -0.0000 0.9999
vn -0.3440 -0.0000 0.9390
vn 0.0182 -0.0000 -0.9998
vn 0.0301 -0.0000 -0.9995
vn 0.0495 -0.0000 -0.9988
vn 0.0815 -0.0000 -0.9967
vn 0.1336 -0.0000 -0.9910
vn 0.2170 -0.0000 -0.9762
vn 0.0111 -0.0000 -0.9999
vn 0.3438 -0.0000 -0.9390
vn -0.0000 1.0000 -0.0000
vn -0.9999 -0.0000 -0.0100
vn -0.0000 -1.0000 -0.0000
vn 0.9490 -0.0000 0.3153
vt 0.125000 0.125000
vt 0.250000 0.125000
vt 0.250000 0.250000
vt 0.125000 0.250000
vt 0.375000 0.125000
vt 0.375000 0.250000
vt 0.500000 0.125000
vt 0.500000 0.250000
vt 0.625000 0.125000
vt 0.625000 0.250000
vt 0.750000 0.125000
vt 0.750000 0.250000
vt 0.875000 0.125000
vt 0.875000 0.250000
vt 0.250000 0.375000
vt 0.125000 0.375000
vt 0.375000 0.375000
vt 0.500000 0.375000
vt 0.625000 0.375000
vt 0.750000 0.375000
vt 0.875000 0.375000
vt 0.250000 0.500000
vt 0.125000 0.500000
vt 0.375000 0.500000
vt 0.500000 0.500000
vt 0.625000 0.500000
vt 0.750000 0.500000
vt 0.875000 0.500000
vt 0.250000 0.625000
vt 0.125000 0.625000
vt 0.375000 0.625000
vt 0.500000 0.625000
vt 0.625000 0.625000
vt 0.750000 0.625000
vt 0.875000 0.625000
vt 0.250000 0.750000
vt 0.125000 0.750000
vt 0.375000 0.750000
vt 0.500000 0.750000
vt 0.625000 0.750000
vt 0.750000 0.750000
vt 0.875000 0.750000
vt 0.250000 0.875000
vt 0.125000 0.875000
vt 0.375000 0.875000
vt 0.500000 0.875000
vt 0.625000 0.875000
vt 0.750000 0.875000
vt 0.875000 0.875000
vt 0.000000 0.000000
vt 0.125000 0.000000
vt 0.000000 0.125000
vt 0.250000 0.000000
vt 0.375000 0.000000
vt 0.500000 0.000000
vt 0.625000 0.000000
vt 0.750000 0.000000
vt 0.875000 0.000000
vt 1.000000 0.000000
vt 1.000000 0.125000
vt 1.000000 0.250000
vt 1.000000 0.375000
vt 1.000000 0.500000
vt 1.000000 0.625000
vt 1.000000 0.750000
vt 1.000000 0.875000
vt 1.000000 1.000000
vt 0.875000 1.000000
vt 0.750000 1.000000
vt 0.625000 1.000000
vt 0.500000 1.000000
vt 0.375000 1.000000
vt 0.250000 1.000000
vt 0.125000 1.000000
vt 0.000000 0.875000
vt 0.000000 1.000000
vt 0.000000 0.750000
vt 0.000000 0.625000
vt 0.000000 0.500000
vt 0.000000 0.375000
vt 0.000000 0.250000
s 0
usemtl Material.010
f 6939/3454/6605 6940/3455/6605 6947/3456/6605 6946/3457/6605
f 6940/3455/6605 6941/3458/6605 6948/3459/6605 6947/3456/6605
f 6941/3458/6605 6942/3460/6605 6949/3461/6605 6948/3459/6605
f 6942/3460/6605 6943/3462/6605 6950/3463/6605 6949/3461/6605
f 6943/3462/6605 6944/3464/6605 6951/3465/6605 6950/3463/6605
f 6944/3464/6605 6945/3466/6605 6952/3467/6605 6951/3465/6605
f 6946/3457/6606 6947/3456/6606 6954/3468/6606 6953/3469/6606
f 6947/3456/6606 6948/3459/6606 6955/3470/6606 6954/3468/6606
f 6948/3459/6606 6949/3461/6606 6956/3471/6606 6955/3470/6606
f 6949/3461/6606 6950/3463/6606 6957/3472/6606 6956/3471/6606
f 6950/3463/6606 6951/3465/6606 6958/3473/6606 6957/3472/6606
f 6951/3465/6606 6952/3467/6606 6959/3474/6606 6958/3473/6606
f 6953/3469/6607 6954/3468/6607 6961/3475/6607 6960/3476/6607
f 6954/3468/6607 6955/3470/6607 6962/3477/6607 6961/3475/6607
f 6955/3470/6607 6956/3471/6607 6963/3478/6607 6962/3477/6607
f 6956/3471/6607 6957/3472/6607 6964/3479/6607 6963/3478/6607
f 6957/3472/6607 6958/3473/6607 6965/3480/6607 6964/3479/6607
f 6958/3473/6607 6959/3474/6607 6966/3481/6607 6965/3480/6607
f 6960/3476/6608 6961/3475/6608 6968/3482/6608 6967/3483/6608
f 6961/3475/6608 6962/3477/6608 6969/3484/6608 6968/3482/6608
f 6962/3477/6608 6963/3478/6608 6970/3485/6608 6969/3484/6608
f 6963/3478/6608 6964/3479/6608 6971/3486/6608 6970/3485/6608
f 6964/3479/6608 6965/3480/6608 6972/3487/6608 6971/3486/6608
f 6965/3480/6608 6966/3481/6608 6973/3488/6608 6972/3487/6608
f 6967/3483/6609 6968/3482/6609 6975/3489/6609 6974/3490/6609
f 6968/3482/6609 6969/3484/6609 6976/3491/6609 6975/3489/6609
f 6969/3484/6609 6970/3485/6609 6977/3492/6609 6976/3491/6609
f 6970/3485/6609 6971/3486/6609 6978/3493/6609 6977/3492/6609
f 6971/3486/6609 6972/3487/6609 6979/3494/6609 6978/3493/6609
f 6972/3487/6609 6973/3488/6609 6980/3495/6609 6979/3494/6609
f 6974/3490/6610 6975/3489/6610 6982/3496/6610 6981/3497/6610
f 6975/3489/6610 6976/3491/6610 6983/3498/6610 6982/3496/6610
f 6976/3491/6610 6977/3492/6610 6984/3499/6610 6983/3498/6610
f 6977/3492/6610 6978/3493/6610 6985/3500/6610 6984/3499/6610
f 6978/3493/6610 6979/3494/6610 6986/3501/6610 6985/3500/6610
f 6979/3494/6610 6980/3495/6610 6987/3502/6610 6986/3501/6610
f 6907/3503/6611 6918/3504/6611 6939/3454/6611 6917/3505/6611
f 6918/3504/6611 6919/3506/6611 6940/3455/6611 6939/3454/6611
f 6919/3506/6611 6920/3507/6611 6941/3458/6611 6940/3455/6611
f 6920/3507/6611 6921/3508/6611 6942/3460/6611 6941/3458/6611
f 6921/3508/6611 6922/3509/6611 6943/3462/6611 6942/3460/6611
f 6922/3509/6611 6923/3510/6611 6944/3464/6611 6943/3462/6611
f 6923/3510/6611 6924/3511/6611 6945/3466/6611 6944/3464/6611
f 6924/3511/6611 6908/3512/6611 6925/3513/6611 6945/3466/6611
f 6945/3466/6605 6925/3513/6605 6926/3514/6605 6952/3467/6605
f 6952/3467/6606 6926/3514/6606 6927/3515/6606 6959/3474/6606
f 6959/3474/6607 6927/3515/6607 6928/3516/6607 6966/3481/6607
f 6966/3481/6608 6928/3516/6608 6929/3517/6608 6973/3488/6608
f 6973/3488/6609 6929/3517/6609 6930/3518/6609 6980/3495/6609
f 6980/3495/6610 6930/3518/6610 6931/3519/6610 6987/3502/6610
f 6987/3502/6612 6931/3519/6612 6910/3520/6612 6932/3521/6612
f 6986/3501/6612 6987/3502/6612 6932/3521/6612 6933/3522/6612
f 6985/3500/6612 6986/3501/6612 6933/3522/6612 6934/3523/6612
f 6984/3499/6612 6985/3500/6612 6934/3523/6612 6935/3524/6612
f 6983/3498/6612 6984/3499/6612 6935/3524/6612 6936/3525/6612
f 6982/3496/6612 6983/3498/6612 6936/3525/6612 6937/3526/6612
f 6981/3497/6612 6982/3496/6612 6937/3526/6612 6938/3527/6612
f 6911/3528/6612 6981/3497/6612 6938/3527/6612 6909/3529/6612
f 6912/3530/6610 6974/3490/6610 6981/3497/6610 6911/3528/6610
f 6913/3531/6609 6967/3483/6609 6974/3490/6609 6912/3530/6609
f 6914/3532/6608 6960/3476/6608 6967/3483/6608 6913/3531/6608
f 6915/3533/6607 6953/3469/6607 6960/3476/6607 6914/3532/6607
f 6916/3534/6606 6946/3457/6606 6953/3469/6606 6915/3533/6606
f 6917/3505/6605 6939/3454/6605 6946/3457/6605 6916/3534/6605
f 7020/3454/6613 7027/3457/6613 7028/3456/6613 7021/3455/6613
f 7021/3455/6613 7028/3456/6613 7029/3459/6613 7022/3458/6613
f 7022/3458/6613 7029/3459/6613 7030/3461/6613 7023/3460/6613
f 7023/3460/6613 7030/3461/6613 7031/3463/6613 7024/3462/6613
f 7024/3462/6613 7031/3463/6613 7032/3465/6613 7025/3464/6613
f 7025/3464/6613 7032/3465/6613 7033/3467/6613 7026/3466/6613
f 7027/3457/6614 7034/3469/6614 7035/3468/6614 7028/3456/6614
f 7028/3456/6614 7035/3468/6614 7036/3470/6614 7029/3459/6614
f 7029/3459/6614 7036/3470/6614 7037/3471/6614 7030/3461/6614
f 7030/3461/6614 7037/3471/6614 7038/3472/6614 7031/3463/6614
f 7031/3463/6614 7038/3472/6614 7039/3473/6614 7032/3465/6614
f 7032/3465/6614 7039/3473/6614 7040/3474/6614 7033/3467/6614
f 7034/3469/6615 7041/3476/6615 7042/3475/6615 7035/3468/6615
f 7035/3468/6615 7042/3475/6615 7043/3477/6615 7036/3470/6615
f 7036/3470/6615 7043/3477/6615 7044/3478/6615 7037/3471/6615
f 7037/3471/6615 7044/3478/6615 7045/3479/6615 7038/3472/6615
f 7038/3472/6615 7045/3479/6615 7046/3480/6615 7039/3473/6615
f 7039/3473/6615 7046/3480/6615 7047/3481/6615 7040/3474/6615
f 7041/3476/6616 7048/3483/6616 7049/3482/6616 7042/3475/6616
f 7042/3475/6616 7049/3482/6616 7050/3484/6616 7043/3477/6616
f 7043/3477/6616 7050/3484/6616 7051/3485/6616 7044/3478/6616
f 7044/3478/6616 7051/3485/6616 7052/3486/6616 7045/3479/6616
f 7045/3479/6616 7052/3486/6616 7053/3487/6616 7046/3480/6616
f 7046/3480/6616 7053/3487/6616 7054/3488/6616 7047/3481/6616
f 7048/3483/6617 7055/3490/6617 7056/3489/6617 7049/3482/6617
f 7049/3482/6617 7056/3489/6617 7057/3491/6617 7050/3484/6617
f 7050/3484/6617 7057/3491/6617 7058/3492/6617 7051/3485/6617
f 7051/3485/6617 7058/3492/6617 7059/3493/6617 7052/3486/6617
f 7052/3486/6617 7059/3493/6617 7060/3494/6617 7053/3487/6617
f 7053/3487/6617 7060/3494/6617 7061/3495/6617 7054/3488/6617
f 7055/3490/6618 7062/3497/6618 7063/3496/6618 7056/3489/6618
f 7056/3489/6618 7063/3496/6618 7064/3498/6618 7057/3491/6618
f 7057/3491/6618 7064/3498/6618 7065/3499/6618 7058/3492/6618
f 7058/3492/6618 7065/3499/6618 7066/3500/6618 7059/3493/6618
f 7059/3493/6618 7066/3500/6618 7067/3501/6618 7060/3494/6618
f 7060/3494/6618 7067/3501/6618 7068/3502/6618 7061/3495/6618
f 6988/3503/6619 6998/3505/6619 7020/3454/6619 6999/3504/6619
f 6999/3504/6619 7020/3454/6619 7021/3455/6619 7000/3506/6619
f 7000/3506/6619 7021/3455/6619 7022/3458/6619 7001/3507/6619
f 7001/3507/6619 7022/3458/6619 7023/3460/6619 7002/3508/6619
f 7002/3508/6619 7023/3460/6619 7024/3462/6619 7003/3509/6619
f 7003/3509/6619 7024/3462/6619 7025/3464/6619 7004/3510/6619
f 7004/3510/6619 7025/3464/6619 7026/3466/6619 7005/3511/6619
f 7005/3511/6619 7026/3466/6619 7006/3513/6619 6989/3512/6619
f 7026/3466/6613 7033/3467/6613 7007/3514/6613 7006/3513/6613
f 7033/3467/6614 7040/3474/6614 7008/3515/6614 7007/3514/6614
f 7040/3474/6615 7047/3481/6615 7009/3516/6615 7008/3515/6615
f 7047/3481/6616 7054/3488/6616 7010/3517/6616 7009/3516/6616
f 7054/3488/6617 7061/3495/6617 7011/3518/6617 7010/3517/6617
f 7061/3495/6618 7068/3502/6618 7012/3519/6618 7011/3518/6618
f 7068/3502/6620 7013/3521/6620 6991/3520/6620 7012/3519/6620
f 7067/3501/6620 7014/3522/6620 7013/3521/6620 7068/3502/6620
f 7066/3500/6620 7015/3523/6620 7014/3522/6620 7067/3501/6620
f 7065/3499/6620 7016/3524/6620 7015/3523/6620 7066/3500/6620
f 7064/3498/6620 7017/3525/6620 7016/3524/6620 7065/3499/6620
f 7063/3496/6620 7018/3526/6620 7017/3525/6620 7064/3498/6620
f 7062/3497/6620 7019/3527/6620 7018/3526/6620 7063/3496/6620
f 6992/3528/6620 6990/3529/6620 7019/3527/6620 7062/3497/6620
f 6993/3530/6618 6992/3528/6618 7062/3497/6618 7055/3490/6618
f 6994/3531/6617 6993/3530/6617 7055/3490/6617 7048/3483/6617
f 6995/3532/6616 6994/3531/6616 7048/3483/6616 7041/3476/6616
f 6996/3533/6615 6995/3532/6615 7041/3476/6615 7034/3469/6615
f 6997/3534/6614 6996/3533/6614 7034/3469/6614 7027/3457/6614
f 6998/3505/6613 6997/3534/6613 7027/3457/6613 7020/3454/6613
f 6911/3528/6621 6909/3529/6621 6990/3529/6621 6992/3528/6621
f 6912/3530/6621 6911/3528/6621 6992/3528/6621 6993/3530/6621
f 6913/3531/6621 6912/3530/6621 6993/3530/6621 6994/3531/6621
f 6914/3532/6621 6913/3531/6621 6994/3531/6621 6995/3532/6621
f 6915/3533/6621 6914/3532/6621 6995/3532/6621 6996/3533/6621
f 6916/3534/6621 6915/3533/6621 6996/3533/6621 6997/3534/6621
f 6917/3505/6621 6916/3534/6621 6997/3534/6621 6998/3505/6621
f 6907/3503/6621 6917/3505/6621 6998/3505/6621 6988/3503/6621
f 6918/3504/6622 6907/3503/6622 6988/3503/6622 6999/3504/6622
f 6919/3506/6622 6918/3504/6622 6999/3504/6622 7000/3506/6622
f 6920/3507/6622 6919/3506/6622 7000/3506/6622 7001/3507/6622
f 6921/3508/6622 6920/3507/6622 7001/3507/6622 7002/3508/6622
f 6922/3509/6622 6921/3508/6622 7002/3508/6622 7003/3509/6622
f 6923/3510/6622 6922/3509/6622 7003/3509/6622 7004/3510/6622
f 6924/3511/6622 6923/3510/6622 7004/3510/6622 7005/3511/6622
f 6908/3512/6622 6924/3511/6622 7005/3511/6622 6989/3512/6622
f 6925/3513/6623 6908/3512/6623 6989/3512/6623 7006/3513/6623
f 6926/3514/6623 6925/3513/6623 7006/3513/6623 7007/3514/6623
f 6927/3515/6623 6926/3514/6623 7007/3514/6623 7008/3515/6623
f 6928/3516/6623 6927/3515/6623 7008/3515/6623 7009/3516/6623
f 6929/3517/6623 6928/3516/6623 7009/3516/6623 7010/3517/6623
f 6930/3518/6623 6929/3517/6623 7010/3517/6623 7011/3518/6623
f 6931/3519/6623 6930/3518/6623 7011/3518/6623 7012/3519/6623
f 6910/3520/6623 6931/3519/6623 7012/3519/6623 6991/3520/6623
f 6932/3521/6624 6910/3520/6624 6991/3520/6624 7013/3521/6624
f 6933/3522/6624 6932/3521/6624 7013/3521/6624 7014/3522/6624
f 6934/3523/6624 6933/3522/6624 7014/3522/6624 7015/3523/6624
f 6935/3524/6624 6934/3523/6624 7015/3523/6624 7016/3524/6624
f 6936/3525/6624 6935/3524/6624 7016/3524/6624 7017/3525/6624
f 6937/3526/6624 6936/3525/6624 7017/3525/6624 7018/3526/6624
f 6938/3527/6624 6937/3526/6624 7018/3526/6624 7019/3527/6624
f 6909/3529/6624 6938/3527/6624 7019/3527/6624 6990/3529/6624
o Plano.002
v 8.965254 -1.100000 0.444094
v 10.834745 -1.100000 1.355906
v 8.965254 1.100000 0.444094
v 10.834745 1.100000 1.355906
v 8.987172 -1.100000 0.399154
v 10.856664 -1.100000 1.310966
v 8.987172 1.100000 0.399154
v 10.856664 1.100000 1.310966
vn -0.4384 -0.0000 0.8988
vn 0.4384 -0.0000 -0.8988
vn -0.8988 -0.0000 -0.4384
vn -0.0000 -1.0000 -0.0000
vn 0.8988 -0.0000 0.4384
vn -0.0000 1.0000 -0.0000
vt 0.000000 0.000000
vt 1.000000 0.000000
vt 1.000000 1.000000
vt 0.000000 1.000000
s 0
usemtl Material.008
f 7069/3535/6625 7070/3536/6625 7072/3537/6625 7071/3538/6625
f 7073/3535/6626 7075/3538/6626 7076/3537/6626 7074/3536/6626
f 7069/3535/6627 7071/3538/6627 7075/3538/6627 7073/3535/6627
f 7070/3536/6628 7069/3535/6628 7073/3535/6628 7074/3536/6628
f 7072/3537/6629 7070/3536/6629 7074/3536/6629 7076/3537/6629
f 7071/3538/6630 7072/3537/6630 7076/3537/6630 7075/3538/6630
o Plano.004
v 8.965254 -1.100000 0.444094
v 10.834745 -1.100000 1.355906
v 8.965254 1.100000 0.444094
v 10.834745 1.100000 1.355906
v 8.987172 -1.100000 0.399154
v 10.856664 -1.100000 1.310966
v 8.987172 1.100000 0.399154
v 10.856664 1.100000 1.310966
vn -0.4384 -0.0000 0.8988
vn 0.4384 -0.0000 -0.8988
vn -0.8988 -0.0000 -0.4384
vn -0.0000 -1.0000 -0.0000
vn 0.8988 -0.0000 0.4384
vn -0.0000 1.0000 -0.0000
vt 0.000000 0.000000
vt 1.000000 0.000000
vt 1.000000 1.000000
vt 0.000000 1.000000
s 0
usemtl Material.008
f 7077/3539/6631 7078/3540/6631 7080/3541/6631 7079/3542/6631
f 7081/3539/6632 7083/3542/6632 7084/3541/6632 7082/3540/6632
f 7077/3539/6633 7079/3542/6633 7083/3542/6633 7081/3539/6633
f 7078/3540/6634 7077/3539/6634 7081/3539/6634 7082/3540/6634
f 7080/3541/6635 7078/3540/6635 7082/3540/6635 7084/3541/6635
f 7079/3542/6636 7080/3541/6636 7084/3541/6636 7083/3542/6636
o Plano.006
v 8.965254 0.900000 0.444094
v 10.834745 0.900000 1.355906
v 8.965254 3.100000 0.444094
v 10.834745 3.100000 1.355906
v 8.987172 0.900000 0.399154
v 10.856664 0.900000 1.310966
v 8.987172 3.100000 0.399154
v 10.856664 3.100000 1.310966
vn -0.4384 -0.0000 0.8988
vn 0.4384 -0.0000 -0.8988
vn -0.8988 -0.0000 -0.4384
vn -0.0000 -1.0000 -0.0000
vn 0.8988 -0.0000 0.4384
vn -0.0000 1.0000 -0.0000
vt 0.000000 0.000000
vt 1.000000 0.000000
vt 1.000000 1.000000
vt 0.000000 1.000000
s 0
usemtl Material.008
f 7085/3543/6637 7086/3544/6637 7088/3545/6637 7087/3546/6637
f 7089/3543/6638 7091/3546/6638 7092/3545/6638 7090/3544/6638
f 7085/3543/6639 7087/3546/6639 7091/3546/6639 7089/3543/6639
f 7086/3544/6640 7085/3543/6640 7089/3543/6640 7090/3544/6640
f 7088/3545/6641 7086/3544/6641 7090/3544/6641 7092/3545/6641
f 7087/3546/6642 7088/3545/6642 7092/3545/6642 7091/3546/6642
o Plano.007
v 8.965254 -3.100000 0.444094
v 10.834745 -3.100000 1.355906
v 8.965254 -0.900000 0.444094
v 10.834745 -0.900000 1.355906
v 8.987172 -3.100000 0.399154
v 10.856664 -3.100000 1.310966
v 8.987172 -0.900000 0.399154
v 10.856664 -0.900000 1.310966
vn -0.4384 -0.0000 0.8988
vn 0.4384 -0.0000 -0.8988
vn -0.8988 -0.0000 -0.4384
vn -0.0000 -1.0000 -0.0000
vn 0.8988 -0.0000 0.4384
vn -0.0000 1.0000 -0.0000
vt 0.000000 0.000000
vt 1.000000 0.000000
vt 1.000000 1.000000
vt 0.000000 1.000000
s 0
usemtl Material.008
f 7093/3547/6643 7094/3548/6643 7096/3549/6643 7095/3550/6643
f 7097/3547/6644 7099/3550/6644 7100/3549/6644 7098/3548/6644
f 7093/3547/6645 7095/3550/6645 7099/3550/6645 7097/3547/6645
f 7094/3548/6646 7093/3547/6646 7097/3547/6646 7098/3548/6646
f 7096/3549/6647 7094/3548/6647 7098/3548/6647 7100/3549/6647
f 7095/3550/6648 7096/3549/6648 7100/3549/6648 7099/3550/6648
