timestamp,mode,leg_in_air,foot_RU_x,foot_RU_y,foot_LU_x,foot_LU_y,foot_RD_x,foot_RD_y,foot_LD_x,foot_LD_y,SM,SM_norm,TR,triangle_area,inradius
0.0,C,-1,0.14055230736151705,0.16479538939253893,-0.16229018513612198,0.10840435250742393,0.12861966255134524,-0.18353465391528823,-0.16092081663108523,-0.10665814234035922,0.05,1.0,0.0,0.02,1e-09
49.970829537996906,C,-1,0.14055230699114082,0.1647953897904726,-0.1622901851076044,0.10840435250323176,0.12861966207783915,-0.18353465425984797,-0.1609208165917781,-0.10665814233639154,0.05,1.0,0.0,0.02,1e-09
50.02999263399397,C,-1,0.14055230699114082,0.1647953897904726,-0.1622901851076044,0.10840435250323176,0.12861966207783915,-0.18353465425984797,-0.1609208165917781,-0.10665814233639154,0.05,1.0,0.0,0.02,1e-09
50.08803550399898,C,-1,0.14055230699114082,0.1647953897904726,-0.1622901851076044,0.10840435250323176,0.12861966207783915,-0.18353465425984797,-0.1609208165917781,-0.10665814233639154,0.05,1.0,0.0,0.02,1e-09
50.12281780799822,C,-1,0.14055230699114082,0.1647953897904726,-0.1622901851076044,0.10840435250323176,0.12861966207783915,-0.18353465425984797,-0.1609208165917781,-0.10665814233639154,0.05,1.0,0.0,0.02,1e-09
50.17773952499556,C,-1,0.14055230699114082,0.1647953897904726,-0.1622901851076044,0.10840435250323176,0.12861966207783915,-0.18353465425984797,-0.1609208165917781,-0.10665814233639154,0.05,1.0,0.0,0.02,1e-09
50.2222816289941,C,-1,0.14055230699114082,0.1647953897904726,-0.1622901851076044,0.10840435250323176,0.12861966207783915,-0.18353465425984797,-0.1609208165917781,-0.10665814233639154,0.05,1.0,0.0,0.02,1e-09
50.27025808899634,C,-1,0.14055230699114082,0.1647953897904726,-0.1622901851076044,0.10840435250323176,0.12861966207783915,-0.18353465425984797,-0.1609208165917781,-0.10665814233639154,0.05,1.0,0.0,0.02,1e-09
50.32311145399581,C,-1,0.14055230699114082,0.1647953897904726,-0.1622901851076044,0.10840435250323176,0.12861966207783915,-0.18353465425984797,-0.1609208165917781,-0.10665814233639154,0.05,1.0,0.0,0.02,1e-09
50.37156275799498,C,-1,0.14055230699114082,0.1647953897904726,-0.1622901851076044,0.10840435250323176,0.12861966207783915,-0.18353465425984797,-0.1609208165917781,-0.10665814233639154,0.05,1.0,0.0,0.02,1e-09
50.42463983399648,C,-1,0.14055230699114082,0.1647953897904726,-0.1622901851076044,0.10840435250323176,0.12861966207783915,-0.18353465425984797,-0.1609208165917781,-0.10665814233639154,0.05,1.0,0.0,0.02,1e-09
50.47548423499393,C,-1,0.14055230699114082,0.1647953897904726,-0.1622901851076044,0.10840435250323176,0.12861966207783915,-0.18353465425984797,-0.1609208165917781,-0.10665814233639154,0.05,1.0,0.0,0.02,1e-09
50.52788055400015,C,-1,0.14055230699114082,0.1647953897904726,-0.1622901851076044,0.10840435250323176,0.12861966207783915,-0.18353465425984797,-0.1609208165917781,-0.10665814233639154,0.05,1.0,0.0,0.02,1e-09
50.576103984996735,C,-1,0.14055230699114082,0.1647953897904726,-0.1622901851076044,0.10840435250323176,0.12861966207783915,-0.18353465425984797,-0.1609208165917781,-0.10665814233639154,0.05,1.0,0.0,0.02,1e-09
50.62545568099449,C,-1,0.14055230699114082,0.1647953897904726,-0.1622901851076044,0.10840435250323176,0.12861966207783915,-0.18353465425984797,-0.1609208165917781,-0.10665814233639154,0.05,1.0,0.0,0.02,1e-09
50.68409407399304,C,-1,0.14055230699114082,0.1647953897904726,-0.1622901851076044,0.10840435250323176,0.12861966207783915,-0.18353465425984797,-0.1609208165917781,-0.10665814233639154,0.05,1.0,0.0,0.02,1e-09
50.72794343299756,C,-1,0.14055230699114082,0.1647953897904726,-0.1622901851076044,0.10840435250323176,0.12861966207783915,-0.18353465425984797,-0.1609208165917781,-0.10665814233639154,0.05,1.0,0.0,0.02,1e-09
50.77515674499591,C,-1,0.14055230699114082,0.1647953897904726,-0.1622901851076044,0.10840435250323176,0.12861966207783915,-0.18353465425984797,-0.1609208165917781,-0.10665814233639154,0.05,1.0,0.0,0.02,1e-09
50.822350364993326,C,-1,0.14055230699114082,0.1647953897904726,-0.1622901851076044,0.10840435250323176,0.12861966207783915,-0.18353465425984797,-0.1609208165917781,-0.10665814233639154,0.05,1.0,0.0,0.02,1e-09
50.87150011199992,C,-1,0.14055230699114082,0.1647953897904726,-0.1622901851076044,0.10840435250323176,0.12861966207783915,-0.18353465425984797,-0.1609208165917781,-0.10665814233639154,0.05,1.0,0.0,0.02,1e-09
50.92675356599648,C,-1,0.14055230699114082,0.1647953897904726,-0.1622901851076044,0.10840435250323176,0.12861966207783915,-0.18353465425984797,-0.1609208165917781,-0.10665814233639154,0.05,1.0,0.0,0.02,1e-09
50.97190435799712,C,-1,0.14055230699114082,0.1647953897904726,-0.1622901851076044,0.10840435250323176,0.12861966207783915,-0.18353465425984797,-0.1609208165917781,-0.10665814233639154,0.05,1.0,0.0,0.02,1e-09
51.02023249099875,C,-1,0.14055230699114082,0.1647953897904726,-0.1622901851076044,0.10840435250323176,0.12861966207783915,-0.18353465425984797,-0.1609208165917781,-0.10665814233639154,0.05,1.0,0.0,0.02,1e-09
51.07395019899559,C,-1,0.14055230699114082,0.1647953897904726,-0.1622901851076044,0.10840435250323176,0.12861966207783915,-0.18353465425984797,-0.1609208165917781,-0.10665814233639154,0.05,1.0,0.0,0.02,1e-09
51.136029725996195,C,-1,0.14055230699114082,0.1647953897904726,-0.1622901851076044,0.10840435250323176,0.12861966207783915,-0.18353465425984797,-0.1609208165917781,-0.10665814233639154,0.05,1.0,0.0,0.02,1e-09
51.170701163995545,C,-1,0.14055230699114082,0.1647953897904726,-0.1622901851076044,0.10840435250323176,0.12861966207783915,-0.18353465425984797,-0.1609208165917781,-0.10665814233639154,0.05,1.0,0.0,0.02,1e-09
51.223162072994455,C,-1,0.14055230699114082,0.1647953897904726,-0.1622901851076044,0.10840435250323176,0.12861966207783915,-0.18353465425984797,-0.1609208165917781,-0.10665814233639154,0.05,1.0,0.0,0.02,1e-09
51.292207738995785,H,-1,0.14055230699114082,0.1647953897904726,-0.1622901851076044,0.10840435250323176,0.12861966207783915,-0.18353465425984797,-0.1609208165917781,-0.10665814233639154,0.05,1.0,0.0,0.02,1e-09
51.332680292995065,H,-1,0.14055230699114082,0.1647953897904726,-0.1622901851076044,0.10840435250323176,0.12861966207783915,-0.18353465425984797,-0.1609208165917781,-0.10665814233639154,0.05,1.0,0.0,0.02,1e-09
51.37498792599945,H,-1,0.14055230699114082,0.1647953897904726,-0.1622901851076044,0.10840435250323176,0.12861966207783915,-0.18353465425984797,-0.1609208165917781,-0.10665814233639154,0.05,1.0,0.0,0.02,1e-09
51.43045444499876,H,-1,0.14055230699114082,0.1647953897904726,-0.1622901851076044,0.10840435250323176,0.12861966207783915,-0.18353465425984797,-0.1609208165917781,-0.10665814233639154,0.05,1.0,0.0,0.02,1e-09
51.474131051996665,H,-1,0.14577875717604166,0.15848534355533445,-0.16237167740181432,0.1084163922193627,0.1356577105184582,-0.17819166954537463,-0.1607307297867641,-0.1066385585596762,0.05,1.0,0.0,0.02,1e-09
51.522964051997405,H,-1,0.15507475617828678,0.15062602115940288,-0.16575380212109384,0.10891383035640252,0.14492704895255354,-0.1698196108457209,-0.1638448858478848,-0.1069583492825891,0.05,1.0,0.0,0.02,1e-09
51.57055288599804,H,-1,0.15507475617828678,0.15062602115940288,-0.16575380212109384,0.10891383035640252,0.14492704895255354,-0.1698196108457209,-0.1638448858478848,-0.1069583492825891,0.05,1.0,0.0,0.02,1e-09
51.620294861997536,H,-1,0.15507475617828678,0.15062602115940288,-0.16575380212109384,0.10891383035640252,0.14492704895255354,-0.1698196108457209,-0.1638448858478848,-0.1069583492825891,0.05,1.0,0.0,0.02,1e-09
51.679579876996286,H,-1,0.17453576178503438,0.14134944500783003,-0.17912713277038372,0.11088055426053806,0.16317857522767157,-0.1615483515087266,-0.1771311507889946,-0.10832295169588546,0.05,1.0,0.0,0.02,1e-09
51.72581300599995,H,-1,0.19740280978015404,0.12718175020866024,-0.1967263204077233,0.1134686969393228,0.18653574103787296,-0.1506894244488882,-0.19475370149873533,-0.11013297426958318,0.05,1.0,0.0,0.02,1e-09
51.77603656499559,H,-1,0.19740280978015404,0.12718175020866024,-0.1967263204077233,0.1134686969393228,0.18653574103787296,-0.1506894244488882,-0.19475370149873533,-0.11013297426958318,0.05,1.0,0.0,0.02,1e-09
51.82819629799633,H,-1,0.22138909746589394,0.11329140809967232,-0.21808726281561,0.11660999469777528,0.21168472858134454,-0.14105606558668687,-0.21622898285669737,-0.11233876203552358,0.05,1.0,0.0,0.02,1e-09
51.87392595799611,H,-1,0.22138909746589394,0.11329140809967232,-0.21808726281561,0.11660999469777528,0.21168472858134454,-0.14105606558668687,-0.21622898285669737,-0.11233876203552358,0.05,1.0,0.0,0.02,1e-09
51.928445317993464,H,-1,0.24112785346574983,0.10289978546510414,-0.23704667577645464,0.11939808614474927,0.2325775805478066,-0.13431947255948234,-0.23533260432962835,-0.11430099001158124,0.05,1.0,0.0,0.02,1e-09
51.97646523599542,H,-1,0.24112785346574983,0.10289978546510414,-0.23704667577645464,0.11939808614474927,0.2325775805478066,-0.13431947255948234,-0.23533260432962835,-0.11430099001158124,0.05,1.0,0.0,0.02,1e-09
52.025440551995416,H,-1,0.2609051873286202,0.09556463726440213,-0.25677865157157986,0.12229973686272061,0.25344363685520116,-0.1306206269491107,-0.2552613339110778,-0.11634801707394389,0.05,1.0,0.0,0.02,1e-09
52.07464659999823,H,-1,0.2609051873286202,0.09556463726440213,-0.25677865157157986,0.12229973686272061,0.25344363685520116,-0.1306206269491107,-0.2552613339110778,-0.11634801707394389,0.05,1.0,0.0,0.02,1e-09
52.12427897799353,H,-1,0.2791895209827824,0.09035690948359512,-0.2753165450354183,0.12502573038285797,0.2728407630581864,-0.1287510977367181,-0.2740321474470689,-0.1182761659800819,0.05,1.0,0.0,0.02,1e-09
52.1758343689944,H,-1,0.2791895209827824,0.09035690948359512,-0.2753165450354183,0.12502573038285797,0.2728407630581864,-0.1287510977367181,-0.2740321474470689,-0.1182761659800819,0.05,1.0,0.0,0.02,1e-09
52.22445359699486,H,-1,0.2791895209827824,0.09035690948359512,-0.2753165450354183,0.12502573038285797,0.2728407630581864,-0.1287510977367181,-0.2740321474470689,-0.1182761659800819,0.05,1.0,0.0,0.02,1e-09
52.27968558099383,H,-1,0.2957493192867811,0.08668170397259956,-0.2923090595435999,0.12752438287842024,0.29065088745890494,-0.1280993321789093,-0.29130326388250527,-0.12005035281174535,0.05,1.0,0.0,0.02,1e-09
52.33993699599523,H,-1,0.2957493192867811,0.08668170397259956,-0.2923090595435999,0.12752438287842024,0.29065088745890494,-0.1280993321789093,-0.29130326388250527,-0.12005035281174535,0.05,1.0,0.0,0.02,1e-09
52.370635875995504,H,-1,0.2957493192867811,0.08668170397259956,-0.2923090595435999,0.12752438287842024,0.29065088745890494,-0.1280993321789093,-0.29130326388250527,-0.12005035281174535,0.05,1.0,0.0,0.02,1e-09
52.42064711199782,H,-1,0.30415354663035554,0.08433791522441433,-0.301105820943485,0.12881781966076816,0.30007144722121715,-0.12732974528043425,-0.3002946907533328,-0.12097407489798388,0.05,1.0,0.0,0.02,1e-09
52.47427533899463,H,-1,0.30415354663035554,0.08433791522441433,-0.301105820943485,0.12881781966076816,0.30007144722121715,-0.12732974528043425,-0.3002946907533328,-0.12097407489798388,0.05,1.0,0.0,0.02,1e-09
52.520330643994384,H,-1,0.30767531130671183,0.08294913580200569,-0.30489317672890354,0.1293746540199946,0.30425273304741857,-0.12662608019647478,-0.30419284246884565,-0.12137458491939947,0.05,1.0,0.0,0.02,1e-09
52.57621497599757,H,-1,0.30767531130671183,0.08294913580200569,-0.30489317672890354,0.1293746540199946,0.30425273304741857,-0.12662608019647478,-0.30419284246884565,-0.12137458491939947,0.05,1.0,0.0,0.02,1e-09
52.62359345599543,H,-1,0.30767531130671183,0.08294913580200569,-0.30489317672890354,0.1293746540199946,0.30425273304741857,-0.12662608019647478,-0.30419284246884565,-0.12137458491939947,0.05,1.0,0.0,0.02,1e-09
52.67395369499718,H,-1,0.3092364520437777,0.08213647077705144,-0.3066219305105964,0.12962880334233545,0.3062210283837311,-0.1261294731506736,-0.3059850969949807,-0.1215587459585232,0.05,1.0,0.0,0.02,1e-09
52.72194469099486,H,-1,0.3092364520437777,0.08213647077705144,-0.3066219305105964,0.12962880334233545,0.3062210283837311,-0.1261294731506736,-0.3059850969949807,-0.1215587459585232,0.05,1.0,0.0,0.02,1e-09
52.81280629599496,H,-1,0.3092364520437777,0.08213647077705144,-0.3066219305105964,0.12962880334233545,0.3062210283837311,-0.1261294731506736,-0.3059850969949807,-0.1215587459585232,0.05,1.0,0.0,0.02,1e-09
52.82096103299409,H,-1,0.30997508989099926,0.0816610651457899,-0.30746306531263495,0.12975245210245728,0.3072056028515863,-0.1258093167967121,-0.3068629628886331,-0.12164895830452127,0.05,1.0,0.0,0.02,1e-09
52.87135844599834,H,-1,0.30997508989099926,0.0816610651457899,-0.30746306531263495,0.12975245210245728,0.3072056028515863,-0.1258093167967121,-0.3068629628886331,-0.12164895830452127,0.05,1.0,0.0,0.02,1e-09
52.92547589199967,H,-1,0.31034697567669695,0.08138228833904111,-0.30789665057236243,0.12981618632340008,0.30772449419356657,-0.1256111824524374,-0.307317951478417,-0.12169571787739747,0.05,1.0,0.0,0.02,1e-09
52.975261129999126,H,-1,0.31034697567669695,0.08138228833904111,-0.30789665057236243,0.12981618632340008,0.30772449419356657,-0.1256111824524374,-0.307317951478417,-0.12169571787739747,0.05,1.0,0.0,0.02,1e-09
53.02035760899889,H,-1,0.31034697567669695,0.08138228833904111,-0.30789665057236243,0.12981618632340008,0.30772449419356657,-0.1256111824524374,-0.307317951478417,-0.12169571787739747,0.05,1.0,0.0,0.02,1e-09
53.072317812999245,H,-1,0.3105440919728997,0.08121843165909744,-0.3081305986440023,0.12985057364881705,0.3080090077579512,-0.125491082089285,-0.3075644343969484,-0.12172105051977698,0.05,1.0,0.0,0.02,1e-09
53.12473432099796,H,-1,0.3105440919728997,0.08121843165909744,-0.3081305986440023,0.12985057364881705,0.3080090077579512,-0.125491082089285,-0.3075644343969484,-0.12172105051977698,0.05,1.0,0.0,0.02,1e-09
53.17301721399417,H,-1,0.3105440919728997,0.08121843165909744,-0.3081305986440023,0.12985057364881705,0.3080090077579512,-0.125491082089285,-0.3075644343969484,-0.12172105051977698,0.05,1.0,0.0,0.02,1e-09
53.22776983699441,H,-1,0.3106526369684647,0.08112195673290158,-0.3082610291478083,0.129869744656011,0.3081693602236887,-0.12541909511325033,-0.30770222968613664,-0.1217352131561532,0.05,1.0,0.0,0.02,1e-09
53.27068609199341,H,-1,0.3106526369684647,0.08112195673290158,-0.3082610291478083,0.129869744656011,0.3081693602236887,-0.12541909511325033,-0.30770222968613664,-0.1217352131561532,0.05,1.0,0.0,0.02,1e-09
53.32811986899469,H,-1,0.31071399214225975,0.08106509054192043,-0.30833535467273265,0.12988066899597747,0.3082613757432612,-0.12537621760402395,-0.3077808910090822,-0.1217432981807775,0.05,1.0,0.0,0.02,1e-09
53.3756663949971,H,-1,0.31071399214225975,0.08106509054192043,-0.30833535467273265,0.12988066899597747,0.3082613757432612,-0.12537621760402395,-0.3077808910090822,-0.1217432981807775,0.05,1.0,0.0,0.02,1e-09
53.41946188399743,H,-1,0.31071399214225975,0.08106509054192043,-0.30833535467273265,0.12988066899597747,0.3082613757432612,-0.12537621760402395,-0.3077808910090822,-0.1217432981807775,0.05,1.0,0.0,0.02,1e-09
53.468961027996556,H,-1,0.31074926607044867,0.0810315476367163,-0.3083783038111689,0.12988698156783737,0.30831477793886836,-0.12535077045799964,-0.3078263958152297,-0.12174797535798818,0.05,1.0,0.0,0.02,1e-09
53.52271180299431,H,-1,0.31074926607044867,0.0810315476367163,-0.3083783038111689,0.12988698156783737,0.30831477793886836,-0.12535077045799964,-0.3078263958152297,-0.12174797535798818,0.05,1.0,0.0,0.02,1e-09
53.568627405998996,H,-1,0.31074926607044867,0.0810315476367163,-0.3083783038111689,0.12988698156783737,0.30831477793886836,-0.12535077045799964,-0.3078263958152297,-0.12174797535798818,0.05,1.0,0.0,0.02,1e-09
53.62354838199826,H,-1,0.3107697616519256,0.08101175358619532,-0.30840333720661356,0.12989066089472506,0.30834598626947535,-0.1253356995198034,-0.3078529367037899,-0.12175070336798105,0.05,1.0,0.0,0.02,1e-09
53.671694911994564,H,-1,0.3107697616519256,0.08101175358619532,-0.30840333720661356,0.12989066089472506,0.30834598626947535,-0.1253356995198034,-0.3078529367037899,-0.12175070336798105,0.05,1.0,0.0,0.02,1e-09
53.725274764998176,H,-1,0.3107697616519256,0.08101175358619532,-0.30840333720661356,0.12989066089472506,0.30834598626947535,-0.1253356995198034,-0.3078529367037899,-0.12175070336798105,0.05,1.0,0.0,0.02,1e-09
53.781244453995896,H,-1,0.3107817478475653,0.08100006985481167,-0.3084180049117911,0.12989281669646935,0.30836430108030255,-0.12532678473661255,-0.3078684940083124,-0.12175230243706349,0.05,1.0,0.0,0.02,1e-09
53.8227349689987,H,-1,0.3107817478475653,0.08100006985481167,-0.3084180049117911,0.12989281669646935,0.30836430108030255,-0.12532678473661255,-0.3078684940083124,-0.12175230243706349,0.05,1.0,0.0,0.02,1e-09
53.8708317099954,H,-1,0.3107887850421659,0.08099317228856862,-0.30842662619889133,0.12989408381598833,0.3083750762479864,-0.12532151523119128,-0.3078776403992502,-0.12175324255872942,0.05,1.0,0.0,0.02,1e-09
53.93446051299543,H,-1,0.3107887850421659,0.08099317228856862,-0.30842662619889133,0.12989408381598833,0.3083750762479864,-0.12532151523119128,-0.3078776403992502,-0.12175324255872942,0.05,1.0,0.0,0.02,1e-09
53.97568634199706,H,-1,0.31079292630077787,0.08098909988995759,-0.3084317030880982,0.12989482999401336,0.30838142508703675,-0.12531840175385556,-0.3078830272887305,-0.12175379625703502,0.05,1.0,0.0,0.02,1e-09
54.022287179999694,H,-1,0.31079292630077787,0.08098909988995759,-0.3084317030880982,0.12989482999401336,0.30838142508703675,-0.12531840175385556,-0.3078830272887305,-0.12175379625703502,0.05,1.0,0.0,0.02,1e-09
54.07815884799493,H,-1,0.3107953667441244,0.08098669536968844,-0.3084346960955004,0.12989526989217287,0.3083851692045709,-0.12531656261885482,-0.3078862033243696,-0.12175412271028457,0.05,1.0,0.0,0.02,1e-09
54.12566555199737,H,-1,0.3107953667441244,0.08098669536968844,-0.3084346960955004,0.12989526989217287,0.3083851692045709,-0.12531656261885482,-0.3078862033243696,-0.12175412271028457,0.05,1.0,0.0,0.02,1e-09
54.169590060999326,H,-1,0.3107953667441244,0.08098669536968844,-0.3084346960955004,0.12989526989217287,0.3083851692045709,-0.12531656261885482,-0.3078862033243696,-0.12175412271028457,0.05,1.0,0.0,0.02,1e-09
54.227934509995976,H,-1,0.3107968060830393,0.08098527559095109,-0.30843646174708744,0.12989552939919694,0.3083873783918829,-0.1253154763987228,-0.30788807704399007,-0.12175431530329826,0.05,1.0,0.0,0.02,1e-09
54.275690442998894,H,-1,0.3107968060830393,0.08098527559095109,-0.30843646174708744,0.12989552939919694,0.3083873783918829,-0.1253154763987228,-0.30788807704399007,-0.12175431530329826,0.05,1.0,0.0,0.02,1e-09
54.324063707994355,H,-1,0.3107976553990727,0.08098443724898023,-0.3084375037576439,0.12989568254887268,0.30838868231027616,-0.1253148349166523,-0.3078891828647411,-0.12175442896674858,0.05,1.0,0.0,0.02,1e-09
54.38230920099886,H,-1,0.3107976553990727,0.08098443724898023,-0.3084375037576439,0.12989568254887268,0.30838868231027616,-0.1253148349166523,-0.3078891828647411,-0.12175442896674858,0.05,1.0,0.0,0.02,1e-09
54.42887844199868,H,-1,0.3107976553990727,0.08098443724898023,-0.3084375037576439,0.12989568254887268,0.30838868231027616,-0.1253148349166523,-0.3078891828647411,-0.12175442896674858,0.05,1.0,0.0,0.02,1e-09
54.482259477998014,H,-1,0.31079815670276817,0.08098394222451603,-0.30843811884907524,0.1298957729521007,0.3083894520572007,-0.12531445610003145,-0.30788983563445355,-0.12175449606276222,0.05,1.0,0.0,0.02,1e-09
54.52078539299691,H,-1,0.31079815670276817,0.08098394222451603,-0.30843811884907524,0.1298957729521007,0.3083894520572007,-0.12531445610003145,-0.30788983563445355,-0.12175449606276222,0.05,1.0,0.0,0.02,1e-09
54.57859441799519,H,-1,0.31079815670276817,0.08098394222451603,-0.30843811884907524,0.1298957729521007,0.3083894520572007,-0.12531445610003145,-0.30788983563445355,-0.12175449606276222,0.05,1.0,0.0,0.02,1e-09
54.622749479996855,H,-1,0.31079845264492756,0.0809836499203706,-0.30843848198296947,0.12989582632441915,0.308389906513984,-0.1253142324028867,-0.307890221016721,-0.1217545356755602,0.05,1.0,0.0,0.02,1e-09
54.6726595059954,H,-1,0.31079845264492756,0.0809836499203706,-0.30843848198296947,0.12989582632441915,0.308389906513984,-0.1253142324028867,-0.307890221016721,-0.1217545356755602,0.05,1.0,0.0,0.02,1e-09
54.72127125699626,H,-1,0.3107986273705746,0.08098347731870503,-0.30843869638504284,0.12989585783702218,0.3083901748413822,-0.12531410030857065,-0.30789044855621733,-0.12175455906441845,0.05,1.0,0.0,0.02,1e-09
54.77040260999638,H,-1,0.3107986273705746,0.08098347731870503,-0.30843869638504284,0.12989585783702218,0.3083901748413822,-0.12531410030857065,-0.30789044855621733,-0.12175455906441845,0.05,1.0,0.0,0.02,1e-09
54.827850006993685,H,-1,0.3107986273705746,0.08098347731870503,-0.30843869638504284,0.12989585783702218,0.3083901748413822,-0.12531410030857065,-0.30789044855621733,-0.12175455906441845,0.05,1.0,0.0,0.02,1e-09
54.875832941994304,H,-1,0.31079873053549145,0.08098337539950161,-0.3084388229786549,0.12989587644385805,0.30839033327739007,-0.12531402230701688,-0.3078905829073352,-0.12175457287465151,0.05,1.0,0.0,0.02,1e-09
54.92981569899712,H,-1,0.31079873053549145,0.08098337539950161,-0.3084388229786549,0.12989587644385805,0.30839033327739007,-0.12531402230701688,-0.3078905829073352,-0.12175457287465151,0.05,1.0,0.0,0.02,1e-09
54.97780158599926,H,-1,0.31079879145002604,0.08098331521734631,-0.30843889772780353,0.12989588743081748,0.30839042682925744,-0.1253139762474677,-0.3078906622371748,-0.12175458102938459,0.05,1.0,0.0,0.02,1e-09
55.02341276799416,H,-1,0.31079879145002604,0.08098331521734631,-0.30843889772780353,0.12989588743081748,0.30839042682925744,-0.1253139762474677,-0.3078906622371748,-0.12175458102938459,0.05,1.0,0.0,0.02,1e-09
55.07912585299346,H,-1,0.31079879145002604,0.08098331521734631,-0.30843889772780353,0.12989588743081748,0.30839042682925744,-0.1253139762474677,-0.3078906622371748,-0.12175458102938459,0.05,1.0,0.0,0.02,1e-09
55.12787418699736,H,-1,0.3107988274182426,0.08098327968042529,-0.3084389418652962,0.12989589391840495,0.30839048206965086,-0.12531394904962118,-0.30789070907953364,-0.12175458584461539,0.05,1.0,0.0,0.02,1e-09
55.17726181299804,H,-1,0.3107988274182426,0.08098327968042529,-0.3084389418652962,0.12989589391840495,0.30839048206965086,-0.12531394904962118,-0.30789070907953364,-0.12175458584461539,0.05,1.0,0.0,0.02,1e-09
55.22609619099967,H,-1,0.310798848659479,0.08098325869661437,-0.30843896792773134,0.12989589774901003,0.30839051468818246,-0.12531393298951443,-0.3078907367422366,-0.12175458868832666,0.05,1.0,0.0,0.02,1e-09
55.27191346499603,H,-1,0.310798848659479,0.08098325869661437,-0.30843896792773134,0.12989589774901003,0.30839051468818246,-0.12531393298951443,-0.3078907367422366,-0.12175458868832666,0.05,1.0,0.0,0.02,1e-09
55.325533133000135,H,-1,0.3107988612050226,0.08098324630627632,-0.30843898331729847,0.12989590001065243,0.3083905339489648,-0.12531392350616372,-0.30789075307995495,-0.12175459036785292,0.05,1.0,0.0,0.02,1e-09
55.37152199099364,H,-1,0.3107988612050226,0.08098324630627632,-0.30843898331729847,0.12989590001065243,0.3083905339489648,-0.12531392350616372,-0.30789075307995495,-0.12175459036785292,0.05,1.0,0.0,0.02,1e-09
55.432259409994,H,-1,0.3107988612050226,0.08098324630627632,-0.30843898331729847,0.12989590001065243,0.3083905339489648,-0.12531392350616372,-0.30789075307995495,-0.12175459036785292,0.05,1.0,0.0,0.02,1e-09
55.49607102499431,H,-1,0.3107988686143639,0.08098323899013653,-0.3084389924044332,0.12989590134598258,0.30839054532222937,-0.12531391790633498,-0.30789076272899046,-0.12175459135983216,0.05,1.0,0.0,0.02,1e-09
55.52796417799982,H,-1,0.3107988686143639,0.08098323899013653,-0.3084389924044332,0.12989590134598258,0.30839054532222937,-0.12531391790633498,-0.30789076272899046,-0.12175459135983216,0.05,1.0,0.0,0.02,1e-09
55.574977475000196,H,-1,0.31079887299062886,0.08098323467016907,-0.30843899777037004,0.12989590213436886,0.3083905520380086,-0.12531391459968955,-0.30789076842784685,-0.12175459194569772,0.05,1.0,0.0,0.02,1e-09
55.62944373999926,H,-1,0.31079887299062886,0.08098323467016907,-0.30843899777037004,0.12989590213436886,0.3083905520380086,-0.12531391459968955,-0.30789076842784685,-0.12175459194569772,0.05,1.0,0.0,0.02,1e-09
55.67143865199614,H,-1,0.31079887299062886,0.08098323467016907,-0.30843899777037004,0.12989590213436886,0.3083905520380086,-0.12531391459968955,-0.30789076842784685,-0.12175459194569772,0.05,1.0,0.0,0.02,1e-09
55.72800406699389,H,-1,0.31079887557540603,0.08098323211934169,-0.3084390009389958,0.12989590259984218,0.3083905560036012,-0.12531391264714747,-0.3078907717935917,-0.1217545922916952,0.05,1.0,0.0,0.02,1e-09
55.779715706994466,H,-1,0.31079887557540603,0.08098323211934169,-0.3084390009389958,0.12989590259984218,0.3083905560036012,-0.12531391264714747,-0.3078907717935917,-0.1217545922916952,0.05,1.0,0.0,0.02,1e-09
55.82073979299457,H,-1,0.3107988771019636,0.08098323061314111,-0.30843900280998426,0.12989590287465982,0.3083905583452163,-0.1253139114941874,-0.30789077378137053,-0.1217545924960345,0.05,1.0,0.0,0.02,1e-09
55.87339143299323,H,-1,0.3107988771019636,0.08098323061314111,-0.30843900280998426,0.12989590287465982,0.3083905583452163,-0.1253139114941874,-0.30789077378137053,-0.1217545924960345,0.05,1.0,0.0,0.02,1e-09
55.9197081530001,H,-1,0.3107988780035029,0.0809832297237799,-0.3084390039146845,0.1298959030369067,0.3083905597279202,-0.1253139108133765,-0.30789077495538375,-0.12175459261672636,0.05,1.0,0.0,0.02,1e-09
55.98854076799762,H,-1,0.3107988780035029,0.0809832297237799,-0.3084390039146845,0.1298959030369067,0.3083905597279202,-0.1253139108133765,-0.30789077495538375,-0.12175459261672636,0.05,1.0,0.0,0.02,1e-09
56.01989180399687,H,-1,0.3107988780035029,0.0809832297237799,-0.3084390039146845,0.1298959030369067,0.3083905597279202,-0.1253139108133765,-0.30789077495538375,-0.12175459261672636,0.05,1.0,0.0,0.02,1e-09
56.0741630679986,H,-1,0.3107988785362281,0.08098322919862973,-0.30843900456731216,0.1298959031327484,0.3083905605444193,-0.12531391041136766,-0.3078907756487674,-0.12175459268801943,0.05,1.0,0.0,0.02,1e-09
56.12170858699392,H,-1,0.3107988785362281,0.08098322919862973,-0.30843900456731216,0.1298959031327484,0.3083905605444193,-0.12531391041136766,-0.3078907756487674,-0.12175459268801943,0.05,1.0,0.0,0.02,1e-09
56.184938697995676,H,-1,0.31079887885138846,0.08098322888851704,-0.3084390049532608,0.12989590318942074,0.3083905610265491,-0.125313910173985,-0.30789077605828985,-0.12175459273013747,0.05,1.0,0.0,0.02,1e-09
56.22211751499708,H,-1,0.31079887885138846,0.08098322888851704,-0.3084390049532608,0.12989590318942074,0.3083905610265491,-0.125313910173985,-0.30789077605828985,-0.12175459273013747,0.05,1.0,0.0,0.02,1e-09
56.272136154999316,H,-1,0.3107988790377458,0.08098322870539006,-0.3084390051814233,0.12989590322292088,0.30839056131124437,-0.12531391003381304,-0.3078907763001354,-0.12175459275501455,0.05,1.0,0.0,0.02,1e-09
56.32046841499687,H,-1,0.3107988790377458,0.08098322870539006,-0.3084390051814233,0.12989590322292088,0.30839056131124437,-0.12531391003381304,-0.3078907763001354,-0.12175459275501455,0.05,1.0,0.0,0.02,1e-09
56.37386086799961,H,-1,0.3107988790377458,0.08098322870539006,-0.3084390051814233,0.12989590322292088,0.30839056131124437,-0.12531391003381304,-0.3078907763001354,-0.12175459275501455,0.05,1.0,0.0,0.02,1e-09
56.430465704994276,H,-1,0.3107988791479395,0.08098322859724819,-0.3084390053163118,0.12989590324272296,0.3083905614793518,-0.1253139099510427,-0.30789077644294827,-0.12175459276970493,0.05,1.0,0.0,0.02,1e-09
56.47970591599733,H,-1,0.3107988791479395,0.08098322859724819,-0.3084390053163118,0.12989590324272296,0.3083905614793518,-0.1253139099510427,-0.30789077644294827,-0.12175459276970493,0.05,1.0,0.0,0.02,1e-09
56.52177396899788,H,-1,0.310798879212862,0.08098322853339542,-0.30843900539582303,0.12989590325439812,0.3083905615786172,-0.1253139099021676,-0.3078907765272564,-0.1217545927783754,0.05,1.0,0.0,0.02,1e-09
56.57214992999798,H,-1,0.310798879212862,0.08098322853339542,-0.30843900539582303,0.12989590325439812,0.3083905615786172,-0.1253139099021676,-0.3078907765272564,-0.1217545927783754,0.05,1.0,0.0,0.02,1e-09
56.623832038996625,H,-1,0.3107988792512415,0.08098322849569228,-0.30843900544281005,0.1298959032612983,0.3083905616372374,-0.12531390987330793,-0.3078907765770557,-0.12175459278349998,0.05,1.0,0.0,0.02,1e-09
56.67553177099762,H,-1,0.3107988792512415,0.08098322849569228,-0.30843900544281005,0.1298959032612983,0.3083905616372374,-0.12531390987330793,-0.3078907765770557,-0.12175459278349998,0.05,1.0,0.0,0.02,1e-09
56.72401058799733,H,-1,0.3107988792512415,0.08098322849569228,-0.30843900544281005,0.1298959032612983,0.3083905616372374,-0.12531390987330793,-0.3078907765770557,-0.12175459278349998,0.05,1.0,0.0,0.02,1e-09
56.77633349199459,H,-1,0.31079887927415895,0.08098322847342186,-0.3084390054708098,0.12989590326540745,0.3083905616718531,-0.12531390985626673,-0.3078907766064963,-0.12175459278653478,0.05,1.0,0.0,0.02,1e-09
56.87338429699594,H,-1,0.31079887927415895,0.08098322847342186,-0.3084390054708098,0.12989590326540745,0.3083905616718531,-0.12531390985626673,-0.3078907766064963,-0.12175459278653478,0.05,1.0,0.0,0.02,1e-09
56.87792409699614,H,-1,0.31079887928777555,0.08098322846026572,-0.30843900548743974,0.12989590326784467,0.30839056169229073,-0.12531390984620377,-0.30789077662387465,-0.12175459278832361,0.05,1.0,0.0,0.02,1e-09
56.92447214699496,H,-1,0.31079887928777555,0.08098322846026572,-0.30843900548743974,0.12989590326784467,0.30839056169229073,-0.12531390984620377,-0.30789077662387465,-0.12175459278832361,0.05,1.0,0.0,0.02,1e-09
56.97276737399807,H,-1,0.3107988792958399,0.08098322845249735,-0.3084390054972754,0.12989590326928693,0.30839056170435786,-0.12531390984026142,-0.30789077663414693,-0.1217545927893832,0.05,1.0,0.0,0.02,1e-09
57.025610356999096,H,-1,0.3107988792958399,0.08098322845249735,-0.3084390054972754,0.12989590326928693,0.30839056170435786,-0.12531390984026142,-0.30789077663414693,-0.1217545927893832,0.05,1.0,0.0,0.02,1e-09
57.07350130899431,H,-1,0.3107988793005877,0.08098322844791118,-0.30843900550306685,0.1298959032701366,0.3083905617114835,-0.12531390983675278,-0.3078907766402134,-0.1217545927900089,0.05,1.0,0.0,0.02,1e-09
57.12283041399496,H,-1,0.3107988793005877,0.08098322844791118,-0.30843900550306685,0.1298959032701366,0.3083905617114835,-0.12531390983675278,-0.3078907766402134,-0.1217545927900089,0.05,1.0,0.0,0.02,1e-09
57.17545590199734,H,-1,0.3107988793005877,0.08098322844791118,-0.30843900550306685,0.1298959032701366,0.3083905617114835,-0.12531390983675278,-0.3078907766402134,-0.1217545927900089,0.05,1.0,0.0,0.02,1e-09
57.22305124099512,H,-1,0.3107988793034056,0.08098322844520095,-0.3084390055065126,0.12989590327064005,0.3083905617156923,-0.12531390983468088,-0.30789077664378595,-0.12175459279037512,0.05,1.0,0.0,0.02,1e-09
57.27046652499848,H,-1,0.3107988793034056,0.08098322844520095,-0.3084390055065126,0.12989590327064005,0.3083905617156923,-0.12531390983468088,-0.30789077664378595,-0.12175459279037512,0.05,1.0,0.0,0.02,1e-09
57.33631088499533,H,-1,0.3107988793050058,0.08098322844360302,-0.3084390055084645,0.12989590327092362,0.3083905617181694,-0.1253139098334567,-0.3078907766458984,-0.12175459279058838,0.05,1.0,0.0,0.02,1e-09
57.38316007099638,H,-1,0.3107988793050058,0.08098322844360302,-0.3084390055084645,0.12989590327092362,0.3083905617181694,-0.1253139098334567,-0.3078907766458984,-0.12175459279058838,0.05,1.0,0.0,0.02,1e-09
57.42267247599375,H,-1,0.3107988793050058,0.08098322844360302,-0.3084390055084645,0.12989590327092362,0.3083905617181694,-0.1253139098334567,-0.3078907766458984,-0.12175459279058838,0.05,1.0,0.0,0.02,1e-09
57.474042836998706,H,-1,0.3107988793057179,0.0809832284426678,-0.30843900550949516,0.1298959032710825,0.308390561719696,-0.12531390983274004,-0.30789077664705927,-0.12175459279071206,0.05,1.0,0.0,0.02,1e-09
57.52061620999302,H,-1,0.3107988793057179,0.0809832284426678,-0.30843900550949516,0.1298959032710825,0.308390561719696,-0.12531390983274004,-0.30789077664705927,-0.12175459279071206,0.05,1.0,0.0,0.02,1e-09
57.57222876599553,H,-1,0.3107988793061664,0.0809832284421111,-0.3084390055099741,0.12989590327115091,0.30839056172050006,-0.12531390983230736,-0.30789077664782677,-0.12175459279078049,0.05,1.0,0.0,0.02,1e-09
57.62398550999933,H,-1,0.3107988793061664,0.0809832284421111,-0.3084390055099741,0.12989590327115091,0.30839056172050006,-0.12531390983230736,-0.30789077664782677,-0.12175459279078049,0.05,1.0,0.0,0.02,1e-09
57.67189977699309,H,-1,0.31079887930641636,0.08098322844178552,-0.3084390055102991,0.12989590327120273,0.3083905617210139,-0.12531390983205565,-0.30789077664825365,-0.1217545927908266,0.05,1.0,0.0,0.02,1e-09
57.721491318996414,H,-1,0.31079887930641636,0.08098322844178552,-0.3084390055102991,0.12989590327120273,0.3083905617210139,-0.12531390983205565,-0.30789077664825365,-0.1217545927908266,0.05,1.0,0.0,0.02,1e-09
57.77800708299765,H,-1,0.31079887930641636,0.08098322844178552,-0.3084390055102991,0.12989590327120273,0.3083905617210139,-0.12531390983205565,-0.30789077664825365,-0.1217545927908266,0.05,1.0,0.0,0.02,1e-09
57.82771315199352,H,-1,0.3107988793061573,0.08098322844161461,-0.30843900551078024,0.12989590327127284,0.30839056172169693,-0.12531390983195367,-0.3078907766481144,-0.12175459279081119,0.05,1.0,0.0,0.02,1e-09
57.874862354998186,H,-1,0.3107988793061573,0.08098322844161461,-0.30843900551078024,0.12989590327127284,0.30839056172169693,-0.12531390983195367,-0.3078907766481144,-0.12175459279081119,0.05,1.0,0.0,0.02,1e-09
57.923802004996105,H,-1,0.31079887930666733,0.08098322844147826,-0.3084390055105831,0.12989590327124712,0.3083905617214756,-0.12531390983181678,-0.30789077664867337,-0.1217545927908702,0.05,1.0,0.0,0.02,1e-09
57.971557118995406,H,-1,0.31079887930666733,0.08098322844147826,-0.3084390055105831,0.12989590327124712,0.3083905617214756,-0.12531390983181678,-0.30789077664867337,-0.1217545927908702,0.05,1.0,0.0,0.02,1e-09
58.02534004199697,H,-1,0.31079887930673844,0.0809832284414094,-0.30843900551070785,0.12989590327126493,0.3083905617215971,-0.1253139098317667,-0.3078907766487395,-0.12175459279087682,0.05,1.0,0.0,0.02,1e-09
58.07427090299461,H,-1,0.31079887930673844,0.0809832284414094,-0.30843900551070785,0.12989590327126493,0.3083905617215971,-0.1253139098317667,-0.3078907766487395,-0.12175459279087682,0.05,1.0,0.0,0.02,1e-09
58.12326261499402,H,-1,0.31079887930673844,0.0809832284414094,-0.30843900551070785,0.12989590327126493,0.3083905617215971,-0.1253139098317667,-0.3078907766487395,-0.12175459279087682,0.05,1.0,0.0,0.02,1e-09
58.17563346399402,H,-1,0.3107988793067924,0.0809832284413664,-0.308439005510718,0.1298959032712635,0.30839056172162627,-0.12531390983173196,-0.3078907766488133,-0.12175459279087981,0.05,1.0,0.0,0.02,1e-09
58.229919872996106,H,-1,0.3107988793067924,0.0809832284413664,-0.308439005510718,0.1298959032712635,0.30839056172162627,-0.12531390983173196,-0.3078907766488133,-0.12175459279087981,0.05,1.0,0.0,0.02,1e-09
58.27959099299915,H,-1,0.3107988793068283,0.08098322844134535,-0.30843900551077236,0.1298959032712749,0.30839056172167667,-0.12531390983171573,-0.3078907766488491,-0.12175459279088877,0.05,1.0,0.0,0.02,1e-09
58.32179961499787,H,-1,0.3107988793068283,0.08098322844134535,-0.30843900551077236,0.1298959032712749,0.30839056172167667,-0.12531390983171573,-0.3078907766488491,-0.12175459279088877,0.05,1.0,0.0,0.02,1e-09
58.37386081499426,H,-1,0.31079887930686506,0.08098322844133299,-0.30843900551082704,0.12989590327128295,0.3083905617217126,-0.1253139098317068,-0.3078907766488698,-0.12175459279089286,0.05,1.0,0.0,0.02,1e-09
58.43204049999622,H,-1,0.31079887930686506,0.08098322844133299,-0.30843900551082704,0.12989590327128295,0.3083905617217126,-0.1253139098317068,-0.3078907766488698,-0.12175459279089286,0.05,1.0,0.0,0.02,1e-09
58.47042434600007,H,-1,0.31079887930686506,0.08098322844133299,-0.30843900551082704,0.12989590327128295,0.3083905617217126,-0.1253139098317068,-0.3078907766488698,-0.12175459279089286,0.05,1.0,0.0,0.02,1e-09
58.523465974998544,H,-1,0.31079887930709027,0.08098322844131808,-0.30843900551106673,0.12989590327131212,0.30839056172172863,-0.12531390983170088,-0.3078907766489017,-0.12175459279089651,0.05,1.0,0.0,0.02,1e-09
58.58042102499894,H,-1,0.31079887930709027,0.08098322844131808,-0.30843900551106673,0.12989590327131212,0.30839056172172863,-0.12531390983170088,-0.3078907766489017,-0.12175459279089651,0.05,1.0,0.0,0.02,1e-09
58.62347397199483,H,-1,0.3107988793072818,0.08098322844130795,-0.30843900551126985,0.12989590327134137,0.3083905617217456,-0.12531390983169838,-0.3078907766489258,-0.12175459279090411,0.05,1.0,0.0,0.02,1e-09
58.6774102039999,H,-1,0.3107988793072818,0.08098322844130795,-0.30843900551126985,0.12989590327134137,0.3083905617217456,-0.12531390983169838,-0.3078907766489258,-0.12175459279090411,0.05,1.0,0.0,0.02,1e-09
58.727573295000184,H,-1,0.3107988793073767,0.0809832284413026,-0.3084390055113666,0.12989590327135464,0.3083905617217513,-0.12531390983169632,-0.30789077664894143,-0.12175459279090761,0.05,1.0,0.0,0.02,1e-09
58.77246575499885,H,-1,0.3107988793073767,0.0809832284413026,-0.3084390055113666,0.12989590327135464,0.3083905617217513,-0.12531390983169632,-0.30789077664894143,-0.12175459279090761,0.05,1.0,0.0,0.02,1e-09
58.82231348299683,H,-1,0.3107988793073767,0.0809832284413026,-0.3084390055113666,0.12989590327135464,0.3083905617217513,-0.12531390983169632,-0.30789077664894143,-0.12175459279090761,0.05,1.0,0.0,0.02,1e-09
58.87198071899911,H,-1,0.31079887930697875,0.08098322844132422,-0.3084390055116407,0.12989590327139455,0.30839056172212903,-0.12531390983174107,-0.30789077664857106,-0.12175459279087075,0.05,1.0,0.0,0.02,1e-09
58.922882361999655,H,-1,0.31079887930697875,0.08098322844132422,-0.3084390055116407,0.12989590327139455,0.30839056172212903,-0.12531390983174107,-0.30789077664857106,-0.12175459279087075,0.05,1.0,0.0,0.02,1e-09
58.97281003899843,H,-1,0.31079887930748684,0.08098322844129512,-0.30843900551144127,0.12989590327136333,0.30839056172173274,-0.12531390983169136,-0.30789077664897285,-0.12175459279091053,0.05,1.0,0.0,0.02,1e-09
59.02575947799778,H,-1,0.31079887930748684,0.08098322844129512,-0.30843900551144127,0.12989590327136333,0.30839056172173274,-0.12531390983169136,-0.30789077664897285,-0.12175459279091053,0.05,1.0,0.0,0.02,1e-09
59.072106699997676,H,-1,0.31079887930748684,0.08098322844129512,-0.30843900551144127,0.12989590327136333,0.30839056172173274,-0.12531390983169136,-0.30789077664897285,-0.12175459279091053,0.05,1.0,0.0,0.02,1e-09
59.12705753099726,H,-1,0.3107988793075322,0.08098322844129313,-0.30843900551145265,0.12989590327136513,0.30839056172171603,-0.12531390983168875,-0.30789077664899756,-0.12175459279091418,0.05,1.0,0.0,0.02,1e-09
59.17686036799569,H,-1,0.3107988793075322,0.08098322844129313,-0.30843900551145265,0.12989590327136513,0.30839056172171603,-0.12531390983168875,-0.30789077664899756,-0.12175459279091418,0.05,1.0,0.0,0.02,1e-09
59.22104431600019,H,-1,0.31079887930741795,0.0809832284412934,-0.3084390055113401,0.1298959032713521,0.3083905617217087,-0.1253139098316875,-0.3078907766489725,-0.12175459279091051,0.05,1.0,0.0,0.02,1e-09
59.27425889299775,H,-1,0.31079887930741795,0.0809832284412934,-0.3084390055113401,0.1298959032713521,0.3083905617217087,-0.1253139098316875,-0.3078907766489725,-0.12175459279091051,0.05,1.0,0.0,0.02,1e-09
59.33638029699796,H,-1,0.31079887930741795,0.0809832284412934,-0.3084390055113401,0.1298959032713521,0.3083905617217087,-0.1253139098316875,-0.3078907766489725,-0.12175459279091051,0.05,1.0,0.0,0.02,1e-09
59.374675039995054,H,-1,0.3107988793071529,0.08098322844130128,-0.30843900551111136,0.12989590327132042,0.30839056172172785,-0.1253139098316898,-0.30789077664892067,-0.12175459279089967,0.05,1.0,0.0,0.02,1e-09
59.43066230699333,H,-1,0.3107988793071529,0.08098322844130128,-0.30843900551111136,0.12989590327132042,0.30839056172172785,-0.1253139098316898,-0.30789077664892067,-0.12175459279089967,0.05,1.0,0.0,0.02,1e-09
59.4857280340002,H,-1,0.3107988793071529,0.08098322844130128,-0.30843900551111136,0.12989590327132042,0.30839056172172785,-0.1253139098316898,-0.30789077664892067,-0.12175459279089967,0.05,1.0,0.0,0.02,1e-09
59.55151393599954,H,-1,0.3107988793069848,0.08098322844130923,-0.3084390055109472,0.12989590327129896,0.3083905617217383,-0.12531390983169105,-0.3078907766489076,-0.12175459279089731,0.05,1.0,0.0,0.02,1e-09
59.57991079499334,H,-1,0.3107988793069848,0.08098322844130923,-0.3084390055109472,0.12989590327129896,0.3083905617217383,-0.12531390983169105,-0.3078907766489076,-0.12175459279089731,0.05,1.0,0.0,0.02,1e-09
59.62282675799361,H,-1,0.310798879307124,0.08098322844130733,-0.30843900551109565,0.12989590327131983,0.3083905617217501,-0.12531390983169238,-0.3078907766489279,-0.12175459279090398,0.05,1.0,0.0,0.02,1e-09
59.66989887199452,H,-1,0.310798879307124,0.08098322844130733,-0.30843900551109565,0.12989590327131983,0.3083905617217501,-0.12531390983169238,-0.3078907766489279,-0.12175459279090398,0.05,1.0,0.0,0.02,1e-09
59.72061317599582,H,-1,0.310798879307124,0.08098322844130733,-0.30843900551109565,0.12989590327131983,0.3083905617217501,-0.12531390983169238,-0.3078907766489279,-0.12175459279090398,0.05,1.0,0.0,0.02,1e-09
59.77080984899658,H,-1,0.3107988793071264,0.08098322844130477,-0.3084390055111074,0.1298959032713189,0.3083905617217482,-0.125313909831692,-0.3078907766489152,-0.12175459279089881,0.05,1.0,0.0,0.02,1e-09
59.83572072999959,H,-1,0.3107988793071264,0.08098322844130477,-0.3084390055111074,0.1298959032713189,0.3083905617217482,-0.125313909831692,-0.3078907766489152,-0.12175459279089881,0.05,1.0,0.0,0.02,1e-09
59.87452337599825,H,-1,0.3107988793071264,0.08098322844130477,-0.3084390055111074,0.1298959032713189,0.3083905617217482,-0.125313909831692,-0.3078907766489152,-0.12175459279089881,0.05,1.0,0.0,0.02,1e-09
59.93504258599569,H,-1,0.3107988793069859,0.0809832284413107,-0.30843900551097053,0.12989590327130168,0.30839056172175505,-0.12531390983169277,-0.307890776648901,-0.12175459279089729,0.05,1.0,0.0,0.02,1e-09
59.98330359699321,H,-1,0.3107988793069859,0.0809832284413107,-0.30843900551097053,0.12989590327130168,0.30839056172175505,-0.12531390983169277,-0.307890776648901,-0.12175459279089729,0.05,1.0,0.0,0.02,1e-09
60.03959512099391,H,-1,0.3107988793069859,0.0809832284413107,-0.30843900551097053,0.12989590327130168,0.30839056172175505,-0.12531390983169277,-0.307890776648901,-0.12175459279089729,0.05,1.0,0.0,0.02,1e-09
60.099797117996786,H,-1,0.31079887930704075,0.08098322844130704,-0.3084390055110437,0.12989590327131062,0.3083905617217588,-0.12531390983169322,-0.3078907766488923,-0.12175459279089547,0.05,1.0,0.0,0.02,1e-09
60.12859163099347,H,-1,0.31079887930704075,0.08098322844130704,-0.3084390055110437,0.12989590327131062,0.3083905617217588,-0.12531390983169322,-0.3078907766488923,-0.12175459279089547,0.05,1.0,0.0,0.02,1e-09
60.17408541899931,H,-1,0.3107988793072361,0.08098322844130182,-0.30843900551123327,0.12989590327133604,0.3083905617217561,-0.12531390983169294,-0.3078907766489226,-0.12175459279090206,0.05,1.0,0.0,0.02,1e-09
60.22397633599758,H,-1,0.3107988793072361,0.08098322844130182,-0.30843900551123327,0.12989590327133604,0.3083905617217561,-0.12531390983169294,-0.3078907766489226,-0.12175459279090206,0.05,1.0,0.0,0.02,1e-09
60.281244998994225,H,-1,0.3107988793072361,0.08098322844130182,-0.30843900551123327,0.12989590327133604,0.3083905617217561,-0.12531390983169294,-0.3078907766489226,-0.12175459279090206,0.05,1.0,0.0,0.02,1e-09
60.330444117993466,H,-1,0.31079887930732825,0.08098322844129976,-0.3084390055113206,0.1298959032713477,0.3083905617217558,-0.1253139098316929,-0.3078907766489389,-0.12175459279090563,0.05,1.0,0.0,0.02,1e-09
60.38133678199665,H,-1,0.31079887930732825,0.08098322844129976,-0.3084390055113206,0.1298959032713477,0.3083905617217558,-0.1253139098316929,-0.3078907766489389,-0.12175459279090563,0.05,1.0,0.0,0.02,1e-09
60.42216601699329,H,-1,0.31079887930732825,0.08098322844129976,-0.3084390055113206,0.1298959032713477,0.3083905617217558,-0.1253139098316929,-0.3078907766489389,-0.12175459279090563,0.05,1.0,0.0,0.02,1e-09
60.47355318599875,H,-1,0.31079887930732825,0.08098322844129976,-0.3084390055113206,0.1298959032713477,0.3083905617217558,-0.1253139098316929,-0.3078907766489389,-0.12175459279090563,0.05,1.0,0.0,0.02,1e-09
60.53846918099589,H,-1,0.3107988793074017,0.08098322844129559,-0.3084390055113244,0.12989590327134704,0.3083905617217181,-0.12531390983168833,-0.3078907766489782,-0.12175459279090878,0.05,1.0,0.0,0.02,1e-09
60.5783956699961,H,-1,0.3107988793074017,0.08098322844129559,-0.3084390055113244,0.12989590327134704,0.3083905617217181,-0.12531390983168833,-0.3078907766489782,-0.12175459279090878,0.05,1.0,0.0,0.02,1e-09
60.62787523699808,H,-1,0.3107988793073275,0.08098322844130013,-0.3084390055112788,0.12989590327134304,0.30839056172173757,-0.1253139098316906,-0.3078907766489616,-0.12175459279090914,0.05,1.0,0.0,0.02,1e-09
60.67968593099795,H,-1,0.3107988793073275,0.08098322844130013,-0.3084390055112788,0.12989590327134304,0.30839056172173757,-0.1253139098316906,-0.3078907766489616,-0.12175459279090914,0.05,1.0,0.0,0.02,1e-09
60.72198494899931,H,-1,0.31079887930737093,0.08098322844129928,-0.30843900551133624,0.12989590327135073,0.3083905617217462,-0.12531390983169172,-0.30789077664896086,-0.12175459279090979,0.05,1.0,0.0,0.02,1e-09
60.77121464499942,H,-1,0.31079887930737093,0.08098322844129928,-0.30843900551133624,0.12989590327135073,0.3083905617217462,-0.12531390983169172,-0.30789077664896086,-0.12175459279090979,0.05,1.0,0.0,0.02,1e-09
60.82584336099535,H,-1,0.31079887930737093,0.08098322844129928,-0.30843900551133624,0.12989590327135073,0.3083905617217462,-0.12531390983169172,-0.30789077664896086,-0.12175459279090979,0.05,1.0,0.0,0.02,1e-09
60.87690196499898,H,-1,0.3107988793073153,0.0809832284413002,-0.3084390055112907,0.12989590327134448,0.30839056172174895,-0.12531390983169205,-0.30789077664894576,-0.12175459279090681,0.05,1.0,0.0,0.02,1e-09
60.92427750099887,H,-1,0.3107988793073153,0.0809832284413002,-0.3084390055112907,0.12989590327134448,0.30839056172174895,-0.12531390983169205,-0.30789077664894576,-0.12175459279090681,0.05,1.0,0.0,0.02,1e-09
60.98189794099744,H,-1,0.3107988793073153,0.0809832284413002,-0.3084390055112907,0.12989590327134448,0.30839056172174895,-0.12531390983169205,-0.30789077664894576,-0.12175459279090681,0.05,1.0,0.0,0.02,1e-09
61.097933164994174,H,-1,0.31079887930719696,0.08098322844130455,-0.3084390055111796,0.12989590327133027,0.30839056172175494,-0.12531390983169277,-0.3078907766489296,-0.12175459279090428,0.05,1.0,0.0,0.02,1e-09
61.10419477799587,H,-1,0.31079887930719696,0.08098322844130455,-0.3084390055111796,0.12989590327133027,0.30839056172175494,-0.12531390983169277,-0.3078907766489296,-0.12175459279090428,0.05,1.0,0.0,0.02,1e-09
61.127533226994274,H,-1,0.3107988793069038,0.08098322844132176,-0.3084390055115018,0.12989590327137315,0.308390561722093,-0.12531390983173435,-0.3078907766485912,-0.12175459279086774,0.05,1.0,0.0,0.02,1e-09
61.1777804739977,H,-1,0.3107988793069038,0.08098322844132176,-0.3084390055115018,0.12989590327137315,0.308390561722093,-0.12531390983173435,-0.3078907766485912,-0.12175459279086774,0.05,1.0,0.0,0.02,1e-09
61.2238283619954,H,-1,0.3107988793069038,0.08098322844132176,-0.3084390055115018,0.12989590327137315,0.308390561722093,-0.12531390983173435,-0.3078907766485912,-0.12175459279086774,0.05,1.0,0.0,0.02,1e-09
61.28092771399679,H,-1,0.310798879307322,0.08098322844129939,-0.30843900551122744,0.1298959032713363,0.30839056172171175,-0.12531390983168755,-0.3078907766489829,-0.12175459279091094,0.05,1.0,0.0,0.02,1e-09
61.32522560599318,H,-1,0.310798879307322,0.08098322844129939,-0.30843900551122744,0.1298959032713363,0.30839056172171175,-0.12531390983168755,-0.3078907766489829,-0.12175459279091094,0.05,1.0,0.0,0.02,1e-09
61.371752870996716,H,-1,0.3107988793073684,0.08098322844129904,-0.3084390055113138,0.12989590327134767,0.308390561721735,-0.12531390983169027,-0.30789077664897013,-0.12175459279091073,0.05,1.0,0.0,0.02,1e-09
61.42669182899408,H,-1,0.3107988793073684,0.08098322844129904,-0.3084390055113138,0.12989590327134767,0.308390561721735,-0.12531390983169027,-0.30789077664897013,-0.12175459279091073,0.05,1.0,0.0,0.02,1e-09
61.481814921993646,H,-1,0.3107988793074053,0.0809832284412969,-0.3084390055113766,0.12989590327135409,0.30839056172174567,-0.12531390983169155,-0.30789077664895753,-0.12175459279090768,0.05,1.0,0.0,0.02,1e-09
61.525402456994925,H,-1,0.3107988793074053,0.0809832284412969,-0.3084390055113766,0.12989590327135409,0.30839056172174567,-0.12531390983169155,-0.30789077664895753,-0.12175459279090768,0.05,1.0,0.0,0.02,1e-09
61.571685025999614,H,-1,0.3107988793074167,0.08098322844129417,-0.3084390055114061,0.12989590327135858,0.30839056172174767,-0.12531390983169177,-0.3078907766489419,-0.12175459279090536,0.05,1.0,0.0,0.02,1e-09
61.62357520200021,H,-1,0.3107988793074167,0.08098322844129417,-0.3084390055114061,0.12989590327135858,0.30839056172174767,-0.12531390983169177,-0.3078907766489419,-0.12175459279090536,0.05,1.0,0.0,0.02,1e-09
61.67235678099678,H,-1,0.3107988793074167,0.08098322844129417,-0.3084390055114061,0.12989590327135858,0.30839056172174767,-0.12531390983169177,-0.3078907766489419,-0.12175459279090536,0.05,1.0,0.0,0.02,1e-09
61.72463076199347,H,-1,0.31079887930741373,0.08098322844129437,-0.308439005511418,0.12989590327136202,0.30839056172175555,-0.12531390983169272,-0.30789077664893477,-0.12175459279090635,0.05,1.0,0.0,0.02,1e-09
61.7881833539941,H,-1,0.31079887930741373,0.08098322844129437,-0.308439005511418,0.12989590327136202,0.30839056172175555,-0.12531390983169272,-0.30789077664893477,-0.12175459279090635,0.05,1.0,0.0,0.02,1e-09
61.82391996499791,H,-1,0.31079887930741373,0.08098322844129437,-0.308439005511418,0.12989590327136202,0.30839056172175555,-0.12531390983169272,-0.30789077664893477,-0.12175459279090635,0.05,1.0,0.0,0.02,1e-09
61.87461599599919,H,-1,0.31079887930746525,0.08098322844129471,-0.3084390055114597,0.12989590327136927,0.30839056172175544,-0.12531390983169283,-0.3078907766489524,-0.12175459279091164,0.05,1.0,0.0,0.02,1e-09
61.92868629199802,H,-1,0.31079887930746525,0.08098322844129471,-0.3084390055114597,0.12989590327136927,0.30839056172175544,-0.12531390983169283,-0.3078907766489524,-0.12175459279091164,0.05,1.0,0.0,0.02,1e-09
61.97148524499789,H,-1,0.31079887930746447,0.08098322844129405,-0.3084390055114655,0.12989590327136707,0.30839056172175744,-0.1253139098316931,-0.3078907766489464,-0.12175459279090778,0.05,1.0,0.0,0.02,1e-09
62.02700148499571,H,-1,0.31079887930746447,0.08098322844129405,-0.3084390055114655,0.12989590327136707,0.30839056172175744,-0.1253139098316931,-0.3078907766489464,-0.12175459279090778,0.05,1.0,0.0,0.02,1e-09
62.08439751699916,H,-1,0.31079887930749306,0.08098322844129371,-0.3084390055114911,0.12989590327137074,0.3083905617217573,-0.12531390983169305,-0.3078907766489527,-0.1217545927909093,0.05,1.0,0.0,0.02,1e-09
62.12398556399421,H,-1,0.31079887930749306,0.08098322844129371,-0.3084390055114911,0.12989590327137074,0.3083905617217573,-0.12531390983169305,-0.3078907766489527,-0.1217545927909093,0.05,1.0,0.0,0.02,1e-09
62.176788584998576,H,-1,0.31079887930749667,0.08098322844129449,-0.30843900551148956,0.12989590327137063,0.30839056172175733,-0.12531390983169305,-0.30789077664895886,-0.12175459279091051,0.05,1.0,0.0,0.02,1e-09
62.227538460996584,H,-1,0.31079887930749667,0.08098322844129449,-0.30843900551148956,0.12989590327137063,0.30839056172175733,-0.12531390983169305,-0.30789077664895886,-0.12175459279091051,0.05,1.0,0.0,0.02,1e-09
62.28212231799989,H,-1,0.31079887930749667,0.08098322844129449,-0.30843900551148956,0.12989590327137063,0.30839056172175733,-0.12531390983169305,-0.30789077664895886,-0.12175459279091051,0.05,1.0,0.0,0.02,1e-09
62.323526455998945,H,-1,0.31079887930748296,0.0809832284412942,-0.30843900551148073,0.12989590327136744,0.30839056172175816,-0.12531390983169316,-0.307890776648952,-0.12175459279090722,0.05,1.0,0.0,0.02,1e-09
62.37767577100021,H,-1,0.31079887930748296,0.0809832284412942,-0.30843900551148073,0.12989590327136744,0.30839056172175816,-0.12531390983169316,-0.307890776648952,-0.12175459279090722,0.05,1.0,0.0,0.02,1e-09
62.43208927199885,H,-1,0.31079887930748296,0.0809832284412942,-0.30843900551148073,0.12989590327136744,0.30839056172175816,-0.12531390983169316,-0.307890776648952,-0.12175459279090722,0.05,1.0,0.0,0.02,1e-09
62.4714974669987,H,-1,0.31079887930720196,0.08098322844130222,-0.30843900551119596,0.12989590327133038,0.3083905617217543,-0.12531390983169266,-0.307890776648917,-0.12175459279089981,0.05,1.0,0.0,0.02,1e-09
62.520385806994454,H,-1,0.31079887930720196,0.08098322844130222,-0.30843900551119596,0.12989590327133038,0.3083905617217543,-0.12531390983169266,-0.307890776648917,-0.12175459279089981,0.05,1.0,0.0,0.02,1e-09
62.57562493399746,H,-1,0.31079887930708183,0.08098322844130466,-0.3084390055110983,0.12989590327131662,0.30839056172176266,-0.12531390983169355,-0.3078907766488865,-0.12175459279089362,0.05,1.0,0.0,0.02,1e-09
62.62858901499567,H,-1,0.31079887930708183,0.08098322844130466,-0.3084390055110983,0.12989590327131662,0.30839056172176266,-0.12531390983169355,-0.3078907766488865,-0.12175459279089362,0.05,1.0,0.0,0.02,1e-09
62.672641744997236,H,-1,0.31079887930708183,0.08098322844130466,-0.3084390055110983,0.12989590327131662,0.30839056172176266,-0.12531390983169355,-0.3078907766488865,-0.12175459279089362,0.05,1.0,0.0,0.02,1e-09
62.72499291499844,H,-1,0.3107988793069534,0.08098322844130977,-0.30843900551095826,0.12989590327129985,0.3083905617217602,-0.12531390983169338,-0.30789077664888087,-0.12175459279089361,0.05,1.0,0.0,0.02,1e-09
62.77213197499805,H,-1,0.3107988793069534,0.08098322844130977,-0.30843900551095826,0.12989590327129985,0.3083905617217602,-0.12531390983169338,-0.30789077664888087,-0.12175459279089361,0.05,1.0,0.0,0.02,1e-09
62.83633892099897,H,-1,0.31079887930695105,0.08098322844130815,-0.3084390055109682,0.1298959032713013,0.30839056172176166,-0.12531390983169344,-0.30789077664886816,-0.12175459279089162,0.05,1.0,0.0,0.02,1e-09
62.870528211999044,H,-1,0.31079887930695105,0.08098322844130815,-0.3084390055109682,0.1298959032713013,0.30839056172176166,-0.12531390983169344,-0.30789077664886816,-0.12175459279089162,0.05,1.0,0.0,0.02,1e-09
62.927959333996114,H,-1,0.31079887930695105,0.08098322844130815,-0.3084390055109682,0.1298959032713013,0.30839056172176166,-0.12531390983169344,-0.30789077664886816,-0.12175459279089162,0.05,1.0,0.0,0.02,1e-09
62.97612281999318,H,-1,0.3107988793068613,0.08098322844130981,-0.30843900551088066,0.1298959032712863,0.3083905617217604,-0.12531390983169327,-0.3078907766488537,-0.12175459279088499,0.05,1.0,0.0,0.02,1e-09
63.024026111997955,H,-1,0.3107988793068613,0.08098322844130981,-0.30843900551088066,0.1298959032712863,0.3083905617217604,-0.12531390983169327,-0.3078907766488537,-0.12175459279088499,0.05,1.0,0.0,0.02,1e-09
63.07719132199418,H,-1,0.3107988793068507,0.08098322844131234,-0.30843900551085973,0.12989590327128747,0.30839056172176055,-0.12531390983169347,-0.3078907766488641,-0.1217545927908907,0.05,1.0,0.0,0.02,1e-09
63.12681454499398,H,-1,0.3107988793068507,0.08098322844131234,-0.30843900551085973,0.12989590327128747,0.30839056172176055,-0.12531390983169347,-0.3078907766488641,-0.1217545927908907,0.05,1.0,0.0,0.02,1e-09
63.17491378699924,X,-1,0.3107988793068507,0.08098322844131234,-0.30843900551085973,0.12989590327128747,0.30839056172176055,-0.12531390983169347,-0.3078907766488641,-0.1217545927908907,0.05,1.0,0.0,0.02,1e-09
63.224008493998554,X,-1,0.31077470373646776,0.08349093144583121,-0.30790077573311914,0.13234030032889105,0.3082432307162522,-0.12781217723794835,-0.3069293609714172,-0.12414911909727058,0.05,1.0,0.0,0.02,1e-09
63.278358714000206,X,-1,0.31077470373646776,0.08349093144583121,-0.30790077573311914,0.13234030032889105,0.3082432307162522,-0.12781217723794835,-0.3069293609714172,-0.12414911909727058,0.05,1.0,0.0,0.02,1e-09
63.33150591499725,X,-1,0.30938821744965084,0.10194278600095628,-0.3027602651886582,0.15007386695514824,0.30474561385719345,-0.14594644908840376,-0.29974079082483196,-0.14145313479675045,0.05,1.0,0.0,0.02,1e-09
63.37044446399523,X,-1,0.30938821744965084,0.10194278600095628,-0.3027602651886582,0.15007386695514824,0.30474561385719345,-0.14594644908840376,-0.29974079082483196,-0.14145313479675045,0.05,1.0,0.0,0.02,1e-09
63.428482968993194,X,-1,0.30938821744965084,0.10194278600095628,-0.3027602651886582,0.15007386695514824,0.30474561385719345,-0.14594644908840376,-0.29974079082483196,-0.14145313479675045,0.05,1.0,0.0,0.02,1e-09
63.47661205699842,X,-1,0.3002112684116729,0.13799123592801799,-0.2864069774163144,0.18336817382667076,0.2901531280291721,-0.18033828097402774,-0.28130552512166385,-0.17362164882898395,0.05,1.0,0.0,0.02,1e-09
63.526081356998475,X,-1,0.3002112684116729,0.13799123592801799,-0.2864069774163144,0.18336817382667076,0.2901531280291721,-0.18033828097402774,-0.28130552512166385,-0.17362164882898395,0.05,1.0,0.0,0.02,1e-09
63.57900758899632,X,-1,0.28357037556026016,0.17739471384704578,-0.26227697486983825,0.2184251349259521,0.26718943563855707,-0.21700104837191594,-0.2561720960855585,-0.2069494076687005,0.05,1.0,0.0,0.02,1e-09
63.622849845996825,X,-1,0.28357037556026016,0.17739471384704578,-0.26227697486983825,0.2184251349259521,0.26718943563855707,-0.21700104837191594,-0.2561720960855585,-0.2069494076687005,0.05,1.0,0.0,0.02,1e-09
63.683993277998525,X,-1,0.2686998423696777,0.20118688715363608,-0.24304184690235658,0.23861495322221138,0.24847390020270077,-0.2385021558121732,-0.23657806186276983,-0.22571775046910708,0.05,1.0,0.0,0.02,1e-09
63.72194529599801,X,-1,0.2686998423696777,0.20118688715363608,-0.24304184690235658,0.23861495322221138,0.24847390020270077,-0.2385021558121732,-0.23657806186276983,-0.22571775046910708,0.05,1.0,0.0,0.02,1e-09
63.7735169890002,X,-1,0.2686998423696777,0.20118688715363608,-0.24304184690235658,0.23861495322221138,0.24847390020270077,-0.2385021558121732,-0.23657806186276983,-0.22571775046910708,0.05,1.0,0.0,0.02,1e-09
63.82161972099857,X,-1,0.2585449368595796,0.2140233331595472,-0.23059406751326317,0.2490744549092283,0.23624505204700072,-0.24983773686064353,-0.22400288036887273,-0.23522708937842773,0.05,1.0,0.0,0.02,1e-09
63.874844294994546,X,-1,0.2585449368595796,0.2140233331595472,-0.23059406751326317,0.2490744549092283,0.23624505204700072,-0.24983773686064353,-0.22400288036887273,-0.23522708937842773,0.05,1.0,0.0,0.02,1e-09
63.92211588099599,X,-1,0.2521168433485676,0.2211382718971075,-0.2229187602078174,0.25470967157826657,0.2286622621610569,-0.25602307395129986,-0.21628874749244265,-0.24026488774192067,0.05,1.0,0.0,0.02,1e-09
63.982587862999935,X,-1,0.2521168433485676,0.2211382718971075,-0.2229187602078174,0.25470967157826657,0.2286622621610569,-0.25602307395129986,-0.21628874749244265,-0.24026488774192067,0.05,1.0,0.0,0.02,1e-09
64.02212975499424,X,-1,0.2521168433485676,0.2211382718971075,-0.2229187602078174,0.25470967157826657,0.2286622621610569,-0.25602307395129986,-0.21628874749244265,-0.24026488774192067,0.05,1.0,0.0,0.02,1e-09
64.08314808399882,X,-1,0.24818101335719292,0.22516974597396783,-0.2182850135151648,0.25784320045864284,0.2240691107897541,-0.259492171854298,-0.2116461644816402,-0.24303362147252722,0.05,1.0,0.0,0.02,1e-09
64.12419574599335,X,-1,0.24818101335719292,0.22516974597396783,-0.2182850135151648,0.25784320045864284,0.2240691107897541,-0.259492171854298,-0.2116461644816402,-0.24303362147252722,0.05,1.0,0.0,0.02,1e-09
64.17255319299875,X,-1,0.24818101335719292,0.22516974597396783,-0.2182850135151648,0.25784320045864284,0.2240691107897541,-0.259492171854298,-0.2116461644816402,-0.24303362147252722,0.05,1.0,0.0,0.02,1e-09
64.22483236900007,X,-1,0.2458103136844731,0.2274895995949182,-0.2155158931438743,0.25962489468731786,0.2213188238543596,-0.261475592061421,-0.20887702070502256,-0.24459587082144396,0.05,1.0,0.0,0.02,1e-09
64.27684641199448,X,-1,0.2458103136844731,0.2274895995949182,-0.2155158931438743,0.25962489468731786,0.2213188238543596,-0.261475592061421,-0.20887702070502256,-0.24459587082144396,0.05,1.0,0.0,0.02,1e-09
64.32520428599673,X,-1,0.24439464523128,0.22883799868906873,-0.21386978365813952,0.2606528548744869,0.21968199468144778,-0.26262388002321646,-0.20723276566019752,-0.2454928781962103,0.05,1.0,0.0,0.02,1e-09
64.37305825699877,X,-1,0.24439464523128,0.22883799868906873,-0.21386978365813952,0.2606528548744869,0.21968199468144778,-0.26262388002321646,-0.20723276566019752,-0.2454928781962103,0.05,1.0,0.0,0.02,1e-09
64.4266383389986,X,-1,0.24355329690292377,0.22962667747679166,-0.21289405320956428,0.2612514114664519,0.2187110923599753,-0.2632939033448323,-0.20625879328975688,-0.24601363727028575,0.05,1.0,0.0,0.02,1e-09
64.47307472999819,X,-1,0.24355329690292377,0.22962667747679166,-0.21289405320956428,0.2612514114664519,0.2187110923599753,-0.2632939033448323,-0.20625879328975688,-0.24601363727028575,0.05,1.0,0.0,0.02,1e-09
64.52298120399792,X,-1,0.24355329690292377,0.22962667747679166,-0.21289405320956428,0.2612514114664519,0.2187110923599753,-0.2632939033448323,-0.20625879328975688,-0.24601363727028575,0.05,1.0,0.0,0.02,1e-09
64.57182579199434,X,-1,0.24305462270982905,0.2300897445993484,-0.21231661926096945,0.26160190184018917,0.21813628006083446,-0.26368673697274114,-0.20568263103289977,-0.24631802626426508,0.05,1.0,0.0,0.02,1e-09
64.62928300799831,X,-1,0.24305462270982905,0.2300897445993484,-0.21231661926096945,0.26160190184018917,0.21813628006083446,-0.26368673697274114,-0.20568263103289977,-0.24631802626426508,0.05,1.0,0.0,0.02,1e-09
64.6735932379961,X,-1,0.24305462270982905,0.2300897445993484,-0.21231661926096945,0.26160190184018917,0.21813628006083446,-0.26368673697274114,-0.20568263103289977,-0.24631802626426508,0.05,1.0,0.0,0.02,1e-09
64.72395583299658,X,-1,0.24275951395665646,0.2303622582896852,-0.2119752102926965,0.26180783238915517,0.21779633877349108,-0.2639177202637963,-0.20534205492641902,-0.2464966780160328,0.05,1.0,0.0,0.02,1e-09
64.77449800399336,X,-1,0.24275951395665646,0.2303622582896852,-0.2119752102926965,0.26180783238915517,0.21779633877349108,-0.2639177202637963,-0.20534205492641902,-0.2464966780160328,0.05,1.0,0.0,0.02,1e-09
64.82872172699717,X,-1,0.2425850305579565,0.23052285263148287,-0.21177345922713134,0.2619290727055489,0.21759542624833167,-0.2640537711560432,-0.20514082430188219,-0.24660179085291162,0.05,1.0,0.0,0.02,1e-09
64.88547051799833,X,-1,0.2425850305579565,0.23052285263148287,-0.21177345922713134,0.2619290727055489,0.21759542624833167,-0.2640537711560432,-0.20514082430188219,-0.24660179085291162,0.05,1.0,0.0,0.02,1e-09
64.92577923299541,X,-1,0.24248192172760624,0.23061756953321688,-0.21165427426311778,0.26200053844900917,0.21747672661518114,-0.26413398837297847,-0.20502195669075554,-0.24666372668346626,0.05,1.0,0.0,0.02,1e-09
64.98098948999541,X,-1,0.24248192172760624,0.23061756953321688,-0.21165427426311778,0.26200053844900917,0.21747672661518114,-0.26413398837297847,-0.20502195669075554,-0.24666372668346626,0.05,1.0,0.0,0.02,1e-09
65.02761215200007,X,-1,0.24242100978692385,0.23067345968512176,-0.21158387830505554,0.2620426945062674,0.21740661380932247,-0.26418131416404383,-0.20495175162633553,-0.24670025305046994,0.05,1.0,0.0,0.02,1e-09
65.07352318499761,X,-1,0.24242100978692385,0.23067345968512176,-0.21158387830505554,0.2620426945062674,0.21740661380932247,-0.26418131416404383,-0.20495175162633553,-0.24670025305046994,0.05,1.0,0.0,0.02,1e-09
65.12260300499474,X,-1,0.24242100978692385,0.23067345968512176,-0.21158387830505554,0.2620426945062674,0.21740661380932247,-0.26418131416404383,-0.20495175162633553,-0.24670025305046994,0.05,1.0,0.0,0.02,1e-09
65.17683803299587,X,-1,0.24238503241436143,0.2307064485758205,-0.21154230377676891,0.2620675719768412,0.2173652052846864,-0.2642092450371483,-0.20491029103612324,-0.24672180541529393,0.05,1.0,0.0,0.02,1e-09
65.21978494899668,X,-1,0.24238503241436143,0.2307064485758205,-0.21154230377676891,0.2620675719768412,0.2173652052846864,-0.2642092450371483,-0.20491029103612324,-0.24672180541529393,0.05,1.0,0.0,0.02,1e-09
65.3652423369931,X,-1,0.24236378483479526,0.23072592341615644,-0.21151775219815339,0.26208225655514183,0.21734075131112124,-0.2642257328699083,-0.20488580716738225,-0.24673452626852477,0.05,1.0,0.0,0.02,1e-09
65.37317750799411,X,-1,0.24236378483479526,0.23072592341615644,-0.21151775219815339,0.26208225655514183,0.21734075131112124,-0.2642257328699083,-0.20488580716738225,-0.24673452626852477,0.05,1.0,0.0,0.02,1e-09
65.39143310899817,X,-1,0.24236378483479526,0.23072592341615644,-0.21151775219815339,0.26208225655514183,0.21734075131112124,-0.2642257328699083,-0.20488580716738225,-0.24673452626852477,0.05,1.0,0.0,0.02,1e-09
65.42934327900002,X,-1,0.24235123719771232,0.23073742144887094,-0.21150325395760605,0.26209092579713644,0.21732631055973528,-0.2642354670032494,-0.20487134905492724,-0.24674203584742793,0.05,1.0,0.0,0.02,1e-09
65.47435407099692,X,-1,0.24235123719771232,0.23073742144887094,-0.21150325395760605,0.26209092579713644,0.21732631055973528,-0.2642354670032494,-0.20487134905492724,-0.24674203584742793,0.05,1.0,0.0,0.02,1e-09
65.52643560299475,X,-1,0.24234382754329772,0.23074421034313208,-0.2114946926159386,0.26209604424569466,0.21731778311787014,-0.26424121429516445,-0.2048628114633011,-0.24674646949490148,0.05,1.0,0.0,0.02,1e-09
65.5787260329962,X,-1,0.24234382754329772,0.23074421034313208,-0.2114946926159386,0.26209604424569466,0.21731778311787014,-0.26424121429516445,-0.2048628114633011,-0.24674646949490148,0.05,1.0,0.0,0.02,1e-09
65.62668560699967,X,-1,0.24234382754329772,0.23074421034313208,-0.2114946926159386,0.26209604424569466,0.21731778311787014,-0.26424121429516445,-0.2048628114633011,-0.24674646949490148,0.05,1.0,0.0,0.02,1e-09
65.675034545995,X,-1,0.242339452082197,0.2307482189192961,-0.21148963713359906,0.2620990664119075,0.2173127476356438,-0.26424460779813097,-0.2048577700307549,-0.2467490872890314,0.05,1.0,0.0,0.02,1e-09
65.73777916699328,X,-1,0.242339452082197,0.2307482189192961,-0.21148963713359906,0.2620990664119075,0.2173127476356438,-0.26424460779813097,-0.2048577700307549,-0.2467490872890314,0.05,1.0,0.0,0.02,1e-09
65.78089306599577,X,-1,0.24233686836284885,0.230750585869559,-0.21148665189428978,0.262100850899365,0.21730977419532627,-0.2642466115536649,-0.20485479308658663,-0.24675063298599126,0.05,1.0,0.0,0.02,1e-09
65.82449274999817,X,-1,0.24233686836284885,0.230750585869559,-0.21148665189428978,0.262100850899365,0.21730977419532627,-0.2642466115536649,-0.20485479308658663,-0.24675063298599126,0.05,1.0,0.0,0.02,1e-09
65.87353839299612,X,-1,0.24233686836284885,0.230750585869559,-0.21148665189428978,0.262100850899365,0.21730977419532627,-0.2642466115536649,-0.20485479308658663,-0.24675063298599126,0.05,1.0,0.0,0.02,1e-09
65.92535126399889,X,-1,0.24233534268617044,0.23075198350586512,-0.2114848891261131,0.26210190458973365,0.21730801839477967,-0.264247794724837,-0.20485303521878548,-0.24675154567189017,0.05,1.0,0.0,0.02,1e-09
65.97724169799767,X,-1,0.24233534268617044,0.23075198350586512,-0.2114848891261131,0.26210190458973365,0.21730801839477967,-0.264247794724837,-0.20485303521878548,-0.24675154567189017,0.05,1.0,0.0,0.02,1e-09
66.02977560999716,X,-1,0.24233534268617044,0.23075198350586512,-0.2114848891261131,0.26210190458973365,0.21730801839477967,-0.264247794724837,-0.20485303521878548,-0.24675154567189017,0.05,1.0,0.0,0.02,1e-09
66.07181290199514,X,-1,0.24233444177556998,0.23075280878193066,-0.21148384822169775,0.262102526770108,0.21730698160730322,-0.2642484933665228,-0.20485199720285097,-0.24675208458367048,0.05,1.0,0.0,0.02,1e-09
66.12504084699322,X,-1,0.24233444177556998,0.23075280878193066,-0.21148384822169775,0.262102526770108,0.21730698160730322,-0.2642484933665228,-0.20485199720285097,-0.24675208458367048,0.05,1.0,0.0,0.02,1e-09
66.18442827999388,X,-1,0.24233390976543479,0.23075329607158568,-0.21148323357841176,0.26210289415963983,0.21730636939278236,-0.26424890590403155,-0.20485138422450586,-0.24675240276166155,0.05,1.0,0.0,0.02,1e-09
66.22889950799436,X,-1,0.24233390976543479,0.23075329607158568,-0.21148323357841176,0.26210289415963983,0.21730636939278236,-0.26424890590403155,-0.20485138422450586,-0.24675240276166155,0.05,1.0,0.0,0.02,1e-09
66.28593068999908,X,-1,0.24233359565772986,0.23075358384263223,-0.21148287063845422,0.26210311110046625,0.2173060078856967,-0.2642491495023531,-0.20485102231969038,-0.24675259069707078,0.05,1.0,0.0,0.02,1e-09
66.32633111999894,X,-1,0.24233359565772986,0.23075358384263223,-0.21148287063845422,0.26210311110046625,0.2173060078856967,-0.2642491495023531,-0.20485102231969038,-0.24675259069707078,0.05,1.0,0.0,0.02,1e-09
66.37010466399806,X,-1,0.24233341017980436,0.23075375376799245,-0.21148265632656854,0.2621032392021264,0.21730579441930725,-0.264249293344436,-0.20485080861781627,-0.24675270166997793,0.05,1.0,0.0,0.02,1e-09
66.42039940899849,X,-1,0.24233341017980436,0.23075375376799245,-0.21148265632656854,0.2621032392021264,0.21730579441930725,-0.264249293344436,-0.20485080861781627,-0.24675270166997793,0.05,1.0,0.0,0.02,1e-09
66.48917219599389,X,-1,0.24233341017980436,0.23075375376799245,-0.21148265632656854,0.2621032392021264,0.21730579441930725,-0.264249293344436,-0.20485080861781627,-0.24675270166997793,0.05,1.0,0.0,0.02,1e-09
66.52413712099951,X,-1,0.24233330065609096,0.23075385410671884,-0.21148252977743257,0.2621033148450372,0.21730566836938434,-0.2642493782815022,-0.20485068242961108,-0.2467527671990552,0.05,1.0,0.0,0.02,1e-09
66.5734265469946,X,-1,0.24233330065609096,0.23075385410671884,-0.21148252977743257,0.2621033148450372,0.21730566836938434,-0.2642493782815022,-0.20485068242961108,-0.2467527671990552,0.05,1.0,0.0,0.02,1e-09
66.6246158569993,X,-1,0.24233323598217046,0.230753913354876,-0.21148245505048896,0.26210335951018143,0.21730559393791915,-0.26424942843570787,-0.2048506079147838,-0.24675280589093446,0.05,1.0,0.0,0.02,1e-09
66.67127953599993,X,-1,0.24233323598217046,0.230753913354876,-0.21148245505048896,0.26210335951018143,0.21730559393791915,-0.26424942843570787,-0.2048506079147838,-0.24675280589093446,0.05,1.0,0.0,0.02,1e-09
66.72562306100008,X,-1,0.24233323598217046,0.230753913354876,-0.21148245505048896,0.26210335951018143,0.21730559393791915,-0.26424942843570787,-0.2048506079147838,-0.24675280589093446,0.05,1.0,0.0,0.02,1e-09
66.7745844549936,X,-1,0.2423331977924866,0.23075394834004775,-0.211482410926622,0.26210338588641474,0.21730554998726245,-0.26424945805162886,-0.20485056391463866,-0.24675282873808635,0.05,1.0,0.0,0.02,1e-09
66.82232912899781,X,-1,0.2423331977924866,0.23075394834004775,-0.211482410926622,0.26210338588641474,0.21730554998726245,-0.26424945805162886,-0.20485056391463866,-0.24675282873808635,0.05,1.0,0.0,0.02,1e-09
66.87947113900009,X,-1,0.24233317524454076,0.23075396899985096,-0.21148238487307275,0.2621034014621467,0.2173055240345862,-0.26424947553931977,-0.20485053793362204,-0.24675284223000937,0.05,1.0,0.0,0.02,1e-09
66.92811051299941,X,-1,0.24233317524454076,0.23075396899985096,-0.21148238487307275,0.2621034014621467,0.2173055240345862,-0.26424947553931977,-0.20485053793362204,-0.24675284223000937,0.05,1.0,0.0,0.02,1e-09
66.98274002099788,X,-1,0.24233317524454076,0.23075396899985096,-0.21148238487307275,0.2621034014621467,0.2173055240345862,-0.26424947553931977,-0.20485053793362204,-0.24675284223000937,0.05,1.0,0.0,0.02,1e-09
67.02198448099807,X,-1,0.24233316193024235,0.23075398119918722,-0.21148236948886004,0.2621034106595857,0.21730550870990362,-0.26424948586574293,-0.2048505225918322,-0.2467528501966873,0.05,1.0,0.0,0.02,1e-09
67.07196390499303,X,-1,0.24233316193024235,0.23075398119918722,-0.21148236948886004,0.2621034106595857,0.21730550870990362,-0.26424948586574293,-0.2048505225918322,-0.2467528501966873,0.05,1.0,0.0,0.02,1e-09
67.13710151199484,X,-1,0.24233315406839664,0.23075398840283584,-0.2114823604044793,0.26210341609025134,0.2173054996607901,-0.26424949196335507,-0.2048505135321001,-0.24675285490030596,0.05,1.0,0.0,0.02,1e-09
67.18173567899794,X,-1,0.24233315406839664,0.23075398840283584,-0.2114823604044793,0.26210341609025134,0.2173054996607901,-0.26424949196335507,-0.2048505135321001,-0.24675285490030596,0.05,1.0,0.0,0.02,1e-09
67.2259251889991,X,-1,0.24233315406839664,0.23075398840283584,-0.2114823604044793,0.26210341609025134,0.2173054996607901,-0.26424949196335507,-0.2048505135321001,-0.24675285490030596,0.05,1.0,0.0,0.02,1e-09
67.28002973499679,X,-1,0.2423331494266615,0.23075399265689595,-0.21148235503965973,0.26210341929610287,0.21730549431733756,-0.26424949556388433,-0.2048505081821577,-0.24675285767736932,0.05,1.0,0.0,0.02,1e-09
67.32934404599655,X,-1,0.2423331494266615,0.23075399265689595,-0.21148235503965973,0.26210341929610287,0.21730549431733756,-0.26424949556388433,-0.2048505081821577,-0.24675285767736932,0.05,1.0,0.0,0.02,1e-09
67.38436948699382,X,-1,0.24233314668589748,0.23075399516891115,-0.21148235187241618,0.2621034211901252,0.21730549116214012,-0.264249497690029,-0.20485050502417534,-0.24675285931871516,0.05,1.0,0.0,0.02,1e-09
67.42469213899312,X,-1,0.24233314668589748,0.23075399516891115,-0.21148235187241618,0.2621034211901252,0.21730549116214012,-0.264249497690029,-0.20485050502417534,-0.24675285931871516,0.05,1.0,0.0,0.02,1e-09
67.48037468499388,X,-1,0.24233314506712456,0.23075399665200663,-0.21148234999985663,0.2621034223051846,0.21730548929902715,-0.26424949894549915,-0.20485050315634834,-0.24675286028402038,0.05,1.0,0.0,0.02,1e-09
67.52098802299588,X,-1,0.24233314506712456,0.23075399665200663,-0.21148234999985663,0.2621034223051846,0.21730548929902715,-0.26424949894549915,-0.20485050315634834,-0.24675286028402038,0.05,1.0,0.0,0.02,1e-09
67.57977162299358,X,-1,0.24233314506712456,0.23075399665200663,-0.21148234999985663,0.2621034223051846,0.21730548929902715,-0.26424949894549915,-0.20485050315634834,-0.24675286028402038,0.05,1.0,0.0,0.02,1e-09
67.62821235499723,X,-1,0.2423331441112548,0.23075399752775,-0.21148234889362255,0.2621034229628752,0.21730548819886913,-0.26424949968683364,-0.2048505020527251,-0.24675286085318576,0.05,1.0,0.0,0.02,1e-09
67.6747038869944,X,-1,0.2423331441112548,0.23075399752775,-0.21148234889362255,0.2621034229628752,0.21730548819886913,-0.26424949968683364,-0.2048505020527251,-0.24675286085318576,0.05,1.0,0.0,0.02,1e-09
67.72267529599776,X,-1,0.24233314354762997,0.23075399804544278,-0.21148234824063988,0.2621034233514032,0.2173054875492107,-0.26424950012455467,-0.20485050140156497,-0.2467528611898241,0.05,1.0,0.0,0.02,1e-09
67.77315341999929,X,-1,0.24233314354762997,0.23075399804544278,-0.21148234824063988,0.2621034233514032,0.2173054875492107,-0.26424950012455467,-0.20485050140156497,-0.2467528611898241,0.05,1.0,0.0,0.02,1e-09
67.82119087599858,X,-1,0.24233314354762997,0.23075399804544278,-0.21148234824063988,0.2621034233514032,0.2173054875492107,-0.26424950012455467,-0.20485050140156497,-0.2467528611898241,0.05,1.0,0.0,0.02,1e-09
67.8806246039967,X,-1,0.24233314321293098,0.23075399834947125,-0.2114823478561447,0.2621034235822778,0.2173054871658928,-0.2642495003833307,-0.20485050101562924,-0.24675286138742658,0.05,1.0,0.0,0.02,1e-09
67.92675815300026,X,-1,0.24233314321293098,0.23075399834947125,-0.2114823478561447,0.2621034235822778,0.2173054871658928,-0.2642495003833307,-0.20485050101562924,-0.24675286138742658,0.05,1.0,0.0,0.02,1e-09
67.97977320299833,X,-1,0.24233314321293098,0.23075399834947125,-0.2114823478561447,0.2621034235822778,0.2173054871658928,-0.2642495003833307,-0.20485050101562924,-0.24675286138742658,0.05,1.0,0.0,0.02,1e-09
68.03106169399689,X,-1,0.24233314301749417,0.23075399853053402,-0.21148234763132137,0.2621034237213831,0.2173054869390279,-0.26424950053558427,-0.2048505007924289,-0.24675286150901238,0.05,1.0,0.0,0.02,1e-09
68.07634968699858,X,-1,0.24233314301749417,0.23075399853053402,-0.21148234763132137,0.2621034237213831,0.2173054869390279,-0.26424950053558427,-0.2048505007924289,-0.24675286150901238,0.05,1.0,0.0,0.02,1e-09
68.13010690599913,X,-1,0.24233314290112898,0.2307539986365022,-0.21148234750001613,0.26210342380506446,0.217305486805386,-0.26424950062587743,-0.20485050065847826,-0.24675286157874904,0.05,1.0,0.0,0.02,1e-09
68.17814935499337,X,-1,0.24233314290112898,0.2307539986365022,-0.21148234750001613,0.26210342380506446,0.217305486805386,-0.26424950062587743,-0.20485050065847826,-0.24675286157874904,0.05,1.0,0.0,0.02,1e-09
68.22814185799507,X,-1,0.24233314290112898,0.2307539986365022,-0.21148234750001613,0.26210342380506446,0.217305486805386,-0.26424950062587743,-0.20485050065847826,-0.24675286157874904,0.05,1.0,0.0,0.02,1e-09
68.27198068299913,X,-1,0.24233314283276114,0.2307539986993819,-0.21148234742210473,0.2621034238540394,0.217305486726393,-0.26424950067908376,-0.2048505005797844,-0.2467528616203034,0.05,1.0,0.0,0.02,1e-09
68.32097493499896,X,-1,0.24233314283276114,0.2307539986993819,-0.21148234742210473,0.2621034238540394,0.217305486726393,-0.26424950067908376,-0.2048505005797844,-0.2467528616203034,0.05,1.0,0.0,0.02,1e-09
68.3815335009931,X,-1,0.24233314279242502,0.23075399873655178,-0.211482347376084,0.2621034238829414,0.2173054866797478,-0.26424950071050046,-0.20485050053333756,-0.24675286164487847,0.05,1.0,0.0,0.02,1e-09
68.43227700299758,X,-1,0.24233314279242502,0.23075399873655178,-0.211482347376084,0.2621034238829414,0.2173054866797478,-0.26424950071050046,-0.20485050053333756,-0.24675286164487847,0.05,1.0,0.0,0.02,1e-09
68.47774226099864,X,-1,0.24233314279242502,0.23075399873655178,-0.211482347376084,0.2621034238829414,0.2173054866797478,-0.26424950071050046,-0.20485050053333756,-0.24675286164487847,0.05,1.0,0.0,0.02,1e-09
68.52850251999917,X,-1,0.2423331427670081,0.23075399875705505,-0.21148234734932164,0.26210342390021174,0.21730548665237254,-0.2642495007292124,-0.20485050050282913,-0.24675286165613464,0.05,1.0,0.0,0.02,1e-09
68.57325833399955,X,-1,0.2423331427670081,0.23075399875705505,-0.21148234734932164,0.26210342390021174,0.21730548665237254,-0.2642495007292124,-0.20485050050282913,-0.24675286165613464,0.05,1.0,0.0,0.02,1e-09
68.62235336899903,X,-1,0.2423331427670081,0.23075399875705505,-0.21148234734932164,0.26210342390021174,0.21730548665237254,-0.2642495007292124,-0.20485050050282913,-0.24675286165613464,0.05,1.0,0.0,0.02,1e-09
68.67782099199394,X,-1,0.24233314275236073,0.23075399876991542,-0.21148234733187937,0.26210342390902425,0.2173054866359551,-0.2642495007400291,-0.2048505004872595,-0.24675286166532118,0.05,1.0,0.0,0.02,1e-09
68.73012441199535,X,-1,0.24233314275236073,0.23075399876991542,-0.21148234733187937,0.26210342390902425,0.2173054866359551,-0.2642495007400291,-0.2048505004872595,-0.24675286166532118,0.05,1.0,0.0,0.02,1e-09
68.77562996799679,X,-1,0.24233314274501955,0.23075399877828728,-0.2114823473227937,0.2621034239153932,0.21730548662634905,-0.2642495007464927,-0.2048505004787282,-0.2467528616715296,0.05,1.0,0.0,0.02,1e-09
68.82770941899798,X,-1,0.24233314274501955,0.23075399877828728,-0.2114823473227937,0.2621034239153932,0.21730548662634905,-0.2642495007464927,-0.2048505004787282,-0.2467528616715296,0.05,1.0,0.0,0.02,1e-09
68.87270769499446,X,-1,0.24233314274501955,0.23075399877828728,-0.2114823473227937,0.2621034239153932,0.21730548662634905,-0.2642495007464927,-0.2048505004787282,-0.2467528616715296,0.05,1.0,0.0,0.02,1e-09
68.92861709699355,X,-1,0.2423331427407137,0.23075399878325958,-0.21148234731743806,0.2621034239191609,0.2173054866206721,-0.2642495007503086,-0.2048505004736796,-0.24675286167519905,0.05,1.0,0.0,0.02,1e-09
68.9731408890002,X,-1,0.2423331427407137,0.23075399878325958,-0.21148234731743806,0.2621034239191609,0.2173054866206721,-0.2642495007503086,-0.2048505004736796,-0.24675286167519905,0.05,1.0,0.0,0.02,1e-09
69.02810013099952,X,-1,0.2423331427381888,0.23075399878621977,-0.2114823473142611,0.2621034239213723,0.2173054866173237,-0.2642495007525619,-0.20485050047073322,-0.2467528616774104,0.05,1.0,0.0,0.02,1e-09
69.07328248599515,X,-1,0.2423331427381888,0.23075399878621977,-0.2114823473142611,0.2621034239213723,0.2173054866173237,-0.2642495007525619,-0.20485050047073322,-0.2467528616774104,0.05,1.0,0.0,0.02,1e-09
69.12725507199502,X,-1,0.2423331427381888,0.23075399878621977,-0.2114823473142611,0.2621034239213723,0.2173054866173237,-0.2642495007525619,-0.20485050047073322,-0.2467528616774104,0.05,1.0,0.0,0.02,1e-09
69.17257271099515,X,-1,0.2423331427356796,0.23075399878723707,-0.2114823473119074,0.26210342392214836,0.21730548661534932,-0.2642495007538989,-0.20485050046780134,-0.2467528616774205,0.05,1.0,0.0,0.02,1e-09
69.22906808900007,X,-1,0.2423331427356796,0.23075399878723707,-0.2114823473119074,0.26210342392214836,0.21730548661534932,-0.2642495007538989,-0.20485050046780134,-0.2467528616774205,0.05,1.0,0.0,0.02,1e-09
69.27565423899796,X,-1,0.2423331427356796,0.23075399878723707,-0.2114823473119074,0.26210342392214836,0.21730548661534932,-0.2642495007538989,-0.20485050046780134,-0.2467528616774205,0.05,1.0,0.0,0.02,1e-09
69.32398113099771,X,-1,0.24233314273524814,0.23075399878860564,-0.21148234731099916,0.26210342392313707,0.21730548661417828,-0.2642495007546829,-0.20485050046724873,-0.24675286167872934,0.05,1.0,0.0,0.02,1e-09
69.38314171899401,X,-1,0.24233314273524814,0.23075399878860564,-0.21148234731099916,0.26210342392313707,0.21730548661417828,-0.2642495007546829,-0.20485050046724873,-0.24675286167872934,0.05,1.0,0.0,0.02,1e-09
69.47873846099537,X,-1,0.24233314273524814,0.23075399878860564,-0.21148234731099916,0.26210342392313707,0.21730548661417828,-0.2642495007546829,-0.20485050046724873,-0.24675286167872934,0.05,1.0,0.0,0.02,1e-09
69.48381620599685,X,-1,0.24233314273500675,0.23075399878943065,-0.21148234731045967,0.2621034239237173,0.21730548661348706,-0.26424950075514575,-0.20485050046693004,-0.24675286167951854,0.05,1.0,0.0,0.02,1e-09
69.53624806099833,C,-1,0.24233314273500675,0.23075399878943065,-0.21148234731045967,0.2621034239237173,0.21730548661348706,-0.26424950075514575,-0.20485050046693004,-0.24675286167951854,0.05,1.0,0.0,0.02,1e-09
69.57640370199806,C,-1,0.23970619298924148,0.23531773944336148,-0.21800999740971336,0.25691625364781373,0.2135894009965084,-0.26811876943752183,-0.21122717903286922,-0.24205464537042926,0.05,1.0,0.0,0.02,1e-09
69.62401433199557,C,-1,0.23970619298924148,0.23531773944336148,-0.21800999740971336,0.25691625364781373,0.2135894009965084,-0.26811876943752183,-0.21122717903286922,-0.24205464537042926,0.05,1.0,0.0,0.02,1e-09
69.67678002899629,C,-1,0.23970619298924148,0.23531773944336148,-0.21800999740971336,0.25691625364781373,0.2135894009965084,-0.26811876943752183,-0.21122717903286922,-0.24205464537042926,0.05,1.0,0.0,0.02,1e-09
69.72486964899872,C,-1,0.23516263189933756,0.2390467108872142,-0.2363140601933576,0.23476960979795763,0.20797770665595464,-0.270666533758611,-0.23122650997779226,-0.22323423916530655,0.05,1.0,0.0,0.02,1e-09
69.77154309799516,C,-1,0.23516263189933756,0.2390467108872142,-0.2363140601933576,0.23476960979795763,0.20797770665595464,-0.270666533758611,-0.23122650997779226,-0.22323423916530655,0.05,1.0,0.0,0.02,1e-09
69.82227764799609,C,-1,0.22710722300112451,0.23657356215043168,-0.24882937543041939,0.2018573667869386,0.2004454508749912,-0.2669839435659664,-0.24524800737255625,-0.19301749800435725,0.05,1.0,0.0,0.02,1e-09
69.87544471699948,C,-1,0.22710722300112451,0.23657356215043168,-0.24882937543041939,0.2018573667869386,0.2004454508749912,-0.2669839435659664,-0.24524800737255625,-0.19301749800435725,0.05,1.0,0.0,0.02,1e-09
69.93087883699627,C,-1,0.22710722300112451,0.23657356215043168,-0.24882937543041939,0.2018573667869386,0.2004454508749912,-0.2669839435659664,-0.24524800737255625,-0.19301749800435725,0.05,1.0,0.0,0.02,1e-09
69.97557162599696,C,-1,0.2127918999751191,0.226564283184309,-0.24635273221952178,0.1651723789546688,0.18842116321282576,-0.25526693175379855,-0.2432779787664008,-0.15820805166761598,0.05,1.0,0.0,0.02,1e-09
70.03158965599869,C,-1,0.1960422696677125,0.2130884904915767,-0.23093604381154867,0.1419514006742938,0.17458923895456452,-0.2397091161214373,-0.2283491570845319,-0.13645098660647584,0.05,1.0,0.0,0.02,1e-09
70.09394318499835,C,-1,0.1960422696677125,0.2130884904915767,-0.23093604381154867,0.1419514006742938,0.17458923895456452,-0.2397091161214373,-0.2283491570845319,-0.13645098660647584,0.05,1.0,0.0,0.02,1e-09
70.12326321999717,C,-1,0.17851714801740126,0.19816340453475279,-0.21051066264716845,0.12753669881469348,0.16013548053530358,-0.2224482990634838,-0.20831259170729602,-0.12329998785915852,0.05,1.0,0.0,0.02,1e-09
70.17089785499411,C,-1,0.17851714801740126,0.19816340453475279,-0.21051066264716845,0.12753669881469348,0.16013548053530358,-0.2224482990634838,-0.20831259170729602,-0.12329998785915852,0.05,1.0,0.0,0.02,1e-09
70.224277385998,C,-1,0.16479314212675408,0.1862311428466889,-0.19348000013733702,0.11925350666251329,0.14876121645822096,-0.20856423915417005,-0.19159460173457837,-0.11594477170006195,0.05,1.0,0.0,0.02,1e-09
70.28415724599472,C,-1,0.16479314212675408,0.1862311428466889,-0.19348000013733702,0.11925350666251329,0.14876121645822096,-0.20856423915417005,-0.19159460173457837,-0.11594477170006195,0.05,1.0,0.0,0.02,1e-09
70.32549448699865,C,-1,0.15654755620332614,0.17901574533607345,-0.1830587859432474,0.11485462446410055,0.14189193649718937,-0.2001225118154356,-0.18140572236980543,-0.11209521764954568,0.05,1.0,0.0,0.02,1e-09
70.3870267989987,C,-1,0.15165533857587563,0.1747191785777097,-0.17681756849072927,0.1124401486610237,0.13780404108577768,-0.19507978816947058,-0.17531600916194334,-0.1100030216136436,0.05,1.0,0.0,0.02,1e-09
70.42241932999605,C,-1,0.15165533857587563,0.1747191785777097,-0.17681756849072927,0.1124401486610237,0.13780404108577768,-0.19507978816947058,-0.17531600916194334,-0.1100030216136436,0.05,1.0,0.0,0.02,1e-09
70.4812919659962,C,-1,0.15165533857587563,0.1747191785777097,-0.17681756849072927,0.1124401486610237,0.13780404108577768,-0.19507978816947058,-0.17531600916194334,-0.1100030216136436,0.05,1.0,0.0,0.02,1e-09
70.52621890499722,C,-1,0.1487638226882002,0.17217439718930444,-0.17310996914900698,0.11108008146662449,0.13538363747814583,-0.19208752256677464,-0.17170234356480127,-0.10883202844403972,0.05,1.0,0.0,0.02,1e-09
70.57629855199775,C,-1,0.14705658041191666,0.1706700439265877,-0.1709146475265948,0.110300185117008,0.13395305970574226,-0.19031669939482834,-0.1695639370204618,-0.10816325120654825,0.05,1.0,0.0,0.02,1e-09
70.62767044599605,C,-1,0.14705658041191666,0.1706700439265877,-0.1709146475265948,0.110300185117008,0.13395305970574226,-0.19031669939482834,-0.1695639370204618,-0.10816325120654825,0.05,1.0,0.0,0.02,1e-09
70.67688296299457,C,-1,0.14604875905043158,0.16978135710493442,-0.1696165895369624,0.10984781437871124,0.13310803688809897,-0.18926991998949616,-0.16829996837751485,-0.10777629156947865,0.05,1.0,0.0,0.02,1e-09
70.72705586499796,C,-1,0.14604875905043158,0.16978135710493442,-0.1696165895369624,0.10984781437871124,0.13310803688809897,-0.18926991998949616,-0.16829996837751485,-0.10777629156947865,0.05,1.0,0.0,0.02,1e-09
70.78840798399324,C,-1,0.1454537982437779,0.16925650601508543,-0.16884956532073808,0.10958354670631437,0.13260900073367335,-0.1886514642694512,-0.16755323661991703,-0.10755057348865468,0.05,1.0,0.0,0.02,1e-09
70.82264591699641,C,-1,0.1454537982437779,0.16925650601508543,-0.16884956532073808,0.10958354670631437,0.13260900073367335,-0.1886514642694512,-0.16755323661991703,-0.10755057348865468,0.05,1.0,0.0,0.02,1e-09
70.87852096699498,C,-1,0.1451025410178934,0.16894656393205265,-0.16839647418604628,0.10942849610319885,0.13231431252807646,-0.18828616300855355,-0.16711218381652906,-0.10741825906179665,0.05,1.0,0.0,0.02,1e-09
70.92396578499756,C,-1,0.1451025410178934,0.16894656393205265,-0.16839647418604628,0.10942849610319885,0.13231431252807646,-0.18828616300855355,-0.16711218381652906,-0.10741825906179665,0.05,1.0,0.0,0.02,1e-09
70.97372847599763,C,-1,0.14489515046881649,0.16876354009870081,-0.16812887190136636,0.10933728826520679,0.13214029945127148,-0.18807042024984705,-0.16685170930784274,-0.1073404671367238,0.05,1.0,0.0,0.02,1e-09
71.024497831997,C,-1,0.14489515046881649,0.16876354009870081,-0.16812887190136636,0.10933728826520679,0.13214029945127148,-0.18807042024984705,-0.16685170930784274,-0.1073404671367238,0.05,1.0,0.0,0.02,1e-09
71.09163089799404,C,-1,0.1447726969694636,0.16865546458849662,-0.1679708363714345,0.10928355237226184,0.13203754589279462,-0.1879430141840817,-0.1666978893314847,-0.10729464983438652,0.05,1.0,0.0,0.02,1e-09
71.12060346099315,C,-1,0.14470039246708027,0.16859164654090789,-0.16787751145920374,0.10925186421998369,0.13197687081360365,-0.18786777803829327,-0.16660705597939013,-0.10726763634794402,0.05,1.0,0.0,0.02,1e-09
71.18832361199748,C,-1,0.14470039246708027,0.16859164654090789,-0.16787751145920374,0.10925186421998369,0.13197687081360365,-0.18786777803829327,-0.16660705597939013,-0.10726763634794402,0.05,1.0,0.0,0.02,1e-09
71.23100509499636,C,-1,0.14470039246708027,0.16859164654090789,-0.16787751145920374,0.10925186421998369,0.13197687081360365,-0.18786777803829327,-0.16660705597939013,-0.10726763634794402,0.05,1.0,0.0,0.02,1e-09
71.27665681799408,C,-1,0.14465769846740215,0.1685539624496003,-0.16782240178842697,0.10923316745484121,0.13194104275515897,-0.18782335042214726,-0.16655341835633544,-0.10725169951238672,0.05,1.0,0.0,0.02,1e-09
71.34366470199893,C,-1,0.14463248846976112,0.1685317103136586,-0.16778985930234297,0.10922213235336634,0.13191988663714044,-0.18779711586621975,-0.16652174538050155,-0.10724229397713544,0.05,1.0,0.0,0.02,1e-09
71.37450077899848,C,-1,0.14463248846976112,0.1685317103136586,-0.16778985930234297,0.10922213235336634,0.13191988663714044,-0.18779711586621975,-0.16652174538050155,-0.10724229397713544,0.05,1.0,0.0,0.02,1e-09
71.42969151299621,C,-1,0.14463248846976112,0.1685317103136586,-0.16778985930234297,0.10922213235336634,0.13191988663714044,-0.18779711586621975,-0.16652174538050155,-0.10724229397713544,0.05,1.0,0.0,0.02,1e-09
71.47963109799457,C,-1,0.14461760235226684,0.16851857063074605,-0.16777064302011493,0.10921561803262003,0.13190739415891503,-0.18778162445221994,-0.16650304263320934,-0.10723674184846924,0.05,1.0,0.0,0.02,1e-09
71.53562411599705,C,-1,0.14460881229562683,0.168510811772839,-0.16775929590385052,0.10921177201773313,0.13190001747484484,-0.1877724768676809,-0.16649199878828425,-0.10723346398076969,0.05,1.0,0.0,0.02,1e-09
71.574483958997,C,-1,0.14460881229562683,0.168510811772839,-0.16775929590385052,0.10921177201773313,0.13190001747484484,-0.1877724768676809,-0.16649199878828425,-0.10723346398076969,0.05,1.0,0.0,0.02,1e-09
71.62914249599999,C,-1,0.14460881229562683,0.168510811772839,-0.16775929590385052,0.10921177201773313,0.13190001747484484,-0.1877724768676809,-0.16649199878828425,-0.10723346398076969,0.05,1.0,0.0,0.02,1e-09
71.68556963299488,C,-1,0.14460362187145817,0.16850623024258005,-0.16775259551252117,0.10920950120281081,0.13189566161648514,-0.1877670752897787,-0.166485477487533,-0.10723152864493607,0.05,1.0,0.0,0.02,1e-09
71.7315730489936,C,-1,0.14460055698360705,0.16850352489399728,-0.1677486389870724,0.10920816038546309,0.13189308952562429,-0.18776388570483038,-0.16648162671742311,-0.10723038592249229,0.05,1.0,0.0,0.02,1e-09
71.77342249699723,C,-1,0.14460055698360705,0.16850352489399728,-0.1677486389870724,0.10920816038546309,0.13189308952562429,-0.18776388570483038,-0.16648162671742311,-0.10723038592249229,0.05,1.0,0.0,0.02,1e-09
71.83051937699929,C,-1,0.14459874719997437,0.16850192741244177,-0.16774630269439728,0.10920736867278158,0.13189157073167287,-0.187762002284301,-0.16647935287366278,-0.10722971118212335,0.05,1.0,0.0,0.02,1e-09
71.87975079799799,C,-1,0.14459874719997437,0.16850192741244177,-0.16774630269439728,0.10920736867278158,0.13189157073167287,-0.187762002284301,-0.16647935287366278,-0.10722971118212335,0.05,1.0,0.0,0.02,1e-09
71.94739813499473,C,-1,0.14459767854153263,0.16850098411546352,-0.16774492313555428,0.10920690118361923,0.13189067389902648,-0.1877608901424368,-0.166478010190783,-0.10722931276368125,0.05,1.0,0.0,0.02,1e-09
71.98297791499499,C,-1,0.14459767854153263,0.16850098411546352,-0.16774492313555428,0.10920690118361923,0.13189067389902648,-0.1877608901424368,-0.166478010190783,-0.10722931276368125,0.05,1.0,0.0,0.02,1e-09
72.03820838899992,C,-1,0.14459704750965194,0.16850042710799812,-0.1677441085193719,0.1092066251391722,0.13189014432831528,-0.1877602334334825,-0.16647721734966384,-0.10722907750471297,0.05,1.0,0.0,0.02,1e-09
72.0818406469989,C,-1,0.14459704750965194,0.16850042710799812,-0.1677441085193719,0.1092066251391722,0.13189014432831528,-0.1877602334334825,-0.16647721734966384,-0.10722907750471297,0.05,1.0,0.0,0.02,1e-09
72.14786884499335,C,-1,0.14459667489172148,0.16850009820064843,-0.1677436274964947,0.10920646213881244,0.13188983162210535,-0.1877598456533056,-0.16647674918480485,-0.10722893858773877,0.05,1.0,0.0,0.02,1e-09
72.18360905899317,C,-1,0.14459667489172148,0.16850009820064843,-0.1677436274964947,0.10920646213881244,0.13188983162210535,-0.1877598456533056,-0.16647674918480485,-0.10722893858773877,0.05,1.0,0.0,0.02,1e-09
72.23956170199381,C,-1,0.14459667489172148,0.16850009820064843,-0.1677436274964947,0.10920646213881244,0.13188983162210535,-0.1877598456533056,-0.16647674918480485,-0.10722893858773877,0.05,1.0,0.0,0.02,1e-09
72.27457396099635,C,-1,0.14459645486458889,0.16849990398414327,-0.16774334345723763,0.10920636588912255,0.13188964697221536,-0.187759616672952,-0.16647647273810043,-0.10722885655903616,0.05,1.0,0.0,0.02,1e-09
72.32689213699632,C,-1,0.14459632494077765,0.16849978930123777,-0.16774317573487665,0.10920630905477995,0.13188953793830205,-0.18775948146233046,-0.16647630949907283,-0.10722880812204055,0.05,1.0,0.0,0.02,1e-09
72.37836105799943,C,-1,0.14459632494077765,0.16849978930123777,-0.16774317573487665,0.10920630905477995,0.13188953793830205,-0.18775948146233046,-0.16647630949907283,-0.10722880812204055,0.05,1.0,0.0,0.02,1e-09
72.42330635199323,C,-1,0.14459624822206976,0.1684997215821284,-0.16774307669649272,0.1092062754947169,0.13188947355486663,-0.18775940162180632,-0.16647621310805494,-0.10722877952052523,0.05,1.0,0.0,0.02,1e-09
72.47419012799946,C,-1,0.14459624822206976,0.1684997215821284,-0.16774307669649272,0.1092062754947169,0.13188947355486663,-0.18775940162180632,-0.16647621310805494,-0.10722877952052523,0.05,1.0,0.0,0.02,1e-09
72.52896248399338,C,-1,0.14459620292044112,0.16849968159467127,-0.16774301821531498,0.10920625567785179,0.1318894355370922,-0.187759354476774,-0.16647615619012146,-0.10722876263163278,0.05,1.0,0.0,0.02,1e-09
72.57253959099762,C,-1,0.14459620292044112,0.16849968159467127,-0.16774301821531498,0.10920625567785179,0.1318894355370922,-0.187759354476774,-0.16647615619012146,-0.10722876263163278,0.05,1.0,0.0,0.02,1e-09
72.62617133099411,C,-1,0.14459617616943485,0.1684996579818538,-0.16774298368276386,0.10920624397619702,0.13188941308845575,-0.18775932663895895,-0.1664761225789071,-0.10722875265866344,0.05,1.0,0.0,0.02,1e-09
72.67821315399488,C,-1,0.14459617616943485,0.1684996579818538,-0.16774298368276386,0.10920624397619702,0.13188941308845575,-0.18775932663895895,-0.1664761225789071,-0.10722875265866344,0.05,1.0,0.0,0.02,1e-09
72.72227545099304,C,-1,0.14459616037029777,0.16849964403638623,-0.16774296329163735,0.10920623706648888,0.13188939983390544,-0.18775931020305214,-0.16647610272664692,-0.10722874676897053,0.05,1.0,0.0,0.02,1e-09
72.77300533099333,C,-1,0.14459615102996404,0.16849963579141708,-0.16774295125088123,0.10920623298637608,0.13188939200722632,-0.1877593004978137,-0.1664760909917722,-0.10722874328931431,0.05,1.0,0.0,0.02,1e-09
72.82826458499767,C,-1,0.14459615102996404,0.16849963579141708,-0.16774295125088123,0.10920623298637608,0.13188939200722632,-0.1877593004978137,-0.1664760909917722,-0.10722874328931431,0.05,1.0,0.0,0.02,1e-09
72.87575656699482,C,-1,0.14459614550563263,0.1684996309145262,-0.16774294414093543,0.1092062305771106,0.13188938738565062,-0.1877592947669678,-0.16647608405251046,-0.10722874123311771,0.05,1.0,0.0,0.02,1e-09
72.93492032499489,C,-1,0.14459614550563263,0.1684996309145262,-0.16774294414093543,0.1092062305771106,0.13188938738565062,-0.1877592947669678,-0.16647608405251046,-0.10722874123311771,0.05,1.0,0.0,0.02,1e-09
72.9805253319937,C,-1,0.14459614223827302,0.16849962802985124,-0.16774293994258355,0.1092062291544635,0.13188938465665664,-0.1877592913829606,-0.1664760799490703,-0.10722874001807031,0.05,1.0,0.0,0.02,1e-09
73.0257791329932,C,-1,0.14459614223827302,0.16849962802985124,-0.16774293994258355,0.1092062291544635,0.13188938465665664,-0.1877592913829606,-0.1664760799490703,-0.10722874001807031,0.05,1.0,0.0,0.02,1e-09
73.07856651999464,C,-1,0.1445961403059345,0.16849962632359788,-0.16774293746349894,0.10920622831440469,0.1318893830443783,-0.18775928938367195,-0.16647607752218632,-0.10722873930010121,0.05,1.0,0.0,0.02,1e-09
73.12155808599346,C,-1,0.1445961403059345,0.16849962632359788,-0.16774293746349894,0.10920622831440469,0.1318893830443783,-0.18775928938367195,-0.16647607752218632,-0.10722873930010121,0.05,1.0,0.0,0.02,1e-09
73.17953135299467,C,-1,0.14459613916322864,0.16849962531438645,-0.16774293599962425,0.10920622781835827,0.13188938209128914,-0.18775928820176305,-0.1664760760866162,-0.10722873887587259,0.05,1.0,0.0,0.02,1e-09
73.22372397899744,C,-1,0.14459613848747888,0.16849962471745988,-0.16774293513522126,0.10920622752544798,0.13188938152787555,-0.1877592875030601,-0.16647607523743663,-0.10722873862520718,0.05,1.0,0.0,0.02,1e-09
73.27678448199731,C,-1,0.14459613848747888,0.16849962471745988,-0.16774293513522126,0.10920622752544798,0.13188938152787555,-0.1877592875030601,-0.16647607523743663,-0.10722873862520718,0.05,1.0,0.0,0.02,1e-09
73.32442453599651,C,-1,0.1445961380878681,0.16849962436439114,-0.1677429346248002,0.10920622735248736,0.13188938119481666,-0.18775928709001147,-0.16647607473512327,-0.10722873847709552,0.05,1.0,0.0,0.02,1e-09
73.38096080999821,C,-1,0.1445961380878681,0.16849962436439114,-0.1677429346248002,0.10920622735248736,0.13188938119481666,-0.18775928709001147,-0.16647607473512327,-0.10722873847709552,0.05,1.0,0.0,0.02,1e-09
73.42517791999853,C,-1,0.14459613785155465,0.16849962415555897,-0.16774293432340184,0.10920622725035589,0.13188938099793085,-0.1877592868458317,-0.1664760744379912,-0.10722873838958026,0.05,1.0,0.0,0.02,1e-09
73.48139193399402,C,-1,0.14459613785155465,0.16849962415555897,-0.16774293432340184,0.10920622725035589,0.13188938099793085,-0.1877592868458317,-0.1664760744379912,-0.10722873838958026,0.05,1.0,0.0,0.02,1e-09
73.53033762999985,C,-1,0.1445961377118085,0.16849962403203916,-0.16774293414542907,0.10920622719004835,0.13188938088154287,-0.1877592867014815,-0.1664760742622298,-0.1072287383378697,0.05,1.0,0.0,0.02,1e-09
73.57954439399327,C,-1,0.1445961377118085,0.16849962403203916,-0.16774293414542907,0.10920622719004835,0.13188938088154287,-0.1877592867014815,-0.1664760742622298,-0.1072287383378697,0.05,1.0,0.0,0.02,1e-09
73.62635863099422,C,-1,0.14459613762916826,0.16849962395898035,-0.1677429340403384,0.1092062271544373,0.13188938081274093,-0.18775928661614702,-0.1664760741582621,-0.10722873830731527,0.05,1.0,0.0,0.02,1e-09
73.67732838399388,C,-1,0.14459613762916826,0.16849962395898035,-0.1677429340403384,0.1092062271544373,0.13188938081274093,-0.18775928661614702,-0.1664760741582621,-0.10722873830731527,0.05,1.0,0.0,0.02,1e-09
73.73160566399747,C,-1,0.14459613758029843,0.16849962391576784,-0.16774293397828366,0.10920622713340944,0.13188938077206902,-0.18775928656570007,-0.16647607409676246,-0.10722873828926138,0.05,1.0,0.0,0.02,1e-09
73.7746960039949,C,-1,0.14459613758029843,0.16849962391576784,-0.16774293397828366,0.10920622713340944,0.13188938077206902,-0.18775928656570007,-0.16647607409676246,-0.10722873828926138,0.05,1.0,0.0,0.02,1e-09
73.83084166099434,C,-1,0.144596137551399,0.16849962389020878,-0.16774293394164097,0.10920622712099262,0.13188938074802595,-0.1877592865358777,-0.16647607406038414,-0.10722873827859386,0.05,1.0,0.0,0.02,1e-09
73.87168374999601,C,-1,0.144596137551399,0.16849962389020878,-0.16774293394164097,0.10920622712099262,0.13188938074802595,-0.1877592865358777,-0.16647607406038414,-0.10722873827859386,0.05,1.0,0.0,0.02,1e-09
73.92962839499523,C,-1,0.144596137534309,0.16849962387509115,-0.16774293392000394,0.10920622711366074,0.13188938073381337,-0.18775928651824828,-0.1664760740388655,-0.10722873827229068,0.05,1.0,0.0,0.02,1e-09
74.04587325899774,C,-1,0.14459613752420283,0.16849962386614956,-0.1677429339072277,0.10920622710933128,0.13188938072541154,-0.18775928650782614,-0.1664760740261369,-0.10722873826856621,0.05,1.0,0.0,0.02,1e-09
74.05697059199883,C,-1,0.14459613752420283,0.16849962386614956,-0.1677429339072277,0.10920622710933128,0.13188938072541154,-0.18775928650782614,-0.1664760740261369,-0.10722873826856621,0.05,1.0,0.0,0.02,1e-09
74.07387810999353,C,-1,0.14459613751822664,0.16849962386086087,-0.16774293389968395,0.10920622710677491,0.13188938072044476,-0.187759286501665,-0.16647607401860776,-0.10722873826636557,0.05,1.0,0.0,0.02,1e-09
74.1277542799944,C,-1,0.14459613751822664,0.16849962386086087,-0.16774293389968395,0.10920622710677491,0.13188938072044476,-0.187759286501665,-0.16647607401860776,-0.10722873826636557,0.05,1.0,0.0,0.02,1e-09
74.17644795099477,C,-1,0.14459613751469277,0.16849962385773298,-0.16774293389522962,0.10920622710526534,0.13188938071750902,-0.18775928649802315,-0.1664760740141544,-0.10722873826506532,0.05,1.0,0.0,0.02,1e-09
74.23729617099889,C,-1,0.14459613751469277,0.16849962385773298,-0.16774293389522962,0.10920622710526534,0.13188938071750902,-0.18775928649802315,-0.1664760740141544,-0.10722873826506532,0.05,1.0,0.0,0.02,1e-09
74.28035393699975,C,-1,0.14459613751260297,0.16849962385588294,-0.16774293389259923,0.10920622710437407,0.1318893807157737,-0.1877592864958702,-0.1664760740115201,-0.10722873826429705,0.05,1.0,0.0,0.02,1e-09
74.32906174899836,C,-1,0.14459613751260297,0.16849962385588294,-0.16774293389259923,0.10920622710437407,0.1318893807157737,-0.1877592864958702,-0.1664760740115201,-0.10722873826429705,0.05,1.0,0.0,0.02,1e-09
74.37960146799742,C,-1,0.14459613751136732,0.1684996238547889,-0.16774293389104636,0.10920622710384766,0.13188938071474796,-0.18775928649459767,-0.16647607400996217,-0.1072287382638431,0.05,1.0,0.0,0.02,1e-09
74.42469830199843,C,-1,0.14459613751136732,0.1684996238547889,-0.16774293389104636,0.10920622710384766,0.13188938071474796,-0.18775928649459767,-0.16647607400996217,-0.1072287382638431,0.05,1.0,0.0,0.02,1e-09
74.47961503899569,C,-1,0.14459613751063674,0.16849962385414186,-0.16774293389012954,0.10920622710353697,0.1318893807141418,-0.18775928649384557,-0.16647607400904085,-0.10722873826357487,0.05,1.0,0.0,0.02,1e-09
74.53202343299927,C,-1,0.14459613751063674,0.16849962385414186,-0.16774293389012954,0.10920622710353697,0.1318893807141418,-0.18775928649384557,-0.16647607400904085,-0.10722873826357487,0.05,1.0,0.0,0.02,1e-09
74.57242390799365,C,-1,0.1445961375102048,0.16849962385375922,-0.16774293388958839,0.10920622710335354,0.13188938071378342,-0.18775928649340118,-0.16647607400849596,-0.10722873826341642,0.05,1.0,0.0,0.02,1e-09
74.62390175999462,C,-1,0.1445961375102048,0.16849962385375922,-0.16774293388958839,0.10920622710335354,0.13188938071378342,-0.18775928649340118,-0.16647607400849596,-0.10722873826341642,0.05,1.0,0.0,0.02,1e-09
74.67244863599626,C,-1,0.14459613750994965,0.16849962385353312,-0.16774293388926892,0.10920622710324514,0.13188938071357173,-0.18775928649313856,-0.16647607400817369,-0.10722873826332285,0.05,1.0,0.0,0.02,1e-09
74.7003142379981,C,-1,0.14459613750994965,0.16849962385353312,-0.16774293388926892,0.10920622710324514,0.13188938071357173,-0.18775928649313856,-0.16647607400817369,-0.10722873826332285,0.05,1.0,0.0,0.02,1e-09
74.7204029689965,C,-1,0.14459613750994965,0.16849962385353312,-0.16774293388926892,0.10920622710324514,0.13188938071357173,-0.18775928649313856,-0.16647607400817369,-0.10722873826332285,0.05,1.0,0.0,0.02,1e-09
74.7762889959995,C,-1,0.14459613750979877,0.1684996238533995,-0.16774293388908054,0.1092062271031812,0.1318893807134469,-0.1877592864929835,-0.1664760740079832,-0.10722873826326747,0.05,1.0,0.0,0.02,1e-09
74.81246552499942,C,-1,0.14459613750979877,0.1684996238533995,-0.16774293388908054,0.1092062271031812,0.1318893807134469,-0.1877592864929835,-0.1664760740079832,-0.10722873826326747,0.05,1.0,0.0,0.02,1e-09
74.85947642499377,C,-1,0.14459613750970973,0.16849962385332057,-0.1677429338889695,0.10920622710314344,0.1318893807133732,-0.18775928649289209,-0.166476074007871,-0.10722873826323487,0.05,1.0,0.0,0.02,1e-09
74.90922272999887,C,-1,0.14459613750965725,0.16849962385327405,-0.16774293388890427,0.10920622710312136,0.1318893807133297,-0.1877592864928379,-0.16647607400780468,-0.10722873826321555,0.05,1.0,0.0,0.02,1e-09
74.9596559499987,C,-1,0.14459613750965725,0.16849962385327405,-0.16774293388890427,0.10920622710312136,0.1318893807133297,-0.1877592864928379,-0.16647607400780468,-0.10722873826321555,0.05,1.0,0.0,0.02,1e-09
75.03821751099895,X,-1,0.1445961375096263,0.16849962385324652,-0.1677429338888657,0.10920622710310823,0.13188938071330408,-0.18775928649280638,-0.1664760740077654,-0.10722873826320423,0.05,1.0,0.0,0.02,1e-09
75.0762546009937,X,-1,0.1445961375096263,0.16849962385324652,-0.1677429338888657,0.10920622710310823,0.13188938071330408,-0.18775928649280638,-0.1664760740077654,-0.10722873826320423,0.05,1.0,0.0,0.02,1e-09
75.11308311699395,X,-1,0.14665183777986435,0.1659911526133858,-0.16698955486576836,0.11392257107037143,0.13481705592184517,-0.185849248617047,-0.16550153989026542,-0.11186758991626415,0.05,1.0,0.0,0.02,1e-09
75.17190267899423,X,-1,0.14665183777986435,0.1659911526133858,-0.16698955486576836,0.11392257107037143,0.13481705592184517,-0.185849248617047,-0.16550153989026542,-0.11186758991626415,0.05,1.0,0.0,0.02,1e-09
75.21626907699829,X,-1,0.15026346676479818,0.16566006716771625,-0.1666148252226754,0.12696725145699217,0.13908743215172858,-0.18659802172080264,-0.16161650314494835,-0.12370660183618037,0.05,1.0,0.0,0.02,1e-09
75.27000586099894,X,-1,0.15026346676479818,0.16566006716771625,-0.1666148252226754,0.12696725145699217,0.13908743215172858,-0.18659802172080264,-0.16161650314494835,-0.12370660183618037,0.05,1.0,0.0,0.02,1e-09
75.31200590799563,X,-1,0.15948307444904403,0.17098567576234988,-0.17069778893903131,0.14620257226202318,0.1476636898862882,-0.19365832476102007,-0.1608422696886404,-0.1396315422336728,0.05,1.0,0.0,0.02,1e-09
75.36420429999998,X,-1,0.15948307444904403,0.17098567576234988,-0.17069778893903131,0.14620257226202318,0.1476636898862882,-0.19365832476102007,-0.1608422696886404,-0.1396315422336728,0.05,1.0,0.0,0.02,1e-09
75.41500372899463,X,-1,0.1747958877320473,0.1816214408830929,-0.17700939742419033,0.17326933331895294,0.16106734222989175,-0.20673665895108911,-0.16544167930621276,-0.16277976507697656,0.05,1.0,0.0,0.02,1e-09
75.46427226999367,X,-1,0.1747958877320473,0.1816214408830929,-0.17700939742419033,0.17326933331895294,0.16106734222989175,-0.20673665895108911,-0.16544167930621276,-0.16277976507697656,0.05,1.0,0.0,0.02,1e-09
75.51591995599301,X,-1,0.19134189244111396,0.19349386124970885,-0.18450876753784196,0.1975823871616755,0.17523429029809132,-0.22102226641406691,-0.17299063971842915,-0.1843080958486891,0.05,1.0,0.0,0.02,1e-09
75.5718008029944,X,-1,0.19134189244111396,0.19349386124970885,-0.18450876753784196,0.1975823871616755,0.17523429029809132,-0.22102226641406691,-0.17299063971842915,-0.1843080958486891,0.05,1.0,0.0,0.02,1e-09
75.62243321099959,X,-1,0.19134189244111396,0.19349386124970885,-0.18450876753784196,0.1975823871616755,0.17523429029809132,-0.22102226641406691,-0.17299063971842915,-0.1843080958486891,0.05,1.0,0.0,0.02,1e-09
75.66973006199987,X,-1,0.20957110930527836,0.20685606544907648,-0.1949387722433002,0.22036758454529,0.19053867980147365,-0.23679830431632132,-0.18450468661534924,-0.20554347229729636,0.05,1.0,0.0,0.02,1e-09
75.71260846899531,X,-1,0.22405014912727508,0.21750153779027848,-0.20335919997255278,0.23794039011162926,0.20249936170468275,-0.24916709251782737,-0.1942767406294809,-0.22256558861419506,0.05,1.0,0.0,0.02,1e-09
75.76848021899787,X,-1,0.22405014912727508,0.21750153779027848,-0.20335919997255278,0.23794039011162926,0.20249936170468275,-0.24916709251782737,-0.1942767406294809,-0.22256558861419506,0.05,1.0,0.0,0.02,1e-09
75.81252347599366,X,-1,0.22405014912727508,0.21750153779027848,-0.20335919997255278,0.23794039011162926,0.20249936170468275,-0.24916709251782737,-0.1942767406294809,-0.22256558861419506,0.05,1.0,0.0,0.02,1e-09
75.86746358799428,X,-1,0.2321141004866673,0.22338337860246027,-0.20742546467990033,0.24821818081989216,0.20908070560988307,-0.2559162000128316,-0.1992969105612599,-0.23273252630790336,0.05,1.0,0.0,0.02,1e-09
75.91469493699697,X,-1,0.2321141004866673,0.22338337860246027,-0.20742546467990033,0.24821818081989216,0.20908070560988307,-0.2559162000128316,-0.1992969105612599,-0.23273252630790336,0.05,1.0,0.0,0.02,1e-09
75.96366036699328,X,-1,0.23651004615249266,0.22656740378287255,-0.20934813485862766,0.2540538571136059,0.21263758666364524,-0.25953652330475263,-0.20181706363820578,-0.23858074213706648,0.05,1.0,0.0,0.02,1e-09
76.02086336799402,X,-1,0.23651004615249266,0.22656740378287255,-0.20934813485862766,0.2540538571136059,0.21263758666364524,-0.25953652330475263,-0.20181706363820578,-0.23858074213706648,0.05,1.0,0.0,0.02,1e-09
76.05922515400016,X,-1,0.23651004615249266,0.22656740378287255,-0.20934813485862766,0.2540538571136059,0.21263758666364524,-0.25953652330475263,-0.20181706363820578,-0.23858074213706648,0.05,1.0,0.0,0.02,1e-09
76.10797188799916,X,-1,0.2389702369549013,0.2283410004291228,-0.21031374753436682,0.2574056268732767,0.21461652576444812,-0.26154052579544623,-0.20314593863055128,-0.24196767504680955,0.05,1.0,0.0,0.02,1e-09
76.16335045699816,X,-1,0.2389702369549013,0.2283410004291228,-0.21031374753436682,0.2574056268732767,0.21461652576444812,-0.26154052579544623,-0.20314593863055128,-0.24196767504680955,0.05,1.0,0.0,0.02,1e-09
76.22029385899805,X,-1,0.24037412024863386,0.22935004169546835,-0.21082433226514374,0.2593493978635587,0.21574149078932847,-0.26267598327773,-0.20387435364813936,-0.24394197658160177,0.05,1.0,0.0,0.02,1e-09
76.2640891389965,X,-1,0.24037412024863386,0.22935004169546835,-0.21082433226514374,0.2593493978635587,0.21574149078932847,-0.26267598327773,-0.20387435364813936,-0.24394197658160177,0.05,1.0,0.0,0.02,1e-09
76.3120265089965,X,-1,0.24037412024863386,0.22935004169546835,-0.21082433226514374,0.2593493978635587,0.21574149078932847,-0.26267598327773,-0.20387435364813936,-0.24394197658160177,0.05,1.0,0.0,0.02,1e-09
76.36418646999664,X,-1,0.24118576139062678,0.2299323161766389,-0.21110497864493472,0.26048429965122777,0.21639032708348407,-0.263329518075989,-0.20428471986022415,-0.24509832663292563,0.05,1.0,0.0,0.02,1e-09
76.41880948499602,X,-1,0.24118576139062678,0.2299323161766389,-0.21110497864493472,0.26048429965122777,0.21639032708348407,-0.263329518075989,-0.20428471986022415,-0.24509832663292563,0.05,1.0,0.0,0.02,1e-09
76.46861556999647,X,-1,0.24165891957990618,0.23027137374665424,-0.21126341656124242,0.26114985078139713,0.2167680232782572,-0.263709467775076,-0.20452012322441276,-0.24577773791147656,0.05,1.0,0.0,0.02,1e-09
76.51343012799771,X,-1,0.24165891957990618,0.23027137374665424,-0.21126341656124242,0.26114985078139713,0.2167680232782572,-0.263709467775076,-0.20452012322441276,-0.24577773791147656,0.05,1.0,0.0,0.02,1e-09
76.5695553819969,X,-1,0.24165891957990618,0.23027137374665424,-0.21126341656124242,0.26114985078139713,0.2167680232782572,-0.263709467775076,-0.20452012322441276,-0.24577773791147656,0.05,1.0,0.0,0.02,1e-09
76.61790323899913,X,-1,0.24193617243656923,0.23046991193780964,-0.21135443179882735,0.26154122714411593,0.21698914384386048,-0.2639317376316728,-0.20465671092123933,-0.2461777157679217,0.05,1.0,0.0,0.02,1e-09
76.6641204799962,X,-1,0.24193617243656923,0.23046991193780964,-0.21135443179882735,0.26154122714411593,0.21698914384386048,-0.2639317376316728,-0.20465671092123933,-0.2461777157679217,0.05,1.0,0.0,0.02,1e-09
76.71613622499717,X,-1,0.24209913790638024,0.23058656199386512,-0.2114072890891865,0.2617717598726036,0.2171190469348567,-0.2640622561781845,-0.20473652132432255,-0.2464134731595285,0.05,1.0,0.0,0.02,1e-09
76.77164074899338,X,-1,0.24209913790638024,0.23058656199386512,-0.2114072890891865,0.2617717598726036,0.2171190469348567,-0.2640622561781845,-0.20473652132432255,-0.2464134731595285,0.05,1.0,0.0,0.02,1e-09
76.81759986399993,X,-1,0.2421951054999069,0.23065523842574592,-0.21143819168404354,0.2619076870849238,0.21719552063424877,-0.2641390712767782,-0.20478335434543435,-0.24655253626005486,0.05,1.0,0.0,0.02,1e-09
76.86529373999656,X,-1,0.2421951054999069,0.23065523842574592,-0.21143819168404354,0.2619076870849238,0.21719552063424877,-0.2641390712767782,-0.20478335434543435,-0.24655253626005486,0.05,1.0,0.0,0.02,1e-09
76.9091190629988,X,-1,0.2421951054999069,0.23065523842574592,-0.21143819168404354,0.2619076870849238,0.21719552063424877,-0.2641390712767782,-0.20478335434543435,-0.24655253626005486,0.05,1.0,0.0,0.02,1e-09
76.96013425899582,X,-1,0.2422516819777038,0.23069571987239562,-0.21145633156217222,0.26198788079662977,0.217240596333928,-0.2641843408929944,-0.2048109061444445,-0.24663459939023402,0.05,1.0,0.0,0.02,1e-09
77.01005715700012,X,-1,0.2422516819777038,0.23069571987239562,-0.21145633156217222,0.26198788079662977,0.217240596333928,-0.2641843408929944,-0.2048109061444445,-0.24663459939023402,0.05,1.0,0.0,0.02,1e-09
77.0676498699977,X,-1,0.2422516819777038,0.23069571987239562,-0.21145633156217222,0.26198788079662977,0.217240596333928,-0.2641843408929944,-0.2048109061444445,-0.24663459939023402,0.05,1.0,0.0,0.02,1e-09
77.11530007299734,X,-1,0.24228505792229774,0.2307195988862356,-0.21146700539091234,0.26203520995316915,0.217267184734912,-0.2642110411237517,-0.20482713941116126,-0.2466830385927089,0.05,1.0,0.0,0.02,1e-09
77.16187707199424,X,-1,0.24228505792229774,0.2307195988862356,-0.21146700539091234,0.26203520995316915,0.217267184734912,-0.2642110411237517,-0.20482713941116126,-0.2466830385927089,0.05,1.0,0.0,0.02,1e-09
77.23426964899409,X,-1,0.24230475495721315,0.23073369052850645,-0.21147329507401247,0.2620631488212005,0.2172828750317828,-0.26422679652214215,-0.20483671250856803,-0.2467116350824679,0.05,1.0,0.0,0.02,1e-09
77.26412313399487,X,-1,0.24230475495721315,0.23073369052850645,-0.21147329507401247,0.2620631488212005,0.2172828750317828,-0.26422679652214215,-0.20483671250856803,-0.2467116350824679,0.05,1.0,0.0,0.02,1e-09
77.31643561399687,X,-1,0.24230475495721315,0.23073369052850645,-0.21147329507401247,0.2620631488212005,0.2172828750317828,-0.26422679652214215,-0.20483671250856803,-0.2467116350824679,0.05,1.0,0.0,0.02,1e-09
77.36446432899538,X,-1,0.24231638197556743,0.23074200847472942,-0.21147700449590007,0.26207964346636403,0.21729213654658583,-0.2642360961534602,-0.20484236097365321,-0.24672851879938512,0.05,1.0,0.0,0.02,1e-09
77.41380551499606,X,-1,0.24231638197556743,0.23074200847472942,-0.21147700449590007,0.26207964346636403,0.21729213654658583,-0.2642360961534602,-0.20484236097365321,-0.24672851879938512,0.05,1.0,0.0,0.02,1e-09
77.46389078899665,X,-1,0.2423232462605424,0.230746919083834,-0.2114791932786755,0.26208938235164686,0.21729760417600877,-0.2642415861768684,-0.20484569481840137,-0.2467384876900348,0.05,1.0,0.0,0.02,1e-09
77.52050082699861,X,-1,0.2423232462605424,0.230746919083834,-0.2114791932786755,0.26208938235164686,0.21729760417600877,-0.2642415861768684,-0.20484569481840137,-0.2467384876900348,0.05,1.0,0.0,0.02,1e-09
77.5595220749965,X,-1,0.2423232462605424,0.230746919083834,-0.2114791932786755,0.26208938235164686,0.21729760417600877,-0.2642415861768684,-0.20484569481840137,-0.2467384876900348,0.05,1.0,0.0,0.02,1e-09
77.61747407499934,X,-1,0.2423232462605424,0.230746919083834,-0.2114791932786755,0.26208938235164686,0.21729760417600877,-0.2642415861768684,-0.20484569481840137,-0.2467384876900348,0.05,1.0,0.0,0.02,1e-09
77.6699648359936,X,-1,0.24232729908015185,0.23074981838142217,-0.21148048517734103,0.2620951327042225,0.21730083233709285,-0.26424482752184475,-0.20484766289112505,-0.2467443739497856,0.05,1.0,0.0,0.02,1e-09
77.71985827499884,X,-1,0.24232729908015185,0.23074981838142217,-0.21148048517734103,0.2620951327042225,0.21730083233709285,-0.26424482752184475,-0.20484766289112505,-0.2467443739497856,0.05,1.0,0.0,0.02,1e-09
77.76321584199468,X,-1,0.2423296920658052,0.23075153025986977,-0.2114812478376378,0.2620985281045529,0.2173027383878369,-0.26424674134378484,-0.20484882483418126,-0.24674784963340812,0.05,1.0,0.0,0.02,1e-09
77.81154515699745,X,-1,0.2423296920658052,0.23075153025986977,-0.2114812478376378,0.2620985281045529,0.2173027383878369,-0.26424674134378484,-0.20484882483418126,-0.24674784963340812,0.05,1.0,0.0,0.02,1e-09
77.86192714699428,X,-1,0.2423296920658052,0.23075153025986977,-0.2114812478376378,0.2620985281045529,0.2173027383878369,-0.26424674134378484,-0.20484882483418126,-0.24674784963340812,0.05,1.0,0.0,0.02,1e-09
77.91172748399549,X,-1,0.24233110504370595,0.23075254106261345,-0.21148169811552034,0.2621005330130534,0.21730386384043027,-0.2642478713802172,-0.20484951088733735,-0.2467499019589685,0.05,1.0,0.0,0.02,1e-09
77.96186648099683,X,-1,0.24233110504370595,0.23075254106261345,-0.21148169811552034,0.2621005330130534,0.21730386384043027,-0.2642478713802172,-0.20484951088733735,-0.2467499019589685,0.05,1.0,0.0,0.02,1e-09
78.01560062399949,X,-1,0.24233193937055034,0.23075313791432311,-0.21148196397603658,0.2621017168761343,0.21730452839125744,-0.2642485386361928,-0.20484991597134453,-0.24675111382426024,0.05,1.0,0.0,0.02,1e-09
78.0622504799976,X,-1,0.24233193937055034,0.23075313791432311,-0.21148196397603658,0.2621017168761343,0.21730452839125744,-0.2642485386361928,-0.20484991597134453,-0.24675111382426024,0.05,1.0,0.0,0.02,1e-09
78.15092015499977,X,-1,0.24233193937055034,0.23075313791432311,-0.21148196397603658,0.2621017168761343,0.21730452839125744,-0.2642485386361928,-0.20484991597134453,-0.24675111382426024,0.05,1.0,0.0,0.02,1e-09
78.18358539199835,X,-1,0.24233243202497154,0.23075349034378356,-0.21148212095536842,0.2621024159296322,0.21730492079582747,-0.2642489326375524,-0.20485015516142652,-0.24675182941440965,0.05,1.0,0.0,0.02,1e-09
78.21449244299583,X,-1,0.24233243202497154,0.23075349034378356,-0.21148212095536842,0.2621024159296322,0.21730492079582747,-0.2642489326375524,-0.20485015516142652,-0.24675182941440965,0.05,1.0,0.0,0.02,1e-09
78.26957814799971,X,-1,0.24233272292986544,0.23075369844775684,-0.21148221364514494,0.2621028287087682,0.21730515250453922,-0.2642491652889087,-0.20485029639514765,-0.24675225195816747,0.05,1.0,0.0,0.02,1e-09
78.31070418699528,X,-1,0.24233272292986544,0.23075369844775684,-0.21148221364514494,0.2621028287087682,0.21730515250453922,-0.2642491652889087,-0.20485029639514765,-0.24675225195816747,0.05,1.0,0.0,0.02,1e-09
78.36755852299393,X,-1,0.24233272292986544,0.23075369844775684,-0.21148221364514494,0.2621028287087682,0.21730515250453922,-0.2642491652889087,-0.20485029639514765,-0.24675225195816747,0.05,1.0,0.0,0.02,1e-09
78.4148591109988,X,-1,0.24233289470495126,0.23075382133007016,-0.2114822683765667,0.26210307245021525,0.2173052893255187,-0.26424930266647323,-0.20485037979105722,-0.24675250146540506,0.05,1.0,0.0,0.02,1e-09
78.46311997500015,X,-1,0.24233289470495126,0.23075382133007016,-0.2114822683765667,0.26210307245021525,0.2173052893255187,-0.26424930266647323,-0.20485037979105722,-0.24675250146540506,0.05,1.0,0.0,0.02,1e-09
78.51592368499405,X,-1,0.24233299613641326,0.2307538938908315,-0.21148230069462104,0.26210321637688083,0.21730537011666154,-0.26424938378623547,-0.20485042903538836,-0.24675264879700126,0.05,1.0,0.0,0.02,1e-09
78.56404289099737,X,-1,0.24233299613641326,0.2307538938908315,-0.21148230069462104,0.26210321637688083,0.21730537011666154,-0.26424938378623547,-0.20485042903538836,-0.24675264879700126,0.05,1.0,0.0,0.02,1e-09
78.61594830799731,X,-1,0.24233299613641326,0.2307538938908315,-0.21148230069462104,0.26210321637688083,0.21730537011666154,-0.26424938378623547,-0.20485042903538836,-0.24675264879700126,0.05,1.0,0.0,0.02,1e-09
78.66291966999415,X,-1,0.2423330560305914,0.2307539367371551,-0.2114823197780532,0.2621033013641206,0.2173054178228322,-0.2642494316864399,-0.20485045811346053,-0.24675273579472212,0.05,1.0,0.0,0.02,1e-09
78.72183768699324,X,-1,0.2423330560305914,0.2307539367371551,-0.2114823197780532,0.2621033013641206,0.2173054178228322,-0.2642494316864399,-0.20485045811346053,-0.24675273579472212,0.05,1.0,0.0,0.02,1e-09
78.76300583699776,X,-1,0.2423330560305914,0.2307539367371551,-0.2114823197780532,0.2621033013641206,0.2173054178228322,-0.2642494316864399,-0.20485045811346053,-0.24675273579472212,0.05,1.0,0.0,0.02,1e-09
78.81598150799982,X,-1,0.24233309139684991,0.23075396203696957,-0.21148233104658884,0.26210335154834435,0.21730544599295198,-0.2642494599711277,-0.2048504752837906,-0.2467527871661508,0.05,1.0,0.0,0.02,1e-09
78.8657116349932,X,-1,0.24233309139684991,0.23075396203696957,-0.21148233104658884,0.26210335154834435,0.21730544599295198,-0.2642494599711277,-0.2048504752837906,-0.2467527871661508,0.05,1.0,0.0,0.02,1e-09
78.93195659299818,X,-1,0.24233309139684991,0.23075396203696957,-0.21148233104658884,0.26210335154834435,0.21730544599295198,-0.2642494599711277,-0.2048504752837906,-0.2467527871661508,0.05,1.0,0.0,0.02,1e-09
78.96459633799532,X,-1,0.24233311228119445,0.2307539769764606,-0.21148233770225056,0.26210338118322274,0.21730546262711692,-0.26424947667295173,-0.2048504854224816,-0.24675281750042177,0.05,1.0,0.0,0.02,1e-09
79.01590233399475,X,-1,0.24233311228119445,0.2307539769764606,-0.21148233770225056,0.26210338118322274,0.21730546262711692,-0.26424947667295173,-0.2048504854224816,-0.24675281750042177,0.05,1.0,0.0,0.02,1e-09
79.06664378399728,X,-1,0.2423331246188538,0.2307539858012836,-0.21148234163651988,0.262103398685437,0.21730547244936865,-0.2642494865351395,-0.2048504914092134,-0.24675283541220255,0.05,1.0,0.0,0.02,1e-09
79.13726966799732,X,-1,0.2423331246188538,0.2307539858012836,-0.21148234163651988,0.262103398685437,0.21730547244936865,-0.2642494865351395,-0.2048504914092134,-0.24675283541220255,0.05,1.0,0.0,0.02,1e-09
79.16372158000013,X,-1,0.2423331246188538,0.2307539858012836,-0.21148234163651988,0.262103398685437,0.21730547244936865,-0.2642494865351395,-0.2048504914092134,-0.24675283541220255,0.05,1.0,0.0,0.02,1e-09
79.21240855499491,X,-1,0.24233313190358582,0.23075399101194316,-0.2114823439593644,0.26210340902006185,0.2173054782493315,-0.26424949235869594,-0.20485049494408575,-0.2467528459886177,0.05,1.0,0.0,0.02,1e-09
79.26182214899745,H,-1,0.24233313190358582,0.23075399101194316,-0.2114823439593644,0.26210340902006185,0.2173054782493315,-0.26424949235869594,-0.20485049494408575,-0.2467528459886177,0.05,1.0,0.0,0.02,1e-09
79.31306171299366,H,-1,0.24607439704521505,0.22817322123897116,-0.2156557357900763,0.26035844259091073,0.22035533300874077,-0.2610692443617055,-0.2106427940703917,-0.24687804656643803,0.05,1.0,0.0,0.02,1e-09
79.36249164299807,H,-1,0.24607439704521505,0.22817322123897116,-0.2156557357900763,0.26035844259091073,0.22035533300874077,-0.2610692443617055,-0.2106427940703917,-0.24687804656643803,0.05,1.0,0.0,0.02,1e-09
79.41832611299469,H,-1,0.24607439704521505,0.22817322123897116,-0.2156557357900763,0.26035844259091073,0.22035533300874077,-0.2610692443617055,-0.2106427940703917,-0.24687804656643803,0.05,1.0,0.0,0.02,1e-09
79.46608242699585,H,-1,0.2636328233870926,0.21359799286463288,-0.23575378566834243,0.24976446239915617,0.23842385331530033,-0.24771845167371798,-0.23348421334766303,-0.23942681819154588,0.05,1.0,0.0,0.02,1e-09
79.51653476499632,H,-1,0.2636328233870926,0.21359799286463288,-0.23575378566834243,0.24976446239915617,0.23842385331530033,-0.24771845167371798,-0.23348421334766303,-0.23942681819154588,0.05,1.0,0.0,0.02,1e-09
79.56082296499517,H,-1,0.28613424022889955,0.18640390673566853,-0.263273101481023,0.2278711031773421,0.2647253045976637,-0.22427551183881628,-0.26249136633267306,-0.2189791941113407,0.05,1.0,0.0,0.02,1e-09
79.62011868199625,H,-1,0.28613424022889955,0.18640390673566853,-0.263273101481023,0.2278711031773421,0.2647253045976637,-0.22427551183881628,-0.26249136633267306,-0.2189791941113407,0.05,1.0,0.0,0.02,1e-09
79.66291350399842,H,-1,0.30240615449735386,0.14683453067409657,-0.28707178356094326,0.19253256434242477,0.28782422139101094,-0.18829669919877035,-0.2865871183945009,-0.18413459154754297,0.05,1.0,0.0,0.02,1e-09
79.71548908299883,H,-1,0.30240615449735386,0.14683453067409657,-0.28707178356094326,0.19253256434242477,0.28782422139101094,-0.18829669919877035,-0.2865871183945009,-0.18413459154754297,0.05,1.0,0.0,0.02,1e-09
79.780132519998,H,-1,0.3082998445707566,0.12031258707545263,-0.2981296675541013,0.16781907216334407,0.29850600495590485,-0.16337010638359512,-0.2976920060805912,-0.15957195812274289,0.05,1.0,0.0,0.02,1e-09
79.81143074799911,H,-1,0.3082998445707566,0.12031258707545263,-0.2981296675541013,0.16781907216334407,0.29850600495590485,-0.16337010638359512,-0.2976920060805912,-0.15957195812274289,0.05,1.0,0.0,0.02,1e-09
79.87105938599416,H,-1,0.3082998445707566,0.12031258707545263,-0.2981296675541013,0.16781907216334407,0.29850600495590485,-0.16337010638359512,-0.2976920060805912,-0.15957195812274289,0.05,1.0,0.0,0.02,1e-09
79.91238844799955,H,-1,0.3101922529643428,0.10429850055544819,-0.3031814102791656,0.15255645783885258,0.3033639898405536,-0.14803170397894155,-0.3027261999915657,-0.14436375617931546,0.05,1.0,0.0,0.02,1e-09
79.9596914329959,H,-1,0.3101922529643428,0.10429850055544819,-0.3031814102791656,0.15255645783885258,0.3033639898405536,-0.14803170397894155,-0.3027261999915657,-0.14436375617931546,0.05,1.0,0.0,0.02,1e-09
80.01564425999823,H,-1,0.3101922529643428,0.10429850055544819,-0.3031814102791656,0.15255645783885258,0.3033639898405536,-0.14803170397894155,-0.3027261999915657,-0.14436375617931546,0.05,1.0,0.0,0.02,1e-09
80.06084681199718,H,-1,0.3107452965528337,0.09476938828376602,-0.3056281656341936,0.1433573386965774,0.3057087009270243,-0.13880250943667982,-0.3051448772813315,-0.13518849726931115,0.05,1.0,0.0,0.02,1e-09
80.1206972689979,H,-1,0.3107452965528337,0.09476938828376602,-0.3056281656341936,0.1433573386965774,0.3057087009270243,-0.13880250943667982,-0.3051448772813315,-0.13518849726931115,0.05,1.0,0.0,0.02,1e-09
80.175977658997,H,-1,0.3108736712487341,0.089127605787946,-0.30688242637349117,0.1378702187596538,0.3069074520550191,-0.1333021221647765,-0.3063760917824125,-0.1297134124838314,0.05,1.0,0.0,0.02,1e-09
80.21391783499712,H,-1,0.3108736712487341,0.089127605787946,-0.30688242637349117,0.1378702187596538,0.3069074520550191,-0.1333021221647765,-0.3063760917824125,-0.1297134124838314,0.05,1.0,0.0,0.02,1e-09
80.26266629899328,H,-1,0.3108736712487341,0.089127605787946,-0.30688242637349117,0.1378702187596538,0.3069074520550191,-0.1333021221647765,-0.3063760917824125,-0.1297134124838314,0.05,1.0,0.0,0.02,1e-09
80.3107723639987,H,-1,0.3108801841188143,0.08579315693743601,-0.3075559896980397,0.13461299231582602,0.30754997174775106,-0.13003849323672287,-0.3070337455778551,-0.12646275120217434,0.05,1.0,0.0,0.02,1e-09
80.3702898509946,H,-1,0.3108801841188143,0.08579315693743601,-0.3075559896980397,0.13461299231582602,0.30754997174775106,-0.13003849323672287,-0.3070337455778551,-0.12646275120217434,0.05,1.0,0.0,0.02,1e-09
80.41222457399999,H,-1,0.3108801841188143,0.08579315693743601,-0.3075559896980397,0.13461299231582602,0.30754997174775106,-0.13003849323672287,-0.3070337455778551,-0.12646275120217434,0.05,1.0,0.0,0.02,1e-09
80.46929585599719,H,-1,0.31085984375880027,0.08382358984609589,-0.307930219409982,0.13268409065585718,0.30790649024139216,-0.12810628188480822,-0.30739777070418695,-0.124537573770221,0.05,1.0,0.0,0.02,1e-09
80.51512507000007,H,-1,0.31085984375880027,0.08382358984609589,-0.307930219409982,0.13268409065585718,0.30790649024139216,-0.12810628188480822,-0.30739777070418695,-0.124537573770221,0.05,1.0,0.0,0.02,1e-09
80.56384488099866,H,-1,0.31085984375880027,0.08382358984609589,-0.307930219409982,0.13268409065585718,0.30790649024139216,-0.12810628188480822,-0.30739777070418695,-0.124537573770221,0.05,1.0,0.0,0.02,1e-09
80.6109897399947,H,-1,0.31083939598697624,0.08266046059799244,-0.3081429804810288,0.13154325075831472,0.30810901204581914,-0.12696364594573595,-0.3076042221610305,-0.12339888736909391,0.05,1.0,0.0,0.02,1e-09
80.66355032799765,H,-1,0.31083939598697624,0.08266046059799244,-0.3081429804810288,0.13154325075831472,0.30810901204581914,-0.12696364594573595,-0.3076042221610305,-0.12339888736909391,0.05,1.0,0.0,0.02,1e-09
80.71612547799305,H,-1,0.3108243793694702,0.0819736217785547,-0.30826574383848376,0.13086897217908305,0.30822580617600814,-0.12628836079460426,-0.30772316047433573,-0.12272586605022591,0.05,1.0,0.0,0.02,1e-09
80.76003566999862,H,-1,0.3108243793694702,0.0819736217785547,-0.30826574383848376,0.13086897217908305,0.30822580617600814,-0.12628836079460426,-0.30772316047433573,-0.12272586605022591,0.05,1.0,0.0,0.02,1e-09
80.81710990699503,H,-1,0.3108243793694702,0.0819736217785547,-0.30826574383848376,0.13086897217908305,0.30822580617600814,-0.12628836079460426,-0.30772316047433573,-0.12272586605022591,0.05,1.0,0.0,0.02,1e-09
80.86696628299978,H,-1,0.31081448614755863,0.08156804635976422,-0.30833723277722375,0.1304706036506114,0.3082937972974342,-0.12588941646190344,-0.30779235609056305,-0.12232823523505837,0.05,1.0,0.0,0.02,1e-09
80.9159178359987,H,-1,0.31081448614755863,0.08156804635976422,-0.30833723277722375,0.1304706036506114,0.3082937972974342,-0.12588941646190344,-0.30779235609056305,-0.12232823523505837,0.05,1.0,0.0,0.02,1e-09
80.96497802099475,H,-1,0.310808286519187,0.08132855755740273,-0.30837909686005277,0.1302352972673147,0.3083336053756449,-0.12565377649352488,-0.3078328538931287,-0.12209336289688809,0.05,1.0,0.0,0.02,1e-09
81.01166237899452,H,-1,0.310808286519187,0.08132855755740273,-0.30837909686005277,0.1302352972673147,0.3083336053756449,-0.12565377649352488,-0.3078328538931287,-0.12209336289688809,0.05,1.0,0.0,0.02,1e-09
81.0708046389991,H,-1,0.310808286519187,0.08132855755740273,-0.30837909686005277,0.1302352972673147,0.3083336053756449,-0.12565377649352488,-0.3078328538931287,-0.12209336289688809,0.05,1.0,0.0,0.02,1e-09
81.11327190599695,H,-1,0.3108045009459731,0.08118714178114302,-0.30840369530804096,0.13009632564731483,0.3083569930645916,-0.1255146101235055,-0.3078566413471003,-0.12195464704343252,0.05,1.0,0.0,0.02,1e-09
81.1619819089974,H,-1,0.3108045009459731,0.08118714178114302,-0.30840369530804096,0.13009632564731483,0.3083569930645916,-0.1255146101235055,-0.3078566413471003,-0.12195464704343252,0.05,1.0,0.0,0.02,1e-09
81.21108257599553,H,-1,0.3108045009459731,0.08118714178114302,-0.30840369530804096,0.13009632564731483,0.3083569930645916,-0.1255146101235055,-0.3078566413471003,-0.12195464704343252,0.05,1.0,0.0,0.02,1e-09
81.25956918099837,H,-1,0.3108022221030028,0.0811036372019769,-0.3084181779427298,0.130014255418524,0.3083707619064826,-0.12543242567182128,-0.30787064362637523,-0.12187272765922767,0.05,1.0,0.0,0.02,1e-09
81.31479460999981,H,-1,0.3108022221030028,0.0811036372019769,-0.3084181779427298,0.130014255418524,0.3083707619064826,-0.12543242567182128,-0.30787064362637523,-0.12187272765922767,0.05,1.0,0.0,0.02,1e-09
81.36145396499342,H,-1,0.3108022221030028,0.0811036372019769,-0.3084181779427298,0.130014255418524,0.3083707619064826,-0.12543242567182128,-0.30787064362637523,-0.12187272765922767,0.05,1.0,0.0,0.02,1e-09
81.4156077949956,H,-1,0.31080086130164414,0.08105432859790362,-0.3084267149734436,0.12996579068068398,0.3083788778494078,-0.1253838937564461,-0.30787889649686534,-0.12182435193025282,0.05,1.0,0.0,0.02,1e-09
81.46355840699835,H,-1,0.31080086130164414,0.08105432859790362,-0.3084267149734436,0.12996579068068398,0.3083788778494078,-0.1253838937564461,-0.30787889649686534,-0.12182435193025282,0.05,1.0,0.0,0.02,1e-09
81.5148898779953,H,-1,0.31080005247358417,0.08102521236692768,-0.30843175083666724,0.1299371716622158,0.30838366520401894,-0.1253552351642918,-0.30788376438713316,-0.12179578544867498,0.05,1.0,0.0,0.02,1e-09
81.56108750499698,H,-1,0.31080005247358417,0.08102521236692768,-0.30843175083666724,0.1299371716622158,0.30838366520401894,-0.1253552351642918,-0.30788376438713316,-0.12179578544867498,0.05,1.0,0.0,0.02,1e-09
81.62081022199709,H,-1,0.31080005247358417,0.08102521236692768,-0.30843175083666724,0.1299371716622158,0.30838366520401894,-0.1253552351642918,-0.30788376438713316,-0.12179578544867498,0.05,1.0,0.0,0.02,1e-09
81.6655977019982,H,-1,0.31079957302434263,0.08100801952634855,-0.30843472266117633,0.1299202720432719,0.30838649033572274,-0.12533831221028677,-0.30788663696308344,-0.12177891684464616,0.05,1.0,0.0,0.02,1e-09
81.71206389699364,H,-1,0.31079957302434263,0.08100801952634855,-0.30843472266117633,0.1299202720432719,0.30838649033572274,-0.12533831221028677,-0.30788663696308344,-0.12177891684464616,0.05,1.0,0.0,0.02,1e-09
81.76326418599638,H,-1,0.31079957302434263,0.08100801952634855,-0.30843472266117633,0.1299202720432719,0.30838649033572274,-0.12533831221028677,-0.30788663696308344,-0.12177891684464616,0.05,1.0,0.0,0.02,1e-09
81.81473340999946,H,-1,0.310799289271346,0.08099786732689523,-0.30843647686544273,0.12991029285667946,0.30838815793637075,-0.12532831925600801,-0.3078883325402954,-0.12176895596940114,0.05,1.0,0.0,0.02,1e-09
81.86876312499953,H,-1,0.310799289271346,0.08099786732689523,-0.30843647686544273,0.12991029285667946,0.30838815793637075,-0.12532831925600801,-0.3078883325402954,-0.12176895596940114,0.05,1.0,0.0,0.02,1e-09
81.91290924599889,H,-1,0.310799289271346,0.08099786732689523,-0.30843647686544273,0.12991029285667946,0.30838815793637075,-0.12532831925600801,-0.3078883325402954,-0.12176895596940114,0.05,1.0,0.0,0.02,1e-09
81.97814770900004,H,-1,0.31079912149384314,0.08099187255499765,-0.3084375124864189,0.1299044002012695,0.30838914242469906,-0.1253224184748958,-0.30788933353498843,-0.12176307412573872,0.05,1.0,0.0,0.02,1e-09
82.01594552899769,H,-1,0.31079912149384314,0.08099187255499765,-0.3084375124864189,0.1299044002012695,0.30838914242469906,-0.1253224184748958,-0.30788933353498843,-0.12176307412573872,0.05,1.0,0.0,0.02,1e-09
82.06444719499996,H,-1,0.3107990223447551,0.080988332702265,-0.3084381239339072,0.12990092063131226,0.30838972368088496,-0.12531893410817566,-0.30788992453327163,-0.12175960093968125,0.05,1.0,0.0,0.02,1e-09
82.11741556199559,H,-1,0.3107990223447551,0.080988332702265,-0.3084381239339072,0.12990092063131226,0.30838972368088496,-0.12531893410817566,-0.30788992453327163,-0.12175960093968125,0.05,1.0,0.0,0.02,1e-09
82.17128043299454,H,-1,0.3107990223447551,0.080988332702265,-0.3084381239339072,0.12990092063131226,0.30838972368088496,-0.12531893410817566,-0.30788992453327163,-0.12175960093968125,0.05,1.0,0.0,0.02,1e-09
82.22415229199396,H,-1,0.31079896377145994,0.080986242454642,-0.3084384849613564,0.12989886597459538,0.30839006688087617,-0.12531687661941432,-0.3078902734843565,-0.12175755005243592,0.05,1.0,0.0,0.02,1e-09
82.3517268229989,H,-1,0.31079896377145994,0.080986242454642,-0.3084384849613564,0.12989886597459538,0.30839006688087617,-0.12531687661941432,-0.3078902734843565,-0.12175755005243592,0.05,1.0,0.0,0.02,1e-09
82.36455984099302,H,-1,0.31079896377145994,0.080986242454642,-0.3084384849613564,0.12989886597459538,0.30839006688087617,-0.12531687661941432,-0.3078902734843565,-0.12175755005243592,0.05,1.0,0.0,0.02,1e-09
82.36619685099868,H,-1,0.3107989291745308,0.08098500818437702,-0.30843869813471136,0.12989765271834444,0.30839026952804854,-0.12531566169112246,-0.3078904795268198,-0.12175633902204383,0.05,1.0,0.0,0.02,1e-09
82.41017385799933,H,-1,0.3107989291745308,0.08098500818437702,-0.30843869813471136,0.12989765271834444,0.30839026952804854,-0.12531566169112246,-0.3078904795268198,-0.12175633902204383,0.05,1.0,0.0,0.02,1e-09
82.46856498399575,H,-1,0.3107989291745308,0.08098500818437702,-0.30843869813471136,0.12989765271834444,0.30839026952804854,-0.12531566169112246,-0.3078904795268198,-0.12175633902204383,0.05,1.0,0.0,0.02,1e-09
82.51551793199906,H,-1,0.3107989087420535,0.08098427936015747,-0.30843882400832434,0.12989693630201452,0.308390389186158,-0.12531494428750906,-0.30789060118942924,-0.12175562392005854,0.05,1.0,0.0,0.02,1e-09
82.562547179994,H,-1,0.3107989087420535,0.08098427936015747,-0.30843882400832434,0.12989693630201452,0.308390389186158,-0.12531494428750906,-0.30789060118942924,-0.12175562392005854,0.05,1.0,0.0,0.02,1e-09
82.61966326099355,H,-1,0.3107989087420535,0.08098427936015747,-0.30843882400832434,0.12989693630201452,0.308390389186158,-0.12531494428750906,-0.30789060118942924,-0.12175562392005854,0.05,1.0,0.0,0.02,1e-09
82.6668660409996,H,-1,0.31079889667578753,0.08098384899671927,-0.3084388983341779,0.12989651326509244,0.30839045984177504,-0.12531452066762477,-0.30789067302889617,-0.121755201659237,0.05,1.0,0.0,0.02,1e-09
82.72574968899426,H,-1,0.31079889667578753,0.08098384899671927,-0.3084388983341779,0.12989651326509244,0.30839045984177504,-0.12531452066762477,-0.30789067302889617,-0.121755201659237,0.05,1.0,0.0,0.02,1e-09
82.76403240299987,H,-1,0.3107988895503227,0.08098359487142537,-0.3084389422224807,0.1298962634659083,0.30839050156289965,-0.12531427052424793,-0.3078907154489235,-0.12175495231833529,0.05,1.0,0.0,0.02,1e-09
82.81217331299558,H,-1,0.3107988895503227,0.08098359487142537,-0.3084389422224807,0.1298962634659083,0.30839050156289965,-0.12531427052424793,-0.3078907154489235,-0.12175495231833529,0.05,1.0,0.0,0.02,1e-09
82.86213169699477,H,-1,0.3107988895503227,0.08098359487142537,-0.3084389422224807,0.1298962634659083,0.30839050156289965,-0.12531427052424793,-0.3078907154489235,-0.12175495231833529,0.05,1.0,0.0,0.02,1e-09
82.9118617819986,H,-1,0.31079888534267336,0.08098344481298357,-0.30843896813795135,0.12989611596195832,0.30839052619867136,-0.12531412281705917,-0.3078907404973871,-0.12175480508500017,0.05,1.0,0.0,0.02,1e-09
82.97144019099505,H,-1,0.31079888534267336,0.08098344481298357,-0.30843896813795135,0.12989611596195832,0.30839052619867136,-0.12531412281705917,-0.3078907404973871,-0.12175480508500017,0.05,1.0,0.0,0.02,1e-09
83.01232461199834,H,-1,0.31079888285806323,0.08098335620497804,-0.3084389834407321,0.12989602886233972,0.3083905407457999,-0.12531403559743198,-0.30789075528821835,-0.12175471814518231,0.05,1.0,0.0,0.02,1e-09
83.06413244099531,H,-1,0.31079888285806323,0.08098335620497804,-0.3084389834407321,0.12989602886233972,0.3083905407457999,-0.12531403559743198,-0.30789075528821835,-0.12175471814518231,0.05,1.0,0.0,0.02,1e-09
83.11496796999563,H,-1,0.31079888139105094,0.08098330388283209,-0.3084389924770078,0.12989597743090003,0.30839054933571636,-0.1253139840951108,-0.3078907640220437,-0.12175466680809073,0.05,1.0,0.0,0.02,1e-09
83.16819720299827,H,-1,0.31079888139105094,0.08098330388283209,-0.3084389924770078,0.12989597743090003,0.30839054933571636,-0.1253139840951108,-0.3078907640220437,-0.12175466680809073,0.05,1.0,0.0,0.02,1e-09
83.21496223400027,H,-1,0.31079888139105094,0.08098330388283209,-0.3084389924770078,0.12989597743090003,0.30839054933571636,-0.1253139840951108,-0.3078907640220437,-0.12175466680809073,0.05,1.0,0.0,0.02,1e-09
83.27447640899481,H,-1,0.3107988805248437,0.08098327298712606,-0.3084389978128267,0.1298959470611611,0.30839055440793683,-0.12531395368349907,-0.3078907691793168,-0.12175463649407131,0.05,1.0,0.0,0.02,1e-09
83.31391134199657,H,-1,0.3107988805248437,0.08098327298712606,-0.3084389978128267,0.1298959470611611,0.30839055440793683,-0.12531395368349907,-0.3078907691793168,-0.12175463649407131,0.05,1.0,0.0,0.02,1e-09
83.36281699499523,H,-1,0.3107988805248437,0.08098327298712606,-0.3084389978128267,0.1298959470611611,0.30839055440793683,-0.12531395368349907,-0.3078907691793168,-0.12175463649407131,0.05,1.0,0.0,0.02,1e-09
83.41063652299636,H,-1,0.31079888001329997,0.0809832547435468,-0.3084390009634524,0.12989592912820178,0.30839055740304344,-0.12531393572575053,-0.30789077222474637,-0.12175461859405058,0.05,1.0,0.0,0.02,1e-09
83.47557560199493,H,-1,0.31079888001329997,0.0809832547435468,-0.3084390009634524,0.12989592912820178,0.30839055740304344,-0.12531393572575053,-0.30789077222474637,-0.12175461859405058,0.05,1.0,0.0,0.02,1e-09
83.50869080899429,H,-1,0.31079888001329997,0.0809832547435468,-0.3084390009634524,0.12989592912820178,0.30839055740304344,-0.12531393572575053,-0.30789077222474637,-0.12175461859405058,0.05,1.0,0.0,0.02,1e-09
83.56164549599634,H,-1,0.31079887971116354,0.08098324397088917,-0.3084390028238138,0.12989591853885002,0.30839055917164404,-0.12531392512188047,-0.30789077402298565,-0.12175460802413714,0.05,1.0,0.0,0.02,1e-09
83.61630550999689,H,-1,0.31079887971116354,0.08098324397088917,-0.3084390028238138,0.12989591853885002,0.30839055917164404,-0.12531392512188047,-0.30789077402298565,-0.12175460802413714,0.05,1.0,0.0,0.02,1e-09
83.6719550179987,H,-1,0.31079887971116354,0.08098324397088917,-0.3084390028238138,0.12989591853885002,0.30839055917164404,-0.12531392512188047,-0.30789077402298565,-0.12175460802413714,0.05,1.0,0.0,0.02,1e-09
83.71327854899573,H,-1,0.31079887953314145,0.0809832376097231,-0.30843900392262413,0.12989591228603195,0.30839056021593747,-0.12531391886039708,-0.3078907750849678,-0.12175460178276468,0.05,1.0,0.0,0.02,1e-09
83.77833390899468,H,-1,0.31079887953314145,0.0809832376097231,-0.30843900392262413,0.12989591228603195,0.30839056021593747,-0.12531391886039708,-0.3078907750849678,-0.12175460178276468,0.05,1.0,0.0,0.02,1e-09
83.82618655199622,H,-1,0.31079887953314145,0.0809832376097231,-0.30843900392262413,0.12989591228603195,0.30839056021593747,-0.12531391886039708,-0.3078907750849678,-0.12175460178276468,0.05,1.0,0.0,0.02,1e-09
83.86420655899565,H,-1,0.31079887942783857,0.08098323385354878,-0.3084390045708369,0.12989590859371813,0.3083905608326076,-0.125313915163056,-0.3078907757124935,-0.12175459809725914,0.05,1.0,0.0,0.02,1e-09
83.9193610279981,H,-1,0.31079887942783857,0.08098323385354878,-0.3084390045708369,0.12989590859371813,0.3083905608326076,-0.125313915163056,-0.3078907757124935,-0.12175459809725914,0.05,1.0,0.0,0.02,1e-09
83.972483310994,H,-1,0.31079887942783857,0.08098323385354878,-0.3084390045708369,0.12989590859371813,0.3083905608326076,-0.125313915163056,-0.3078907757124935,-0.12175459809725914,0.05,1.0,0.0,0.02,1e-09
84.02107460399566,H,-1,0.3107988793662537,0.08098323163549956,-0.3084390049542688,0.12989590641335363,0.30839056119668906,-0.12531391297980565,-0.3078907760829235,-0.12175459592081357,0.05,1.0,0.0,0.02,1e-09
84.07571875400026,H,-1,0.3107988793662537,0.08098323163549956,-0.3084390049542688,0.12989590641335363,0.30839056119668906,-0.12531391297980565,-0.3078907760829235,-0.12175459592081357,0.05,1.0,0.0,0.02,1e-09
84.11286932999792,H,-1,0.3107988793304644,0.08098323032571708,-0.3084390051817459,0.1298959051259346,0.30839056141174764,-0.1253139116906264,-0.3078907763012963,-0.12175459463560749,0.05,1.0,0.0,0.02,1e-09
84.16190177299723,H,-1,0.3107988793304644,0.08098323032571708,-0.3084390051817459,0.1298959051259346,0.30839056141174764,-0.1253139116906264,-0.3078907763012963,-0.12175459463560749,0.05,1.0,0.0,0.02,1e-09
84.20958071099449,H,-1,0.3107988793304644,0.08098323032571708,-0.3084390051817459,0.1298959051259346,0.30839056141174764,-0.1253139116906264,-0.3078907763012963,-0.12175459463560749,0.05,1.0,0.0,0.02,1e-09
84.27866520599491,H,-1,0.3107988793304644,0.08098323032571708,-0.3084390051817459,0.1298959051259346,0.30839056141174764,-0.1253139116906264,-0.3078907763012963,-0.12175459463560749,0.05,1.0,0.0,0.02,1e-09
84.31799209499877,H,-1,0.31079887930980227,0.08098322955230776,-0.3084390053164826,0.12989590436594267,0.30839056153872574,-0.12531391092937755,-0.30789077643040796,-0.12175459387691048,0.05,1.0,0.0,0.02,1e-09
84.36831870399328,H,-1,0.31079887930980227,0.08098322955230776,-0.3084390053164826,0.12989590436594267,0.30839056153872574,-0.12531391092937755,-0.30789077643040796,-0.12175459387691048,0.05,1.0,0.0,0.02,1e-09
84.4169359019943,H,-1,0.3107988792960356,0.08098322909568305,-0.3084390053944336,0.12989590391681338,0.3083905616137235,-0.12531391047986995,-0.3078907765064559,-0.12175459342870473,0.05,1.0,0.0,0.02,1e-09
84.46738849199755,H,-1,0.3107988792960356,0.08098322909568305,-0.3084390053944336,0.12989590391681338,0.3083905616137235,-0.12531391047986995,-0.3078907765064559,-0.12175459342870473,0.05,1.0,0.0,0.02,1e-09
84.51111571099318,H,-1,0.3107988792960356,0.08098322909568305,-0.3084390053944336,0.12989590391681338,0.3083905616137235,-0.12531391047986995,-0.3078907765064559,-0.12175459342870473,0.05,1.0,0.0,0.02,1e-09
84.56335241099441,H,-1,0.31079887928828454,0.08098322882603688,-0.3084390054405297,0.1298959036517396,0.30839056165783213,-0.1253139102144204,-0.30789077655160574,-0.1217545931641906,0.05,1.0,0.0,0.02,1e-09
84.61588902799849,H,-1,0.31079887928828454,0.08098322882603688,-0.3084390054405297,0.1298959036517396,0.30839056165783213,-0.1253139102144204,-0.30789077655160574,-0.1217545931641906,0.05,1.0,0.0,0.02,1e-09
84.66037884199613,H,-1,0.31079887928828454,0.08098322882603688,-0.3084390054405297,0.1298959036517396,0.30839056165783213,-0.1253139102144204,-0.30789077655160574,-0.1217545931641906,0.05,1.0,0.0,0.02,1e-09
84.7154642799942,H,-1,0.3107988792831909,0.08098322866685079,-0.3084390054676733,0.12989590349508148,0.30839056168413587,-0.1253139100577029,-0.3078907765779489,-0.12175459300786226,0.05,1.0,0.0,0.02,1e-09
84.76494768599514,H,-1,0.3107988792831909,0.08098322866685079,-0.3084390054676733,0.12989590349508148,0.30839056168413587,-0.1253139100577029,-0.3078907765779489,-0.12175459300786226,0.05,1.0,0.0,0.02,1e-09
84.81477601099323,H,-1,0.3107988792831909,0.08098322866685079,-0.3084390054676733,0.12989590349508148,0.30839056168413587,-0.1253139100577029,-0.3078907765779489,-0.12175459300786226,0.05,1.0,0.0,0.02,1e-09
84.86442114099918,H,-1,0.31079887928020555,0.08098322857284768,-0.3084390054835852,0.1298959034025586,0.30839056169958085,-0.12531390996515412,-0.3078907765935682,-0.12175459291554783,0.05,1.0,0.0,0.02,1e-09
84.91438734999974,H,-1,0.31079887928020555,0.08098322857284768,-0.3084390054835852,0.1298959034025586,0.30839056169958085,-0.12531390996515412,-0.3078907765935682,-0.12175459291554783,0.05,1.0,0.0,0.02,1e-09
84.96202840499609,H,-1,0.3107988792785795,0.08098322851733977,-0.3084390054931141,0.1298959033479679,0.30839056170869755,-0.12531390991050445,-0.30789077660281966,-0.12175459286107354,0.05,1.0,0.0,0.02,1e-09
85.01137734799704,H,-1,0.3107988792785795,0.08098322851733977,-0.3084390054931141,0.1298959033479679,0.30839056170869755,-0.12531390991050445,-0.30789077660281966,-0.12175459286107354,0.05,1.0,0.0,0.02,1e-09
85.06319952099875,H,-1,0.3107988792777836,0.08098322848456824,-0.3084390054988842,0.1298959033158109,0.30839056171408186,-0.12531390987823438,-0.3078907766083499,-0.1217545928289863,0.05,1.0,0.0,0.02,1e-09
85.11474113099393,H,-1,0.3107988792777836,0.08098322848456824,-0.3084390054988842,0.1298959033158109,0.30839056171408186,-0.12531390987823438,-0.3078907766083499,-0.1217545928289863,0.05,1.0,0.0,0.02,1e-09
85.16078706899862,H,-1,0.3107988792777836,0.08098322848456824,-0.3084390054988842,0.1298959033158109,0.30839056171408186,-0.12531390987823438,-0.3078907766083499,-0.1217545928289863,0.05,1.0,0.0,0.02,1e-09
85.21348041699821,H,-1,0.3107988792773939,0.08098322846521744,-0.3084390055023117,0.12989590329682338,0.30839056171724927,-0.12531390985917815,-0.3078907766116763,-0.12175459281003945,0.05,1.0,0.0,0.02,1e-09
85.26781424699584,H,-1,0.3107988792773939,0.08098322846521744,-0.3084390055023117,0.12989590329682338,0.30839056171724927,-0.12531390985917815,-0.3078907766116763,-0.12175459281003945,0.05,1.0,0.0,0.02,1e-09
85.31290562999493,H,-1,0.3107988792773939,0.08098322846521744,-0.3084390055023117,0.12989590329682338,0.30839056171724927,-0.12531390985917815,-0.3078907766116763,-0.12175459281003945,0.05,1.0,0.0,0.02,1e-09
85.36619671399967,H,-1,0.3107988792772349,0.08098322845378628,-0.3084390055043349,0.129895903285614,0.3083905617190812,-0.12531390984791924,-0.30789077661368774,-0.12175459279885811,0.05,1.0,0.0,0.02,1e-09
85.41534628299996,H,-1,0.3107988792772349,0.08098322845378628,-0.3084390055043349,0.129895903285614,0.3083905617190812,-0.12531390984791924,-0.30789077661368774,-0.12175459279885811,0.05,1.0,0.0,0.02,1e-09
85.4648423969993,H,-1,0.3107988792772349,0.08098322845378628,-0.3084390055043349,0.129895903285614,0.3083905617190812,-0.12531390984791924,-0.30789077661368774,-0.12175459279885811,0.05,1.0,0.0,0.02,1e-09
85.51033173799806,H,-1,0.3107988792770903,0.08098322844705892,-0.30843900550547915,0.12989590327905115,0.3083905617202019,-0.1253139098412774,-0.30789077661493075,-0.1217545927923341,0.05,1.0,0.0,0.02,1e-09
85.56305047299975,H,-1,0.3107988792770903,0.08098322844705892,-0.30843900550547915,0.12989590327905115,0.3083905617202019,-0.1253139098412774,-0.30789077661493075,-0.1217545927923341,0.05,1.0,0.0,0.02,1e-09
85.61438643599831,H,-1,0.3107988792770903,0.08098322844705892,-0.30843900550547915,0.12989590327905115,0.3083905617202019,-0.1253139098412774,-0.30789077661493075,-0.1217545927923341,0.05,1.0,0.0,0.02,1e-09
85.66059915999358,H,-1,0.31079887927676747,0.08098322844308943,-0.30843900550594566,0.12989590327506145,0.3083905617208646,-0.12531390983735588,-0.30789077661557324,-0.12175459278837925,0.05,1.0,0.0,0.02,1e-09
85.7128246719949,H,-1,0.31079887927676747,0.08098322844308943,-0.30843900550594566,0.12989590327506145,0.3083905617208646,-0.12531390983735588,-0.30789077661557324,-0.12175459278837925,0.05,1.0,0.0,0.02,1e-09
85.76372704299865,H,-1,0.31079887927655936,0.08098322844075202,-0.3084390055061933,0.12989590327268963,0.3083905617212631,-0.12531390983504104,-0.3078907766159638,-0.12175459278603795,0.05,1.0,0.0,0.02,1e-09
85.82095420199767,H,-1,0.31079887927655936,0.08098322844075202,-0.3084390055061933,0.12989590327268963,0.3083905617212631,-0.12531390983504104,-0.3078907766159638,-0.12175459278603795,0.05,1.0,0.0,0.02,1e-09
85.86072410799534,H,-1,0.31079887927655936,0.08098322844075202,-0.3084390055061933,0.12989590327268963,0.3083905617212631,-0.12531390983504104,-0.3078907766159638,-0.12175459278603795,0.05,1.0,0.0,0.02,1e-09
85.9159452649983,H,-1,0.31079887927655936,0.08098322844075202,-0.3084390055061933,0.12989590327268963,0.3083905617212631,-0.12531390983504104,-0.3078907766159638,-0.12175459278603795,0.05,1.0,0.0,0.02,1e-09
85.96631396599696,H,-1,0.31079887927636146,0.08098322843936731,-0.30843900550629894,0.12989590327120748,0.3083905617215008,-0.1253139098336742,-0.30789077661612585,-0.1217545927845696,0.05,1.0,0.0,0.02,1e-09
86.01185311599693,H,-1,0.31079887927636146,0.08098322843936731,-0.30843900550629894,0.12989590327120748,0.3083905617215008,-0.1253139098336742,-0.30789077661612585,-0.1217545927845696,0.05,1.0,0.0,0.02,1e-09
86.06336868499784,H,-1,0.31079887927627203,0.08098322843855585,-0.30843900550639414,0.12989590327036948,0.3083905617216548,-0.12531390983286828,-0.3078907766162438,-0.12175459278374563,0.05,1.0,0.0,0.02,1e-09
86.18276816299476,H,-1,0.31079887927627203,0.08098322843855585,-0.30843900550639414,0.12989590327036948,0.3083905617216548,-0.12531390983286828,-0.3078907766162438,-0.12175459278374563,0.05,1.0,0.0,0.02,1e-09
86.1877443379999,H,-1,0.31079887927627203,0.08098322843855585,-0.30843900550639414,0.12989590327036948,0.3083905617216548,-0.12531390983286828,-0.3078907766162438,-0.12175459278374563,0.05,1.0,0.0,0.02,1e-09
86.2205609839948,H,-1,0.31079887927627203,0.08098322843855585,-0.30843900550639414,0.12989590327036948,0.3083905617216548,-0.12531390983286828,-0.3078907766162438,-0.12175459278374563,0.05,1.0,0.0,0.02,1e-09
86.27052155899582,H,-1,0.3107988792764336,0.0809832284380699,-0.3084390055068164,0.1298959032699321,0.3083905617218443,-0.12531390983240265,-0.3078907766163033,-0.12175459278327001,0.05,1.0,0.0,0.02,1e-09
86.30905873199663,H,-1,0.3107988792764336,0.0809832284380699,-0.3084390055068164,0.1298959032699321,0.3083905617218443,-0.12531390983240265,-0.3078907766163033,-0.12175459278327001,0.05,1.0,0.0,0.02,1e-09
86.36494466899603,H,-1,0.3107988792764606,0.08098322843779188,-0.30843900550662784,0.1298959032696145,0.30839056172175455,-0.12531390983210677,-0.30789077661648623,-0.12175459278301018,0.05,1.0,0.0,0.02,1e-09
86.41588525299449,H,-1,0.3107988792764606,0.08098322843779188,-0.30843900550662784,0.1298959032696145,0.30839056172175455,-0.12531390983210677,-0.30789077661648623,-0.12175459278301018,0.05,1.0,0.0,0.02,1e-09
86.46657078399585,H,-1,0.3107988792764606,0.08098322843779188,-0.30843900550662784,0.1298959032696145,0.30839056172175455,-0.12531390983210677,-0.30789077661648623,-0.12175459278301018,0.05,1.0,0.0,0.02,1e-09
86.51105379499495,H,-1,0.3107988792763773,0.08098322843763053,-0.3084390055065543,0.12989590326939426,0.30839056172179113,-0.1253139098319413,-0.307890776616527,-0.1217545927828077,0.05,1.0,0.0,0.02,1e-09
86.56740234099561,H,-1,0.3107988792763773,0.08098322843763053,-0.3084390055065543,0.12989590326939426,0.30839056172179113,-0.1253139098319413,-0.307890776616527,-0.1217545927828077,0.05,1.0,0.0,0.02,1e-09
86.61452802999702,H,-1,0.3107988792763773,0.08098322843763053,-0.3084390055065543,0.12989590326939426,0.30839056172179113,-0.1253139098319413,-0.307890776616527,-0.1217545927828077,0.05,1.0,0.0,0.02,1e-09
86.6642308599985,H,-1,0.3107988792764851,0.08098322843754702,-0.3084390055061236,0.1298959032693059,0.30839056172179674,-0.12531390983184168,-0.3078907766171173,-0.12175459278273632,0.05,1.0,0.0,0.02,1e-09
86.72665339699597,H,-1,0.3107988792764851,0.08098322843754702,-0.3084390055061236,0.1298959032693059,0.30839056172179674,-0.12531390983184168,-0.3078907766171173,-0.12175459278273632,0.05,1.0,0.0,0.02,1e-09
86.7594844790001,H,-1,0.3107988792764851,0.08098322843754702,-0.3084390055061236,0.1298959032693059,0.30839056172179674,-0.12531390983184168,-0.3078907766171173,-0.12175459278273632,0.05,1.0,0.0,0.02,1e-09
86.81427690899727,H,-1,0.31079887927698857,0.08098322843752712,-0.3084390055058583,0.12989590326947995,0.3083905617217962,-0.12531390983178253,-0.30789077661801945,-0.1217545927829509,0.05,1.0,0.0,0.02,1e-09
86.8687035099938,H,-1,0.31079887927698857,0.08098322843752712,-0.3084390055058583,0.12989590326947995,0.3083905617217962,-0.12531390983178253,-0.30789077661801945,-0.1217545927829509,0.05,1.0,0.0,0.02,1e-09
86.91497925099975,H,-1,0.3107988792768063,0.08098322843752033,-0.30843900550528897,0.12989590326931927,0.30839056172181045,-0.12531390983174928,-0.3078907766183467,-0.1217545927828248,0.05,1.0,0.0,0.02,1e-09
86.96671231299842,H,-1,0.3107988792768063,0.08098322843752033,-0.30843900550528897,0.12989590326931927,0.30839056172181045,-0.12531390983174928,-0.3078907766183467,-0.1217545927828248,0.05,1.0,0.0,0.02,1e-09
87.0201504889992,H,-1,0.3107988792768063,0.08098322843752033,-0.30843900550528897,0.12989590326931927,0.30839056172181045,-0.12531390983174928,-0.3078907766183467,-0.1217545927828248,0.05,1.0,0.0,0.02,1e-09
87.06242053899769,H,-1,0.3107988792767211,0.08098322843751413,-0.3084390055049063,0.12989590326928058,0.3083905617217731,-0.1253139098317257,-0.30789077661857833,-0.12175459278281292,0.05,1.0,0.0,0.02,1e-09
87.1131844489937,H,-1,0.3107988792767211,0.08098322843751413,-0.3084390055049063,0.12989590326928058,0.3083905617217731,-0.1253139098317257,-0.30789077661857833,-0.12175459278281292,0.05,1.0,0.0,0.02,1e-09
87.16690314399602,H,-1,0.31079887927677197,0.08098322843753303,-0.30843900550462566,0.12989590326931655,0.30839056172173257,-0.12531390983170848,-0.30789077661886705,-0.12175459278291031,0.05,1.0,0.0,0.02,1e-09
87.21362859999499,H,-1,0.31079887927677197,0.08098322843753303,-0.30843900550462566,0.12989590326931655,0.30839056172173257,-0.12531390983170848,-0.30789077661886705,-0.12175459278291031,0.05,1.0,0.0,0.02,1e-09
87.26919947399438,H,-1,0.31079887927677197,0.08098322843753303,-0.30843900550462566,0.12989590326931655,0.30839056172173257,-0.12531390983170848,-0.30789077661886705,-0.12175459278291031,0.05,1.0,0.0,0.02,1e-09
87.31655568499991,H,-1,0.31079887927672306,0.08098322843753529,-0.3084390055046214,0.12989590326922573,0.30839056172181883,-0.12531390983171037,-0.30789077661883296,-0.12175459278281146,0.05,1.0,0.0,0.02,1e-09
87.36388757699751,H,-1,0.31079887927672306,0.08098322843753529,-0.3084390055046214,0.12989590326922573,0.30839056172181883,-0.12531390983171037,-0.30789077661883296,-0.12175459278281146,0.05,1.0,0.0,0.02,1e-09
87.41254511799343,H,-1,0.31079887927672306,0.08098322843753529,-0.3084390055046214,0.12989590326922573,0.30839056172181883,-0.12531390983171037,-0.30789077661883296,-0.12175459278281146,0.05,1.0,0.0,0.02,1e-09
87.46179805099382,H,-1,0.3107988792769876,0.08098322843746959,-0.3084390055051262,0.12989590326908834,0.30839056172176155,-0.1253139098316997,-0.307890776618368,-0.12175459278264318,0.05,1.0,0.0,0.02,1e-09
87.51348305099964,H,-1,0.3107988792769876,0.08098322843746959,-0.3084390055051262,0.12989590326908834,0.30839056172176155,-0.1253139098316997,-0.307890776618368,-0.12175459278264318,0.05,1.0,0.0,0.02,1e-09
87.56436199099699,H,-1,0.3107988792771888,0.08098322843742066,-0.30843900550564396,0.1298959032689897,0.3083905617217711,-0.12531390983169793,-0.30789077661792524,-0.12175459278251,0.05,1.0,0.0,0.02,1e-09
87.61513444699813,H,-1,0.3107988792771888,0.08098322843742066,-0.30843900550564396,0.1298959032689897,0.3083905617217711,-0.12531390983169793,-0.30789077661792524,-0.12175459278251,0.05,1.0,0.0,0.02,1e-09
87.66355863599892,H,-1,0.31079887927736227,0.08098322843739494,-0.3084390055060489,0.1298959032689654,0.30839056172177165,-0.1253139098316963,-0.3078907766176269,-0.12175459278247637,0.05,1.0,0.0,0.02,1e-09
87.71657380699617,H,-1,0.31079887927736227,0.08098322843739494,-0.3084390055060489,0.1298959032689654,0.30839056172177165,-0.1253139098316963,-0.3078907766176269,-0.12175459278247637,0.05,1.0,0.0,0.02,1e-09
87.76299052599643,H,-1,0.31079887927736227,0.08098322843739494,-0.3084390055060489,0.1298959032689654,0.30839056172177165,-0.1253139098316963,-0.3078907766176269,-0.12175459278247637,0.05,1.0,0.0,0.02,1e-09
87.80936658499559,H,-1,0.3107988792773873,0.08098322843738989,-0.3084390055064106,0.12989590326892192,0.3083905617218897,-0.12531390983170615,-0.30789077661733066,-0.12175459278241164,0.05,1.0,0.0,0.02,1e-09
87.8613864259969,H,-1,0.3107988792773873,0.08098322843738989,-0.3084390055064106,0.12989590326892192,0.3083905617218897,-0.12531390983170615,-0.30789077661733066,-0.12175459278241164,0.05,1.0,0.0,0.02,1e-09
87.91345090999675,H,-1,0.3107988792776494,0.0809832284373614,-0.30843900550668185,0.12989590326893968,0.30839056172178786,-0.12531390983169668,-0.3078907766172468,-0.12175459278241688,0.05,1.0,0.0,0.02,1e-09
87.96852182299335,H,-1,0.3107988792776494,0.0809832284373614,-0.30843900550668185,0.12989590326893968,0.30839056172178786,-0.12531390983169668,-0.3078907766172468,-0.12175459278241688,0.05,1.0,0.0,0.02,1e-09
88.01226829299412,H,-1,0.3107988792776494,0.0809832284373614,-0.30843900550668185,0.12989590326893968,0.30839056172178786,-0.12531390983169668,-0.3078907766172468,-0.12175459278241688,0.05,1.0,0.0,0.02,1e-09
88.06170171199483,H,-1,0.3107988792777462,0.08098322843734874,-0.30843900550695186,0.12989590326891534,0.308390561721798,-0.1253139098316972,-0.30789077661706604,-0.12175459278237805,0.05,1.0,0.0,0.02,1e-09
88.11371912399773,H,-1,0.3107988792777462,0.08098322843734874,-0.30843900550695186,0.12989590326891534,0.308390561721798,-0.1253139098316972,-0.30789077661706604,-0.12175459278237805,0.05,1.0,0.0,0.02,1e-09
88.16856611399999,H,-1,0.3107988792777135,0.08098322843732696,-0.3084390055072422,0.12989590326886732,0.3083905617217346,-0.12531390983168983,-0.3078907766167046,-0.1217545927823255,0.05,1.0,0.0,0.02,1e-09
88.21582988799491,H,-1,0.3107988792777135,0.08098322843732696,-0.3084390055072422,0.12989590326886732,0.3083905617217346,-0.12531390983168983,-0.3078907766167046,-0.1217545927823255,0.05,1.0,0.0,0.02,1e-09
88.27202108199708,H,-1,0.3107988792777135,0.08098322843732696,-0.3084390055072422,0.12989590326886732,0.3083905617217346,-0.12531390983168983,-0.3078907766167046,-0.1217545927823255,0.05,1.0,0.0,0.02,1e-09
88.32161030699353,H,-1,0.310798879277698,0.08098322843730661,-0.3084390055079007,0.1298959032688513,0.3083905617217789,-0.12531390983169433,-0.30789077661615616,-0.1217545927822683,0.05,1.0,0.0,0.02,1e-09
88.37603041799593,H,-1,0.310798879277698,0.08098322843730661,-0.3084390055079007,0.1298959032688513,0.3083905617217789,-0.12531390983169433,-0.30789077661615616,-0.1217545927822683,0.05,1.0,0.0,0.02,1e-09
88.4130713859995,H,-1,0.31079887927752364,0.08098322843730273,-0.30843900550811193,0.12989590326875905,0.30839056172178975,-0.1253139098316955,-0.307890776615802,-0.12175459278217773,0.05,1.0,0.0,0.02,1e-09
88.45947214999615,H,-1,0.31079887927752364,0.08098322843730273,-0.30843900550811193,0.12989590326875905,0.30839056172178975,-0.1253139098316955,-0.307890776615802,-0.12175459278217773,0.05,1.0,0.0,0.02,1e-09
88.515952886999,H,-1,0.31079887927752364,0.08098322843730273,-0.30843900550811193,0.12989590326875905,0.30839056172178975,-0.1253139098316955,-0.307890776615802,-0.12175459278217773,0.05,1.0,0.0,0.02,1e-09
88.56475301599858,H,-1,0.31079887927741434,0.0809832284373042,-0.3084390055082395,0.1298959032687107,0.30839056172179735,-0.12531390983169655,-0.3078907766156066,-0.12175459278213323,0.05,1.0,0.0,0.02,1e-09
88.61559971699899,H,-1,0.31079887927741434,0.0809832284373042,-0.3084390055082395,0.1298959032687107,0.30839056172179735,-0.12531390983169655,-0.3078907766156066,-0.12175459278213323,0.05,1.0,0.0,0.02,1e-09
88.6656615979955,H,-1,0.31079887927747346,0.08098322843731018,-0.30843900550842895,0.12989590326872974,0.30839056172179763,-0.12531390983169677,-0.3078907766155421,-0.12175459278215378,0.05,1.0,0.0,0.02,1e-09
88.716682552993,H,-1,0.31079887927747346,0.08098322843731018,-0.30843900550842895,0.12989590326872974,0.30839056172179763,-0.12531390983169677,-0.3078907766155421,-0.12175459278215378,0.05,1.0,0.0,0.02,1e-09
88.7642395599978,H,-1,0.31079887927747346,0.08098322843731018,-0.30843900550842895,0.12989590326872974,0.30839056172179763,-0.12531390983169677,-0.3078907766155421,-0.12175459278215378,0.05,1.0,0.0,0.02,1e-09
88.81526365599711,H,-1,0.3107988792771494,0.0809832284374141,-0.30843900550882825,0.1298959032687713,0.3083905617223335,-0.12531390983174975,-0.3078907766153164,-0.12175459278220385,0.05,1.0,0.0,0.02,1e-09
88.8729550049975,H,-1,0.3107988792771494,0.0809832284374141,-0.30843900550882825,0.1298959032687713,0.3083905617223335,-0.12531390983174975,-0.3078907766153164,-0.12175459278220385,0.05,1.0,0.0,0.02,1e-09
88.91454812399752,H,-1,0.3107988792771494,0.0809832284374141,-0.30843900550882825,0.1298959032687713,0.3083905617223335,-0.12531390983174975,-0.3078907766153164,-0.12175459278220385,0.05,1.0,0.0,0.02,1e-09
88.96018576200004,H,-1,0.3107988792773888,0.08098322843733505,-0.30843900550839654,0.12989590326877398,0.30839056172176216,-0.12531390983169383,-0.30789077661556746,-0.12175459278224511,0.05,1.0,0.0,0.02,1e-09
89.0150822719952,H,-1,0.3107988792773888,0.08098322843733505,-0.30843900550839654,0.12989590326877398,0.30839056172176216,-0.12531390983169383,-0.30789077661556746,-0.12175459278224511,0.05,1.0,0.0,0.02,1e-09
89.06357127699448,H,-1,0.3107988792777032,0.08098322843735117,-0.30843900550877906,0.12989590326894054,0.3083905617218138,-0.12531390983169752,-0.3078907766156638,-0.12175459278239796,0.05,1.0,0.0,0.02,1e-09
89.11338096399413,H,-1,0.3107988792777032,0.08098322843735117,-0.30843900550877906,0.12989590326894054,0.3083905617218138,-0.12531390983169752,-0.3078907766156638,-0.12175459278239796,0.05,1.0,0.0,0.02,1e-09
89.16491428099835,H,-1,0.3107988792777032,0.08098322843735117,-0.30843900550877906,0.12989590326894054,0.3083905617218138,-0.12531390983169752,-0.3078907766156638,-0.12175459278239796,0.05,1.0,0.0,0.02,1e-09
89.21391526200023,H,-1,0.3107988792775354,0.08098322843735527,-0.3084390055086399,0.1298959032688351,0.3083905617217878,-0.12531390983169666,-0.3078907766156181,-0.12175459278231407,0.05,1.0,0.0,0.02,1e-09
89.26771327099414,H,-1,0.3107988792775354,0.08098322843735527,-0.3084390055086399,0.1298959032688351,0.3083905617217878,-0.12531390983169666,-0.3078907766156181,-0.12175459278231407,0.05,1.0,0.0,0.02,1e-09
89.30830805399455,H,-1,0.31079887927798866,0.08098322843735029,-0.30843900550898434,0.1298959032690096,0.3083905617217077,-0.12531390983168414,-0.3078907766157955,-0.12175459278248106,0.05,1.0,0.0,0.02,1e-09
89.36330930699478,H,-1,0.31079887927798866,0.08098322843735029,-0.30843900550898434,0.1298959032690096,0.3083905617217077,-0.12531390983168414,-0.3078907766157955,-0.12175459278248106,0.05,1.0,0.0,0.02,1e-09
89.42362664599932,H,-1,0.31079887927798866,0.08098322843735029,-0.30843900550898434,0.1298959032690096,0.3083905617217077,-0.12531390983168414,-0.3078907766157955,-0.12175459278248106,0.05,1.0,0.0,0.02,1e-09
89.46443511799589,H,-1,0.3107988792776775,0.08098322843737207,-0.3084390055087635,0.12989590326889028,0.3083905617217822,-0.12531390983169244,-0.30789077661574443,-0.12175459278239247,0.05,1.0,0.0,0.02,1e-09
89.51395959199726,H,-1,0.3107988792776775,0.08098322843737207,-0.3084390055087635,0.12989590326889028,0.3083905617217822,-0.12531390983169244,-0.30789077661574443,-0.12175459278239247,0.05,1.0,0.0,0.02,1e-09
89.56580080499407,H,-1,0.3107988792776775,0.08098322843737207,-0.3084390055087635,0.12989590326889028,0.3083905617217822,-0.12531390983169244,-0.30789077661574443,-0.12175459278239247,0.05,1.0,0.0,0.02,1e-09
89.6112653329983,H,-1,0.3107988792776789,0.08098322843737563,-0.3084390055087621,0.12989590326884237,0.3083905617217538,-0.1253139098316921,-0.30789077661575953,-0.12175459278235651,0.05,1.0,0.0,0.02,1e-09
89.66251707899937,H,-1,0.3107988792776789,0.08098322843737563,-0.3084390055087621,0.12989590326884237,0.3083905617217538,-0.1253139098316921,-0.30789077661575953,-0.12175459278235651,0.05,1.0,0.0,0.02,1e-09
89.7121270419957,H,-1,0.3107988792775668,0.08098322843738617,-0.30843900550846615,0.12989590326876707,0.30839056172177287,-0.12531390983169471,-0.30789077661602837,-0.12175459278230584,0.05,1.0,0.0,0.02,1e-09
89.77046671399876,H,-1,0.3107988792775668,0.08098322843738617,-0.30843900550846615,0.12989590326876707,0.30839056172177287,-0.12531390983169471,-0.30789077661602837,-0.12175459278230584,0.05,1.0,0.0,0.02,1e-09
89.8151031709931,H,-1,0.310798879277757,0.08098322843747069,-0.308439005507572,0.12989590326898767,0.3083905617217351,-0.12531390983169105,-0.30789077661737496,-0.12175459278268043,0.05,1.0,0.0,0.02,1e-09
89.86065072499332,H,-1,0.310798879277757,0.08098322843747069,-0.308439005507572,0.12989590326898767,0.3083905617217351,-0.12531390983169105,-0.30789077661737496,-0.12175459278268043,0.05,1.0,0.0,0.02,1e-09
89.91244796599494,H,-1,0.310798879277757,0.08098322843747069,-0.308439005507572,0.12989590326898767,0.3083905617217351,-0.12531390983169105,-0.30789077661737496,-0.12175459278268043,0.05,1.0,0.0,0.02,1e-09
89.95998338999925,H,-1,0.3107988792778191,0.08098322843750115,-0.30843900550716713,0.12989590326907002,0.3083905617217811,-0.12531390983169766,-0.30789077661805353,-0.12175459278279432,0.05,1.0,0.0,0.02,1e-09
90.01958036699943,H,-1,0.3107988792778191,0.08098322843750115,-0.30843900550716713,0.12989590326907002,0.3083905617217811,-0.12531390983169766,-0.30789077661805353,-0.12175459278279432,0.05,1.0,0.0,0.02,1e-09
90.1308876539988,H,-1,0.3107988792778191,0.08098322843750115,-0.30843900550716713,0.12989590326907002,0.3083905617217811,-0.12531390983169766,-0.30789077661805353,-0.12175459278279432,0.05,1.0,0.0,0.02,1e-09
90.13614412299648,H,-1,0.3107988792777434,0.08098322843751712,-0.30843900550677206,0.1298959032689596,0.3083905617217829,-0.1253139098316976,-0.30789077661840364,-0.12175459278271347,0.05,1.0,0.0,0.02,1e-09
90.17372537499614,H,-1,0.3107988792777434,0.08098322843751712,-0.30843900550677206,0.1298959032689596,0.3083905617217829,-0.1253139098316976,-0.30789077661840364,-0.12175459278271347,0.05,1.0,0.0,0.02,1e-09
90.2158664439994,H,-1,0.31079887927786365,0.08098322843752291,-0.3084390055065981,0.12989590326894607,0.3083905617217494,-0.12531390983169255,-0.3078907766187197,-0.12175459278271611,0.05,1.0,0.0,0.02,1e-09
90.27171098399413,H,-1,0.31079887927786365,0.08098322843752291,-0.3084390055065981,0.12989590326894607,0.3083905617217494,-0.12531390983169255,-0.3078907766187197,-0.12175459278271611,0.05,1.0,0.0,0.02,1e-09
90.31576376899466,H,-1,0.31079887927786365,0.08098322843752291,-0.3084390055065981,0.12989590326894607,0.3083905617217494,-0.12531390983169255,-0.3078907766187197,-0.12175459278271611,0.05,1.0,0.0,0.02,1e-09
90.36427344699769,H,-1,0.3107988792777907,0.08098322843753997,-0.30843900550637193,0.129895903268897,0.3083905617217668,-0.12531390983169477,-0.3078907766188958,-0.12175459278269089,0.05,1.0,0.0,0.02,1e-09
90.41448877799849,H,-1,0.3107988792777907,0.08098322843753997,-0.30843900550637193,0.129895903268897,0.3083905617217668,-0.12531390983169477,-0.3078907766188958,-0.12175459278269089,0.05,1.0,0.0,0.02,1e-09
90.46199741799501,H,-1,0.3107988792777583,0.08098322843755722,-0.30843900550617787,0.1298959032688838,0.30839056172177476,-0.12531390983169594,-0.30789077661907677,-0.1217545927827021,0.05,1.0,0.0,0.02,1e-09
90.52582310499565,H,-1,0.3107988792777583,0.08098322843755722,-0.30843900550617787,0.1298959032688838,0.30839056172177476,-0.12531390983169594,-0.30789077661907677,-0.1217545927827021,0.05,1.0,0.0,0.02,1e-09
90.56946873499692,H,-1,0.3107988792777583,0.08098322843755722,-0.30843900550617787,0.1298959032688838,0.30839056172177476,-0.12531390983169594,-0.30789077661907677,-0.1217545927827021,0.05,1.0,0.0,0.02,1e-09
90.61705214199901,H,-1,0.31079887927800065,0.0809832284375838,-0.30843900550604,0.1298959032690068,0.3083905617218471,-0.12531390983170201,-0.3078907766195069,-0.12175459278282766,0.05,1.0,0.0,0.02,1e-09
90.6646377299985,H,-1,0.31079887927800065,0.0809832284375838,-0.30843900550604,0.1298959032690068,0.3083905617218471,-0.12531390983170201,-0.3078907766195069,-0.12175459278282766,0.05,1.0,0.0,0.02,1e-09
90.71857768499467,H,-1,0.31079887927795313,0.08098322843761681,-0.3084390055052935,0.12989590326908312,0.3083905617217688,-0.12531390983169577,-0.30789077662006314,-0.12175459278294336,0.05,1.0,0.0,0.02,1e-09
90.76464294899779,H,-1,0.31079887927795313,0.08098322843761681,-0.3084390055052935,0.12989590326908312,0.3083905617217688,-0.12531390983169577,-0.30789077662006314,-0.12175459278294336,0.05,1.0,0.0,0.02,1e-09
90.81408184499742,H,-1,0.3107988792783266,0.08098322843763239,-0.30843900550510095,0.12989590326928152,0.30839056172165813,-0.12531390983168528,-0.30789077662055636,-0.12175459278317,0.05,1.0,0.0,0.02,1e-09
90.86441989799641,H,-1,0.3107988792783266,0.08098322843763239,-0.30843900550510095,0.12989590326928152,0.30839056172165813,-0.12531390983168528,-0.30789077662055636,-0.12175459278317,0.05,1.0,0.0,0.02,1e-09
90.91761718099588,H,-1,0.3107988792783266,0.08098322843763239,-0.30843900550510095,0.12989590326928152,0.30839056172165813,-0.12531390983168528,-0.30789077662055636,-0.12175459278317,0.05,1.0,0.0,0.02,1e-09
90.96294893899903,H,-1,0.310798879278107,0.0809832284376645,-0.30843900550484316,0.12989590326923248,0.30839056172176854,-0.12531390983169566,-0.3078907766205823,-0.12175459278313051,0.05,1.0,0.0,0.02,1e-09
91.01720749800006,H,-1,0.310798879278107,0.0809832284376645,-0.30843900550484316,0.12989590326923248,0.30839056172176854,-0.12531390983169566,-0.3078907766205823,-0.12175459278313051,0.05,1.0,0.0,0.02,1e-09
91.06311701999948,H,-1,0.310798879278107,0.0809832284376645,-0.30843900550484316,0.12989590326923248,0.30839056172176854,-0.12531390983169566,-0.3078907766205823,-0.12175459278313051,0.05,1.0,0.0,0.02,1e-09
91.1124102909962,H,-1,0.31079887927798966,0.08098322843768017,-0.3084390055046221,0.12989590326917827,0.3083905617217737,-0.12531390983169616,-0.30789077662060577,-0.12175459278309338,0.05,1.0,0.0,0.02,1e-09
91.16109735499776,H,-1,0.31079887927798966,0.08098322843768017,-0.3084390055046221,0.12989590326917827,0.3083905617217737,-0.12531390983169616,-0.30789077662060577,-0.12175459278309338,0.05,1.0,0.0,0.02,1e-09
91.21132793699508,H,-1,0.31079887927792793,0.08098322843770217,-0.3084390055045484,0.12989590326916742,0.3083905617218283,-0.12531390983170038,-0.3078907766205953,-0.12175459278310045,0.05,1.0,0.0,0.02,1e-09
91.26041239699407,H,-1,0.31079887927792793,0.08098322843770217,-0.3084390055045484,0.12989590326916742,0.3083905617218283,-0.12531390983170038,-0.3078907766205953,-0.12175459278310045,0.05,1.0,0.0,0.02,1e-09
91.31963689999975,H,-1,0.31079887927792793,0.08098322843770217,-0.3084390055045484,0.12989590326916742,0.3083905617218283,-0.12531390983170038,-0.3078907766205953,-0.12175459278310045,0.05,1.0,0.0,0.02,1e-09
91.36390561399458,H,-1,0.3107988792780503,0.08098322843764925,-0.30843900550498404,0.12989590326907788,0.30839056172170204,-0.1253139098316875,-0.30789077662009307,-0.12175459278298081,0.05,1.0,0.0,0.02,1e-09
91.41754708299413,H,-1,0.3107988792780503,0.08098322843764925,-0.30843900550498404,0.12989590326907788,0.30839056172170204,-0.1253139098316875,-0.30789077662009307,-0.12175459278298081,0.05,1.0,0.0,0.02,1e-09
91.46525486599421,H,-1,0.310798879278759,0.08098322843759174,-0.30843900550580144,0.1298959032692141,0.3083905617215017,-0.12531390983166846,-0.307890776619874,-0.12175459278307095,0.05,1.0,0.0,0.02,1e-09
91.51199404399813,H,-1,0.310798879278759,0.08098322843759174,-0.30843900550580144,0.1298959032692141,0.3083905617215017,-0.12531390983166846,-0.307890776619874,-0.12175459278307095,0.05,1.0,0.0,0.02,1e-09
91.56420031899324,H,-1,0.310798879278759,0.08098322843759174,-0.30843900550580144,0.1298959032692141,0.3083905617215017,-0.12531390983166846,-0.307890776619874,-0.12175459278307095,0.05,1.0,0.0,0.02,1e-09
91.61455220099742,H,-1,0.3107988792786229,0.08098322843758676,-0.3084390055063715,0.12989590326909986,0.30839056172175733,-0.12531390983169366,-0.30789077661930064,-0.12175459278288726,0.05,1.0,0.0,0.02,1e-09
91.66991798299568,H,-1,0.3107988792786229,0.08098322843758676,-0.3084390055063715,0.12989590326909986,0.30839056172175733,-0.12531390983169366,-0.30789077661930064,-0.12175459278288726,0.05,1.0,0.0,0.02,1e-09
91.71728514799906,H,-1,0.310798879278378,0.08098322843759219,-0.30843900550628967,0.1298959032689943,0.3083905617217661,-0.1253139098316944,-0.30789077661907044,-0.12175459278279818,0.05,1.0,0.0,0.02,1e-09
91.7664725969953,H,-1,0.310798879278378,0.08098322843759219,-0.30843900550628967,0.1298959032689943,0.3083905617217661,-0.1253139098316944,-0.30789077661907044,-0.12175459278279818,0.05,1.0,0.0,0.02,1e-09
91.81275464399369,H,-1,0.310798879278378,0.08098322843759219,-0.30843900550628967,0.1298959032689943,0.3083905617217661,-0.1253139098316944,-0.30789077661907044,-0.12175459278279818,0.05,1.0,0.0,0.02,1e-09
91.86788973999501,H,-1,0.31079887927824357,0.08098322843759942,-0.30843900550627995,0.12989590326894787,0.30839056172177653,-0.12531390983169557,-0.3078907766189185,-0.12175459278276246,0.05,1.0,0.0,0.02,1e-09
91.91588406299707,H,-1,0.31079887927824357,0.08098322843759942,-0.30843900550627995,0.12989590326894787,0.30839056172177653,-0.12531390983169557,-0.3078907766189185,-0.12175459278276246,0.05,1.0,0.0,0.02,1e-09
91.96269922200008,H,-1,0.3107988792781567,0.08098322843760636,-0.3084390055062417,0.12989590326890438,0.308390561721778,-0.12531390983169544,-0.3078907766188411,-0.12175459278273042,0.05,1.0,0.0,0.02,1e-09
92.0156526859937,H,-1,0.3107988792781567,0.08098322843760636,-0.3084390055062417,0.12989590326890438,0.308390561721778,-0.12531390983169544,-0.3078907766188411,-0.12175459278273042,0.05,1.0,0.0,0.02,1e-09
92.06386410499545,H,-1,0.3107988792781567,0.08098322843760636,-0.3084390055062417,0.12989590326890438,0.308390561721778,-0.12531390983169544,-0.3078907766188411,-0.12175459278273042,0.05,1.0,0.0,0.02,1e-09
92.12124110599689,H,-1,0.310798879278392,0.08098322843761002,-0.3084390055061917,0.12989590326904532,0.3083905617216089,-0.12531390983167856,-0.3078907766190493,-0.12175459278291424,0.05,1.0,0.0,0.02,1e-09
92.18462498399458,H,-1,0.310798879278392,0.08098322843761002,-0.3084390055061917,0.12989590326904532,0.3083905617216089,-0.12531390983167856,-0.3078907766190493,-0.12175459278291424,0.05,1.0,0.0,0.02,1e-09
92.23151720399619,H,-1,0.310798879278392,0.08098322843761002,-0.3084390055061917,0.12989590326904532,0.3083905617216089,-0.12531390983167856,-0.3078907766190493,-0.12175459278291424,0.05,1.0,0.0,0.02,1e-09
92.26475804999791,H,-1,0.31079887927841676,0.08098322843763761,-0.30843900550638464,0.12989590326913403,0.3083905617217367,-0.1253139098316916,-0.30789077661903097,-0.12175459278300542,0.05,1.0,0.0,0.02,1e-09
92.31590224399406,H,-1,0.31079887927841676,0.08098322843763761,-0.30843900550638464,0.12989590326913403,0.3083905617217367,-0.1253139098316916,-0.30789077661903097,-0.12175459278300542,0.05,1.0,0.0,0.02,1e-09
92.36780745799479,H,-1,0.31079887927841676,0.08098322843763761,-0.30843900550638464,0.12989590326913403,0.3083905617217367,-0.1253139098316916,-0.30789077661903097,-0.12175459278300542,0.05,1.0,0.0,0.02,1e-09
92.41451351199794,H,-1,0.31079887927829897,0.08098322843764277,-0.3084390055062985,0.12989590326904987,0.30839056172173246,-0.12531390983169138,-0.307890776618955,-0.12175459278293221,0.05,1.0,0.0,0.02,1e-09
92.47208683399367,H,-1,0.31079887927829897,0.08098322843764277,-0.3084390055062985,0.12989590326904987,0.30839056172173246,-0.12531390983169138,-0.307890776618955,-0.12175459278293221,0.05,1.0,0.0,0.02,1e-09
92.51326717999473,H,-1,0.31079887927829897,0.08098322843764277,-0.3084390055062985,0.12989590326904987,0.30839056172173246,-0.12531390983169138,-0.307890776618955,-0.12175459278293221,0.05,1.0,0.0,0.02,1e-09
92.56358465199446,H,-1,0.31079887927820093,0.08098322843764814,-0.30843900550626446,0.12989590326896022,0.3083905617217518,-0.1253139098316934,-0.3078907766188678,-0.12175459278284692,0.05,1.0,0.0,0.02,1e-09
92.61778014299489,H,-1,0.31079887927820093,0.08098322843764814,-0.30843900550626446,0.12989590326896022,0.3083905617217518,-0.1253139098316934,-0.3078907766188678,-0.12175459278284692,0.05,1.0,0.0,0.02,1e-09
92.67004164899845,H,-1,0.31079887927820093,0.08098322843764814,-0.30843900550626446,0.12989590326896022,0.3083905617217518,-0.1253139098316934,-0.3078907766188678,-0.12175459278284692,0.05,1.0,0.0,0.02,1e-09
92.72024227299698,H,-1,0.3107988792781573,0.08098322843765136,-0.30843900550627884,0.12989590326890152,0.3083905617217571,-0.12531390983169363,-0.3078907766187906,-0.1217545927827935,0.05,1.0,0.0,0.02,1e-09
92.78446214599535,H,-1,0.3107988792781573,0.08098322843765136,-0.30843900550627884,0.12989590326890152,0.3083905617217571,-0.12531390983169363,-0.3078907766187906,-0.1217545927827935,0.05,1.0,0.0,0.02,1e-09
92.81248921399674,H,-1,0.31079887927828576,0.08098322843764669,-0.3084390055064122,0.12989590326890701,0.30839056172173246,-0.1253139098316896,-0.3078907766187776,-0.1217545927827957,0.05,1.0,0.0,0.02,1e-09
92.8662063889933,H,-1,0.31079887927828576,0.08098322843764669,-0.3084390055064122,0.12989590326890701,0.30839056172173246,-0.1253139098316896,-0.3078907766187776,-0.1217545927827957,0.05,1.0,0.0,0.02,1e-09
92.91592682399641,H,-1,0.31079887927828576,0.08098322843764669,-0.3084390055064122,0.12989590326890701,0.30839056172173246,-0.1253139098316896,-0.3078907766187776,-0.1217545927827957,0.05,1.0,0.0,0.02,1e-09
92.96765452399995,H,-1,0.31079887927828576,0.08098322843764669,-0.3084390055064122,0.12989590326890701,0.30839056172173246,-0.1253139098316896,-0.3078907766187776,-0.1217545927827957,0.05,1.0,0.0,0.02,1e-09
93.01508643399575,H,-1,0.3107988792782264,0.08098322843765723,-0.3084390055063818,0.12989590326886866,0.3083905617217493,-0.12531390983169188,-0.30789077661875097,-0.12175459278277156,0.05,1.0,0.0,0.02,1e-09
93.06440574399312,H,-1,0.3107988792782264,0.08098322843765723,-0.3084390055063818,0.12989590326886866,0.3083905617217493,-0.12531390983169188,-0.30789077661875097,-0.12175459278277156,0.05,1.0,0.0,0.02,1e-09
93.11047188599332,H,-1,0.3107988792782264,0.08098322843765723,-0.3084390055063818,0.12989590326886866,0.3083905617217493,-0.12531390983169188,-0.30789077661875097,-0.12175459278277156,0.05,1.0,0.0,0.02,1e-09
93.17688374299905,H,-1,0.3107988792782943,0.08098322843767951,-0.3084390055063888,0.12989590326900857,0.3083905617217497,-0.12531390983169235,-0.3078907766188772,-0.12175459278294319,0.05,1.0,0.0,0.02,1e-09
93.21774723299313,H,-1,0.3107988792782943,0.08098322843767951,-0.3084390055063888,0.12989590326900857,0.3083905617217497,-0.12531390983169235,-0.3078907766188772,-0.12175459278294319,0.05,1.0,0.0,0.02,1e-09
93.27167669299524,H,-1,0.3107988792782943,0.08098322843767951,-0.3084390055063888,0.12989590326900857,0.3083905617217497,-0.12531390983169235,-0.3078907766188772,-0.12175459278294319,0.05,1.0,0.0,0.02,1e-09
93.32044121599756,H,-1,0.3107988792782586,0.0809832284376835,-0.3084390055063722,0.1298959032689281,0.3083905617217591,-0.12531390983169347,-0.3078907766188419,-0.12175459278286987,0.05,1.0,0.0,0.02,1e-09
93.36905377399671,H,-1,0.3107988792782586,0.0809832284376835,-0.3084390055063722,0.1298959032689281,0.3083905617217591,-0.12531390983169347,-0.3078907766188419,-0.12175459278286987,0.05,1.0,0.0,0.02,1e-09
93.41433298099582,H,-1,0.3107988792782586,0.0809832284376835,-0.3084390055063722,0.1298959032689281,0.3083905617217591,-0.12531390983169347,-0.3078907766188419,-0.12175459278286987,0.05,1.0,0.0,0.02,1e-09
93.46962860799977,H,-1,0.3107988792782467,0.08098322843768939,-0.3084390055063732,0.12989590326888387,0.3083905617217719,-0.12531390983169483,-0.3078907766188305,-0.12175459278283456,0.05,1.0,0.0,0.02,1e-09
93.51076502799697,H,-1,0.3107988792782467,0.08098322843768939,-0.3084390055063732,0.12989590326888387,0.3083905617217719,-0.12531390983169483,-0.3078907766188305,-0.12175459278283456,0.05,1.0,0.0,0.02,1e-09
93.5652868909965,H,-1,0.3107988792782467,0.08098322843768939,-0.3084390055063732,0.12989590326888387,0.3083905617217719,-0.12531390983169483,-0.3078907766188305,-0.12175459278283456,0.05,1.0,0.0,0.02,1e-09
93.61222950899537,H,-1,0.31079887927835514,0.08098322843769923,-0.30843900550642417,0.12989590326893594,0.3083905617217649,-0.125313909831694,-0.3078907766189192,-0.12175459278290302,0.05,1.0,0.0,0.02,1e-09
93.6653316669981,H,-1,0.31079887927835514,0.08098322843769923,-0.30843900550642417,0.12989590326893594,0.3083905617217649,-0.125313909831694,-0.3078907766189192,-0.12175459278290302,0.05,1.0,0.0,0.02,1e-09
93.71051697099756,H,-1,0.31079887927835514,0.08098322843769923,-0.30843900550642417,0.12989590326893594,0.3083905617217649,-0.125313909831694,-0.3078907766189192,-0.12175459278290302,0.05,1.0,0.0,0.02,1e-09
93.76841424599843,H,-1,0.3107988792783746,0.0809832284377087,-0.30843900550641323,0.12989590326893857,0.30839056172178947,-0.12531390983169652,-0.30789077661898584,-0.12175459278291739,0.05,1.0,0.0,0.02,1e-09
93.813356887993,H,-1,0.3107988792783746,0.0809832284377087,-0.30843900550641323,0.12989590326893857,0.30839056172178947,-0.12531390983169652,-0.30789077661898584,-0.12175459278291739,0.05,1.0,0.0,0.02,1e-09
93.86890822599526,H,-1,0.3107988792783746,0.0809832284377087,-0.30843900550641323,0.12989590326893857,0.30839056172178947,-0.12531390983169652,-0.30789077661898584,-0.12175459278291739,0.05,1.0,0.0,0.02,1e-09
93.91710305699962,H,-1,0.3107988792783975,0.08098322843770499,-0.3084390055063752,0.12989590326889353,0.3083905617217839,-0.1253139098316962,-0.30789077661904923,-0.12175459278287785,0.05,1.0,0.0,0.02,1e-09
93.96784174200002,H,-1,0.3107988792783975,0.08098322843770499,-0.3084390055063752,0.12989590326889353,0.3083905617217839,-0.1253139098316962,-0.30789077661904923,-0.12175459278287785,0.05,1.0,0.0,0.02,1e-09
94.01914245899388,H,-1,0.31079887927847444,0.08098322843774934,-0.3084390055055337,0.12989590326898576,0.3083905617217697,-0.12531390983169488,-0.3078907766200409,-0.1217545927830419,0.05,1.0,0.0,0.02,1e-09
94.08474033299717,H,-1,0.31079887927847444,0.08098322843774934,-0.3084390055055337,0.12989590326898576,0.3083905617217697,-0.12531390983169488,-0.3078907766200409,-0.1217545927830419,0.05,1.0,0.0,0.02,1e-09
94.1141386599993,H,-1,0.31079887927847444,0.08098322843774934,-0.3084390055055337,0.12989590326898576,0.3083905617217697,-0.12531390983169488,-0.3078907766200409,-0.1217545927830419,0.05,1.0,0.0,0.02,1e-09
94.16127291999874,H,-1,0.31079887927910305,0.08098322843771147,-0.3084390055062884,0.12989590326905304,0.30839056172178003,-0.1253139098316933,-0.30789077661997094,-0.1217545927830448,0.05,1.0,0.0,0.02,1e-09
94.21963663799397,H,-1,0.31079887927910305,0.08098322843771147,-0.3084390055062884,0.12989590326905304,0.30839056172178003,-0.1253139098316933,-0.30789077661997094,-0.1217545927830448,0.05,1.0,0.0,0.02,1e-09
94.26474673999473,H,-1,0.3107988792789633,0.08098322843769978,-0.30843900550619385,0.12989590326899053,0.3083905617217211,-0.12531390983168905,-0.30789077661986325,-0.1217545927829975,0.05,1.0,0.0,0.02,1e-09
94.319475116994,H,-1,0.3107988792789633,0.08098322843769978,-0.30843900550619385,0.12989590326899053,0.3083905617217211,-0.12531390983168905,-0.30789077661986325,-0.1217545927829975,0.05,1.0,0.0,0.02,1e-09
94.36929253299604,H,-1,0.3107988792789633,0.08098322843769978,-0.30843900550619385,0.12989590326899053,0.3083905617217211,-0.12531390983168905,-0.30789077661986325,-0.1217545927829975,0.05,1.0,0.0,0.02,1e-09
94.47483755799476,H,-1,0.3107988792788726,0.08098322843770282,-0.30843900550622144,0.12989590326895423,0.30839056172174506,-0.12531390983169155,-0.30789077661974584,-0.12175459278296669,0.05,1.0,0.0,0.02,1e-09
94.48063613799604,H,-1,0.3107988792788726,0.08098322843770282,-0.30843900550622144,0.12989590326895423,0.30839056172174506,-0.12531390983169155,-0.30789077661974584,-0.12175459278296669,0.05,1.0,0.0,0.02,1e-09
94.51601937799569,H,-1,0.31079887927877636,0.08098322843770969,-0.3084390055061857,0.1298959032689078,0.3083905617217536,-0.1253139098316925,-0.3078907766196713,-0.12175459278293285,0.05,1.0,0.0,0.02,1e-09
94.56540551399667,H,-1,0.31079887927877636,0.08098322843770969,-0.3084390055061857,0.1298959032689078,0.3083905617217536,-0.1253139098316925,-0.3078907766196713,-0.12175459278293285,0.05,1.0,0.0,0.02,1e-09
94.61739806399419,H,-1,0.31079887927877636,0.08098322843770969,-0.3084390055061857,0.1298959032689078,0.3083905617217536,-0.1253139098316925,-0.3078907766196713,-0.12175459278293285,0.05,1.0,0.0,0.02,1e-09
94.66823091799597,H,-1,0.31079887927877636,0.08098322843770969,-0.3084390055061857,0.1298959032689078,0.3083905617217536,-0.1253139098316925,-0.3078907766196713,-0.12175459278293285,0.05,1.0,0.0,0.02,1e-09
94.71443530499528,C,-1,0.3107988792787185,0.08098322843771759,-0.3084390055061655,0.12989590326888012,0.30839056172175855,-0.1253139098316931,-0.3078907766196271,-0.12175459278291659,0.05,1.0,0.0,0.02,1e-09
94.76541080399329,C,-1,0.3107988792787185,0.08098322843771759,-0.3084390055061655,0.12989590326888012,0.30839056172175855,-0.1253139098316931,-0.3078907766196271,-0.12175459278291659,0.05,1.0,0.0,0.02,1e-09
94.81689635799557,C,-1,0.31167025994713454,0.08822704180376915,-0.30899820490761365,0.12997811996747183,0.3078753757803675,-0.1325566563567752,-0.30855359498461304,-0.12182269379000615,0.05,1.0,0.0,0.02,1e-09
94.8621759269954,C,-1,0.31167025994713454,0.08822704180376915,-0.30899820490761365,0.12997811996747183,0.3078753757803675,-0.1325566563567752,-0.30855359498461304,-0.12182269379000615,0.05,1.0,0.0,0.02,1e-09
94.92318902199622,C,-1,0.31167025994713454,0.08822704180376915,-0.30899820490761365,0.12997811996747183,0.3078753757803675,-0.1325566563567752,-0.30855359498461304,-0.12182269379000615,0.05,1.0,0.0,0.02,1e-09
94.98349224599951,C,-1,0.31141723230366314,0.12128746070024214,-0.3098718235723421,0.13010657425631988,0.30210065247681944,-0.16505224203102978,-0.3097562613408405,-0.12194625497575393,0.05,1.0,0.0,0.02,1e-09
95.02019060099701,C,-1,0.31141723230366314,0.12128746070024214,-0.3098718235723421,0.13010657425631988,0.30210065247681944,-0.16505224203102978,-0.3097562613408405,-0.12194625497575393,0.05,1.0,0.0,0.02,1e-09
95.07028087399522,C,-1,0.3007435467698779,0.1640931538858298,-0.3071239304766965,0.12970259515189292,0.2841859089638776,-0.2054389411545016,-0.30711302806515917,-0.12167465785474933,0.05,1.0,0.0,0.02,1e-09
95.12024727199605,C,-1,0.3007435467698779,0.1640931538858298,-0.3071239304766965,0.12970259515189292,0.2841859089638776,-0.2054389411545016,-0.30711302806515917,-0.12167465785474933,0.05,1.0,0.0,0.02,1e-09
95.16341645200009,C,-1,0.3007435467698779,0.1640931538858298,-0.3071239304766965,0.12970259515189292,0.2841859089638776,-0.2054389411545016,-0.30711302806515917,-0.12167465785474933,0.05,1.0,0.0,0.02,1e-09
95.21750745699683,C,-1,0.2783418029525325,0.20223189472191616,-0.2994125141128521,0.1285687680876746,0.25567433214771296,-0.23951840085099574,-0.29933377382616183,-0.12087544793813676,0.05,1.0,0.0,0.02,1e-09
95.26519600999745,C,-1,0.2547127487156009,0.21877544790944065,-0.28649375151687095,0.12666916601234435,0.2300207879904719,-0.25254967431250663,-0.2862525437528106,-0.11953164674219968,0.05,1.0,0.0,0.02,1e-09
95.31822026000009,C,-1,0.2547127487156009,0.21877544790944065,-0.28649375151687095,0.12666916601234435,0.2300207879904719,-0.25254967431250663,-0.2862525437528106,-0.11953164674219968,0.05,1.0,0.0,0.02,1e-09
95.36651449299825,C,-1,0.2547127487156009,0.21877544790944065,-0.28649375151687095,0.12666916601234435,0.2300207879904719,-0.25254967431250663,-0.2862525437528106,-0.11953164674219968,0.05,1.0,0.0,0.02,1e-09
95.42013176299952,C,-1,0.23096294649802396,0.21977656534325074,-0.2671435139780524,0.1238237482103626,0.20707114090176681,-0.2505052110068111,-0.2666708018782991,-0.11752017083398844,0.05,1.0,0.0,0.02,1e-09
95.47436442499747,C,-1,0.23096294649802396,0.21977656534325074,-0.2671435139780524,0.1238237482103626,0.20707114090176681,-0.2505052110068111,-0.2666708018782991,-0.11752017083398844,0.05,1.0,0.0,0.02,1e-09
95.51793187199655,C,-1,0.20833547538891448,0.2119611495136577,-0.24425571999058374,0.12045804215238676,0.18664715200805757,-0.23989354884385217,-0.24354738707734355,-0.11514497547797979,0.05,1.0,0.0,0.02,1e-09
95.57024425099371,C,-1,0.20833547538891448,0.2119611495136577,-0.24425571999058374,0.12045804215238676,0.18664715200805757,-0.23989354884385217,-0.24354738707734355,-0.11514497547797979,0.05,1.0,0.0,0.02,1e-09
95.61620241199853,C,-1,0.1856732232419033,0.1984209287401199,-0.21811380780783804,0.11661372814372004,0.16703228394314185,-0.22344900675773938,-0.2171761165769798,-0.11243624136755735,0.05,1.0,0.0,0.02,1e-09
95.66825960799906,C,-1,0.1688948377953831,0.18673892226153915,-0.1978285503737796,0.11363062083095438,0.1526687468088488,-0.20949308622771373,-0.19674096613414302,-0.11033728132669834,0.05,1.0,0.0,0.02,1e-09
95.7253826229935,C,-1,0.1688948377953831,0.18673892226153915,-0.1978285503737796,0.11363062083095438,0.1526687468088488,-0.20949308622771373,-0.19674096613414302,-0.11033728132669834,0.05,1.0,0.0,0.02,1e-09
95.76596775199869,C,-1,0.1688948377953831,0.18673892226153915,-0.1978285503737796,0.11363062083095438,0.1526687468088488,-0.20949308622771373,-0.19674096613414302,-0.11033728132669834,0.05,1.0,0.0,0.02,1e-09
95.81359268799861,C,-1,0.15890868577723524,0.17942819432903817,-0.1855645395094822,0.11182708343475663,0.14412681561458543,-0.2007765010175694,-0.18439783740862128,-0.10906949531181079,0.05,1.0,0.0,0.02,1e-09
95.8731929219939,C,-1,0.1530248488176231,0.1749993609793106,-0.17827299459529652,0.11075478755866934,0.13909554311001704,-0.1954999631998217,-0.17706320464756672,-0.10831614698057926,0.05,1.0,0.0,0.02,1e-09
95.91889376699692,C,-1,0.1530248488176231,0.1749993609793106,-0.17827299459529652,0.11075478755866934,0.13909554311001704,-0.1954999631998217,-0.17706320464756672,-0.10831614698057926,0.05,1.0,0.0,0.02,1e-09
95.96382993999578,C,-1,0.1530248488176231,0.1749993609793106,-0.17827299459529652,0.11075478755866934,0.13909554311001704,-0.1954999631998217,-0.17706320464756672,-0.10831614698057926,0.05,1.0,0.0,0.02,1e-09
96.01577466699382,C,-1,0.14956319239609892,0.1723520432418893,-0.1739604279123706,0.11012057864240828,0.13613586117305013,-0.19234688446002424,-0.17272652832990545,-0.10787072405847986,0.05,1.0,0.0,0.02,1e-09
96.06120982199354,C,-1,0.1475252129350119,0.17077907483950883,-0.17141360667756594,0.1097460406904274,0.1343935009680587,-0.19047364625812338,-0.17016594863250406,-0.10760772588668771,0.05,1.0,0.0,0.02,1e-09
96.12391048499558,C,-1,0.1475252129350119,0.17077907483950883,-0.17141360667756594,0.1097460406904274,0.1343935009680587,-0.19047364625812338,-0.17016594863250406,-0.10760772588668771,0.05,1.0,0.0,0.02,1e-09
96.16587040399463,C,-1,0.14632427228226655,0.16984715428740008,-0.16991007274151645,0.10952492930503964,0.13336678602315058,-0.1893638926214874,-0.16865445975096155,-0.1074524804920878,0.05,1.0,0.0,0.02,1e-09
96.21372285999678,C,-1,0.14632427228226655,0.16984715428740008,-0.16991007274151645,0.10952492930503964,0.13336678602315058,-0.1893638926214874,-0.16865445975096155,-0.1074524804920878,0.05,1.0,0.0,0.02,1e-09
96.28010774899303,C,-1,0.14561605847057946,0.1692958468597281,-0.1690224598003692,0.10939439586224609,0.13276132207659325,-0.18870740091270308,-0.16776220904742808,-0.10736083728571683,0.05,1.0,0.0,0.02,1e-09
96.31427184099448,C,-1,0.14561605847057946,0.1692958468597281,-0.1690224598003692,0.10939439586224609,0.13276132207659325,-0.18870740091270308,-0.16776220904742808,-0.10736083728571683,0.05,1.0,0.0,0.02,1e-09
96.38431628099352,C,-1,0.14519820377663414,0.1689699634587875,-0.16849842472804827,0.10931733059366291,0.13240409280718743,-0.18831934766645536,-0.16723545629578945,-0.10730673445881043,0.05,1.0,0.0,0.02,1e-09
96.41246550499636,C,-1,0.14519820377663414,0.1689699634587875,-0.16849842472804827,0.10931733059366291,0.13240409280718743,-0.18831934766645536,-0.16723545629578945,-0.10730673445881043,0.05,1.0,0.0,0.02,1e-09
96.46782041599363,C,-1,0.14495158572503997,0.1687774160377518,-0.16818902300626168,0.10927182956954129,0.13219325644483532,-0.18809006914046209,-0.1669244571114639,-0.10727479171208554,0.05,1.0,0.0,0.02,1e-09
96.5220041529974,C,-1,0.14495158572503997,0.1687774160377518,-0.16818902300626168,0.10927182956954129,0.13219325644483532,-0.18809006914046209,-0.1669244571114639,-0.10727479171208554,0.05,1.0,0.0,0.02,1e-09
96.5635861329938,C,-1,0.1448060030161072,0.16866367863029808,-0.16800633763996903,0.10924496361553537,0.1320687964268564,-0.1879546353284703,-0.16674083100939552,-0.10725593146655107,0.05,1.0,0.0,0.02,1e-09
96.61792738299846,C,-1,0.1447200529249711,0.16859650396685844,-0.1678984685432665,0.10922910024076138,0.13199531694629682,-0.18787464670984605,-0.1666324073076786,-0.10724479526430178,0.05,1.0,0.0,0.02,1e-09
96.67148827599885,C,-1,0.1447200529249711,0.16859650396685844,-0.1678984685432665,0.10922910024076138,0.13199531694629682,-0.18787464670984605,-0.1666324073076786,-0.10724479526430178,0.05,1.0,0.0,0.02,1e-09
96.72084780699515,C,-1,0.1447200529249711,0.16859650396685844,-0.1678984685432665,0.10922910024076138,0.13199531694629682,-0.18787464670984605,-0.1666324073076786,-0.10724479526430178,0.05,1.0,0.0,0.02,1e-09
96.76640146999853,C,-1,0.14466930552637824,0.1685568331899739,-0.16783477462242716,0.10921973332644153,0.13195193257237411,-0.18782740857091978,-0.16656838620868367,-0.1072382196553818,0.05,1.0,0.0,0.02,1e-09
96.81599756499782,C,-1,0.1446393415380602,0.16853340632066077,-0.1677971645994972,0.10921420234533838,0.13192631611539915,-0.18779951295434977,-0.16653058309866534,-0.10723433689701392,0.05,1.0,0.0,0.02,1e-09
96.8685258369951,C,-1,0.1446393415380602,0.16853340632066077,-0.1677971645994972,0.10921420234533838,0.13192631611539915,-0.18779951295434977,-0.16653058309866534,-0.10723433689701392,0.05,1.0,0.0,0.02,1e-09
96.9270408309967,C,-1,0.144621648746332,0.16851957240651294,-0.16777495646782176,0.10921093638724658,0.13191119040622445,-0.18778304018667324,-0.1665082609887893,-0.10723204419260729,0.05,1.0,0.0,0.02,1e-09
96.9688095629972,C,-1,0.144621648746332,0.16851957240651294,-0.16777495646782176,0.10921093638724658,0.13191119040622445,-0.18778304018667324,-0.1665082609887893,-0.10723204419260729,0.05,1.0,0.0,0.02,1e-09
97.01375180600007,C,-1,0.1446112015544274,0.16851140341579393,-0.167761842861931,0.109209007882484,0.13190225901904648,-0.1877733129434584,-0.16649508009309644,-0.10723069038253308,0.05,1.0,0.0,0.02,1e-09
97.06602538999869,C,-1,0.1446112015544274,0.16851140341579393,-0.167761842861931,0.109209007882484,0.13190225901904648,-0.1877733129434584,-0.16649508009309644,-0.10723069038253308,0.05,1.0,0.0,0.02,1e-09
97.11231840499386,C,-1,0.14460503267046937,0.16850657963781232,-0.16775409943457484,0.10920786912349228,0.13189698519150764,-0.18776756902045583,-0.16648729693638678,-0.10722989097435004,0.05,1.0,0.0,0.02,1e-09
97.16677306299971,C,-1,0.14460503267046937,0.16850657963781232,-0.16775409943457484,0.10920786912349228,0.13189698519150764,-0.18776756902045583,-0.16648729693638678,-0.10722989097435004,0.05,1.0,0.0,0.02,1e-09
97.2132650679996,C,-1,0.14460139003352426,0.16850373122052703,-0.1677495270271591,0.10920719669901702,0.13189387107255032,-0.1877641772623778,-0.16648270107079186,-0.10722941893290422,0.05,1.0,0.0,0.02,1e-09
97.26138541799446,C,-1,0.14460139003352426,0.16850373122052703,-0.1677495270271591,0.10920719669901702,0.13189387107255032,-0.1877641772623778,-0.16648270107079186,-0.10722941893290422,0.05,1.0,0.0,0.02,1e-09
97.312291077993,C,-1,0.144599239102371,0.1685020492500201,-0.16774682706944574,0.10920679963954971,0.13189203222463106,-0.1877621744530463,-0.1664799872618205,-0.10722914019753213,0.05,1.0,0.0,0.02,1e-09
97.37160230199515,C,-1,0.1445979690023602,0.1685010560602631,-0.16774523277251155,0.10920656518006588,0.13189094640617724,-0.18776099181064182,-0.16647838478605392,-0.10722897560721525,0.05,1.0,0.0,0.02,1e-09
97.41340848300024,C,-1,0.1445979690023602,0.1685010560602631,-0.16774523277251155,0.10920656518006588,0.13189094640617724,-0.18776099181064182,-0.16647838478605392,-0.10722897560721525,0.05,1.0,0.0,0.02,1e-09
97.463709757998,C,-1,0.1445972190221643,0.16850046959060005,-0.16774429135649707,0.10920642673414141,0.13189030524223389,-0.18776029347090056,-0.16647743854059016,-0.10722887841832564,0.05,1.0,0.0,0.02,1e-09
97.52759724399948,C,-1,0.1445972190221643,0.16850046959060005,-0.16774429135649707,0.10920642673414141,0.13189030524223389,-0.18776029347090056,-0.16647743854059016,-0.10722887841832564,0.05,1.0,0.0,0.02,1e-09
97.57196433199715,C,-1,0.14459677616676292,0.16850012328576494,-0.167743735459888,0.10920634498322704,0.1318899266416841,-0.18775988110783864,-0.16647687979226428,-0.1072288210292744,0.05,1.0,0.0,0.02,1e-09
97.62215999299951,C,-1,0.14459677616676292,0.16850012328576494,-0.167743735459888,0.10920634498322704,0.1318899266416841,-0.18775988110783864,-0.16647687979226428,-0.1072288210292744,0.05,1.0,0.0,0.02,1e-09
97.66227597599936,C,-1,0.1445965146652177,0.1684999187960959,-0.16774340720854544,0.10920629671013635,0.13188970308196654,-0.187759637611425,-0.16647654985702065,-0.10722878714161926,0.05,1.0,0.0,0.02,1e-09
97.71468854399427,C,-1,0.1445963602512193,0.16849979804694665,-0.16774321337942635,0.10920626820536142,0.1318895710722313,-0.18775949382917584,-0.1664763550335782,-0.10722876713129981,0.05,1.0,0.0,0.02,1e-09
97.76922763499897,C,-1,0.1445963602512193,0.16849979804694665,-0.16774321337942635,0.10920626820536142,0.1318895710722313,-0.18775949382917584,-0.1664763550335782,-0.10722876713129981,0.05,1.0,0.0,0.02,1e-09
97.81390182399628,C,-1,0.14459626907131398,0.16849972674576597,-0.16774309892527545,0.1092062513735777,0.13188949312181733,-0.18775940892717735,-0.1664762399922908,-0.10722875531540693,0.05,1.0,0.0,0.02,1e-09
97.86697015800019,C,-1,0.14459626907131398,0.16849972674576597,-0.16774309892527545,0.1092062513735777,0.13188949312181733,-0.18775940892717735,-0.1664762399922908,-0.10722875531540693,0.05,1.0,0.0,0.02,1e-09
97.91958018899459,C,-1,0.14459621523049757,0.16849968464312604,-0.16774303134124532,0.1092062414345779,0.13188944709288278,-0.18775935879338998,-0.1664761720615637,-0.10722874833824059,0.05,1.0,0.0,0.02,1e-09
97.96593808499892,C,-1,0.14459621523049757,0.16849968464312604,-0.16774303134124532,0.1092062414345779,0.13188944709288278,-0.18775935879338998,-0.1664761720615637,-0.10722874833824059,0.05,1.0,0.0,0.02,1e-09
98.02375940499769,C,-1,0.1445961834380358,0.16849965978193618,-0.1677429914335518,0.10920623556569797,0.13188941991325884,-0.1877593291898877,-0.16647613194915012,-0.10722874421829381,0.05,1.0,0.0,0.02,1e-09
98.06569831799425,C,-1,0.1445961834380358,0.16849965978193618,-0.1677429914335518,0.10920623556569797,0.13188941991325884,-0.1877593291898877,-0.16647613194915012,-0.10722874421829381,0.05,1.0,0.0,0.02,1e-09
98.1171149849979,C,-1,0.14459616466406136,0.16849964510086746,-0.16774296786845805,0.10920623210018307,0.13188940386396328,-0.1877593117093148,-0.16647610826223563,-0.10722874178536557,0.05,1.0,0.0,0.02,1e-09
98.16613508399314,C,-1,0.14459616466406136,0.16849964510086746,-0.16774296786845805,0.10920623210018307,0.13188940386396328,-0.1877593117093148,-0.16647610826223563,-0.10722874178536557,0.05,1.0,0.0,0.02,1e-09
98.21374804899824,C,-1,0.1445961535666218,0.1684996364210734,-0.16774295395350533,0.10920623005383114,0.13188939438701516,-0.18775930138721103,-0.16647609426249443,-0.1072287403468109,0.05,1.0,0.0,0.02,1e-09
98.27093845599302,C,-1,0.14459614700417953,0.16849963128690465,-0.16774294573686466,0.10920622884548077,0.13188938879097178,-0.18775929529211177,-0.16647608598523844,-0.10722873949577097,0.05,1.0,0.0,0.02,1e-09
98.31736615299451,C,-1,0.14459614700417953,0.16849963128690465,-0.16774294573686466,0.10920622884548077,0.13188938879097178,-0.18775929529211177,-0.16647608598523844,-0.10722873949577097,0.05,1.0,0.0,0.02,1e-09
98.36506891099998,C,-1,0.14459614312349603,0.16849962825000342,-0.16774294088502062,0.1092062281319619,0.1318893854865643,-0.18775929169301664,-0.1664760810913631,-0.10722873899230154,0.05,1.0,0.0,0.02,1e-09
98.41623761999654,C,-1,0.14459614312349603,0.16849962825000342,-0.16774294088502062,0.1092062281319619,0.1318893854865643,-0.18775929169301664,-0.1664760810913631,-0.10722873899230154,0.05,1.0,0.0,0.02,1e-09
98.46815608799807,C,-1,0.1445961408287566,0.16849962645370212,-0.16774293802005483,0.10920622771063618,0.13188938353495494,-0.18775928956731064,-0.16647607819765253,-0.1072287386944603,0.05,1.0,0.0,0.02,1e-09
98.51569501299673,C,-1,0.1445961408287566,0.16849962645370212,-0.16774293802005483,0.10920622771063618,0.13188938353495494,-0.18775928956731064,-0.16647607819765253,-0.1072287386944603,0.05,1.0,0.0,0.02,1e-09
98.57468758599862,C,-1,0.14459613947202382,0.16849962539129137,-0.1677429363283208,0.10920622746184744,0.13188938238135087,-0.18775928831061806,-0.1664760764860848,-0.107228738518287,0.05,1.0,0.0,0.02,1e-09
98.6131432849943,C,-1,0.14459613866988236,0.1684996247629359,-0.1677429353293686,0.10920622731494006,0.13188938169939368,-0.1877592875676036,-0.16647607547370452,-0.10722873841408198,0.05,1.0,0.0,0.02,1e-09
98.67174319499463,C,-1,0.14459613866988236,0.1684996247629359,-0.1677429353293686,0.10920622731494006,0.13188938169939368,-0.1877592875676036,-0.16647607547370452,-0.10722873841408198,0.05,1.0,0.0,0.02,1e-09
98.72778427799494,C,-1,0.14459613819563136,0.16849962439129967,-0.1677429347394972,0.1092062272281929,0.1318893812962522,-0.1877592871282988,-0.16647607487488889,-0.10722873835244573,0.05,1.0,0.0,0.02,1e-09
98.76667715399526,C,-1,0.14459613819563136,0.16849962439129967,-0.1677429347394972,0.1092062272281929,0.1318893812962522,-0.1877592871282988,-0.16647607487488889,-0.10722873835244573,0.05,1.0,0.0,0.02,1e-09